Date,Open,High,Low,Close,Volume,Dividends,Stock Splits,MA25,MA75,RSI,MACD,Tomorrow,Target
2023-11-02 00:00:00+09:00,2610.346674733922,2642.372620778844,2549.5437916631286,2562.07568359375,62211400,0.0,0.0,2450.922421875,2346.545537109375,57.045703977430435,10.508210836238504,2641.90869140625,1
2023-11-06 00:00:00+09:00,2636.338961206518,2660.9386029220013,2621.0222031572544,2641.90869140625,48988800,0.0,0.0,2456.12083984375,2354.348779296875,66.23038163159833,24.016036190221712,2628.91259765625,0
2023-11-07 00:00:00+09:00,2645.6217878955904,2649.334941282111,2616.3807049767447,2628.91259765625,27050700,0.0,0.0,2461.85765625,2361.3543977864583,63.33925627438334,33.29079142159844,2559.290771484375,0
2023-11-08 00:00:00+09:00,2656.296896119891,2673.006085052324,2559.290771484375,2559.290771484375,32626900,0.0,0.0,2464.45685546875,2367.480693359375,56.99521121377939,34.63646946419067,2615.452392578125,1
2023-11-09 00:00:00+09:00,2594.565904971024,2616.844825085265,2554.649506433008,2615.452392578125,23116200,0.0,0.0,2472.347314453125,2374.3496940104164,62.96018197827073,39.766496390505836,2601.9921875,0
2023-11-10 00:00:00+09:00,2571.822816792276,2613.131647453621,2571.3586726275416,2601.9921875,23638200,0.0,0.0,2484.4336328125,2380.5923893229165,64.26378796667476,42.26068538152913,2614.98828125,1
2023-11-13 00:00:00+09:00,2629.840894846024,2641.444499217918,2606.1695419273606,2614.98828125,19390400,0.0,0.0,2492.8625,2386.75740234375,65.70560378784674,44.76786551236819,2639.587646484375,1
2023-11-14 00:00:00+09:00,2640.980078863389,2660.9382762959244,2634.017916968319,2639.587646484375,25175900,0.0,0.0,2502.943720703125,2393.525849609375,68.27633748337684,48.18085294416687,2654.904541015625,1
2023-11-15 00:00:00+09:00,2673.9344511872405,2690.64364060622,2654.904541015625,2654.904541015625,29788400,0.0,0.0,2511.688203125,2400.516891276042,67.00152150080221,51.52553367446035,2672.5419921875,1
2023-11-16 00:00:00+09:00,2654.904514642671,2689.7153255864123,2653.047938059005,2672.5419921875,21411300,0.0,0.0,2520.154208984375,2407.8716373697916,72.9250501205861,54.96357745364003,2685.07373046875,1
2023-11-17 00:00:00+09:00,2636.338597936474,2685.07373046875,2630.7688685042135,2685.07373046875,24794700,0.0,0.0,2525.816767578125,2414.4630729166665,71.52540408498044,58.028996163570355,2580.6416015625,0
2023-11-20 00:00:00+09:00,2685.0740404746516,2692.0362030687947,2569.9662855848132,2580.6416015625,46342000,0.0,0.0,2529.2514453125,2418.9336751302085,66.14421018959143,51.44877173913619,2538.868408203125,0
2023-11-21 00:00:00+09:00,2585.2828215157965,2592.7091276458236,2525.40822834245,2538.868408203125,36142900,0.0,0.0,2532.036298828125,2422.1495052083333,60.86955835993242,42.3784755423394,2532.834716796875,0
2023-11-22 00:00:00+09:00,2532.3705726303374,2581.569854283346,2516.5896709680515,2532.834716796875,31006900,0.0,0.0,2533.80005859375,2426.4478873697917,51.49593314486932,34.30837994634339,2601.9921875,1
2023-11-24 00:00:00+09:00,2585.282997569568,2612.2033591241525,2575.0718259454156,2601.9921875,29415500,0.0,0.0,2538.77568359375,2431.3011067708335,53.719732157807755,33.10609916708336,2571.358642578125,0
2023-11-27 00:00:00+09:00,2599.207292136733,2601.9921570925935,2563.932336029163,2571.358642578125,22122900,0.0,0.0,2543.41712890625,2435.666305338542,42.761890019542214,29.345345452532456,2557.43408203125,0
2023-11-28 00:00:00+09:00,2571.358405526883,2580.177143740784,2539.7966056034484,2557.43408203125,22163500,0.0,0.0,2548.54126953125,2440.0968033854165,42.68057804173412,24.95459928263108,2601.528076171875,1
2023-11-29 00:00:00+09:00,2571.3587050833517,2608.026094560172,2547.2232082125333,2601.528076171875,36001000,0.0,0.0,2555.689091796875,2445.457998046875,54.56370895922407,24.74489261823919,2594.101806640625,0
2023-11-30 00:00:00+09:00,2608.490276135322,2617.7731596802873,2586.6754998046526,2594.101806640625,49146600,0.0,0.0,2563.00400390625,2450.310068359375,47.421530216792895,23.706587592555024,2629.8408203125,1
2023-12-01 00:00:00+09:00,2616.8447837843055,2638.195415223482,2601.992170609226,2629.8408203125,26774000,0.0,0.0,2570.170390625,2455.8957421875,53.19148817111399,25.471983075959542,2569.037841796875,0
2023-12-04 00:00:00+09:00,2601.063787792175,2601.5279319370343,2547.687211133342,2569.037841796875,30495700,0.0,0.0,2576.594150390625,2460.5360481770836,45.254056845512316,21.717437347704617,2556.0419921875,0
2023-12-05 00:00:00+09:00,2571.358750085119,2584.818931267875,2546.7591086131856,2556.0419921875,24512600,0.0,0.0,2580.864287109375,2465.5968131510417,41.15916718121481,17.492238067961352,2624.27099609375,1
2023-12-06 00:00:00+09:00,2571.822707703479,2626.5917168189835,2560.2191040773127,2624.27099609375,27896600,0.0,0.0,2590.258564453125,2471.487727864583,47.084801097355445,19.422435397178106,2594.101806640625,0
2023-12-07 00:00:00+09:00,2599.207392590356,2610.346852844315,2576.928472082439,2594.101806640625,26610300,0.0,0.0,2597.85197265625,2477.3191634114582,42.709242434350706,18.307858752277753,2488.276611328125,0
2023-12-08 00:00:00+09:00,2516.589402466162,2525.8722848065017,2466.461837828326,2488.276611328125,55312000,0.0,0.0,2596.68232421875,2481.6477799479167,34.411765729674585,8.787921606847249,2511.48388671875,1
2023-12-11 00:00:00+09:00,2507.306589549933,2521.2309134459897,2497.5595628226934,2511.48388671875,31081400,0.0,0.0,2594.65865234375,2485.551302083333,43.71306338737757,3.0796793631934634,2489.205078125,0
2023-12-12 00:00:00+09:00,2531.442195803422,2539.3326463587314,2489.205078125,2489.205078125,25316700,0.0,0.0,2588.5505078125,2489.2312239583334,45.31934466545513,-3.20419779939175,2481.778564453125,0
2023-12-13 00:00:00+09:00,2480.850276230027,2489.66901434946,2454.858205983276,2481.778564453125,20383300,0.0,0.0,2582.665146484375,2492.940673828125,45.20067453006423,-8.683136899700457,2387.09326171875,0
2023-12-14 00:00:00+09:00,2418.6550625736745,2435.364251261575,2368.991640640191,2387.09326171875,43459500,0.0,0.0,2575.77724609375,2495.4488606770833,30.72439279908062,-20.427487746850602,2414.013671875,1
2023-12-15 00:00:00+09:00,2429.3304284933183,2435.828446452605,2406.123221495866,2414.013671875,32057100,0.0,0.0,2567.719697265625,2497.8079459635414,35.792121443263056,-27.249230635809454,2431.6513671875,1
2023-12-18 00:00:00+09:00,2404.731004657079,2431.6513671875,2387.093525757838,2431.6513671875,21229700,0.0,0.0,2560.906064453125,2500.463404947917,38.71777420394664,-30.876742523504618,2451.1455078125,1
2023-12-19 00:00:00+09:00,2432.1155957086726,2466.926410532747,2404.7310880470673,2451.1455078125,24989000,0.0,0.0,2554.352353515625,2503.072734375,35.88851882448729,-31.81223901118574,2454.39404296875,1
2023-12-20 00:00:00+09:00,2474.816383719625,2498.9518773342947,2445.1111608092615,2454.39404296875,34125400,0.0,0.0,2546.944609375,2505.0092154947915,36.78661267179922,-31.92354975168064,2355.531494140625,0
2023-12-21 00:00:00+09:00,2339.286449353448,2391.73473680919,2316.079242514624,2355.531494140625,47672400,0.0,0.0,2534.9696875,2505.57244140625,26.823504658727813,-39.531616434487205,2335.5732421875,0
2023-12-22 00:00:00+09:00,2339.286395195747,2366.6708986315703,2319.792341902449,2335.5732421875,38330200,0.0,0.0,2521.4909375,2504.914677734375,28.812108240330218,-46.63359279875431,2355.0673828125,1
2023-12-25 00:00:00+09:00,2343.9279233746797,2369.91999539626,2334.180896366587,2355.0673828125,19273800,0.0,0.0,2508.29068359375,2504.620895182292,31.973334641403397,-50.11156717132826,2358.78076171875,1
2023-12-26 00:00:00+09:00,2360.6373384694143,2362.029771032412,2339.750850024443,2358.78076171875,17223900,0.0,0.0,2499.41625,2503.6176204427084,23.06971846542308,-51.96921027619237,2397.768798828125,1
2023-12-27 00:00:00+09:00,2374.097445994166,2398.23294300134,2364.350418356653,2397.768798828125,26896000,0.0,0.0,2493.772265625,2503.3055729166667,30.43479530228774,-49.72273219705403,2372.704833984375,0
2023-12-28 00:00:00+09:00,2371.776545708168,2388.4857346798894,2356.923933288861,2372.704833984375,17822300,0.0,0.0,2487.3670703125,2503.07556640625,36.273451137543276,-49.39511367671321,2404.73095703125,1
2023-12-29 00:00:00+09:00,2387.5576226536864,2427.938165649579,2384.772757619487,2404.73095703125,26860500,0.0,0.0,2479.47662109375,2503.3705110677083,37.58103032630256,-46.021089276263865,2446.039794921875,1
2024-01-04 00:00:00+09:00,2418.1911445053074,2446.039794921875,2387.5576290470826,2446.039794921875,29812900,0.0,0.0,2474.4638671875,2503.457229817708,45.191332240715965,-39.558305855994604,2507.770751953125,1
2024-01-05 00:00:00+09:00,2453.9300324960527,2513.804625685383,2453.9300324960527,2507.770751953125,30515500,0.0,0.0,2472.477333984375,2503.74880859375,52.583036931721686,-29.120263706725837,2500.808837890625,0
2024-01-09 00:00:00+09:00,2520.302893419839,2521.2311817783734,2471.5677545968038,2500.808837890625,30486100,0.0,0.0,2468.448564453125,2503.4517578125,63.68718465602713,-21.165764600112198,2548.151611328125,1
2024-01-10 00:00:00+09:00,2491.526019965278,2554.6496300091076,2487.3487222417893,2548.151611328125,33701200,0.0,0.0,2466.610556640625,2502.8861555989583,65.38874557813983,-10.916173796203111,2640.052001953125,1
2024-01-11 00:00:00+09:00,2624.2711003943336,2661.866777637337,2624.2711003943336,2640.052001953125,49003100,0.0,0.0,2467.01900390625,2502.8297298177085,70.42766991569128,4.568893154342277,2633.553955078125,0
2024-01-12 00:00:00+09:00,2673.4703527053225,2676.255217656057,2618.237197849084,2633.553955078125,34169200,0.0,0.0,2469.5996484375,2503.6782747395832,68.3473363217071,16.130670090366493,2645.157470703125,1
2024-01-15 00:00:00+09:00,2649.334767989724,2650.263056275635,2627.055849127862,2645.157470703125,4866000,0.0,0.0,2473.164267578125,2504.8467936197917,68.87054510501923,25.930763560814285,2649.799072265625,1
2024-01-16 00:00:00+09:00,2649.3349280946204,2663.723397395765,2627.0560078863964,2649.799072265625,23810700,0.0,0.0,2474.185390625,2506.0404720052084,85.77878492477467,33.6836221358235,2651.655517578125,1
2024-01-17 00:00:00+09:00,2673.4702925345705,2710.6018243753283,2642.3726346179355,2651.655517578125,42925400,0.0,0.0,2476.4875390625,2507.589443359375,90.20071901387415,39.52201180165275,2721.27734375,1
2024-01-18 00:00:00+09:00,2673.4704929217123,2751.446715631929,2666.9724743625275,2721.27734375,45748100,0.0,0.0,2485.807568359375,2510.61759765625,91.30891217371381,49.19935470475457,2749.58984375,1
2024-01-19 00:00:00+09:00,2770.9404738668973,2770.9404738668973,2726.3826371011983,2749.58984375,38896900,0.0,0.0,2495.331806640625,2513.637626953125,91.76587477600553,58.47903817290353,2768.15576171875,1
2024-01-22 00:00:00+09:00,2752.3748603273284,2773.2613474630334,2744.484409631618,2768.15576171875,27665300,0.0,0.0,2506.489833984375,2517.0537272135416,91.39004732380164,66.56396341067511,2776.510009765625,1
2024-01-23 00:00:00+09:00,2782.0797389727777,2816.426402416886,2757.9442457417827,2776.510009765625,40894100,0.0,0.0,2518.279091796875,2520.93396484375,96.87504605356384,72.80613248208692,2747.269287109375,0
2024-01-24 00:00:00+09:00,2784.8649641250636,2801.574153909814,2740.3071246990626,2747.269287109375,28933300,0.0,0.0,2532.6861328125,2524.3067447916665,90.02179889676246,74.53453240778845,2751.446533203125,1
2024-01-25 00:00:00+09:00,2751.446533203125,2751.446533203125,2751.446533203125,2751.446533203125,28781400,0.0,0.0,2546.183447265625,2528.7501529947917,89.07374668124316,75.37250095036688,2685.07373046875,0
2024-01-26 00:00:00+09:00,2738.450304194577,2738.450304194577,2681.36057751391,2685.07373046875,33005600,0.0,0.0,2556.320341796875,2533.8866796875,72.41787841801548,69.87560249940452,2769.548095703125,1
2024-01-29 00:00:00+09:00,2718.956384218017,2779.2951226864943,2718.028095933886,2769.548095703125,39361500,0.0,0.0,2569.0564453125,2538.757099609375,78.41021363228569,71.51104370591975,2747.269287109375,0
2024-01-30 00:00:00+09:00,2738.4505480563125,2769.5482068223755,2720.813069950187,2747.269287109375,30914300,0.0,0.0,2580.771455078125,2543.55326171875,72.22799401719837,70.20026326108837,2784.865234375,1
2024-01-31 00:00:00+09:00,2729.1679296875,2784.865234375,2728.2396412760418,2784.865234375,28387200,0.0,0.0,2597.9448046875,2548.2008984375,68.39627059580278,71.37229865687686,2733.808837890625,0
2024-02-01 00:00:00+09:00,2729.631540854799,2747.7331613433785,2720.812802668055,2733.808837890625,29852200,0.0,0.0,2613.874228515625,2551.8397916666668,61.44064207832964,67.40444667288693,2739.8427734375,1
2024-02-02 00:00:00+09:00,2750.982232451984,2753.3029530800018,2727.3108820462053,2739.8427734375,24939800,0.0,0.0,2629.265244140625,2554.457565104167,60.94418348186848,64.00891231601054,2777.4384765625,1
2024-02-05 00:00:00+09:00,2780.687485475591,2791.362800475748,2746.8049639533547,2777.4384765625,29891100,0.0,0.0,2646.011552734375,2558.226416015625,63.708839603133775,63.618153000131315,2910.183837890625,1
2024-02-06 00:00:00+09:00,2784.400772488973,2922.2515858627394,2739.842933822705,2910.183837890625,80031600,0.0,0.0,2666.508154296875,2564.1055729166665,71.6731342306055,73.1761208978678,3026.2197265625,1
2024-02-07 00:00:00+09:00,2965.8809896831863,3122.761705569402,2961.2395483847777,3026.2197265625,90841000,0.0,0.0,2692.64875,2571.271959635417,73.71837914041089,89.08685045806033,3109.76611328125,1
2024-02-08 00:00:00+09:00,3091.200345440765,3164.535128410681,3047.5707910156248,3109.76611328125,65539300,0.0,0.0,2720.85015625,2579.7008203125,75.79786731763957,107.20180928094533,3084.7021484375,0
2024-02-09 00:00:00+09:00,3119.0488169575683,3128.331700341371,3059.6383633012338,3084.7021484375,38909900,0.0,0.0,2746.396650390625,2588.092548828125,72.46374300657743,118.17339457658909,3208.16455078125,1
2024-02-13 00:00:00+09:00,3124.6185989379883,3210.949415842692,3109.765985276964,3208.16455078125,50279000,0.0,0.0,2774.41240234375,2598.477001953125,76.33067642339674,135.27133005392807,3142.255859375,0
2024-02-14 00:00:00+09:00,3205.3794630492985,3215.5906342319054,3119.97694043113,3142.255859375,40613000,0.0,0.0,2800.070283203125,2608.0693131510416,73.06227247625941,141.8680019292574,3139.47119140625,0
2024-02-15 00:00:00+09:00,3170.1047068753232,3171.032995222871,3110.694252632272,3139.47119140625,31611400,0.0,0.0,2823.72306640625,2617.779208984375,72.69268627832287,145.19746479330206,3169.17626953125,1
2024-02-16 00:00:00+09:00,3193.3117654327766,3205.37951338354,3152.467080060962,3169.17626953125,39276000,0.0,0.0,2844.888037109375,2627.359143880208,79.58021974481055,148.52094403424962,3184.02880859375,1
2024-02-19 00:00:00+09:00,3169.1761960755284,3201.6662859591383,3157.1084484044736,3184.02880859375,18623200,0.0,0.0,2866.90703125,2637.7002766927085,77.68129175111324,150.61706132918835,3169.17626953125,0
2024-02-20 00:00:00+09:00,3202.5946484718256,3223.9452794616377,3127.4032958555304,3169.17626953125,32113800,0.0,0.0,2887.867783203125,2647.298779296875,78.45955870607095,149.35807760928128,3183.100830078125,1
2024-02-21 00:00:00+09:00,3156.1804672690655,3189.5988486872084,3152.4673137781606,3183.100830078125,27204700,0.0,0.0,2909.199853515625,2657.88126953125,77.74897513200204,147.78038355846684,3268.5029296875,1
2024-02-22 00:00:00+09:00,3202.5944639085133,3276.8575239411743,3197.0247344060635,3268.5029296875,45277100,0.0,0.0,2933.87375,2669.4044205729165,85.55554365017133,151.6728204107817,3309.347412109375,1
2024-02-26 00:00:00+09:00,3295.423089197274,3348.3355162632583,3269.4310197613518,3309.347412109375,36879000,0.0,0.0,2957.396552734375,2679.9621484375,86.19467400772649,156.25219974595893,3325.12890625,1
2024-02-27 00:00:00+09:00,3341.8380967336684,3344.6229618142797,3310.2762924867393,3325.12890625,26141000,0.0,0.0,2980.418115234375,2690.13619140625,85.80096467620278,159.31828895377475,3313.989013671875,0
2024-02-28 00:00:00+09:00,3330.698201976103,3340.909372606465,3287.0686547372857,3313.989013671875,21824800,0.0,0.0,3002.2514453125,2699.0972623697917,81.38521944791907,159.0162548394328,3361.33203125,1
2024-02-29 00:00:00+09:00,3304.706443316763,3368.758337864195,3286.140676781276,3361.33203125,42143900,0.0,0.0,3025.644326171875,2708.8628548177085,79.15988630231857,160.74408694969134,3416.100830078125,1
2024-03-01 00:00:00+09:00,3337.1963272094727,3424.455424499512,3328.841732788086,3416.100830078125,29522200,0.0,0.0,3052.397587890625,2720.2869889322915,78.0611494106865,164.63494763275366,3399.391845703125,0
2024-03-04 00:00:00+09:00,3429.09707209922,3438.3799553479994,3375.2563492562977,3399.391845703125,33112100,0.0,0.0,3078.315400390625,2730.739514973958,79.27459045248386,164.4742571116958,3461.587158203125,1
2024-03-05 00:00:00+09:00,3402.1767055013283,3473.6549064081773,3379.8977857381547,3461.587158203125,31082800,0.0,0.0,3109.3759375,2742.20078125,76.60816225042487,167.43542664855022,3498.71875,1
2024-03-06 00:00:00+09:00,3461.5872164367206,3501.503615017246,3425.383971212523,3498.71875,31920900,0.0,0.0,3138.542763671875,2753.983854166667,89.83403666951493,170.80938080787428,3397.535400390625,0
2024-03-07 00:00:00+09:00,3526.5674825366077,3537.7069428657574,3378.9696331753753,3397.535400390625,44389400,0.0,0.0,3164.553408203125,2764.08982421875,73.6394519028418,163.43468083977677,3351.120849609375,0
2024-03-08 00:00:00+09:00,3382.6826526250866,3402.1767074289082,3337.1965247495023,3351.120849609375,39889700,0.0,0.0,3187.2036328125,2773.3727083333333,66.17160921231311,152.09171016518485,3247.152587890625,0
2024-03-11 00:00:00+09:00,3249.0091645560856,3276.857814537995,3196.096729590458,3247.152587890625,34641400,0.0,0.0,3207.7373828125,2781.0341829427084,54.843314182740485,133.17780059001507,3225.8017578125,0
2024-03-12 00:00:00+09:00,3194.239956441097,3225.8017578125,3154.323560589029,3225.8017578125,40384800,0.0,0.0,3227.1757421875,2788.243889973958,54.30182075011165,115.13832148815754,3197.02490234375,0
2024-03-13 00:00:00+09:00,3254.578776892331,3282.427425867451,3160.8216586760946,3197.02490234375,32358800,0.0,0.0,3243.95919921875,2796.462333984375,51.03446324465918,97.3971279783691,3197.953125,1
2024-03-14 00:00:00+09:00,3202.594566400581,3214.66231404209,3170.1044765965166,3197.953125,21846100,0.0,0.0,3255.469970703125,2805.2501302083333,44.006326945270175,82.46143970144249,3237.86962890625,1
2024-03-15 00:00:00+09:00,3186.8137717990703,3257.3636834380827,3178.4591769997132,3237.86962890625,33847800,0.0,0.0,3263.935966796875,2814.650595703125,43.91789902199605,73.00417011451009,3311.204345703125,1
2024-03-18 00:00:00+09:00,3262.933354400472,3319.558940351661,3252.7221831633724,3311.204345703125,26489600,0.0,0.0,3271.99349609375,2824.1067578125,48.92084588578052,70.61271689372734,3411.45947265625,1
2024-03-19 00:00:00+09:00,3317.7023551764455,3411.45947265625,3303.7780307982566,3411.45947265625,33925900,0.0,0.0,3285.0637890625,2835.3081022135416,56.63718020544654,75.93190487237553,3526.5673828125,1
2024-03-21 00:00:00+09:00,3527.495671147012,3554.416032847871,3505.2167511187154,3526.5673828125,45118200,0.0,0.0,3297.79990234375,2848.2298795572915,60.30092902628792,88.41641174313236,3594.332275390625,1
2024-03-22 00:00:00+09:00,3554.4158787372685,3611.041464687379,3537.7066894405148,3594.332275390625,38840700,0.0,0.0,3315.882958984375,2861.4672688802084,60.93394664257522,102.59585866623001,3555.34423828125,0
2024-03-25 00:00:00+09:00,3573.910004538593,3607.328383801811,3548.8462200911795,3555.34423828125,28829300,0.0,0.0,3332.517880859375,2874.2838346354165,59.312634798858305,109.42577782170247,3573.909912109375,1
2024-03-26 00:00:00+09:00,3554.415858043324,3583.192794997971,3517.2843264889407,3573.909912109375,30536000,0.0,0.0,3348.7072265625,2886.8714225260414,57.076014937218154,115.01085542739384,3576.695068359375,1
2024-03-27 00:00:00+09:00,3597.1174123780374,3611.9700262097917,3570.1970498079822,3576.695068359375,35165500,0.0,0.0,3364.413876953125,2900.306852213542,55.134479240782994,118.29814021575157,3574.81640625,0
2024-03-28 00:00:00+09:00,3605.811924223266,3619.900796029296,3552.274211360352,3574.81640625,34646300,45.0,0.0,3380.639482421875,2913.8905110677083,63.429658905753826,119.37565631794496,3568.24169921875,0
2024-03-29 00:00:00+09:00,3572.9379899521255,3600.1764762057037,3561.666892192024,3568.24169921875,12094300,0.0,0.0,3396.0451171875,2926.476787109375,67.50422485977165,118.3349801795107,3417.960205078125,0
2024-04-01 00:00:00+09:00,3570.1200163511826,3591.72295251958,3396.357268909728,3417.960205078125,38828100,0.0,0.0,3402.023408203125,2937.4615657552085,62.81360576112995,104.18283956077812,3412.32470703125,0
2024-04-02 00:00:00+09:00,3461.1661286568005,3479.951290820474,3396.3573191921278,3412.32470703125,31273800,0.0,0.0,3406.1425,2949.78220703125,64.33042597490294,91.45815644357754,3400.114501953125,0
2024-04-03 00:00:00+09:00,3412.3248578993657,3433.927795342714,3378.5115645097762,3400.114501953125,30222400,0.0,0.0,3409.141923828125,2961.630615234375,66.01080224636836,79.47238494985777,3444.259521484375,1
2024-04-04 00:00:00+09:00,3447.077295840648,3511.8861060349273,3430.17064970301,3444.259521484375,33637800,0.0,0.0,3414.352744140625,2974.3646744791668,68.17910710250688,72.69769073747739,3399.17529296875,0
2024-04-05 00:00:00+09:00,3386.025678682604,3411.3856490915996,3351.2731266406463,3399.17529296875,26966800,0.0,0.0,3415.866474609375,2986.596630859375,61.815337470707895,62.96495947386438,3473.37646484375,1
2024-04-08 00:00:00+09:00,3442.380947445198,3475.2549810497226,3420.7780110765107,3473.37646484375,23272600,0.0,0.0,3418.1575,3001.0804069010414,61.863744742411654,60.54122643456503,3546.638671875,1
2024-04-09 00:00:00+09:00,3512.825379452463,3546.638671875,3490.283184504105,3546.638671875,22518400,0.0,0.0,3424.047373046875,3016.1820735677084,60.29568286944925,63.796634679716135,3512.8251953125,0
2024-04-10 00:00:00+09:00,3522.2177760486297,3531.610356784759,3495.9185499874666,3512.8251953125,17062700,0.0,0.0,3426.09689453125,3030.597724609375,48.80542279645837,62.92277195633642,3551.3349609375,1
2024-04-11 00:00:00+09:00,3495.918731713667,3564.48457465163,3494.979473591229,3551.3349609375,23458700,0.0,0.0,3428.20154296875,3045.2669173177082,46.062050371374745,64.59305451007913,3538.18505859375,0
2024-04-12 00:00:00+09:00,3581.3909287013453,3583.26944479298,3526.9139620439423,3538.18505859375,21094100,0.0,0.0,3433.827529296875,3059.717464192708,48.350387125302426,64.11658289768548,3538.18505859375,0
2024-04-15 00:00:00+09:00,3494.9791884861543,3538.18505859375,3461.1658988367317,3538.18505859375,21091500,0.0,0.0,3441.31009765625,3075.4861783854167,46.43842371486166,63.01260553734119,3427.35302734375,0
2024-04-16 00:00:00+09:00,3514.704036262075,3525.035876026608,3409.50712229592,3427.35302734375,29226300,0.0,0.0,3448.518115234375,3090.0432421875,37.75038218415089,52.58827774393603,3378.51123046875,0
2024-04-17 00:00:00+09:00,3462.105197527888,3466.8014878121094,3353.1512629339554,3378.51123046875,24105100,0.0,0.0,3454.626494140625,3103.68916015625,35.05005589035228,39.925563406886795,3383.20751953125,1
2024-04-18 00:00:00+09:00,3350.333487553573,3413.263777339412,3342.8194231015323,3383.20751953125,20201900,0.0,0.0,3462.073798828125,3117.34818359375,35.86798433712474,29.924273760861524,3308.067138671875,0
2024-04-19 00:00:00+09:00,3334.3663663501297,3352.212270846088,3243.2583276076048,3308.067138671875,35457300,0.0,0.0,3466.478359375,3129.4854947916665,40.518645401609795,15.753386851407868,3303.370849609375,0
2024-04-22 00:00:00+09:00,3324.9737866412247,3390.7218558685936,3288.342719500262,3303.370849609375,26643700,0.0,0.0,3469.098408203125,3141.894375,40.584419009441426,4.096681842543603,3297.7353515625,0
2024-04-23 00:00:00+09:00,3373.815261410567,3375.6937777031117,3279.889446783324,3297.7353515625,21861900,0.0,0.0,3468.5596484375,3153.8011002604167,41.05089961565466,-5.532305228688074,3398.23583984375,1
2024-04-24 00:00:00+09:00,3335.30554651331,3400.114356062569,3311.8240937780715,3398.23583984375,29269700,0.0,0.0,3468.030703125,3166.4970475260416,46.33781403750208,-4.996207513027457,3284.585693359375,0
2024-04-25 00:00:00+09:00,3343.7589557790607,3385.086313659476,3284.585693359375,3284.585693359375,27833100,0.0,0.0,3458.351435546875,3176.854580078125,41.77896695991029,-13.585356169719944,3296.796142578125,1
2024-04-26 00:00:00+09:00,3289.2820772958953,3333.427210828993,3257.347299846421,3296.796142578125,30255300,0.0,0.0,3446.449990234375,3187.467744140625,36.0946957156683,-19.185874645870626,3417.02099609375,1
2024-04-30 00:00:00+09:00,3359.7262515193356,3418.8995123093046,3340.001831256013,3417.02099609375,35459100,0.0,0.0,3440.917060546875,3199.052669270833,40.495863330216096,-13.764519319051487,3386.025390625,0
2024-05-01 00:00:00+09:00,3381.3291002080446,3436.745327128121,3358.7869062066575,3386.025390625,27076000,0.0,0.0,3433.4016796875,3208.9989811197916,40.663901757524464,-11.832741256037025,3363.4833984375,0
2024-05-02 00:00:00+09:00,3363.4833984375,3401.992982167167,3342.8197193630444,3363.4833984375,20164900,0.0,0.0,3424.873212890625,3218.7313736979168,35.83568779311092,-11.98261496176383,3380.389892578125,1
2024-05-07 00:00:00+09:00,3428.292055546028,3428.292055546028,3345.6373429739597,3380.389892578125,25496600,0.0,0.0,3417.09615234375,3228.53447265625,38.169012073546156,-10.614817510755074,3361.604736328125,0
2024-05-08 00:00:00+09:00,3331.5484771600613,3450.834255733314,3243.258215853874,3361.604736328125,68295000,0.0,0.0,3408.830673828125,3238.02521484375,37.12328459831801,-10.920745369142878,3313.702392578125,0
2024-05-09 00:00:00+09:00,3376.6326817795803,3376.6326817795803,3262.0431999500647,3313.702392578125,40742400,0.0,0.0,3404.660361328125,3246.852506510417,40.87477403199836,-14.857248225350759,3216.958984375,0
2024-05-10 00:00:00+09:00,3291.160374087591,3324.97366560219,3180.3279185675183,3216.958984375,50941700,0.0,0.0,3396.845732421875,3253.4615950520833,37.95517707610549,-25.48951077781294,3161.542724609375,0
2024-05-13 00:00:00+09:00,3209.4448871034565,3225.4122746014837,3147.4538532875863,3161.542724609375,30544300,0.0,0.0,3387.302861328125,3258.954300130208,34.635406530797084,-37.94982167236458,3183.145751953125,1
2024-05-14 00:00:00+09:00,3146.514685465615,3225.4123671310213,3145.5754273505504,3183.145751953125,31178100,0.0,0.0,3376.858310546875,3264.4875,40.64696467519059,-45.556378763025805,3200.99169921875,1
2024-05-15 00:00:00+09:00,3201.9309573464548,3247.0153474762965,3198.173924835635,3200.99169921875,23592600,0.0,0.0,3368.930966796875,3270.147255859375,42.482752340350466,-49.57316290624976,3148.39306640625,0
2024-05-16 00:00:00+09:00,3198.1737443655375,3200.0522605149445,3117.397549941033,3148.39306640625,29023000,0.0,0.0,3355.931630859375,3275.495572916667,39.74191536031232,-56.351181353659285,3227.291015625,1
2024-05-17 00:00:00+09:00,3162.482203029504,3229.169531932116,3149.332588879693,3227.291015625,22329600,0.0,0.0,3343.157724609375,3281.840166015625,37.89894977560372,-54.72556332653676,3237.62255859375,1
2024-05-20 00:00:00+09:00,3229.1692359864555,3266.739558685542,3209.4448165694353,3237.62255859375,23715900,0.0,0.0,3332.149619140625,3289.2074837239584,46.10589970537304,-52.00410925243523,3228.22998046875,0
2024-05-21 00:00:00+09:00,3256.4077225153205,3267.6788193339485,3213.201851377246,3228.22998046875,16456200,0.0,0.0,3319.225419921875,3295.3232421875,44.28792191220085,-50.02854186037848,3182.206298828125,0
2024-05-22 00:00:00+09:00,3216.0195888983176,3220.715879185844,3179.3885246556088,3182.206298828125,19191500,0.0,0.0,3304.98626953125,3301.12240234375,27.678558581306532,-51.58201120091826,3196.295166015625,1
2024-05-23 00:00:00+09:00,3181.267037112819,3208.505520749155,3147.4537470815044,3196.295166015625,16120400,0.0,0.0,3291.310673828125,3306.608134765625,31.365304627939125,-51.08738948988503,3186.90283203125,0
2024-05-24 00:00:00+09:00,3118.3369886070586,3200.0524458386294,3108.0051491869754,3186.90283203125,20602300,0.0,0.0,3281.692666015625,3312.649388020833,32.196963356868096,-50.86691881978459,3240.4404296875,1
2024-05-27 00:00:00+09:00,3211.3234287250907,3240.4404296875,3196.295299196105,3240.4404296875,14620900,0.0,0.0,3276.169833984375,3319.3240234375,36.86066922378348,-45.84370026261058,3238.561767578125,0
2024-05-28 00:00:00+09:00,3231.0477031521896,3242.3187997910927,3208.5055098743837,3238.561767578125,14393400,0.0,0.0,3270.38400390625,3325.472333984375,38.06920459785788,-41.53555960586482,3184.0849609375,0
2024-05-29 00:00:00+09:00,3226.351575463219,3242.318963172935,3184.0849609375,3184.0849609375,19973000,0.0,0.0,3265.424716796875,3329.1243489583335,37.58994092217875,-42.03262385026346,3127.7294921875,0
2024-05-30 00:00:00+09:00,3146.51465430274,3154.028719148836,3106.1265557549737,3127.7294921875,23500000,0.0,0.0,3258.3990625,3330.4778125,40.740742617350705,-46.438650013820734,3194.4169921875,1
2024-05-31 00:00:00+09:00,3165.2999893183987,3194.4169921875,3144.636309862908,3194.4169921875,34664500,0.0,0.0,3254.266328125,3331.606490885417,53.3333564381485,-44.0416491987321,3138.0615234375,0
2024-06-03 00:00:00+09:00,3195.3562713961014,3219.776983640751,3119.2763601723846,3138.0615234375,34205700,0.0,0.0,3243.85935546875,3332.31794921875,45.72955242684634,-46.157350644265534,3097.67333984375,0
2024-06-04 00:00:00+09:00,3099.5518561201866,3136.182923510698,3084.523725908695,3097.67333984375,31397200,0.0,0.0,3236.382861328125,3330.844733072917,40.61433780151344,-50.51079101496498,3022.532470703125,0
2024-06-05 00:00:00+09:00,3052.5887289574753,3061.0420515915116,3008.443599646398,3022.532470703125,29958300,0.0,0.0,3225.412314453125,3329.2484212239583,39.016393861750906,-59.340127659362224,3074.19189453125,1
2024-06-06 00:00:00+09:00,3060.1030224206575,3101.4303806117287,3051.649699154302,3074.19189453125,23424700,0.0,0.0,3211.699150390625,3328.3780305989585,35.972457346556766,-61.46047884302561,3023.471923828125,0
2024-06-07 00:00:00+09:00,3067.6170559871566,3072.3133466423724,2999.990470552045,3023.471923828125,24229500,0.0,0.0,3197.19701171875,3326.4353059895834,31.730798469584343,-66.4673556936109,3073.25244140625,1
2024-06-10 00:00:00+09:00,3039.4391504861323,3089.2198287851943,3027.2287954316453,3073.25244140625,17848400,0.0,0.0,3185.5877734375,3324.9582877604166,37.631192119977364,-65.66156445090519,3056.345947265625,0
2024-06-11 00:00:00+09:00,3063.860012286561,3105.187369901708,3049.7711403723065,3056.345947265625,19196400,0.0,0.0,3172.626015625,3323.453883463542,39.4654285971179,-65.6306327324478,3014.079345703125,0
2024-06-12 00:00:00+09:00,3005.626022514802,3022.532668891448,2997.1726993264792,3014.079345703125,17408700,0.0,0.0,3158.725,3321.200263671875,35.43545559425439,-68.23016562978137,2937.99951171875,0
2024-06-13 00:00:00+09:00,3030.046810998941,3030.986069154861,2937.0602535628295,2937.99951171875,26927900,0.0,0.0,3143.696884765625,3316.7935514322917,32.02171977873928,-75.5583313404045,2926.728515625,0
2024-06-14 00:00:00+09:00,2872.251540687179,2941.75664664233,2869.43376612143,2926.728515625,40221400,0.0,0.0,3132.087666015625,3311.6919661458332,25.867081551641775,-81.3378188727338,2851.587890625,0
2024-06-17 00:00:00+09:00,2870.3730545948615,2876.9478619843135,2827.16717746418,2851.587890625,28829800,0.0,0.0,3119.68947265625,3305.3780859375,23.246785907785906,-90.93310444219014,2866.61572265625,1
2024-06-18 00:00:00+09:00,2881.643852263884,2898.5504980724727,2856.283883551001,2866.61572265625,19056000,0.0,0.0,3107.028271484375,3299.4131087239584,26.78571046022475,-96.21570223547133,2918.27490234375,1
2024-06-19 00:00:00+09:00,2889.1579013869887,2923.910450916026,2882.583094719333,2918.27490234375,17496200,0.0,0.0,3095.719599609375,3293.505680338542,34.57814163879827,-95.13705433161158,2896.672119140625,0
2024-06-20 00:00:00+09:00,2903.2469261555357,2906.064700590497,2865.6766003560465,2896.672119140625,15757100,0.0,0.0,3085.65076171875,3286.5799641927083,26.518497923837984,-94.93107576765397,2887.279541015625,0
2024-06-21 00:00:00+09:00,2913.5787691055525,2945.5135460718934,2887.279541015625,2887.279541015625,32553700,0.0,0.0,3072.050302734375,3279.7518001302083,28.639978640041022,-94.43712640202557,2958.6630859375,1
2024-06-24 00:00:00+09:00,2933.3031166294645,2984.023055245536,2924.849793526786,2958.6630859375,30864600,0.0,0.0,3060.891923828125,3273.0461458333334,38.75378438337462,-87.27950873252848,3095.794677734375,1
2024-06-25 00:00:00+09:00,3004.6866426190127,3106.126516768076,2975.5696417058552,3095.794677734375,44118500,0.0,0.0,3055.59451171875,3267.6738248697916,55.3867529269002,-69.73777825644038,3077.009765625,0
2024-06-26 00:00:00+09:00,3113.6408342633927,3115.519350603823,3053.5283113696196,3077.009765625,31440900,0.0,0.0,3051.386650390625,3263.4001497395834,50.21771476084197,-56.69803619603681,3064.79931640625,0
2024-06-27 00:00:00+09:00,3099.551867649594,3100.491125791306,3050.71044428057,3064.79931640625,58733800,0.0,0.0,3046.12681640625,3259.582529296875,53.39507200415888,-46.809635517126026,3090.1591796875,1
2024-06-28 00:00:00+09:00,3098.6125026714476,3112.7013743113603,3072.3132756102773,3090.1591796875,26051600,0.0,0.0,3042.2570703125,3257.489283854167,51.446956356035265,-36.50586089997023,3084.523681640625,0
2024-07-01 00:00:00+09:00,3123.033264754896,3123.972522879634,3062.920744771644,3084.523681640625,23624800,0.0,0.0,3036.020400390625,3255.605576171875,52.45902058473112,-28.466637196602278,3130.54736328125,1
2024-07-02 00:00:00+09:00,3085.462972810953,3135.2436539552396,3068.5563263845916,3130.54736328125,30146300,0.0,0.0,3031.69982421875,3254.719208984375,60.09774034714588,-18.172289226401517,3123.033203125,0
2024-07-03 00:00:00+09:00,3141.81836524906,3144.636139567669,3092.976943726504,3123.033203125,23954600,0.0,0.0,3029.25775390625,3253.7202766927085,68.20704241322383,-10.499245447490011,3185.024169921875,1
2024-07-04 00:00:00+09:00,3147.453846478385,3192.538234610573,3134.3042332731634,3185.024169921875,23049300,0.0,0.0,3031.549541015625,3253.015670572917,73.10925214092468,0.5771963565175611,3117.397705078125,0
2024-07-05 00:00:00+09:00,3178.4494829720925,3192.538354793777,3109.8836401065596,3117.397705078125,24261800,0.0,0.0,3028.46876953125,3250.43158203125,74.10564481382701,3.854038842934642,3085.462890625,0
2024-07-08 00:00:00+09:00,3117.397666357496,3117.397666357496,3077.9488257467656,3085.462890625,20618800,0.0,0.0,3026.36482421875,3246.0849609375,69.2562234861146,3.8299383628141186,3071.374267578125,0
2024-07-09 00:00:00+09:00,3073.2527839497325,3095.7949804090213,3035.682456517584,3071.374267578125,25590500,0.0,0.0,3025.312861328125,3240.0157194010417,64.42483087320264,2.6435314466025375,3091.0986328125,1
2024-07-10 00:00:00+09:00,3062.9208877549568,3098.6126981611783,3058.2245969120327,3091.0986328125,23264100,0.0,0.0,3028.0555078125,3233.3059375,68.38369488788169,3.257338268980675,3084.523681640625,0
2024-07-11 00:00:00+09:00,3121.1547485054193,3123.972522879634,3083.584423515887,3084.523681640625,22399000,0.0,0.0,3028.468779296875,3227.028330078125,68.75001740599602,3.1766228602227784,3075.131103515625,0
2024-07-12 00:00:00+09:00,3051.6496503733247,3092.037749778081,3043.1963272420967,3075.131103515625,23807400,0.0,0.0,3030.535146484375,3220.3779459635416,62.55062443600813,2.327917975170749,3070.43505859375,0
2024-07-16 00:00:00+09:00,3093.9165136151155,3105.187612025371,3069.4958003928955,3070.43505859375,16490100,0.0,0.0,3030.422451171875,3213.6278125,46.175681616188996,1.261836002797736,3056.345947265625,0
2024-07-17 00:00:00+09:00,3065.738528541795,3085.4629492217514,3049.7711403723065,3056.345947265625,16439900,0.0,0.0,3030.422451171875,3206.714873046875,46.839056635482606,-0.7117110097055956,2950.209716796875,0
2024-07-18 00:00:00+09:00,2959.6022978755027,2991.5370735428355,2950.209716796875,2950.209716796875,25086900,0.0,0.0,3027.867666015625,3198.4744466145835,36.38390642541971,-10.716534434688128,2942.695556640625,0
2024-07-19 00:00:00+09:00,2955.8451697248793,2967.1162666542405,2921.09262085935,2942.695556640625,18962200,0.0,0.0,3028.0555078125,3192.1375846354167,31.701615742140476,-19.032365737530654,2902.307373046875,0
2024-07-22 00:00:00+09:00,2916.396243789821,2927.667340384178,2897.6110827992266,2902.307373046875,16865200,0.0,0.0,3027.078662109375,3185.337353515625,29.18452517743235,-28.552574514661046,2920.1533203125,1
2024-07-23 00:00:00+09:00,2939.877739652018,2964.2984493104696,2896.671868717835,2920.1533203125,21568200,0.0,0.0,3029.821279296875,3178.93787109375,24.311903086957045,-34.26243375694958,2911.7001953125,0
2024-07-24 00:00:00+09:00,2935.181648500504,2981.2052967489917,2904.1861302923385,2911.7001953125,26675100,0.0,0.0,3031.624658203125,3171.837080078125,24.256286781194206,-39.01983847359497,2836.5595703125,0
2024-07-25 00:00:00+09:00,2855.3447330298013,2877.886928290563,2823.409956410389,2836.5595703125,30179600,0.0,0.0,3028.356044921875,3164.335537109375,8.869180623219464,-48.29660324753786,2732.3017578125,0
2024-07-26 00:00:00+09:00,2823.4097916756186,2825.288307837745,2731.362499731437,2732.3017578125,40132100,0.0,0.0,3021.78123046875,3154.454541015625,8.16326097577408,-63.33119766392565,2786.77880859375,1
2024-07-29 00:00:00+09:00,2778.325485615205,2806.5032288770226,2753.9047747882964,2786.77880859375,28260500,0.0,0.0,3017.761201171875,3144.323076171875,19.066156517799072,-70.04296762482772,2814.48681640625,1
2024-07-30 00:00:00+09:00,2786.778703246235,2840.316413419823,2765.1757675621557,2814.48681640625,23232000,0.0,0.0,3011.994150390625,3135.011897786458,24.124860383416276,-72.29294099224944,2769.8720703125,0
2024-07-31 00:00:00+09:00,2751.086908764094,2782.082425318964,2696.1403112350054,2769.8720703125,46261100,0.0,0.0,2998.95724609375,3124.592392578125,19.18918058184768,-76.79090053451091,2535.057861328125,0
2024-08-01 00:00:00+09:00,2724.788016195958,2735.119856312523,2534.11860313571,2535.057861328125,80069400,0.0,0.0,2977.279169921875,3111.21736328125,13.34586943733457,-98.17145069887601,2427.982421875,0
2024-08-02 00:00:00+09:00,2419.5290981624757,2490.912720623791,2383.837286931818,2427.982421875,69193000,0.0,0.0,2951.806494140625,3096.4146614583333,11.80709906560908,-122.34546149703601,2096.423828125,0
2024-08-05 00:00:00+09:00,2301.182069402442,2311.513907265065,2050.400186736951,2096.423828125,83087200,0.0,0.0,2912.057080078125,3078.668938802083,8.519997072158802,-166.34008180804312,2365.052001953125,1
2024-08-06 00:00:00+09:00,2378.201615943333,2396.5171497154083,2258.9158318893033,2365.052001953125,68201400,0.0,0.0,2883.278212890625,3065.1561490885415,25.80540420083682,-177.48415988455872,2348.61474609375,0
2024-08-07 00:00:00+09:00,2254.2193123875227,2435.4961154253524,2226.980829029507,2348.61474609375,59251500,0.0,0.0,2852.000908203125,3051.361578776042,27.534207883791026,-185.50389776058455,2302.12158203125,0
2024-08-08 00:00:00+09:00,2310.574904853886,2353.780777058471,2287.5630816144876,2302.12158203125,42502700,0.0,0.0,2819.164443359375,3037.9489713541666,26.75529652026357,-193.38202002912112,2298.834228515625,0
2024-08-09 00:00:00+09:00,2340.16158543276,2350.96305371792,2265.4905655483913,2298.834228515625,46964700,0.0,0.0,2783.716845703125,3024.555149739583,27.49563810730092,-197.61279336757661,2375.3837890625,1
2024-08-13 00:00:00+09:00,2342.50975481292,2380.549708730291,2333.1171735987546,2375.3837890625,27855600,0.0,0.0,2754.0362890625,3012.25712890625,30.536926332947928,-192.5689865358886,2457.099365234375,1
2024-08-14 00:00:00+09:00,2409.19719871031,2476.3541576607145,2404.970536958187,2457.099365234375,39296900,0.0,0.0,2728.901748046875,2999.708642578125,34.56633868856835,-179.9041462086584,2496.07861328125,1
2024-08-15 00:00:00+09:00,2481.5201114916513,2528.9526495803448,2470.7186424219485,2496.07861328125,32786600,0.0,0.0,2705.889921875,2989.19521484375,38.149733409150926,-164.82190512911984,2577.793701171875,1
2024-08-16 00:00:00+09:00,2578.263330193768,2581.550733347021,2538.344863332845,2577.793701171875,39285800,0.0,0.0,2685.357724609375,2979.608515625,44.536696798650134,-144.6084396708402,2498.89599609375,0
2024-08-19 00:00:00+09:00,2564.174429368892,2575.4455257617224,2490.4426737991275,2498.89599609375,28364200,0.0,0.0,2661.9326171875,2967.3668489583333,39.99346570513527,-133.4175535745244,2523.78662109375,1
2024-08-20 00:00:00+09:00,2541.1628966762714,2543.041412955463,2501.244425743452,2523.78662109375,21607500,0.0,0.0,2639.878837890625,2955.87033203125,39.87570679114693,-121.1437604401408,2528.952392578125,1
2024-08-21 00:00:00+09:00,2491.851698239467,2533.1790539584786,2483.3983754787605,2528.952392578125,18491300,0.0,0.0,2618.21953125,2944.743251953125,41.37235574808786,-109.73490073876656,2503.123046875,0
2024-08-22 00:00:00+09:00,2499.36601415924,2510.6371123065196,2477.293446954151,2503.123046875,24796000,0.0,0.0,2596.090615234375,2933.046360677083,48.65506239634455,-101.60625589045276,2519.090087890625,1
2024-08-23 00:00:00+09:00,2512.5152815463916,2530.3611844807397,2490.9123464153386,2519.090087890625,18906700,0.0,0.0,2578.845830078125,2921.81283203125,54.15593744327275,-92.80602938054653,2439.72314453125,0
2024-08-26 00:00:00+09:00,2475.884584787055,2488.094941237067,2419.529093479307,2439.72314453125,28414600,0.0,0.0,2558.72693359375,2910.159775390625,70.33949642260787,-91.18491258495487,2483.398193359375,1
2024-08-27 00:00:00+09:00,2451.9330498353434,2490.912257484517,2442.070840671095,2483.398193359375,19290300,0.0,0.0,2541.97056640625,2900.37896484375,59.55993373565258,-85.39161305344305,2579.67236328125,1
2024-08-28 00:00:00+09:00,2535.0576036759853,2588.595315202303,2533.1790874820795,2579.67236328125,44921600,0.0,0.0,2528.351328125,2892.620693359375,66.5322997632683,-72.19958861013129,2555.251708984375,0
2024-08-29 00:00:00+09:00,2570.27983886629,2586.247226865825,2555.251708984375,2555.251708984375,24292200,0.0,0.0,2514.093388671875,2884.248772786458,68.70233193585779,-62.98925597076732,2591.8828125,1
2024-08-30 00:00:00+09:00,2542.5717606223952,2617.2427820370535,2539.7539862293893,2591.8828125,52860500,0.0,0.0,2504.306318359375,2876.1273209635415,70.63496074752473,-52.133217800896546,2612.0771484375,1
2024-09-02 00:00:00+09:00,2620.0608434255328,2650.117106909891,2587.656434356459,2612.0771484375,24733100,0.0,0.0,2499.497333984375,2868.9764420572915,68.10349978787355,-41.4227198695653,2603.62353515625,0
2024-09-03 00:00:00+09:00,2615.364261775822,2636.497569691051,2601.7450188971184,2603.62353515625,18096800,0.0,0.0,2492.171123046875,2860.660875651042,62.62136881946965,-33.233612636464386,2511.576171875,0
2024-09-04 00:00:00+09:00,2514.863575241329,2559.0087061605973,2508.758397561004,2511.576171875,37121600,0.0,0.0,2480.054697265625,2850.980257161458,51.22311395973847,-33.781724406213016,2457.099365234375,0
2024-09-05 00:00:00+09:00,2436.4356855573274,2491.3822883349308,2428.921620220219,2457.099365234375,29116800,0.0,0.0,2467.5437890625,2840.698515625,40.04649334814118,-38.17190795154056,2425.634033203125,0
2024-09-06 00:00:00+09:00,2410.605903665371,2443.9495660772627,2396.9866612717815,2425.634033203125,27452800,0.0,0.0,2463.1668359375,2830.610885416667,43.44538839351827,-43.68655792223217,2348.145263671875,0
2024-09-09 00:00:00+09:00,2346.2667474609375,2354.720070410156,2300.243100292969,2348.145263671875,32686400,0.0,0.0,2459.973349609375,2819.302220052083,35.63745620427028,-53.69074041912745,2347.675537109375,0
2024-09-10 00:00:00+09:00,2364.1125532723736,2382.897714601514,2339.6918435444904,2347.675537109375,22733800,0.0,0.0,2470.02341796875,2808.112522786458,35.061904244575075,-60.954385913983515,2274.883056640625,0
2024-09-11 00:00:00+09:00,2301.1822827289557,2327.9511378545785,2246.2356853658357,2274.883056640625,31044800,0.0,0.0,2466.41666015625,2795.2384244791665,32.543076002063,-71.75744693954584,2360.35546875,1
2024-09-12 00:00:00+09:00,2334.0562434714484,2363.1732428869877,2321.845888877835,2360.35546875,29466900,0.0,0.0,2466.8862890625,2783.529007161458,39.02597435477636,-72.58532288199694,2305.87841796875,0
2024-09-13 00:00:00+09:00,2331.2383842763493,2345.796883452934,2297.425095866217,2305.87841796875,33002900,0.0,0.0,2467.0365625,2771.819586588542,40.41692129341532,-76.7525081074873,2259.85498046875,0
2024-09-17 00:00:00+09:00,2288.502352415673,2309.1660305413225,2223.6935437488637,2259.85498046875,33434800,0.0,0.0,2465.477392578125,2760.2479264322915,34.048288946225014,-82.81410968664022,2334.056396484375,1
2024-09-18 00:00:00+09:00,2301.6519917846927,2335.465283645231,2292.7290397659394,2334.056396484375,28165900,0.0,0.0,2463.824296875,2748.7764518229164,31.9031301210064,-80.70027591880535,2451.933349609375,1
2024-09-19 00:00:00+09:00,2427.9822672822197,2473.0666575451005,2404.970443085541,2451.933349609375,40450100,0.0,0.0,2463.61765625,2739.628076171875,43.309010049955695,-68.72118738115114,2474.005859375,1
2024-09-20 00:00:00+09:00,2505.00137697537,2505.9406350844724,2453.3421809747533,2474.005859375,40654400,0.0,0.0,2462.73474609375,2731.312509765625,42.21946841048482,-56.79194415975644,2458.03857421875,0
2024-09-24 00:00:00+09:00,2499.8355618201003,2504.062223487653,2451.4637671803353,2458.03857421875,29192300,0.0,0.0,2457.944541015625,2723.7859244791666,39.77554695318942,-48.072212882779695,2482.9287109375,1
2024-09-25 00:00:00+09:00,2450.9939365202977,2503.1227594660254,2449.585049413656,2482.9287109375,27114900,0.0,0.0,2457.305849609375,2715.9024153645832,42.159839887337526,-38.70714513143912,2560.88720703125,1
2024-09-26 00:00:00+09:00,2509.2280115840763,2560.88720703125,2489.5035915042463,2560.88720703125,37741900,0.0,0.0,2458.789873046875,2709.734619140625,53.262896630514575,-24.709822902190353,2622.848388671875,1
2024-09-27 00:00:00+09:00,2618.0821731736523,2647.632709262632,2552.308399298181,2622.848388671875,38750100,40.0,0.0,2462.545712890625,2703.7292317708334,60.85999805485314,-8.51889415471851,2423.6201171875,0
2024-09-30 00:00:00+09:00,2478.9082063898104,2501.3094149459193,2407.414987593719,2423.6201171875,62903500,0.0,0.0,2459.365595703125,2695.2928873697915,49.89182731711028,-11.629465718060146,2474.618896484375,1
2024-10-01 00:00:00+09:00,2448.881334772095,2481.7682191822305,2439.348904508288,2474.618896484375,31990900,0.0,0.0,2457.586748046875,2688.1000813802084,56.99220544749435,-9.86571499694628,2449.35791015625,0
2024-10-02 00:00:00+09:00,2430.7696714919,2473.665606871169,2426.9566994581874,2449.35791015625,25911700,0.0,0.0,2457.972138671875,2681.5848600260415,55.47161046441511,-10.386550634614196,2479.861572265625,1
2024-10-03 00:00:00+09:00,2506.0757537906316,2525.6172345638183,2468.8992781733496,2479.861572265625,31757300,0.0,0.0,2457.830673828125,2675.6266341145833,61.55599452970674,-8.242906927598597,2465.08642578125,0
2024-10-04 00:00:00+09:00,2478.4318279316512,2483.6746644907375,2453.1708881469635,2465.08642578125,22315200,0.0,0.0,2453.247236328125,2670.47328125,56.415802408277735,-7.648121897362216,2521.804443359375,1
2024-10-07 00:00:00+09:00,2534.673224302619,2538.009574917534,2507.9824193832983,2521.804443359375,31459300,0.0,0.0,2451.909345703125,2665.875797526042,63.191376705351374,-2.570449923105116,2447.927978515625,0
2024-10-08 00:00:00+09:00,2483.6745903514256,2496.06674912117,2436.9656842193126,2447.927978515625,26579100,0.0,0.0,2446.15115234375,2659.604505208333,61.11162557361367,-4.45620326458311,2443.638427734375,0
2024-10-09 00:00:00+09:00,2469.8526102047067,2473.1889607009307,2426.4800537537944,2443.638427734375,21033300,0.0,0.0,2439.413603515625,2653.5640559895833,57.057265281401946,-6.225048785135641,2460.3203125,1
2024-10-10 00:00:00+09:00,2474.6189582526154,2494.6370623062767,2458.4138263996515,2460.3203125,25652700,0.0,0.0,2433.681474609375,2647.8712662760418,50.621088703247494,-6.209207046113534,2442.20849609375,0
2024-10-11 00:00:00+09:00,2465.0863274388903,2474.1421356796754,2440.3020101483216,2442.20849609375,20472100,0.0,0.0,2430.906767578125,2640.985205078125,47.63138138684273,-7.570852496053249,2435.535888671875,0
2024-10-15 00:00:00+09:00,2470.805880014677,2477.4785810795315,2435.535888671875,2435.535888671875,22768900,0.0,0.0,2430.044228515625,2632.1817545572917,48.300213960113645,-9.083678981953199,2407.415283203125,0
2024-10-16 00:00:00+09:00,2409.321769271787,2448.881355196527,2395.023123756821,2407.415283203125,22755500,0.0,0.0,2429.315478515625,2623.253828125,44.32364281689934,-12.408663371637886,2431.24609375,1
2024-10-17 00:00:00+09:00,2429.8162293545383,2461.749867519849,2426.0032576333074,2431.24609375,23200400,0.0,0.0,2432.63951171875,2614.8064518229166,39.39158806733956,-12.971265532306916,2433.152587890625,1
2024-10-18 00:00:00+09:00,2454.1239324287617,2454.1239324287617,2418.3773224205743,2433.152587890625,17752400,0.0,0.0,2436.05859375,2606.0463639322916,32.78544696591713,-13.112145008429252,2422.6669921875,0
2024-10-21 00:00:00+09:00,2430.769557378763,2451.2642810978386,2415.0410484780764,2422.6669921875,17422500,0.0,0.0,2441.969951171875,2597.2216080729168,49.86843737025714,-13.909552289270323,2426.00341796875,1
2024-10-22 00:00:00+09:00,2447.4513853181793,2456.0305722579506,2409.321665585861,2426.00341796875,22643900,0.0,0.0,2444.595869140625,2587.8276888020832,42.27271069221928,-14.109634543408447,2497.973388671875,1
2024-10-23 00:00:00+09:00,2453.1709657496926,2531.336895103287,2451.7411011883464,2497.973388671875,35439900,0.0,0.0,2452.27966796875,2579.4935579427083,56.72824484946943,-8.36440634425253,2480.81494140625,0
2024-10-24 00:00:00+09:00,2467.9461607303674,2497.0200726277317,2436.9657628069463,2480.81494140625,26146100,0.0,0.0,2461.11806640625,2570.1041015625,50.13700437221124,-5.13660333364669,2478.431640625,0
2024-10-25 00:00:00+09:00,2473.1888044621396,2496.5432564603366,2455.553810096154,2478.431640625,18218000,0.0,0.0,2466.893076171875,2561.5845540364585,51.98860577132962,-2.7392819109177253,2580.428955078125,1
2024-10-28 00:00:00+09:00,2492.7305938416316,2593.2977363465234,2485.5812709147435,2580.428955078125,34954200,0.0,0.0,2472.032900390625,2554.8507682291665,57.69711586543269,7.306716161740042,2573.279541015625,0
2024-10-29 00:00:00+09:00,2582.335349735628,2592.8210229903684,2559.9341386914098,2573.279541015625,22183300,0.0,0.0,2476.00384765625,2548.209505208333,69.9544511204558,14.523921322959723,2584.718505859375,1
2024-10-30 00:00:00+09:00,2559.457565271039,2612.3625540503845,2554.6913500656924,2584.718505859375,41528400,0.0,0.0,2481.071044921875,2541.457770182292,71.95842269500096,20.92542203424182,2557.074462890625,0
2024-10-31 00:00:00+09:00,2573.756216143406,2590.437969396188,2529.907036164667,2557.074462890625,27717100,0.0,0.0,2484.036875,2534.425113932292,64.56238080714918,23.497153670585703,2493.20703125,0
2024-11-01 00:00:00+09:00,2506.0758115680555,2532.2899936974286,2480.338250931944,2493.20703125,23741600,0.0,0.0,2481.32966796875,2526.6661263020833,56.74652645449671,20.14943144668314,2515.608154296875,1
2024-11-05 00:00:00+09:00,2513.225046913115,2527.0470697389223,2494.1601878430365,2515.608154296875,21319300,0.0,0.0,2477.04005859375,2519.2684342447915,60.16945789102256,19.083933178708776,2558.98095703125,1
2024-11-06 00:00:00+09:00,2493.683808379121,2591.8678421188183,2434.582739526099,2558.98095703125,68795700,0.0,0.0,2482.4544921875,2512.6369010416665,68.53143262765317,21.491599048034914,2632.85693359375,1
2024-11-07 00:00:00+09:00,2654.3048992005056,2681.472322302396,2606.166131949787,2632.85693359375,55124700,0.0,0.0,2488.784013671875,2508.405530598958,71.96257257932396,29.026268739172338,2538.009521484375,0
2024-11-08 00:00:00+09:00,2619.5117990757044,2619.5117990757044,2534.673170939701,2538.009521484375,33139900,0.0,0.0,2492.330078125,2503.009716796875,59.49914583902848,27.032540964477903,2529.43017578125,0
2024-11-11 00:00:00+09:00,2535.62625497574,2558.504085847701,2529.43017578125,2529.43017578125,18773100,0.0,0.0,2494.312822265625,2498.038020833333,59.70535623132954,24.47804813945413,2589.961181640625,1
2024-11-12 00:00:00+09:00,2551.354840876383,2628.0909009139505,2541.822411058052,2589.961181640625,29839200,0.0,0.0,2499.3078125,2493.635458984375,63.50076533104639,27.02639698447274,2537.532958984375,0
2024-11-13 00:00:00+09:00,2589.96132590554,2596.1574056325867,2524.187556495351,2537.532958984375,20181300,0.0,0.0,2499.936953125,2488.6465625,53.36577049049568,24.532665104371063,2541.345703125,1
2024-11-14 00:00:00+09:00,2590.9143364942797,2616.6518961283286,2541.345703125,2541.345703125,24174400,0.0,0.0,2503.673662109375,2484.7103776041668,55.26969306918908,22.603462564457914,2577.569091796875,1
2024-11-15 00:00:00+09:00,2577.0924702932143,2616.6520550970495,2572.802876760268,2577.569091796875,26581600,0.0,0.0,2509.030888671875,2482.647275390625,58.15048286653759,23.724004826760847,2550.878173828125,0
2024-11-18 00:00:00+09:00,2549.448309380912,2569.466411641895,2538.962636768016,2550.878173828125,17020700,0.0,0.0,2512.653203125,2479.50193359375,47.227167890127674,22.202373486897613,2602.830078125,1
2024-11-19 00:00:00+09:00,2573.756165880791,2609.026157783602,2568.5133292465894,2602.830078125,19141700,0.0,0.0,2519.07806640625,2476.67984375,52.55775601967274,24.901505133307637,2572.326171875,0
2024-11-20 00:00:00+09:00,2606.166297537984,2615.222105813994,2565.653471040045,2572.326171875,15762100,0.0,0.0,2524.549677734375,2474.0458984375,48.96164686542507,24.299071535690473,2549.448486328125,0
2024-11-21 00:00:00+09:00,2579.9522633191514,2585.195099989484,2549.448486328125,2549.448486328125,16002400,0.0,0.0,2530.231005859375,2474.2377734375,49.35587482740019,21.72516634823978,2539.916015625,0
2024-11-22 00:00:00+09:00,2569.943170623006,2577.092493241579,2539.916015625,2539.916015625,17121200,0.0,0.0,2534.577802734375,2475.7302213541666,54.343980004795355,18.70056870827466,2568.51318359375,1
2024-11-25 00:00:00+09:00,2582.335206663748,2601.876687555814,2565.653454682716,2568.51318359375,30731900,0.0,0.0,2539.9922265625,2482.02474609375,54.864159798375496,18.39901337293668,2542.775634765625,0
2024-11-26 00:00:00+09:00,2568.036573592725,2570.8963025165476,2493.6836215733365,2542.775634765625,25146500,0.0,0.0,2544.796572265625,2484.39439453125,48.460125469024106,15.899938906004536,2450.78759765625,0
2024-11-27 00:00:00+09:00,2478.4316429040255,2485.580964950864,2433.152603274048,2450.78759765625,29465300,0.0,0.0,2545.787939453125,2485.75669921875,33.27496344406268,6.422701660766961,2485.1044921875,1
2024-11-28 00:00:00+09:00,2469.852604241585,2489.394085672289,2443.6384218345443,2485.1044921875,19673700,0.0,0.0,2545.27318359375,2488.1964713541665,44.532020002755445,1.6618526516122074,2432.199462890625,0
2024-11-29 00:00:00+09:00,2489.870663166887,2495.590121045525,2427.4332479917603,2432.199462890625,24496900,0.0,0.0,2543.328564453125,2489.974674479167,40.794236010142924,-6.30743996499632,2488.91748046875,1
2024-12-02 00:00:00+09:00,2445.068302337167,2497.9732889959246,2437.4423583142834,2488.91748046875,20253600,0.0,0.0,2543.747998046875,2491.48845703125,40.36364703159583,-7.9547938610835445,2528.000244140625,1
2024-12-03 00:00:00+09:00,2488.9172841067766,2540.392402200138,2482.244583613193,2528.000244140625,28572300,0.0,0.0,2541.650849609375,2492.4338020833334,49.067136721833485,-6.03708948265421,2507.982177734375,0
2024-12-04 00:00:00+09:00,2511.3185280278262,2533.243115670506,2489.3939403851464,2507.982177734375,19005600,0.0,0.0,2539.038955078125,2492.592516276042,46.83544362422604,-6.062698591983008,2508.935546875,1
2024-12-05 00:00:00+09:00,2525.1406776868826,2525.6172991813496,2490.823930085249,2508.935546875,20694400,0.0,0.0,2536.00763671875,2491.6744075520833,43.023256391102464,-5.937619887595702,2506.07568359375,0
2024-12-06 00:00:00+09:00,2523.2340564749547,2528.0002711641782,2494.6367683396134,2506.07568359375,12808400,0.0,0.0,2533.967685546875,2491.77013671875,45.21384610007913,-6.000095809583854,2521.804443359375,1
2024-12-09 00:00:00+09:00,2506.0759333176325,2521.804443359375,2502.2629611863013,2521.804443359375,17182100,0.0,0.0,2535.11158203125,2491.7437076822916,40.618114774813385,-4.7259511425531855,2554.21484375,1
2024-12-10 00:00:00+09:00,2559.9343022543853,2573.756326973316,2542.77592674123,2554.21484375,29297100,0.0,0.0,2536.655849609375,2492.080540364583,47.91212366496261,-1.0883876128132215,2557.074462890625,1
2024-12-11 00:00:00+09:00,2567.560136363802,2573.2795946218985,2542.299195723876,2557.074462890625,17726800,0.0,0.0,2536.57958984375,2492.799892578125,50.92166170565838,2.002076367434711,2591.39111328125,1
2024-12-12 00:00:00+09:00,2588.0547627583574,2596.6339498172247,2576.6158466798674,2591.39111328125,23514500,0.0,0.0,2534.92095703125,2493.76390625,55.86955698683344,7.138074943029551,2571.372802734375,0
2024-12-13 00:00:00+09:00,2543.7287577744873,2571.372802734375,2543.7287577744873,2571.372802734375,22366300,0.0,0.0,2536.25548828125,2495.5192350260418,50.33258088788563,9.483757601733032,2566.13037109375,0
2024-12-16 00:00:00+09:00,2571.8498295731565,2588.054961931475,2558.5044264545413,2566.13037109375,13700000,0.0,0.0,2537.72349609375,2496.6223307291666,52.8521858081536,10.79526647580542,2547.542236328125,0
2024-12-17 00:00:00+09:00,2562.3175046772685,2582.8122317422094,2545.159128529876,2547.542236328125,17335100,0.0,0.0,2536.02673828125,2496.1939290364585,64.39722712051099,10.216964769339029,2599.01708984375,1
2024-12-18 00:00:00+09:00,2565.1769626882565,2610.4560060653253,2564.223719669792,2599.01708984375,21766700,0.0,0.0,2538.486103515625,2496.7774674479165,66.12687593753671,13.753702860733029,2596.6337890625,0
2024-12-19 00:00:00+09:00,2551.354749054986,2598.5402749575533,2539.4392122109034,2596.6337890625,17912000,0.0,0.0,2540.697626953125,2496.840813802083,77.1653492493585,16.1777932932564,2641.912841796875,1
2024-12-20 00:00:00+09:00,2619.9882538981456,2676.2295880731467,2607.5960955206033,2641.912841796875,51442500,0.0,0.0,2543.271376953125,2497.238623046875,76.26840283395887,21.504651334086248,2704.350341796875,1
2024-12-23 00:00:00+09:00,2673.8465663518627,2706.256827762188,2653.828463716073,2704.350341796875,25299700,0.0,0.0,2549.410263671875,2498.5816471354165,78.03031478951942,30.41381759018168,2702.44384765625,0
2024-12-24 00:00:00+09:00,2716.742492352844,2724.3684361910273,2696.7243897776125,2702.44384765625,19906300,0.0,0.0,2553.394814453125,2501.1265494791664,82.7974256667449,36.89525238826718,2825.888671875,1
2024-12-25 00:00:00+09:00,2697.6774975227695,2825.888671875,2661.9308875732627,2825.888671875,55113700,0.0,0.0,2563.537314453125,2506.043740234375,87.82706495262293,51.400291243085576,2995.08935546875,1
2024-12-26 00:00:00+09:00,2859.7288562718813,3016.060700414744,2854.962641511428,2995.08935546875,63975100,0.0,0.0,2581.36294921875,2513.6364778645834,91.77525870210133,75.67637004856215,3038.938720703125,1
2024-12-27 00:00:00+09:00,3054.1906088873316,3069.4424970715377,3006.5284583116863,3038.938720703125,49315300,0.0,0.0,2601.323857421875,2522.8470572916667,92.15230520263606,97.33163619634888,2998.90234375,0
2024-12-30 00:00:00+09:00,3033.2190902137636,3039.891790915051,2989.3699141767324,2998.90234375,24224200,0.0,0.0,2618.539423828125,2531.5300813802082,85.80197895249964,109.99503531648952,2870.214599609375,0
2025-01-06 00:00:00+09:00,2957.912953366951,2958.866196342577,2859.7289268774907,2870.214599609375,41298500,0.0,0.0,2631.636982421875,2539.4678352864585,70.9636168336296,108.39730819636998,2909.297607421875,1
2025-01-07 00:00:00+09:00,2863.5419438713343,2980.7908317195947,2854.48613546029,2909.297607421875,44700900,0.0,0.0,2649.9773828125,2546.787063802083,71.14774652164805,109.02796354660086,2929.31591796875,1
2025-01-08 00:00:00+09:00,2907.3913276292506,2948.380779133532,2899.765383163338,2929.31591796875,24570000,0.0,0.0,2667.74583984375,2555.099563802083,73.81105894237312,109.87648509201108,2864.495361328125,0
2025-01-09 00:00:00+09:00,2926.4561594932925,2927.409402541987,2857.3460384629134,2864.495361328125,26998400,0.0,0.0,2685.03767578125,2563.161435546875,68.39011567942741,104.11825688313183,2794.908447265625,0
2025-01-10 00:00:00+09:00,2849.24329770701,2885.4665313346,2791.095475304826,2794.908447265625,26369200,0.0,0.0,2697.277314453125,2569.3061295572916,64.34491030714621,92.8691988240912,2771.553955078125,0
2025-01-14 00:00:00+09:00,2794.9084080099956,2843.523799827359,2762.49814679842,2771.553955078125,28127600,0.0,0.0,2707.019462890625,2573.5677376302083,60.34283770734747,81.13445938596578,2765.35791015625,0
2025-01-15 00:00:00+09:00,2793.4785783222646,2805.870737175085,2756.3021017638043,2765.35791015625,20709300,0.0,0.0,2717.3144921875,2577.452431640625,60.06825670067167,70.52169459724564,2704.350341796875,0
2025-01-16 00:00:00+09:00,2754.872219877677,2758.6851918083034,2689.098454074369,2704.350341796875,25970400,0.0,0.0,2725.131083984375,2580.7365885416666,53.657176327654085,56.53648374440036,2657.6416015625,0
2025-01-17 00:00:00+09:00,2687.1921358696873,2699.1076738967786,2656.211736999249,2657.6416015625,22690400,0.0,0.0,2731.193720703125,2583.06609375,47.21275345326384,41.20906594932376,2735.80712890625,1
2025-01-20 00:00:00+09:00,2704.350113138338,2759.1615800066693,2697.677412823933,2735.80712890625,25039100,0.0,0.0,2739.753828125,2585.398359375,51.824805042196346,34.96621298117816,2741.05029296875,1
2025-01-21 00:00:00+09:00,2783.4696071878802,2818.2629772777286,2720.0789466132246,2741.05029296875,28584700,0.0,0.0,2747.22724609375,2586.974384765625,44.67067822489469,30.09487160107892,2779.179931640625,1
2025-01-22 00:00:00+09:00,2764.404665325952,2797.768169907472,2757.255342915626,2779.179931640625,24169400,0.0,0.0,2756.11146484375,2591.7151822916667,33.763460759593144,28.97701267481216,2788.23583984375,1
2025-01-23 00:00:00+09:00,2757.732063134348,2791.0955689102566,2723.4153143362714,2788.23583984375,21725600,0.0,0.0,2763.98525390625,2595.896741536458,30.105914102442398,28.49338354166366,2747.722900390625,0
2025-01-24 00:00:00+09:00,2758.685194702678,2794.4318065898065,2729.134662209318,2747.722900390625,24980800,0.0,0.0,2771.0392578125,2599.87494140625,30.083161137626092,24.557959466251305,2785.3759765625,1
2025-01-27 00:00:00+09:00,2777.273411264491,2803.964214599108,2774.413682335782,2785.3759765625,18257200,0.0,0.0,2779.80908203125,2603.948466796875,42.13781466366266,24.19845141556425,2754.395751953125,0
2025-01-28 00:00:00+09:00,2764.404803829058,2798.7215531179704,2754.395751953125,2754.395751953125,18314000,0.0,0.0,2788.08322265625,2607.8059244791666,35.42602503732628,21.169662786892786,2793.001953125,1
2025-01-29 00:00:00+09:00,2780.609794288609,2799.198032543195,2762.974799021438,2793.001953125,17997800,0.0,0.0,2795.8426171875,2611.4218912760416,37.60829442768076,21.635127484272743,2811.113525390625,1
2025-01-30 00:00:00+09:00,2790.1421799994437,2824.935548489358,2785.8525866239747,2811.113525390625,18783700,0.0,0.0,2804.421806640625,2616.264365234375,44.69694397365886,23.198051430937994,2834.4677734375,1
2025-01-31 00:00:00+09:00,2798.7211645577604,2848.289795537666,2784.4225210058644,2834.4677734375,20964200,0.0,0.0,2812.12400390625,2621.4754231770835,54.32740251159466,26.021216174304755,2692.434814453125,0
2025-02-03 00:00:00+09:00,2692.911435946213,2736.7606133102927,2670.0336042779973,2692.434814453125,40169700,0.0,0.0,2811.6473828125,2624.570283203125,43.129130086706375,16.60629477307066,2738.6669921875,1
2025-02-04 00:00:00+09:00,2771.5538739245235,2786.3291396324616,2733.900777443004,2738.6669921875,25931800,0.0,0.0,2813.09630859375,2628.5230631510417,47.832804449286606,12.728723297659144,2824.459228515625,1
2025-02-05 00:00:00+09:00,2757.7322133296334,2883.560299108932,2711.976545773525,2824.459228515625,61048300,0.0,0.0,2813.039130859375,2633.708707682292,59.37503096641906,16.389508392412154,2767.7412109375,0
2025-02-06 00:00:00+09:00,2822.552686614754,2874.981054653866,2759.6386449678193,2767.7412109375,37833500,0.0,0.0,2803.945205078125,2638.5130533854167,58.461547698746024,14.54635561548912,2692.434814453125,0
2025-02-07 00:00:00+09:00,2726.2749404623605,2742.0034497342585,2685.2854920568075,2692.434814453125,28713500,0.0,0.0,2790.085048828125,2641.9955696614584,46.65196937767447,6.9291717474616235,2693.388427734375,1
2025-02-10 00:00:00+09:00,2693.86504929299,2710.0701822859064,2682.426131886226,2693.388427734375,18868200,0.0,0.0,2777.8644921875,2645.465380859375,46.29631948373134,0.9583994431241081,2669.080322265625,0
2025-02-12 00:00:00+09:00,2673.846537126814,2680.5192379324776,2631.427224862235,2669.080322265625,29015300,0.0,0.0,2769.81912109375,2648.7508919270836,41.25662972863771,-5.6695861255093405,2693.388427734375,1
2025-02-13 00:00:00+09:00,2716.742884106519,2733.9012602166654,2693.388427734375,2693.388427734375,26458600,0.0,0.0,2761.18275390625,2652.316025390625,42.64600378513258,-8.858733515102813,2673.369873046875,0
2025-02-14 00:00:00+09:00,2734.3774222980783,2747.246202218254,2672.416630089825,2673.369873046875,23997400,0.0,0.0,2750.944912109375,2654.6546451822915,44.04580827248477,-12.85332077814428,2643.819580078125,0
2025-02-17 00:00:00+09:00,2662.8844409404155,2668.6038991991027,2610.4560735691166,2643.819580078125,25063500,0.0,0.0,2742.117880859375,2656.8280403645836,38.51511714554761,-18.19379490164556,2672.89306640625,1
2025-02-18 00:00:00+09:00,2636.6698365476773,2696.7241386816268,2628.090650528542,2672.89306640625,18272300,0.0,0.0,2737.237265625,2659.420859375,43.36692704742369,-19.851337885031626,2626.6611328125,0
2025-02-19 00:00:00+09:00,2635.7169414721693,2660.9778814175625,2615.698838119216,2626.6611328125,19526100,0.0,0.0,2731.441552734375,2660.037288411458,36.628372973350636,-24.611774094479188,2583.76513671875,0
2025-02-20 00:00:00+09:00,2602.8299966096833,2603.3066181069566,2560.4106833523565,2583.76513671875,22794100,0.0,0.0,2724.177841796875,2660.1770963541667,32.4244912133686,-31.482887347599444,2579.4755859375,0
2025-02-21 00:00:00+09:00,2560.4107257310143,2584.241800989121,2552.78478164842,2579.4755859375,21153300,0.0,0.0,2719.1828515625,2660.107190755208,29.688740954281926,-36.84964523105373,2583.76513671875,1
2025-02-25 00:00:00+09:00,2526.0939355486767,2590.91445917785,2526.0939355486767,2583.76513671875,20544600,0.0,0.0,2716.22779296875,2660.46306640625,38.91053356181072,-40.29224470441795,2597.5869140625,1
2025-02-26 00:00:00+09:00,2575.1857058127866,2601.8765071315943,2543.7286899727637,2597.5869140625,20266800,0.0,0.0,2710.698984375,2661.8547981770835,34.58335378698466,-41.42767521932592,2653.828369140625,1
2025-02-27 00:00:00+09:00,2607.596086129375,2653.828369140625,2604.7363572833183,2653.828369140625,22615000,0.0,0.0,2707.210107421875,2663.697734375,30.066806760077483,-37.358649431675985,2563.270263671875,0
2025-02-28 00:00:00+09:00,2608.072681817125,2617.1284897401015,2563.270263671875,2563.270263671875,93767000,0.0,0.0,2698.573720703125,2663.7549251302084,27.86377512587717,-40.96893508351195,2664.314208984375,1
2025-03-03 00:00:00+09:00,2616.1754370510257,2670.986910044443,2596.1573338708213,2664.314208984375,24143500,0.0,0.0,2693.61685546875,2664.17435546875,47.11633501005936,-35.270138346106705,2624.754638671875,0
2025-03-04 00:00:00+09:00,2616.652073054039,2646.679227990725,2597.5872127767784,2624.754638671875,25099600,0.0,0.0,2688.698125,2665.33095703125,43.478236662033076,-33.559079407585614,2716.265869140625,1
2025-03-05 00:00:00+09:00,2645.249267192572,2740.5735651094215,2635.716837400887,2716.265869140625,36898700,0.0,0.0,2685.933720703125,2667.822099609375,53.97590658865931,-24.53602533679259,2690.5283203125,0
2025-03-06 00:00:00+09:00,2726.2749321855626,2751.059249750886,2685.762105396092,2690.5283203125,24713900,0.0,0.0,2683.3790234375,2669.1629947916667,49.75958331879683,-19.240205953237364,2671.940185546875,0
2025-03-07 00:00:00+09:00,2620.941683967582,2671.940185546875,2620.941683967582,2671.940185546875,25194200,0.0,0.0,2678.536552734375,2670.955091145833,49.8795327450406,-16.354612275593354,2696.724365234375,1
2025-03-10 00:00:00+09:00,2681.4724776968174,2709.1165238586404,2662.8842397604194,2696.724365234375,17383800,0.0,0.0,2673.960986328125,2673.026806640625,54.49391832648006,-11.930356601220865,2625.707763671875,0
2025-03-11 00:00:00+09:00,2640.9596512081794,2649.53883794735,2586.148180374586,2625.707763671875,32542100,0.0,0.0,2665.6105859375,2673.668655598958,46.25851736072259,-13.993242945645306,2632.38037109375,1
2025-03-12 00:00:00+09:00,2621.4180773158832,2636.669964311176,2602.353218571768,2632.38037109375,23961100,0.0,0.0,2663.208408203125,2674.7553515625,50.483852711814144,-14.91770951294302,2591.86767578125,0
2025-03-13 00:00:00+09:00,2630.9506381597093,2634.7636100990712,2591.86767578125,2591.86767578125,26657300,0.0,0.0,2657.336435546875,2674.6091861979166,50.68825756444586,-18.70378625569265,2618.081787109375,1
2025-03-14 00:00:00+09:00,2595.2039560914886,2653.3517765952834,2595.2039560914886,2618.081787109375,32732200,0.0,0.0,2649.081337890625,2675.2192610677084,53.16158426499479,-19.365782956677776,2631.42724609375,1
2025-03-17 00:00:00+09:00,2621.4181948044966,2661.4543999615107,2621.4181948044966,2631.42724609375,20673100,0.0,0.0,2643.628779296875,2676.3123111979166,53.846153846153854,-18.599153638677308,2706.2568359375,1
2025-03-18 00:00:00+09:00,2668.1271165160488,2723.415209677153,2667.1738735305125,2706.2568359375,29267300,0.0,0.0,2644.18166015625,2678.5301888020836,57.98321256905086,-11.817249955970965,2756.77880859375,1
2025-03-19 00:00:00+09:00,2730.0880040845436,2790.1423142302583,2730.0880040845436,2756.77880859375,25594700,0.0,0.0,2646.717275390625,2681.0403971354167,57.62713642478783,-2.3388803065604407,2711.499755859375,0
2025-03-21 00:00:00+09:00,2717.695835456171,2754.8723130369463,2705.3036762625793,2711.499755859375,29746000,0.0,0.0,2648.414052734375,2683.290052083333,61.77140729998332,1.501842480481173,2729.134521484375,1
2025-03-24 00:00:00+09:00,2739.6201937639166,2754.3954592487257,2716.265741868574,2729.134521484375,17186800,0.0,0.0,2649.843896484375,2687.0013444010415,55.93367082859169,5.900602691348922,2747.722900390625,1
2025-03-25 00:00:00+09:00,2779.656540343127,2822.5524746076812,2736.283984586744,2747.722900390625,24978200,0.0,0.0,2652.818017578125,2690.502923177083,61.70599358175821,10.762515103309852,2752.489013671875,1
2025-03-26 00:00:00+09:00,2762.9746861049107,2763.9279290533686,2712.4528098366477,2752.489013671875,25294300,0.0,0.0,2657.164794921875,2694.773450520833,54.13042994109328,14.82925876356876,2696.247802734375,0
2025-03-27 00:00:00+09:00,2650.015517624735,2696.247802734375,2641.4363306971727,2696.247802734375,43353000,0.0,0.0,2658.098984375,2697.537854817708,50.6097595891313,13.359981171737218,2620.556640625,0
2025-03-28 00:00:00+09:00,2644.3313629709774,2647.2425534623217,2607.456283413951,2620.556640625,44617200,50.0,0.0,2657.8548046875,2698.771940104167,45.1165415330756,6.018545839818671,2538.55810546875,0
2025-03-31 00:00:00+09:00,2552.6288594937105,2568.6404071772863,2507.0202085162523,2538.55810546875,43466800,0.0,0.0,2656.0465234375,2699.179619140625,36.44240214594807,-6.3430720633487,2552.62890625,1
2025-04-01 00:00:00+09:00,2570.5812479210226,2577.85922427414,2539.043350390848,2552.62890625,26218100,0.0,0.0,2654.97265625,2699.762197265625,43.05817679709202,-14.833357571162196,2577.3740234375,1
2025-04-02 00:00:00+09:00,2552.6289038600694,2582.2260076683688,2517.694617397814,2577.3740234375,27800600,0.0,0.0,2654.71701171875,2700.712841796875,44.94834580107282,-19.342280087157178,2443.944580078125,0
2025-04-03 00:00:00+09:00,2426.4774359679777,2506.049981358649,2383.779972587617,2443.944580078125,63506800,0.0,0.0,2648.571318359375,2699.6747102864583,38.39556210830499,-33.29843104331758,2336.23046875,0
2025-04-04 00:00:00+09:00,2367.768367082035,2380.3835264148493,2268.3026877271545,2336.23046875,61167400,0.0,0.0,2635.86740234375,2696.768251953125,30.395835123434637,-52.44584672980818,2199.404541015625,0
2025-04-07 00:00:00+09:00,2183.3929924046574,2285.284665383542,2160.5886655950976,2199.404541015625,72609600,0.0,0.0,2621.3127734375,2691.9993196614582,24.35568396001517,-77.76459859142733,2356.608642578125,1
2025-04-08 00:00:00+09:00,2287.710469375306,2392.998522790882,2281.4028901384277,2356.608642578125,52545600,0.0,0.0,2609.00455078125,2688.86888671875,31.094184599015477,-84.17452316074241,2295.473876953125,0
2025-04-09 00:00:00+09:00,2308.089036708099,2347.3901113293637,2261.024786853004,2295.473876953125,45721300,0.0,0.0,2595.8333203125,2685.190234375,25.33981887637576,-93.11413740979788,2467.71923828125,1
2025-04-10 00:00:00+09:00,2538.0730112955603,2543.410194075956,2434.24054629513,2467.71923828125,45889700,0.0,0.0,2585.891455078125,2683.8780859375,38.525705568128245,-85.31660821225842,2348.3603515625,0
2025-04-11 00:00:00+09:00,2328.952414772727,2368.7386851917613,2280.9177712180394,2348.3603515625,46954000,0.0,0.0,2572.204736328125,2681.2223274739586,33.64391676582139,-87.75667050841957,2338.656494140625,0
2025-04-14 00:00:00+09:00,2372.1351866916007,2408.525069899183,2337.6860972550894,2338.656494140625,26268100,0.0,0.0,2558.873388671875,2677.7508528645835,32.293481224413014,-89.44242109879906,2425.021728515625,1
2025-04-15 00:00:00+09:00,2451.2224434695754,2470.6303804725017,2425.021728515625,2425.021728515625,29890700,0.0,0.0,2548.005283203125,2675.462692057292,36.760744940422136,-82.8543446471167,2425.021728515625,0
2025-04-16 00:00:00+09:00,2423.0809348153325,2445.4000623686975,2388.146648210065,2425.021728515625,24370600,0.0,0.0,2539.977841796875,2672.570810546875,38.51211388967248,-76.74853723172828,2424.536376953125,0
2025-04-17 00:00:00+09:00,2424.536376953125,2445.8851063079255,2401.7320524150427,2424.536376953125,23310300,0.0,0.0,2531.66408203125,2668.8399576822917,41.132563753621696,-71.12887528184638,2468.689697265625,1
2025-04-18 00:00:00+09:00,2431.814615309613,2468.689697265625,2422.59584482061,2468.689697265625,16944800,0.0,0.0,2526.736962890625,2665.7232356770833,46.727279671946896,-62.393218569324745,2397.365478515625,0
2025-04-21 00:00:00+09:00,2455.589290987164,2463.3524659833693,2386.20591445858,2397.365478515625,22040800,0.0,0.0,2517.908310546875,2660.0095930989582,43.09749933195549,-60.527690520262695,2386.205810546875,0
2025-04-22 00:00:00+09:00,2385.720612130741,2411.4361281858414,2367.768270733784,2386.205810546875,19734000,0.0,0.0,2508.099453125,2651.891145833333,41.397377283604804,-59.26655014291782,2505.56494140625,1
2025-04-23 00:00:00+09:00,2485.186605322001,2513.3281170573923,2459.9562844557877,2505.56494140625,34123500,0.0,0.0,2500.07177734375,2644.779495442708,52.80849841246739,-48.08154880843267,2578.82958984375,1
2025-04-24 00:00:00+09:00,2549.23248636671,2637.538598380174,2541.4693116842072,2578.82958984375,41886200,0.0,0.0,2492.95380859375,2639.178525390625,61.41552165200101,-32.92595986693141,2610.36767578125,1
2025-04-25 00:00:00+09:00,2619.5864463834514,2631.7164077021375,2592.4153330295944,2610.36767578125,29523200,0.0,0.0,2488.908525390625,2635.713899739583,71.46477494633504,-18.16083962581888,2704.010986328125,1
2025-04-28 00:00:00+09:00,2643.8463779834833,2756.8976178568823,2638.5091949851685,2704.010986328125,54204400,0.0,0.0,2487.903583984375,2632.9767447916665,69.43540407928229,1.0843572976050382,2648.213134765625,0
2025-04-30 00:00:00+09:00,2712.7445284856376,2718.0817114248866,2648.213134765625,2648.213134765625,41601700,0.0,0.0,2483.923193359375,2629.2287076822918,69.85252613302657,11.69903502125453,2669.56201171875,1
2025-05-01 00:00:00+09:00,2646.2724848989574,2671.017607144987,2628.3201413087004,2669.56201171875,19049400,0.0,0.0,2480.60611328125,2626.6295963541666,63.68421052631579,21.585099946058563,2697.703125,1
2025-05-02 00:00:00+09:00,2715.170267535971,2738.459790917266,2690.9103473471223,2697.703125,36047900,0.0,0.0,2480.664326171875,2625.333525390625,77.02700456560976,31.329483497089313,2625.89404296875,0
2025-05-07 00:00:00+09:00,2678.780674654558,2679.265873110391,2622.012455322085,2625.89404296875,29981600,0.0,0.0,2480.877822265625,2623.3913932291666,70.27397283879561,32.87858106310159,2592.415283203125,0
2025-05-08 00:00:00+09:00,2625.8939757992352,2658.8874699519233,2554.5698046162183,2592.415283203125,47881900,0.0,0.0,2483.032109375,2621.0854915364584,62.7683205074821,31.04690651314013,2638.994384765625,1
2025-05-09 00:00:00+09:00,2668.5914903862727,2674.89907027264,2606.000889975395,2638.994384765625,37497400,0.0,0.0,2486.486728515625,2620.214078776042,65.23842641694458,32.97373476515759,2671.98779296875,1
2025-05-12 00:00:00+09:00,2645.3018789296575,2676.3545789024197,2638.0239023735417,2671.98779296875,20208500,0.0,0.0,2490.271279296875,2620.405361328125,66.8428117676892,36.7395417735097,2765.63134765625,1
2025-05-13 00:00:00+09:00,2769.027737030565,2794.2580580969025,2761.7497597998904,2765.63134765625,35248400,0.0,0.0,2503.13875,2620.803017578125,68.93565346813655,46.74141724773381,2668.106201171875,0
2025-05-14 00:00:00+09:00,2746.2231494149505,2748.6491415964124,2650.1538590290565,2668.106201171875,24974000,0.0,0.0,2516.413779296875,2619.8304296875,66.70657932082602,46.26519498237258,2578.344482421875,0
2025-05-15 00:00:00+09:00,2628.805119639014,2637.538691465057,2568.6405137262714,2578.344482421875,31659600,0.0,0.0,2531.571376953125,2617.1526236979166,60.80786230096779,38.20436869204832,2564.273681640625,0
2025-05-16 00:00:00+09:00,2563.7884832145814,2573.4924517354543,2521.0910217227415,2564.273681640625,23825700,0.0,0.0,2539.877978515625,2614.1664615885416,53.74611284185261,30.331072035403395,2586.107666015625,1
2025-05-19 00:00:00+09:00,2564.2737363775946,2615.219572199666,2543.895402048766,2586.107666015625,19721400,0.0,0.0,2551.503330078125,2612.011591796875,50.497024455583905,25.55862386953777,2593.3857421875,1
2025-05-20 00:00:00+09:00,2643.8463815116347,2646.7575722418733,2571.066613255671,2593.3857421875,25009100,0.0,0.0,2556.529990234375,2609.4517220052085,48.80054959721725,22.108847207774488,2583.681640625,0
2025-05-21 00:00:00+09:00,2620.0715228873237,2620.0715228873237,2583.1964421948355,2583.681640625,20330200,0.0,0.0,2565.942841796875,2607.1755338541666,40.35769357330863,18.379961696190094,2542.43994140625,0
2025-05-22 00:00:00+09:00,2555.0551014208613,2556.5106968071623,2534.676766012643,2542.43994140625,19413100,0.0,0.0,2574.0941796875,2603.83470703125,41.32166412073676,11.959075825548553,2545.83642578125,1
2025-05-23 00:00:00+09:00,2568.640754352189,2571.066746753353,2542.9252348998534,2545.83642578125,15124400,0.0,0.0,2578.926767578125,2600.2976790364582,39.540610779787734,7.063126095551979,2543.8955078125,0
2025-05-26 00:00:00+09:00,2546.321500095365,2555.0550723136803,2530.3099510284546,2543.8955078125,14531700,0.0,0.0,2583.68171875,2596.4233821614584,36.3948910115873,2.991945516474516,2561.84765625,1
2025-05-27 00:00:00+09:00,2531.765354225852,2571.066426225142,2526.9133700284087,2561.84765625,14424300,0.0,0.0,2589.174169921875,2594.6822200520833,43.73813072458316,1.2002580946450507,2553.599365234375,0
2025-05-28 00:00:00+09:00,2600.663613463091,2601.148811898439,2553.599365234375,2553.599365234375,19119300,0.0,0.0,2592.570556640625,2592.2146516927082,46.007984533105684,-0.8751470957226957,2653.55029296875,1
2025-05-29 00:00:00+09:00,2626.8643785212676,2660.8282696362453,2617.160409631274,2653.55029296875,30752500,0.0,0.0,2602.81794921875,2589.9358658854167,51.34891520710094,5.482089763519525,2687.02880859375,1
2025-05-30 00:00:00+09:00,2589.5039276751254,2687.02880859375,2583.196348312229,2687.02880859375,57613100,0.0,0.0,2614.850869140625,2588.8597005208335,51.39261863298776,13.07100775422532,2611.338134765625,0
2025-06-02 00:00:00+09:00,2656.4615919438493,2661.313576586669,2606.971348587087,2611.338134765625,23342800,0.0,0.0,2619.081796875,2587.7784114583333,35.223036896988575,12.829781398782416,2595.811767578125,0
2025-06-03 00:00:00+09:00,2602.1193475741093,2604.545339880257,2576.4038291289426,2595.811767578125,17203100,0.0,0.0,2619.761083984375,2586.4773893229167,41.78611807964956,11.256007454076098,2643.84619140625,1
2025-06-04 00:00:00+09:00,2649.183374027918,2654.035358229434,2620.07146881882,2643.84619140625,25102600,0.0,0.0,2621.100224609375,2586.140934244792,58.22168125023366,13.726525979936923,2572.037109375,0
2025-06-05 00:00:00+09:00,2605.5158040640918,2614.734575065436,2561.847941426146,2572.037109375,24997400,0.0,0.0,2615.82126953125,2584.522916666667,50.851093100201425,9.777329950924923,2573.49267578125,1
2025-06-06 00:00:00+09:00,2552.6291416450144,2585.137439020079,2552.14394317673,2573.49267578125,18571200,0.0,0.0,2612.832451171875,2583.191220703125,48.55235487827633,6.6879214939244775,2561.84765625,0
2025-06-09 00:00:00+09:00,2590.959561434659,2592.900355113636,2558.936465731534,2561.84765625,13584200,0.0,0.0,2608.523876953125,2582.09826171875,46.41673102015818,3.2622817260448755,2578.82958984375,1
2025-06-10 00:00:00+09:00,2574.4628040848424,2584.6519708556266,2561.847645225776,2578.82958984375,19556800,0.0,0.0,2603.768935546875,2580.84408203125,49.457692127176294,1.895883086597678,2577.3740234375,0
2025-06-11 00:00:00+09:00,2590.9595792839327,2598.7227540533227,2573.492436052805,2577.3740234375,16367500,0.0,0.0,2601.828134765625,2580.1869205729167,54.285697170822885,0.6876237772835339,2539.04345703125,0
2025-06-12 00:00:00+09:00,2566.6997683346667,2569.6109589981843,2530.795083484617,2539.04345703125,22784400,0.0,0.0,2599.69326171875,2579.5906315104166,49.23243290960452,-3.3245633011943028,2479.364013671875,0
2025-06-13 00:00:00+09:00,2509.446316773178,2512.357507395884,2463.837663684106,2479.364013671875,36054800,0.0,0.0,2593.308046875,2578.255810546875,43.549927598015984,-11.190881271106718,2478.87890625,0
2025-06-16 00:00:00+09:00,2504.1092259064885,2509.4464089107455,2478.3937077950677,2478.87890625,19281900,0.0,0.0,2585.58369140625,2576.8573274739583,41.407037005570864,-17.26511752311262,2462.867431640625,0
2025-06-17 00:00:00+09:00,2459.956240823083,2475.482591849974,2455.58945459677,2462.867431640625,18263000,0.0,0.0,2573.473134765625,2575.061067708333,40.751730762530926,-23.10464968343058,2492.949462890625,1
2025-06-18 00:00:00+09:00,2450.2520022572317,2498.7718438860875,2445.8852165106346,2492.949462890625,18221700,0.0,0.0,2566.466865234375,2572.916015625,30.91111269744819,-25.016774670193172,2450.737548828125,0
2025-06-19 00:00:00+09:00,2480.3346564263265,2488.583030675006,2447.3411594316103,2450.737548828125,16444700,0.0,0.0,2561.362587890625,2571.4155794270832,22.48582713741436,-29.597119018993453,2428.418212890625,0
2025-06-20 00:00:00+09:00,2436.666586440903,2466.2636915330763,2428.418212890625,2428.418212890625,80814500,0.0,0.0,2555.928369140625,2568.2702994791666,25.677342700021427,-34.62887863749438,2419.6845703125,0
2025-06-23 00:00:00+09:00,2425.9921499022457,2426.477348332226,2391.0578629436536,2419.6845703125,18469900,0.0,0.0,2549.2714453125,2565.5360319010415,26.14972226024159,-38.8732101837204,2416.288330078125,0
2025-06-24 00:00:00+09:00,2453.6486114869635,2460.441389924934,2401.7323762824735,2416.288330078125,20203700,0.0,0.0,2542.187548828125,2561.536331380208,14.947625096931361,-42.02646676787981,2387.661376953125,0
2025-06-25 00:00:00+09:00,2429.8736386468704,2431.8144322879625,2372.620226234664,2387.661376953125,22587200,0.0,0.0,2534.34673828125,2557.49810546875,17.24128657253779,-46.30166443475309,2383.77978515625,0
2025-06-26 00:00:00+09:00,2368.7386344662755,2389.116967659144,2361.9458567353195,2383.77978515625,27545800,0.0,0.0,2528.00033203125,2553.655966796875,16.581112185320634,-49.4331666312296,2452.19287109375,1
2025-06-27 00:00:00+09:00,2425.021758948667,2475.9675942206977,2412.891798169612,2452.19287109375,33017800,0.0,0.0,2524.25458984375,2550.395546875,33.903123284214985,-45.86582768893959,2419.199462890625,0
2025-06-30 00:00:00+09:00,2459.956132542212,2462.867323231611,2416.288272201226,2419.199462890625,29284500,0.0,0.0,2519.266748046875,2547.642102864583,27.619039143105752,-45.180169312307044,2380.383544921875,0
2025-07-01 00:00:00+09:00,2416.2882294559595,2419.1994200938584,2375.046362085727,2380.383544921875,24298200,0.0,0.0,2512.00818359375,2544.2821451822915,24.999984508085234,-47.22452535875118,2392.513671875,1
2025-07-02 00:00:00+09:00,2377.4725192024944,2407.069626074199,2370.6797405762018,2392.513671875,24281200,0.0,0.0,2505.564755859375,2541.624091796875,30.079167407934534,-47.32041212983313,2437.15185546875,1
2025-07-03 00:00:00+09:00,2392.5135973156293,2464.8081675853573,2376.016849737302,2437.15185546875,34098600,0.0,0.0,2496.908818359375,2539.2116927083334,44.01651694779761,-43.29539239451424,2410.950927734375,0
2025-07-04 00:00:00+09:00,2449.2816025765997,2454.618785149568,2405.6137451614068,2410.950927734375,19876900,0.0,0.0,2485.865703125,2536.2720084635416,41.02561621416236,-41.738594616086175,2380.868896484375,0
2025-07-07 00:00:00+09:00,2425.992354273869,2427.933148157288,2369.7093316547152,2380.868896484375,20788700,0.0,0.0,2476.64693359375,2531.9335026041667,39.55500241325949,-42.44293395360182,2392.0283203125,1
2025-07-08 00:00:00+09:00,2383.294748351927,2412.40665488717,2378.92796237164,2392.0283203125,32336400,0.0,0.0,2468.495595703125,2527.0701627604167,36.493523721522315,-41.62087616105191,2413.862060546875,1
2025-07-09 00:00:00+09:00,2425.0216238418657,2458.5003137268372,2405.1284892725344,2413.862060546875,31320400,0.0,0.0,2459.29623046875,2523.10166015625,44.78016433417565,-38.76077894122864,2400.276611328125,0
2025-07-10 00:00:00+09:00,2405.613794009469,2409.010182988506,2390.0874443910134,2400.276611328125,26257000,0.0,0.0,2452.425810546875,2518.7168880208333,45.91547758594052,-37.161983291395245,2433.75537109375,1
2025-07-11 00:00:00+09:00,2427.4477913839773,2449.766919587788,2403.6730678625277,2433.75537109375,25922800,0.0,0.0,2446.836318359375,2514.530654296875,51.90539477251239,-32.815196937243854,2456.5595703125,1
2025-07-14 00:00:00+09:00,2437.6368321647246,2468.204332249593,2434.725641680451,2456.5595703125,16698800,0.0,0.0,2442.624794921875,2510.584928385417,55.18099611466909,-27.216494335347306,2457.044921875,1
2025-07-15 00:00:00+09:00,2474.512065869372,2487.127225420863,2445.8853576563733,2457.044921875,21037000,0.0,0.0,2437.753408203125,2507.395556640625,59.62317919948098,-22.481169444713032,2435.2109375,0
2025-07-16 00:00:00+09:00,2472.0860184424187,2472.0860184424187,2430.844151598924,2435.2109375,17977300,0.0,0.0,2432.066884765625,2504.9242805989584,56.79489081701771,-20.256703746128096,2445.88525390625,1
2025-07-17 00:00:00+09:00,2425.992118534269,2445.88525390625,2421.6253327209074,2445.88525390625,16570200,0.0,0.0,2428.340556640625,2503.688642578125,49.01663454248157,-17.431530693505465,2441.5185546875,0
2025-07-18 00:00:00+09:00,2453.1633172694756,2453.648515710391,2426.962601460031,2441.5185546875,12975500,0.0,0.0,2426.82673828125,2502.2071712239585,53.82059634051239,-15.367766778633268,2422.595947265625,0
2025-07-22 00:00:00+09:00,2422.595947265625,2443.9446798271483,2397.85082543295,2422.595947265625,22144000,0.0,0.0,2424.575419921875,2500.1434635416667,57.7540509850984,-15.085222231932676,2769.997802734375,1
2025-07-23 00:00:00+09:00,2581.255615790309,2819.0028435604695,2557.966091437314,2769.997802734375,184109600,0.0,0.0,2436.860634765625,2504.49083984375,81.07031344509073,13.02102447004836,2760.2939453125,0
2025-07-24 00:00:00+09:00,2765.631128191466,2811.7249803279906,2739.915610683721,2760.2939453125,76238500,0.0,0.0,2447.5544140625,2510.14501953125,78.22037989063134,34.11910349384334,2704.49609375,0
2025-07-25 00:00:00+09:00,2732.637603157517,2746.223159423215,2686.058553103696,2704.49609375,36978000,0.0,0.0,2457.704755859375,2516.879573567708,74.37555877672246,45.80900512865355,2721.96337890625,1
2025-07-28 00:00:00+09:00,2725.844966612355,2735.063737414355,2697.7034557430925,2721.96337890625,28105100,0.0,0.0,2469.4465625,2521.750970052083,78.93007489682792,55.83912169114092,2660.343017578125,0
2025-07-29 00:00:00+09:00,2697.7032970516825,2701.099686094733,2648.2130567100867,2660.343017578125,24229100,0.0,0.0,2479.072900390625,2526.6158919270833,70.96286140348668,58.14554747670263,2662.283935546875,1
2025-07-30 00:00:00+09:00,2658.8875463453387,2674.8990954382944,2627.3496466167903,2662.283935546875,22891900,0.0,0.0,2488.912724609375,2529.210087890625,70.03132453652994,59.44477996743626,2616.675048828125,0
2025-07-31 00:00:00+09:00,2668.5912791683086,2674.8988585554334,2614.2490567561535,2616.675048828125,31733900,0.0,0.0,2498.073271484375,2532.7876171875,66.59225092941674,56.146948021445496,2643.84619140625,1
2025-08-01 00:00:00+09:00,2634.627421423369,2663.739326632467,2623.953056180033,2643.84619140625,28121900,0.0,0.0,2508.475927734375,2536.8568131510415,66.26595251614816,55.09082384752537,2595.811767578125,0
2025-08-04 00:00:00+09:00,2563.7886691369745,2605.515736802716,2562.3330737532856,2595.811767578125,24277700,0.0,0.0,2514.22068359375,2539.134013671875,60.37601094691467,49.80375458711114,2599.693359375,1
2025-08-05 00:00:00+09:00,2592.4153824450586,2621.0420917028277,2575.433436275196,2599.693359375,19623500,0.0,0.0,2521.440439453125,2541.46296875,60.57554748541873,45.40354235164159,2640.449951171875,1
2025-08-06 00:00:00+09:00,2624.923600852599,2669.07665957304,2619.1012194828704,2640.449951171875,24559800,0.0,0.0,2531.843095703125,2544.34181640625,64.8005690231007,44.68990142899702,2600.663818359375,0
2025-08-07 00:00:00+09:00,2642.3908870867826,2659.8580321354652,2576.8890931542237,2600.663818359375,55966800,0.0,0.0,2540.1691015625,2546.1014713541667,60.71190934567722,40.447671861494655,2690.91064453125,1
2025-08-08 00:00:00+09:00,2619.5864712989937,2721.478147345074,2606.971311407574,2690.91064453125,52683900,0.0,0.0,2550.319453125,2550.015406901042,65.42618127299559,43.862222614495295,2770.483154296875,1
2025-08-12 00:00:00+09:00,2719.052118507826,2783.0983140187172,2708.3777525893443,2770.483154296875,41157800,0.0,0.0,2564.7007421875,2555.1391048177084,70.0167500893413,52.385250648839246,2789.89111328125,1
2025-08-13 00:00:00+09:00,2813.665837550951,2839.3813556385867,2780.187144191576,2789.89111328125,35352300,0.0,0.0,2581.061630859375,2558.9301204427084,51.83858088803707,60.014067054570205,2721.96337890625,0
2025-08-14 00:00:00+09:00,2765.631240599933,2771.4536221590906,2721.96337890625,2721.96337890625,21262700,0.0,0.0,2594.259033203125,2560.8385709635418,46.80162939627755,59.888402327669155,2769.5126953125,1
2025-08-15 00:00:00+09:00,2770.483092192427,2781.1574578716277,2756.897535873445,2769.5126953125,20036900,0.0,0.0,2608.48505859375,2562.9605045572916,55.50082210342805,62.9005660033572,2817.062255859375,1
2025-08-18 00:00:00+09:00,2779.2167760183434,2819.003049697377,2773.3943945043384,2817.062255859375,22691000,0.0,0.0,2625.156484375,2564.4678548177085,57.6562492015015,68.33683506920761,2838.410888671875,1
2025-08-19 00:00:00+09:00,2854.9076357171475,2889.841923577724,2825.3105307241585,2838.410888671875,28833900,0.0,0.0,2641.342705078125,2567.0038248697915,65.33000348062369,73.52027772328802,2850.0556640625,1
2025-08-20 00:00:00+09:00,2852.966854730593,2893.723524083887,2837.440504500766,2850.0556640625,22852700,0.0,0.0,2657.082548828125,2569.410406901042,65.89975899589479,77.67246954641132,2818.03271484375,0
2025-08-21 00:00:00+09:00,2849.085416935692,2850.0558138760653,2811.2399362611377,2818.03271484375,15393500,0.0,0.0,2671.522060546875,2571.0148014322917,67.45169135791497,77.48591768045208,2855.8779296875,1
2025-08-22 00:00:00+09:00,2839.381183236706,2855.8779296875,2812.695269860421,2855.8779296875,17269600,0.0,0.0,2688.348740234375,2574.081253255208,68.04297495662117,79.4757199077012,2852.966796875,0
2025-08-25 00:00:00+09:00,2904.397830968325,2920.894577752976,2836.4700500903486,2852.966796875,19219100,0.0,0.0,2704.632001953125,2577.5552734375,73.7030684389204,79.89674843793682,2812.6953125,0
2025-08-26 00:00:00+09:00,2852.9667823874415,2866.0671400616698,2805.9025344466963,2812.6953125,24050800,0.0,0.0,2719.479072265625,2579.8712858072918,68.39900933472575,76.10356977572292,2818.517822265625,1
2025-08-27 00:00:00+09:00,2817.0622269020864,2825.3106006288062,2791.831907267414,2818.517822265625,15271700,0.0,0.0,2735.315947265625,2581.82501953125,66.36933857966588,72.7289027165375,2832.588623046875,1
2025-08-28 00:00:00+09:00,2815.121478403215,2838.411004594762,2801.5359214581463,2832.588623046875,21577200,0.0,0.0,2737.819580078125,2582.717783203125,72.37829515215932,70.37857043657368,2787.9501953125,0
2025-08-29 00:00:00+09:00,2818.5176965837645,2824.825276211169,2781.1574172522187,2787.9501953125,22056600,0.0,0.0,2738.925830078125,2584.315703125,60.26693185927572,64.17420680324403,2773.87939453125,0
2025-09-01 00:00:00+09:00,2786.9797520006123,2800.5653078947653,2760.7790370618877,2773.87939453125,14369100,0.0,0.0,2741.701162109375,2586.9228352864584,50.41714520467433,57.45945111021365,2784.068603515625,1
2025-09-02 00:00:00+09:00,2773.3942380089425,2796.6837627507953,2759.3234834774066,2784.068603515625,16428500,0.0,0.0,2744.18537109375,2589.8534342447915,49.26827621966748,52.35660846502333,2767.086669921875,0
2025-09-03 00:00:00+09:00,2770.4830589608814,2791.831790063207,2756.8975028048562,2767.086669921875,22723600,0.0,0.0,2748.4551171875,2592.2664876302083,56.503475440385486,46.40731415758137,2819.0029296875,1
2025-09-04 00:00:00+09:00,2788.9206264791305,2828.7068984643934,2781.6426498964606,2819.0029296875,20172300,0.0,0.0,2754.723876953125,2595.274716796875,57.04419755111345,45.35879587342333,2874.80078125,1
2025-09-05 00:00:00+09:00,2911.190664556962,2917.0130458860763,2822.884547732068,2874.80078125,39740400,0.0,0.0,2765.04890625,2599.1563053385416,58.02967861185637,48.47150850052503,2882.078857421875,1
2025-09-08 00:00:00+09:00,2889.842032795402,2890.812429717093,2858.304132840449,2882.078857421875,20701300,0.0,0.0,2774.578212890625,2603.68482421875,56.3202380195193,50.93844887449495,2861.7001953125,0
2025-09-09 00:00:00+09:00,2891.782496450068,2899.545670937182,2854.907417636275,2861.7001953125,20893100,0.0,0.0,2785.21375,2607.8963411458335,51.643800869047354,50.665093513473494,2827.251220703125,0
2025-09-10 00:00:00+09:00,2842.2923718686984,2843.2627687180902,2810.7544742634636,2827.251220703125,21880400,0.0,0.0,2794.316064453125,2611.6744173177085,51.29247816660403,47.12547987416474,2801.050537109375,0
2025-09-11 00:00:00+09:00,2794.7429575177553,2801.050537109375,2773.3942265922724,2801.050537109375,23863900,0.0,0.0,2800.740087890625,2614.8637890625,42.05346685302808,41.725152777492895,2803.4765625,1
2025-09-12 00:00:00+09:00,2811.724935909917,2818.5177140122014,2799.109776577103,2803.4765625,22253600,0.0,0.0,2808.85259765625,2618.1954850260418,42.81691917581241,37.212156048839915,2847.6298828125,1
2025-09-16 00:00:00+09:00,2814.151187649088,2856.848653944454,2809.7844013234258,2847.6298828125,22117100,0.0,0.0,2815.1213671875,2620.783212890625,55.01395295380738,36.774464436802646,2863.156005859375,1
2025-09-17 00:00:00+09:00,2843.2628697400337,2867.0375933948562,2832.5885040174603,2863.156005859375,18883400,0.0,0.0,2818.82828125,2623.1315755208334,56.23303997316396,37.25101256858352,2853.451904296875,0
2025-09-18 00:00:00+09:00,2878.682222103955,2884.019404716991,2841.321943812702,2853.451904296875,20542800,0.0,0.0,2821.370712890625,2626.3597591145835,52.94920340861873,36.42574716179024,2836.469970703125,0
2025-09-19 00:00:00+09:00,2869.948661770268,2896.634574939729,2831.132788069233,2836.469970703125,39502900,0.0,0.0,2825.9509765625,2629.56853515625,57.440451899900935,34.00937930953933,2876.25634765625,1
2025-09-22 00:00:00+09:00,2836.470075640762,2886.4455148797288,2833.5588850054824,2876.25634765625,18457400,0.0,0.0,2830.22072265625,2632.6673372395835,64.55170843836407,34.902484375294534,2842.777587890625,0
2025-09-24 00:00:00+09:00,2867.5227077032932,2868.493104558692,2834.5292146197357,2842.777587890625,21777500,0.0,0.0,2831.2493359375,2636.2772102864583,57.82663148123798,32.5337911620295,2873.83056640625,1
2025-09-25 00:00:00+09:00,2867.522986233486,2878.197352679702,2848.115047240366,2873.83056640625,19580500,0.0,0.0,2832.666123046875,2640.2817154947916,63.7157070464032,32.78438261542442,2881.593505859375,1
2025-09-26 00:00:00+09:00,2889.841879255504,2910.705411963359,2870.4339418528475,2881.593505859375,32053900,0.0,0.0,2833.92763671875,2644.5449934895832,59.0717078607951,33.226369578128924,2827.89306640625,0
2025-09-29 00:00:00+09:00,2877.1594961345822,2881.1008105128485,2821.488430541567,2827.89306640625,24786300,45.0,0.0,2834.32205078125,2647.86583984375,43.15973552334962,28.91021183380917,2807.69384765625,0
2025-09-30 00:00:00+09:00,2818.0397979634586,2818.0397979634586,2780.1046468370273,2807.69384765625,22116900,0.0,0.0,2832.3946875,2650.9367708333334,39.546810360384775,23.587811970495295,2780.104736328125,0
2025-10-01 00:00:00+09:00,2785.0313794901454,2791.436015600772,2750.0522130398003,2780.104736328125,26571700,0.0,0.0,2829.480205078125,2654.1509212239584,38.761296206250215,16.948192803883558,2763.8466796875,0
2025-10-02 00:00:00+09:00,2756.949379595588,2790.4505514705884,2746.110765165441,2763.8466796875,22099300,0.0,0.0,2827.526259765625,2657.9440234375,40.80614111044951,10.256131185731192,2797.840576171875,1
2025-10-03 00:00:00+09:00,2764.832067877542,2798.3332404747753,2753.0081246079303,2797.840576171875,14005700,0.0,0.0,2826.699169921875,2662.196845703125,49.54483266680699,7.607947800625425,2930.3671875,1
2025-10-06 00:00:00+09:00,2965.8390162659716,2977.6629591879623,2920.021237443258,2930.3671875,45597700,0.0,0.0,2830.6103125,2668.43017578125,63.143461750883574,16.018383399146387,2978.6484375,1
2025-10-07 00:00:00+09:00,2955.9858790936155,2990.4723810163746,2953.5225575277045,2978.6484375,31197700,0.0,0.0,2838.2382421875,2674.906162109375,63.455968194236604,26.276706065803864,2964.853759765625,0
2025-10-08 00:00:00+09:00,3005.2522323978587,3029.885447417513,2955.9858023585493,2964.853759765625,31036900,0.0,0.0,2845.877216796875,2681.761044921875,60.48191958579012,32.91397367977834,2904.256103515625,0
2025-10-09 00:00:00+09:00,2955.9858559955474,2957.9565132328776,2891.93949578231,2904.256103515625,28589800,0.0,0.0,2850.684716796875,2688.1055501302085,54.73916315033851,32.90502303625635,2855.97509765625,0
2025-10-10 00:00:00+09:00,2883.564299910649,2896.3735723859054,2848.5851327666787,2855.97509765625,25255700,0.0,0.0,2854.24025390625,2693.9227571614583,51.71911021903684,28.671548155413348,2829.37109375,0
2025-10-14 00:00:00+09:00,2806.708535799016,2855.4823018239595,2789.9579494874192,2829.37109375,24550500,0.0,0.0,2854.65498046875,2699.43052734375,45.76939988844232,22.905725094932677,2870.7548828125,1
2025-10-15 00:00:00+09:00,2855.482289476789,2876.6668544263234,2846.1216677549014,2870.7548828125,18470700,0.0,0.0,2854.49314453125,2705.8717740885418,52.488969647580404,21.42857937338931,2911.1533203125,1
2025-10-16 00:00:00+09:00,2920.513941921222,2935.786535072294,2894.4027342758395,2911.1533203125,19598500,0.0,0.0,2855.656123046875,2712.9034212239585,53.26606948745821,23.249738516073194,2890.46142578125,0
2025-10-17 00:00:00+09:00,2877.159489783961,2917.0652977758277,2877.159489783961,2890.46142578125,14316900,0.0,0.0,2856.806572265625,2718.747001953125,50.758849835770214,22.760982855955262,2958.94189453125,1
2025-10-20 00:00:00+09:00,2944.6546293062406,2958.94189453125,2927.4113781726087,2958.94189453125,20574600,0.0,0.0,2862.07419921875,2725.9435677083334,60.937505094073266,27.581499628160145,2960.91259765625,1
2025-10-21 00:00:00+09:00,2972.7365414738456,2976.6778560797106,2944.1620105813226,2960.91259765625,16336700,0.0,0.0,2868.468681640625,2733.683955078125,63.189148475433434,31.201145785833887,3058.4599609375,1
2025-10-22 00:00:00+09:00,3029.8854316632774,3115.6090194859453,3028.9001030676145,3058.4599609375,49951100,0.0,0.0,2878.668017578125,2742.563238932292,71.3852970889258,41.46303832740659,3045.650634765625,0
2025-10-23 00:00:00+09:00,3054.518591968113,3066.342534904764,3012.149463111781,3045.650634765625,18085400,0.0,0.0,2886.58884765625,2750.6765559895834,71.76559280824229,48.00864277985829,3081.12255859375,1
2025-10-24 00:00:00+09:00,3064.3719722502597,3089.9905160697153,3044.665400081448,3081.12255859375,18839800,0.0,0.0,2895.307509765625,2759.612177734375,71.82990956278961,55.419527453625506,3170.78759765625,1
2025-10-27 00:00:00+09:00,3123.4918224270705,3170.78759765625,3118.565179174031,3170.78759765625,24626500,0.0,0.0,2908.0009375,2770.1444270833335,69.83740276316192,67.74698121209076,3124.47705078125,0
2025-10-28 00:00:00+09:00,3172.7581531112032,3173.743481730182,3120.535736305336,3124.47705078125,19805700,0.0,0.0,2919.521220703125,2779.91041015625,62.07176844736404,72.93890869422648,3099.84375,0
2025-10-29 00:00:00+09:00,3129.4036077558803,3135.3155793070564,3078.166520979021,3099.84375,20640200,0.0,0.0,2928.464716796875,2789.0568326822918,60.977554462007134,74.2103958763787,3138.271728515625,1
2025-10-30 00:00:00+09:00,3101.8145687181122,3143.198371731505,3079.152009925064,3138.271728515625,23926200,0.0,0.0,2940.284482421875,2798.896767578125,69.74229691876751,77.42635254311335,3091.961181640625,0
2025-10-31 00:00:00+09:00,3143.1982694179715,3151.0808983067936,3075.2105952518773,3091.961181640625,25906600,0.0,0.0,2949.00970703125,2807.672845052083,69.9749414038848,75.36933647667365,3108.711669921875,1
2025-11-04 00:00:00+09:00,3103.7850270218405,3157.9780989222218,3074.2251696216326,3108.711669921875,26958800,0.0,0.0,2958.09443359375,2816.3682063802084,74.04576976246749,74.23502567239257,2995.39892578125,0
2025-11-05 00:00:00+09:00,3103.785071122019,3104.770399716026,2952.0444676449424,2995.39892578125,56932600,0.0,0.0,2964.79466796875,2823.546259765625,59.54715964978551,63.461144162978144,3092.946533203125,1
2025-11-06 00:00:00+09:00,3064.3720032691044,3135.3156637949487,3009.1936006378924,3092.946533203125,32756900,0.0,0.0,2976.204775390625,2832.3160677083333,62.803602495707345,62.0784405050631,3072.254638671875,0
2025-11-07 00:00:00+09:00,3044.665437298298,3082.1079248767237,3031.8561652319945,3072.254638671875,17774800,0.0,0.0,2987.890771484375,2840.667659505208,62.803602495707345,58.637043596738295,3085.06396484375,1
2025-11-10 00:00:00+09:00,3087.0346221192813,3088.0199507570464,3044.665490695365,3085.06396484375,19709600,0.0,0.0,3000.739462890625,2849.248264973958,59.638546124326645,56.294390629889676,3100.8291015625,1
2025-11-11 00:00:00+09:00,3101.8144301616617,3130.388959537357,3083.0931867775857,3100.8291015625,17570500,0.0,0.0,3012.85900390625,2858.2913736979167,60.471957859130384,55.07506498807243,3143.1982421875,1
2025-11-12 00:00:00+09:00,3129.4036417515676,3166.846128649099,3128.418313149001,3143.1982421875,20882100,0.0,0.0,3021.37224609375,2863.267379557292,56.91317815623088,56.871991273109415,3151.080810546875,1
2025-11-13 00:00:00+09:00,3153.0514677141964,3167.8313964691065,3133.3448960409823,3151.080810546875,16407400,0.0,0.0,3028.269541015625,2868.47787109375,58.670982862117874,58.26053451343796,3133.344970703125,0
2025-11-14 00:00:00+09:00,3108.7117555246414,3133.344970703125,3088.019854774715,3133.344970703125,17302600,0.0,0.0,3035.009189453125,2874.1958561197916,54.42403730451469,57.26966197045067,3073.239990234375,0
2025-11-17 00:00:00+09:00,3103.7851776974294,3117.5797784871957,3068.313347095173,3073.239990234375,15668000,0.0,0.0,3041.768544921875,2878.8795442708333,41.30052241935421,51.04599231139582,2984.560302734375,0
2025-11-18 00:00:00+09:00,3060.43060425651,3068.3132329860823,2983.574974143178,2984.560302734375,21663600,0.0,0.0,3046.911953125,2883.20244140625,38.398688245832446,38.514014033658896,2992.443115234375,1
2025-11-19 00:00:00+09:00,3028.9002753475365,3029.8856039992434,2974.7071995036476,2992.443115234375,15126800,0.0,0.0,3053.434833984375,2887.6045638020832,40.84035538121027,28.885434738752338,2999.34033203125,1
2025-11-20 00:00:00+09:00,3049.5920918648876,3057.4747208583995,2999.34033203125,2999.34033203125,17872000,0.0,0.0,3058.578251953125,2892.706767578125,37.47779149420279,21.562702616980005,3051.562744140625,1
2025-11-21 00:00:00+09:00,2990.4723695404573,3074.225302460042,2983.575069182374,3051.562744140625,31305500,0.0,0.0,3064.19462890625,2898.14298828125,46.39719042165448,19.745680950619317,3031.856201171875,0
2025-11-25 00:00:00+09:00,3103.7851913199243,3103.7851913199243,3024.95890074672,3031.856201171875,17998000,0.0,0.0,3069.850419921875,2903.9569140625,43.18183196464602,16.525034554103968,3094.917236328125,1
2025-11-26 00:00:00+09:00,3083.0932927318377,3111.6678230895313,3044.665476043905,3094.917236328125,20618800,0.0,0.0,3075.28943359375,2910.5598990885414,59.69291013916823,18.843926540192115,3091.961181640625,0
2025-11-27 00:00:00+09:00,3108.7117680293727,3118.565054140401,3082.107895529597,3091.961181640625,11108400,0.0,0.0,3080.531376953125,2916.580048828125,49.88235019763768,20.21016602384907,3087.03466796875,0
2025-11-28 00:00:00+09:00,3093.931968535549,3093.931968535549,3073.240066835152,3087.03466796875,13070100,0.0,0.0,3081.674365234375,2923.0649934895832,51.83375386581935,20.657268049768845,3036.78271484375,0
2025-12-01 00:00:00+09:00,3086.0491443512733,3087.034472941424,3029.8854147126967,3036.78271484375,13231700,0.0,0.0,3081.3196484375,2927.67662109375,44.51899891909869,16.763448384323965,3000.32568359375,0
2025-12-02 00:00:00+09:00,3039.7388288626335,3044.665472021244,2997.369697698584,3000.32568359375,17880100,0.0,0.0,3078.0877734375,2930.7411881510416,39.10257496278068,10.613445317273545,2960.91259765625,0
2025-12-03 00:00:00+09:00,2985.5458139429074,2995.3991004575705,2950.0739824901207,2960.91259765625,16544800,0.0,0.0,3069.6927734375,2933.021474609375,30.107540059764602,2.530052066681492,3057.474609375,1
2025-12-04 00:00:00+09:00,2983.5749652553977,3061.4159237280455,2959.9270791371255,3057.474609375,21589300,0.0,0.0,3067.01267578125,2937.4949576822914,41.44143983263741,3.8710292061268774,2987.516357421875,0
2025-12-05 00:00:00+09:00,3008.2082583143088,3022.0028589092644,2971.7510995990683,2987.516357421875,21707900,0.0,0.0,3062.519580078125,2940.4016731770835,37.828944955437,-0.7031772273908246,3015.10546875,1
2025-12-08 00:00:00+09:00,3005.2521829044117,3015.10546875,2976.677653952206,3015.10546875,15596600,0.0,0.0,3057.5929296875,2943.042249348958,44.86955135317982,-2.078102991265496,3021.017578125,1
2025-12-09 00:00:00+09:00,3030.8708644202543,3037.7681648269327,2999.34034827544,3021.017578125,15163400,0.0,0.0,3054.755185546875,2945.477005208333,53.76783444327874,-2.6600206852845076,3070.283935546875,1
2025-12-10 00:00:00+09:00,3043.680063191366,3090.9758362678263,3030.8707913164912,3070.283935546875,20327700,0.0,0.0,3053.218076171875,2948.4133821614582,57.410874998140514,0.8444543138566587,3064.3720703125,0
2025-12-11 00:00:00+09:00,3101.814558631431,3113.6385023110934,3053.5334552728095,3064.3720703125,14242200,0.0,0.0,3055.977001953125,2951.6979069010417,56.203018024311866,3.1089004134173592,3212.17138671875,1
2025-12-12 00:00:00+09:00,3144.1837101286906,3223.995330473543,3121.5211512653373,3212.17138671875,42664200,0.0,0.0,3060.74599609375,2956.448486328125,62.95709062890597,16.63786888948698,3300.850830078125,1
2025-12-15 00:00:00+09:00,3195.420669236824,3308.7334589260727,3194.43534063083,3300.850830078125,31427000,0.0,0.0,3069.88984375,2962.4202734375,69.52790688441655,34.122026352233206,3281.144287109375,0
2025-12-16 00:00:00+09:00,3330.410717846753,3344.2053184532188,3280.1589584946273,3281.144287109375,28736000,0.0,0.0,3077.733056640625,2968.666259765625,64.42748975228446,45.85955339987231,3299.865478515625,1
2025-12-17 00:00:00+09:00,3296.909492718209,3306.762778709596,3263.408320347492,3299.865478515625,20872500,0.0,0.0,3085.69451171875,2975.084228515625,65.72281571144238,56.026433980715865,3313.66015625,1
2025-12-18 00:00:00+09:00,3300.850884162206,3334.352057314897,3292.9682551851024,3313.66015625,19193200,0.0,0.0,3092.51298828125,2981.498515625,66.91177060020829,64.45389096183135,3373.76513671875,1
2025-12-19 00:00:00+09:00,3339.2786356132724,3388.545065763955,3338.2933070102586,3373.76513671875,37972600,0.0,0.0,3101.420361328125,2989.3093815104166,74.78263929686165,75.11678144355346,3404.310302734375,1
2025-12-22 00:00:00+09:00,3442.7381180184966,3443.7234466155255,3386.5743879878573,3404.310302734375,17099900,0.0,0.0,3112.258974609375,2997.715126953125,79.97078125899955,85.05151764052471,3364.897216796875,0
2025-12-23 00:00:00+09:00,3427.958248092629,3427.958248092629,3359.970573726894,3364.897216796875,17000600,0.0,0.0,3123.925263671875,3005.4595084635416,79.97078125899955,88.72183096632307,3303.806884765625,0
2025-12-24 00:00:00+09:00,3367.8532454902793,3369.8239027433456,3303.806884765625,3303.806884765625,12845800,0.0,0.0,3136.695126953125,3012.6157779947916,69.29014841708202,85.71305473798748,3324.498779296875,1
2025-12-25 00:00:00+09:00,3327.454765170583,3333.366736917999,3308.733521303766,3324.498779296875,7132300,0.0,0.0,3149.977353515625,3019.35572265625,78.59534197649027,84.02959993778904,3330.41064453125,1
2025-12-26 00:00:00+09:00,3327.4546587520804,3347.161230613212,3319.5720300076277,3330.41064453125,10705500,0.0,0.0,3163.220166015625,3025.4305208333335,77.7778016759296,82.22465337584345,3314.6455078125,0
2025-12-29 00:00:00+09:00,3336.3227376495615,3336.3227376495615,3302.8215642650116,3314.6455078125,12099700,0.0,0.0,3173.7434765625,3031.198076171875,75.42665276414164,78.61587062324088,3306.762939453125,0
2025-12-30 00:00:00+09:00,3320.55754051163,3337.3081275112436,3303.8069535120167,3306.762939453125,12175900,0.0,0.0,3184.73974609375,3037.13224609375,72.05886505763984,74.2637604992492,3349.132080078125,1
2026-01-05 00:00:00+09:00,3360.9560238736344,3404.3104844571703,3347.161422778873,3349.132080078125,18505900,0.0,0.0,3194.90833984375,3044.0906575520835,74.87094106724541,73.38755141493357,3378.69189453125,1
2026-01-06 00:00:00+09:00,3436.826284084281,3452.5915422681537,3372.779922712298,3378.69189453125,21996200,0.0,0.0,3206.377568359375,3051.7925423177085,68.3297412055575,74.22278532046357,3286.071044921875,0
2026-01-07 00:00:00+09:00,3300.850974659155,3310.7042611506745,3277.203087079507,3286.071044921875,21592100,0.0,0.0,3214.3390234375,3058.2271354166664,48.38711052521082,66.64276934803138,3245.67236328125,0
2026-01-08 00:00:00+09:00,3252.5696633853695,3279.1735352155433,3237.789734590828,3245.67236328125,18107700,0.0,0.0,3222.694609375,3063.5343684895834,46.29628402267915,56.72186178179618,3338.29345703125,1
2026-01-09 00:00:00+09:00,3273.2617663098617,3354.05871538795,3272.2764376625682,3338.29345703125,24104300,0.0,0.0,3236.2133203125,3069.8695345052083,53.47595094479456,55.69124524948393,3587.58154296875,1
2026-01-13 00:00:00+09:00,3448.6502060946514,3587.58154296875,3447.6648774643386,3587.58154296875,50179500,0.0,0.0,3261.280078125,3079.6579296875,67.37500634925749,74.13535316648085,3568.8603515625,0
2026-01-14 00:00:00+09:00,3566.8896942728466,3591.5229103935153,3509.740632872895,3568.8603515625,26474500,0.0,0.0,3281.7355078125,3089.423134765625,63.0606992118242,86.24758936344188,3659.510498046875,1
2026-01-15 00:00:00+09:00,3585.610851478885,3708.7769290922015,3581.6695369952586,3659.510498046875,35684100,0.0,0.0,3308.6152734375,3099.8665234375,65.81197589645569,101.98570531293717,3616.156005859375,0
2026-01-16 00:00:00+09:00,3621.082648919129,3687.0996659198313,3606.302719739867,3616.156005859375,20254500,0.0,0.0,3332.657294921875,3110.178235677083,65.49210458972468,109.69542976766525,3569.845458984375,0
2026-01-19 00:00:00+09:00,3547.182901557756,3569.845458984375,3512.6964011259447,3569.845458984375,17580700,0.0,0.0,3354.61041015625,3119.4584342447915,66.70791153175762,110.79143316789214,3489.048583984375,0
2026-01-20 00:00:00+09:00,3537.3296855419107,3541.270999954771,3476.23931214258,3489.048583984375,20386000,0.0,0.0,3371.36099609375,3127.557835286458,59.608742239540234,103.94221009778084,3499.88720703125,1
2026-01-21 00:00:00+09:00,3454.5620911744263,3506.7845072703317,3439.78216209068,3499.88720703125,16952900,0.0,0.0,3388.7816015625,3136.517757161458,59.8398188798378,98.25610257823882,3531.417724609375,1
2026-01-22 00:00:00+09:00,3576.742840494428,3585.6107979501994,3517.6231241226196,3531.417724609375,17423300,0.0,0.0,3401.551455078125,3146.1674088541668,62.35954383641007,95.19670233322586,3570.830810546875,1
2026-01-23 00:00:00+09:00,3581.669425038049,3597.434682479757,3534.373652712925,3570.830810546875,21187900,0.0,0.0,3412.350654296875,3156.710423177083,64.53360909364045,94.85893746011652,3425.987548828125,0
2026-01-26 00:00:00+09:00,3448.6501066719693,3469.342007312001,3409.236962595718,3425.987548828125,28379900,0.0,0.0,3418.144384765625,3165.5389680989583,53.80116111706804,81.95884510094083,3408.251708984375,0
2026-01-27 00:00:00+09:00,3444.7088680570614,3446.6795253042337,3385.5891506418943,3408.251708984375,18214200,0.0,0.0,3422.479833984375,3173.677783203125,51.479287627409676,69.5031063693109,3297.894775390625,0
2026-01-28 00:00:00+09:00,3318.5866756843816,3331.395947294802,3291.982803878123,3297.894775390625,23115000,0.0,0.0,3421.84921875,3178.578151041667,50.58138474008513,50.14887640549205,3397.4130859375,1
2026-01-29 00:00:00+09:00,3319.572124861786,3419.0903156041545,3296.9095665739196,3397.4130859375,24456700,0.0,0.0,3422.79513671875,3184.1616796875,57.05128641476127,42.35259136173181,3452.591552734375,1
2026-01-30 00:00:00+09:00,3405.2957780393835,3478.2100973608285,3401.3544634814675,3452.591552734375,23842000,0.0,0.0,3424.72638671875,3190.6648502604166,55.502845073104446,40.16344127008415,3483.13671875,1
2026-02-02 00:00:00+09:00,3547.1830799151344,3573.7869530144976,3464.415474717114,3483.13671875,22997000,0.0,0.0,3429.455966796875,3198.3832584635416,43.62980862295607,40.42724357251791,3541.27099609375,1
2026-02-03 00:00:00+09:00,3567.874868351549,3568.86019695369,3520.5790954487948,3541.27099609375,20936000,0.0,0.0,3438.95453125,3207.520537109375,48.39448641921286,44.81070916939552,3670.34912109375,1
2026-02-04 00:00:00+09:00,3602.3614460989934,3688.0850363097734,3575.757573274958,3670.34912109375,28520900,0.0,0.0,3452.788544921875,3218.733577473958,50.603732520723014,58.03121544422038,3651.6279296875,0
2026-02-05 00:00:00+09:00,3744.248821589989,3757.058093874376,3639.8039860403737,3651.6279296875,32411800,0.0,0.0,3465.637236328125,3229.145218098958,52.031607916856956,66.23440918902133,3724.542236328125,1
2026-02-06 00:00:00+09:00,3615.1707579597596,3737.3515085694653,3583.6402416733836,3724.542236328125,42812900,0.0,0.0,3482.03310546875,3239.9904036458333,58.59803917843715,77.72313063916863,3674.290283203125,0
2026-02-09 00:00:00+09:00,3940.329000410109,3941.3143289923573,3674.290283203125,3674.290283203125,40235900,0.0,0.0,3496.73419921875,3250.441455078125,60.65758904617562,81.82982918256948,3659.510498046875,0
2026-02-10 00:00:00+09:00,3672.31977011866,3703.850285987669,3632.9066252823986,3659.510498046875,27155000,0.0,0.0,3509.1493359375,3259.7823697916665,59.1422146516051,82.93578017496247,3650.642578125,0
2026-02-12 00:00:00+09:00,3627.980019610324,3652.613235387146,3576.7429307945345,3650.642578125,27029000,0.0,0.0,3520.02736328125,3268.97876953125,57.01043386036181,82.14971648378241,3718.630126953125,1
2026-02-13 00:00:00+09:00,3704.8355265881687,3731.439398720584,3661.4810682983075,3718.630126953125,32482400,0.0,0.0,3537.3297265625,3277.781038411458,58.40807349276172,86.02118368087076,3612.214599609375,0
2026-02-16 00:00:00+09:00,3703.8501581919368,3704.835486778846,3602.361313740282,3612.214599609375,18417600,0.0,0.0,3551.991416015625,3285.335224609375,61.07854232289983,79.58509815053048,3658.525146484375,1
2026-02-17 00:00:00+09:00,3627.9799594278124,3669.363761246381,3613.2000302068955,3658.525146484375,13395200,0.0,0.0,3564.80068359375,3293.03392578125,64.39908755586895,77.32991695125565,3675.275634765625,1
2026-02-18 00:00:00+09:00,3702.8648352410773,3713.7034497135764,3664.437020293126,3675.275634765625,15050800,0.0,0.0,3568.308447265625,3299.760432942708,74.33290998401263,76.01800576683763,3718.630126953125,1
2026-02-19 00:00:00+09:00,3675.2756686632633,3730.454070123087,3655.569096713326,3718.630126953125,15842100,0.0,0.0,3574.29923828125,3307.6824739583335,72.32876396157641,77.58233107301339,3581.66943359375,0
2026-02-20 00:00:00+09:00,3655.569078028284,3660.495720990586,3552.1095758199363,3581.66943359375,24781700,0.0,0.0,3571.185595703125,3314.10681640625,58.056571531495734,66.99817358253995,3602.361328125,1
2026-02-24 00:00:00+09:00,3622.0678999418765,3627.9798714869394,3567.8748274454665,3602.361328125,20855600,0.0,0.0,3570.63380859375,3320.294677734375,57.534238121568784,59.592866011783826,3665.42236328125,1
2026-02-25 00:00:00+09:00,3642.759805658812,3697.9382068264867,3626.009219590054,3665.42236328125,24220000,0.0,0.0,3574.456884765625,3327.9408268229167,57.79702742584204,58.14237580770987,3720.600830078125,1
2026-02-26 00:00:00+09:00,3724.542144516767,3764.9406175128483,3699.908929275254,3720.600830078125,24605000,0.0,0.0,3583.718974609375,3336.0993489583334,53.47885065809333,60.74506173637383,3768.8818359375,1
2026-02-27 00:00:00+09:00,3685.12890625,3768.8818359375,3661.481020220588,3768.8818359375,28621000,0.0,0.0,3594.478759765625,3346.4124544270835,57.7981526247355,65.943427968567,3886.135986328125,1
2026-03-02 00:00:00+09:00,3630.9358797208774,3898.9452580883344,3598.4200360218842,3886.135986328125,44611800,0.0,0.0,3608.667490234375,3356.988313802083,60.14850604658922,78.61833740707516,3647.6865234375,0
2026-03-03 00:00:00+09:00,3744.2487274615073,3745.234056073997,3619.111993675294,3647.6865234375,50592000,0.0,0.0,3611.74171875,3364.6607389322917,48.64865401132825,68.63127696554739,3468.356689453125,0
2026-03-04 00:00:00+09:00,3606.302694147283,3615.1706515919077,3445.6941315390845,3468.356689453125,34266800,0.0,0.0,3613.436484375,3369.77130859375,41.68095734132676,45.719020324964276,3429.928955078125,0
2026-03-05 00:00:00+09:00,3547.1830618446565,3581.6695638348133,3429.928955078125,3429.928955078125,31699400,0.0,0.0,3614.30357421875,3374.159306640625,40.63544980746614,24.18134733362467,3463.43017578125,1
2026-03-06 00:00:00+09:00,3438.7969597372867,3491.019377750489,3419.090386902116,3463.43017578125,20575900,0.0,0.0,3620.924990234375,3378.4290657552083,38.845829864436105,9.703993253096542,3343.219970703125,0
2026-03-09 00:00:00+09:00,3250.599081446982,3372.7798289763623,3246.6577670105503,3343.219970703125,28223800,0.0,0.0,3618.757265625,3380.990921223958,38.382983389531,-11.338667964410433,3422.04638671875,1
2026-03-10 00:00:00+09:00,3412.1931002611664,3465.400847132117,3381.6479122426576,3422.04638671875,22222100,0.0,0.0,3617.535458984375,3384.8402734375,40.06623080275876,-21.407720712329592,3458.50341796875,1
2026-03-11 00:00:00+09:00,3449.635460486779,3516.6378059061167,3448.650131877671,3458.50341796875,15207900,0.0,0.0,3616.550126953125,3389.977119140625,41.04234928602026,-26.144363868535493,3416.13427734375,0
2026-03-12 00:00:00+09:00,3458.5034074059886,3459.488736012087,3366.8678470388213,3416.13427734375,19335000,0.0,0.0,3611.544658203125,3395.731438802083,37.48981483856103,-32.93734207361331,3320.557373046875,0
2026-03-13 00:00:00+09:00,3310.704087073442,3381.647746082159,3310.704087073442,3320.557373046875,22705700,0.0,0.0,3597.55298828125,3400.1062955729167,38.81856725357126,-45.5084901032842,3289.02685546875,0
2026-03-16 00:00:00+09:00,3320.5573705601223,3330.410656526176,3279.1735695026964,3289.02685546875,18079900,0.0,0.0,3583.0489453125,3403.968782552083,36.70568790522533,-57.354319846685485,3329.42529296875,1
2026-03-17 00:00:00+09:00,3327.454635796232,3344.205221762633,3307.7480640710546,3329.42529296875,11542500,0.0,0.0,3567.244267578125,3407.673616536458,35.46462086496365,-62.75896272431737,3354.05859375,1
2026-03-18 00:00:00+09:00,3309.7188062298032,3373.7651659811986,3309.7188062298032,3354.05859375,15583800,0.0,0.0,3554.435,3411.9696484375,33.7127861653437,-64.3131180478972,3276.217529296875,0
2026-03-19 00:00:00+09:00,3310.7040296052633,3324.498629728618,3267.349572074718,3276.217529296875,23090100,0.0,0.0,3539.10328125,3414.3869856770834,28.66894724680307,-71.00739168459268,3203.30322265625,0
2026-03-23 00:00:00+09:00,3229.9070943916295,3231.8777515572133,3143.1981791059484,3203.30322265625,22909400,0.0,0.0,3521.20970703125,3415.8715462239584,19.254663164534335,-81.2595178079273,3223.010009765625,1
2026-03-24 00:00:00+09:00,3272.276442198606,3287.0563719285005,3210.20073733305,3223.010009765625,16565700,0.0,0.0,3501.38490234375,3417.68455078125,26.187865452045543,-86.79372457038562,3289.02685546875,1
2026-03-25 00:00:00+09:00,3339.2786138956244,3369.823800390391,3279.1735695026964,3289.02685546875,18556700,0.0,0.0,3488.457392578125,3421.047805989583,38.481015516720625,-84.8742381934826,3338.29345703125,1
2026-03-26 00:00:00+09:00,3333.366813794781,3338.29345703125,3298.8803111394996,3338.29345703125,16107200,0.0,0.0,3475.648125,3425.55404296875,44.1947646641588,-78.47304004484431,3358.0,1
2026-03-27 00:00:00+09:00,3305.7775821596247,3383.618544600939,3296.9096244131456,3358.0,28198100,0.0,0.0,3462.957099609375,3430.8485416666667,43.20203635722516,-70.9915447337903,3224.0,0
2026-03-30 00:00:00+09:00,3204.0,3237.0,3168.0,3224.0,30941700,50.0,0.0,3443.17189453125,3433.068880208333,42.447203504887334,-75.01041257004317,3162.0,0
2026-03-31 00:00:00+09:00,3200.0,3252.0,3162.0,3162.0,26872400,0.0,0.0,3426.3851171875,3435.395328776042,33.16672050450373,-82.25014762613819,3311.0,1
2026-04-01 00:00:00+09:00,3280.0,3311.0,3253.0,3311.0,25388600,0.0,0.0,3414.7306640625,3439.340589192708,41.66610111791057,-75.09894121565867,3262.0,0
2026-04-02 00:00:00+09:00,3365.0,3384.0,3251.0,3262.0,21711400,0.0,0.0,3398.59376953125,3442.5536881510416,41.35622589306886,-72.54914768932076,3255.0,0
2026-04-03 00:00:00+09:00,3277.0,3316.0,3255.0,3255.0,11056900,0.0,0.0,3379.969736328125,3445.016569010417,45.91804501288632,-70.28307985313859,3247.0,0
2026-04-06 00:00:00+09:00,3255.0,3297.0,3244.0,3247.0,11430400,0.0,0.0,3359.094462890625,3447.4516080729168,47.30418702779971,-68.34490043899996,3252.0,1
2026-04-07 00:00:00+09:00,3235.0,3264.0,3224.0,3252.0,14215500,0.0,0.0,3333.7290234375,3447.98265625,44.797284838049016,-65.64866414086873,3384.0,1
2026-04-08 00:00:00+09:00,3392.0,3418.0,3333.0,3384.0,27222600,0.0,0.0,3323.1815625,3449.0913118489584,51.75825537024867,-52.25818084015691,3331.0,0
2026-04-09 00:00:00+09:00,3398.0,3399.0,3318.0,3331.0,20191400,0.0,0.0,3317.687294921875,3449.7560546875,53.31367869149941,-45.39944684854299,3319.0,0
2026-04-10 00:00:00+09:00,3345.0,3363.0,3295.0,3319.0,16930900,0.0,0.0,3313.25013671875,3450.011181640625,57.55499962694823,-40.46568720441792,3319.0,0
2026-04-13 00:00:00+09:00,3295.0,3337.0,3280.0,3319.0,14353200,0.0,0.0,3307.4729296875,3450.0823795572915,56.433731785343184,-36.13905856922702,3326.0,1
2026-04-14 00:00:00+09:00,3355.0,3355.0,3288.0,3326.0,15920200,0.0,0.0,3306.784130859375,3449.445511067708,52.69101818794374,-31.779004127762164,3381.0,1
2026-04-15 00:00:00+09:00,3355.0,3386.0,3344.0,3381.0,20317000,0.0,0.0,3305.142275390625,3449.13470703125,53.08258550480276,-23.61338877757953,3392.0,1
2026-04-16 00:00:00+09:00,3416.0,3468.0,3392.0,3392.0,20154600,0.0,0.0,3302.482138671875,3449.4960774739584,52.48538011695907,-16.069235568432305,3343.0,0
2026-04-17 00:00:00+09:00,3400.0,3400.0,3343.0,3343.0,14251500,0.0,0.0,3299.556767578125,3450.01865234375,59.933222036727884,-13.884280939403652,3390.0,1
2026-04-20 00:00:00+09:00,3413.0,3413.0,3380.0,3390.0,14589600,0.0,0.0,3302.33447265625,3450.892001953125,69.52054794520548,-8.264908726468093,3280.0,0
2026-04-21 00:00:00+09:00,3345.0,3356.0,3280.0,3280.0,19345300,0.0,0.0,3301.9733984375,3450.2198600260417,47.1559633027523,-12.543008460191231,3191.0,0
2026-04-22 00:00:00+09:00,3220.0,3235.0,3191.0,3191.0,20463800,0.0,0.0,3296.43638671875,3448.5712532552084,43.93162393162394,-22.851570833219284,3123.0,0
2026-04-23 00:00:00+09:00,3191.0,3205.0,3111.0,3123.0,23206300,0.0,0.0,3287.19404296875,3446.121080729167,39.783281733746136,-36.09216447780591,3067.0,0
2026-04-24 00:00:00+09:00,3122.0,3133.0,3062.0,3067.0,22659400,0.0,0.0,3278.825341796875,3442.3593196614584,37.03170028818444,-50.52177870672358,3067.0,0
2026-04-27 00:00:00+09:00,3065.0,3101.0,3057.0,3067.0,19390900,0.0,0.0,3273.373212890625,3438.203427734375,36.57474600870827,-61.25128525408991,3112.0,1
2026-04-28 00:00:00+09:00,3131.0,3135.0,3079.0,3112.0,21920800,0.0,0.0,3268.9328125,3435.88248046875,27.40863787375416,-65.36982986807652,3023.0,0
2026-04-30 00:00:00+09:00,3062.0,3071.0,2997.0,3023.0,32130400,0.0,0.0,3258.29173828125,3432.913515625,25.86206896551724,-74.95136960988339,3000.0,0
2026-05-01 00:00:00+09:00,3000.0,3022.0,2971.0,3000.0,21904100,0.0,0.0,3244.76,3428.4029361979165,25.423728813559322,-83.43888513853608,2978.0,0
2026-05-07 00:00:00+09:00,3017.0,3047.0,2978.0,2978.0,37816000,0.0,0.0,3229.56,3420.2751822916666,24.59016393442623,-90.89276328618644,2913.0,0
2026-05-08 00:00:00+09:00,3020.0,3088.0,2874.0,2913.0,75083900,0.0,0.0,3217.12,3411.5303776041665,21.673525377229083,-100.88206652681129,2870.0,0
2026-05-11 00:00:00+09:00,2800.0,2888.0,2798.0,2870.0,43038000,0.0,0.0,3205.44,3401.0035709635417,14.365411436541152,-110.98898996004391,2843.0,0
2026-05-12 00:00:00+09:00,2831.0,2886.5,2820.0,2843.0,29055900,0.0,0.0,3186.72,3390.69482421875,12.551159618008185,-119.79653407485466,2939.5,1
2026-05-13 00:00:00+09:00,2884.5,2945.0,2879.0,2939.5,29534100,0.0,0.0,3173.82,3382.290218098958,24.151185137732227,-117.63382323517817,3008.0,1
2026-05-14 00:00:00+09:00,2944.0,3010.0,2943.0,3008.0,31564100,0.0,0.0,3163.94,3375.8762369791666,26.184538653366587,-109.13444781109956,3085.0,1
2026-05-15 00:00:00+09:00,3017.0,3086.0,2987.5,3085.0,43178700,0.0,0.0,3157.46,3370.3444075520833,37.32119635890768,-95.08924543826106,2954.5,0
2026-05-18 00:00:00+09:00,2990.0,3013.0,2940.0,2954.5,30946400,0.0,0.0,3145.56,3362.6521712239582,35.41024059222701,-93.41178779073016,2957.0,1
2026-05-19 00:00:00+09:00,2955.0,2979.0,2931.0,2957.0,23002200,0.0,0.0,3128.48,3354.467760416667,38.85906040268456,-90.83358834846831,2942.0,0
2026-05-20 00:00:00+09:00,3003.0,3027.0,2942.0,2942.0,26030500,0.0,0.0,3112.92,3348.0145930989584,41.12215909090909,-88.97507210910635,2978.0,1
2026-05-21 00:00:00+09:00,2964.5,3027.0,2961.0,2978.0,21798100,0.0,0.0,3099.28,3342.2779036458332,43.986486486486484,-83.63321383485845,2987.0,1
2026-05-22 00:00:00+09:00,3020.0,3022.0,2975.5,2987.0,16498800,0.0,0.0,3086.0,3338.1326399739582,41.12215909090909,-77.77696346233006,3026.0,1
2026-05-25 00:00:00+09:00,3051.0,3108.0,3006.0,3026.0,22249700,0.0,0.0,3074.0,3333.180465494792,50.22935779816513,-69.19127484040791,3022.0,0
2026-05-26 00:00:00+09:00,3028.0,3030.0,2990.0,3022.0,16349400,0.0,0.0,3059.64,3327.4392447916666,51.73228346456693,-61.99517948317134,3008.0,0
2026-05-27 00:00:00+09:00,3016.0,3039.0,2998.5,3008.0,17980500,0.0,0.0,3044.28,3321.1040885416664,52.39234449760765,-56.76752438011454,3030.0,1
2026-05-28 00:00:00+09:00,3039.0,3072.0,3023.0,3030.0,25312200,0.0,0.0,3031.76,3314.287141927083,60.01712328767124,-50.269874092761256,3042.0,1
2026-05-29 00:00:00+09:00,3022.0,3082.0,3022.0,3042.0,39820000,0.0,0.0,3017.84,3305.909153645833,65.5515370705244,-43.648981427822946,2905.5,0
2026-06-01 00:00:00+09:00,3006.0,3009.0,2891.0,2905.5,37687200,0.0,0.0,3002.86,3295.96078125,54.716981132075475,-48.853136958965024,2844.0,0
2026-06-02 00:00:00+09:00,2849.5,2863.5,2805.0,2844.0,37933000,0.0,0.0,2988.98,3284.2202180989584,42.39043824701196,-57.27971879152392,2881.0,1
2026-06-03 00:00:00+09:00,2840.0,2920.0,2833.0,2881.0,27875500,0.0,0.0,2979.3,3273.6430143229168,39.34563758389262,-60.27741431513505,2838.5,0
2026-06-04 00:00:00+09:00,2875.0,2879.5,2835.0,2838.5,19751600,0.0,0.0,2970.16,3262.6962076822915,28.049866429207484,-65.3294274539744,2850.0,1
2026-06-05 00:00:00+09:00,2872.0,2885.5,2837.0,2850.0,18955400,0.0,0.0,2961.48,3252.0209733072916,38.19209039548022,-67.62568358891713,2822.5,0
2026-06-08 00:00:00+09:00,2817.0,2862.0,2795.5,2822.5,30734900,0.0,0.0,2949.9,3240.0725716145835,35.61497326203208,-70.84781379619199,2830.0,1
2026-06-09 00:00:00+09:00,2850.0,2873.0,2821.5,2830.0,22825800,0.0,0.0,2942.18,3229.6430436197916,37.826086956521735,-71.96660169310371,2814.0,0
2026-06-10 00:00:00+09:00,2837.0,2840.5,2787.5,2814.0,25839700,0.0,0.0,2934.74,3218.3827083333335,31.36363636363636,-73.29936598050608,2747.5,0
2026-06-11 00:00:00+09:00,2768.0,2782.5,2718.5,2747.5,27541100,0.0,0.0,2925.52,3206.0123665364586,25.929648241206024,-78.81307741957562,2775.5,1
2026-06-12 00:00:00+09:00,2792.0,2798.5,2756.5,2775.5,29442600,0.0,0.0,2920.02,3193.4372981770834,24.254881808838633,-80.00116384711464,2902.5,1
2026-06-15 00:00:00+09:00,2836.5,2934.5,2830.0,2902.5,29688600,0.0,0.0,2921.32,3184.3817057291667,40.19688269073011,-69.88925248581745,2847.5,0
2026-06-16 00:00:00+09:00,2867.0,2894.0,2826.5,2847.5,20615100,0.0,0.0,2921.5,3174.316888020833,37.663335895465025,-65.55782047926459,2810.0,0
2026-06-17 00:00:00+09:00,2862.5,2863.5,2803.5,2810.0,26726100,0.0,0.0,2916.32,3162.9112565104165,33.48348348348348,-64.40860371653207,2793.5,0
2026-06-18 00:00:00+09:00,2800.0,2807.0,2774.5,2793.5,27620900,0.0,0.0,2907.74,3150.549912109375,31.46905294556302,-64.09045834725111,2776.5,0
2026-06-19 00:00:00+09:00,2785.0,2793.0,2755.0,2776.5,28789700,0.0,0.0,2895.4,3137.318154296875,38.294010889292196,-64.46694891721972,2741.5,0
2026-06-22 00:00:00+09:00,2770.0,2802.0,2741.5,2741.5,22063700,0.0,0.0,2886.88,3122.0563411458334,40.22878932316492,-66.81927686899235,2706.0,0
2026-06-23 00:00:00+09:00,2745.0,2748.0,2706.0,2706.0,22693000,0.0,0.0,2876.84,3109.500520833333,33.26959847036329,-70.73270444523678,2686.0,0
2026-06-24 00:00:00+09:00,2731.0,2731.0,2686.0,2686.0,25725300,0.0,0.0,2866.6,3099.069098307292,34.765234765234766,-74.58815107112332,2700.5,1
2026-06-25 00:00:00+09:00,2700.0,2713.5,2689.0,2700.5,20706600,0.0,0.0,2855.5,3089.34337890625,35.153922542204555,-75.6020975606798,2768.0,1
2026-06-26 00:00:00+09:00,2714.0,2768.0,2696.5,2768.0,32537200,0.0,0.0,2846.74,3080.0709765625,44.98620055197792,-70.15032233100828,2772.0,1
2026-06-29 00:00:00+09:00,2805.0,2805.0,2745.0,2772.0,31780500,0.0,0.0,2836.58,3072.4547102864585,44.62962962962963,-64.76046626980042,2725.0,0
2026-06-30 00:00:00+09:00,2775.0,2782.5,2708.0,2725.0,32958300,0.0,0.0,2824.7,3063.1607584635417,42.20665499124344,-63.548921307090495,2724.5,0
2026-07-01 00:00:00+09:00,2765.0,2771.5,2715.0,2724.5,21882700,0.0,0.0,2813.36,3053.3740462239584,47.722772277227726,-61.91538697668193,2793.0,1
2026-07-02 00:00:00+09:00,2759.0,2839.0,2750.0,2793.0,30358500,0.0,0.0,2803.88,3045.0655891927086,51.60403299725023,-54.465576467367555,2828.0,1
2026-07-03 00:00:00+09:00,2839.0,2856.5,2813.0,2828.0,23428700,0.0,0.0,2795.32,3038.4981575520833,41.78610804851158,-45.21611721970112,2923.0,1
2026-07-06 00:00:00+09:00,2855.0,2923.0,2839.0,2923.0,26728000,0.0,0.0,2796.02,3033.6177994791665,57.64944275582574,-29.875758923441026,2946.0,1
2026-07-07 00:00:00+09:00,2950.0,2980.0,2925.0,2946.0,36408300,0.0,0.0,2800.1,3028.5054622395833,64.19624217118998,-15.681737364566288,2889.0,0
2026-07-08 00:00:00+09:00,2926.0,2942.0,2884.0,2889.0,28465700,0.0,0.0,2800.42,3022.304680989583,59.191530317613086,-8.929364492348213,2824.0,0
2026-07-09 00:00:00+09:00,2854.0,2865.0,2817.0,2824.0,24949800,0.0,0.0,2799.84,3016.275113932292,54.18502202643172,-8.722469911636836,2823.0,0
2026-07-10 00:00:00+09:00,2863.5,2864.5,2817.5,2823.0,26668000,0.0,0.0,2798.76,3011.204404296875,57.63823805060919,-8.540743731175098,2806.0,0
2026-07-13 00:00:00+09:00,2844.0,2847.0,2794.0,2806.0,19932600,0.0,0.0,2798.1,3005.6442708333334,59.70873786407767,-9.657160612794542,2839.0,1
2026-07-14 00:00:00+09:00,2832.0,2853.0,2815.5,2839.0,20459300,0.0,0.0,2798.46,2999.6439127604167,64.48863636363637,-7.78931445893204,2875.5,1
2026-07-15 00:00:00+09:00,2857.0,2875.5,2837.0,2875.5,21157100,0.0,0.0,2800.92,2993.4733333333334,65.9090909090909,-3.325454202099536,2909.0,1
