Date,CODE,Actual,Probability,Future_Return_5D,Probability_2pct,Actual_2pct
2025-04-15,8766,1,0.5929155477818526,0.029767807459781803,0.6743568570664549,1
2025-04-15,9432,1,0.49592587928358695,0.02530776616086028,0.39286833986702835,1
2025-04-15,6367,1,0.6000713872333764,0.005372986183498352,0.6256674408579508,0
2025-04-15,4063,0,0.5512162261861409,-0.05119714517186935,0.669782459647021,0
2025-04-15,6758,0,0.5654394505969327,-0.005644694070098821,0.5948270628139848,0
2025-04-15,4502,1,0.5341705976851194,0.033653911351965826,0.5417879908647822,1
2025-04-15,6857,0,0.6666478039964934,-0.07099773027447775,0.6867335186031231,0
2025-04-15,5108,1,0.5618618170211334,0.00504347480295686,0.5712472112179686,0
2025-04-15,9984,0,0.5630238252296061,-0.036742402730118306,0.6260115557407768,0
2025-04-15,6501,1,0.5655164586498701,0.020934457720998,0.6169775619970591,1
2025-04-15,8058,1,0.5421135159821163,0.02099731988461273,0.5553582961472535,1
2025-04-15,8035,0,0.5048231594877953,-0.040520212144140366,0.4945079684839189,0
2025-04-15,8001,1,0.5564337196592203,0.055250373558578314,0.5485858555380168,1
2025-04-15,6146,0,0.45867311808426137,-0.042677488545272424,0.5239164210786761,0
2025-04-15,8306,0,0.6261173152209867,-0.03028504386567643,0.7054438321248001,0
2025-04-15,7203,0,0.5168252255388409,-0.01600632001424762,0.6064508749770122,0
2025-04-15,7011,0,0.44271098351528365,-0.012690439303248535,0.5002198930225924,0
2025-04-15,6098,0,0.5235396908900761,-0.0749177224564408,0.5682913790268761,0
2025-04-15,8411,0,0.6429047631060991,-0.01599049140241804,0.7254918096830291,0
2025-04-15,9433,1,0.4868866767635623,0.022067575834912256,0.5123960904334157,1
2025-04-16,6146,1,0.5282489171075848,0.03811356640590735,0.6142547544861876,1
2025-04-16,6501,1,0.5463945329324755,0.07975459332529189,0.599353329991708,1
2025-04-16,8766,1,0.5909929168056622,0.07234896821718984,0.6587817335774568,1
2025-04-16,8411,1,0.6057252570529909,0.02547764650959361,0.7220343661185347,1
2025-04-16,4063,0,0.5393811697587388,-0.01993272024431425,0.6507953803027944,0
2025-04-16,6758,1,0.5650952875647312,0.05898208821888362,0.6291914520066628,1
2025-04-16,7203,1,0.5131053706195735,0.033213297762614724,0.6132888856224771,1
2025-04-16,5108,1,0.535271349055583,0.037152256565802455,0.5489948239493052,1
2025-04-16,9984,1,0.5334320860479956,0.009646832779440784,0.5928540770180672,0
2025-04-16,8035,0,0.46168907917125324,-0.002031541735799669,0.48885720669494287,0
2025-04-16,8001,1,0.5410060274975171,0.07474497950068093,0.547508680696877,1
2025-04-16,8306,1,0.6368886759458384,0.02771015340544647,0.7097913146758259,1
2025-04-16,8058,1,0.5326010380493883,0.07118092957615896,0.5988953788007837,1
2025-04-16,6098,0,0.5074571592716708,-0.06936193623990794,0.5650375677716394,0
2025-04-16,7011,1,0.4510923071199955,0.03081127421633667,0.5220209163713491,1
2025-04-16,6367,1,0.6058611489965782,0.02176653579417054,0.6096879278248825,1
2025-04-16,6857,1,0.732442536836638,0.024893985253743756,0.7552574707885397,1
2025-04-16,9433,1,0.4964464334997556,0.014549765197432452,0.5181826293620984,0
2025-04-16,9432,1,0.4793550654147315,0.017603367593324704,0.3435910867352369,0
2025-04-16,4502,1,0.5358392450436681,0.033890141091767356,0.5214230700537767,1
2025-04-17,6758,1,0.5593385033710375,0.02617799512275143,0.5714894508054461,1
2025-04-17,9984,1,0.5767841623899712,0.03038309845796361,0.6655857555151747,1
2025-04-17,8001,1,0.5684790406518099,0.06712120021369561,0.5622021959627559,1
2025-04-17,8766,1,0.5326107709106759,0.06371612574100327,0.5890371474218703,1
2025-04-17,4063,1,0.6037884917232781,0.01605806707262336,0.7301732366505964,0
2025-04-17,8306,1,0.65716035770965,0.024702383792886806,0.7113185146364478,1
2025-04-17,5108,1,0.5330078809366378,0.01907542776318638,0.5278760629094192,0
2025-04-17,7011,1,0.4380201402205352,0.02528519453741329,0.5381124857388087,1
2025-04-17,6146,1,0.4808854102324299,0.03825868372196828,0.5472695156053126,1
2025-04-17,6098,0,0.5258490447407841,-0.05564948995437058,0.5806885671298635,0
2025-04-17,8411,1,0.6513707252477691,0.014092765617541358,0.7210562370997725,0
2025-04-17,7203,1,0.5124040168103499,0.06363812672806568,0.5988452282890674,1
2025-04-17,9433,0,0.47973784137812914,-0.012458062333350228,0.5035339350536094,0
2025-04-17,6367,0,0.518272227777734,-0.02082698675733785,0.5626861174191722,0
2025-04-17,6501,1,0.5194235068741085,0.05800118190145076,0.5616617079850472,1
2025-04-17,9432,0,0.48022114709472724,-0.012837768028377994,0.3646074806367777,0
2025-04-17,4502,1,0.5469452920386978,0.021832914433768558,0.5239408803387069,1
2025-04-17,6857,1,0.7897319645111032,0.02173910196738449,0.7925992390671927,1
2025-04-17,8058,1,0.5390140589765646,0.07585241153120492,0.5938891585153239,1
2025-04-17,8035,1,0.4705495848505261,0.02902566788104921,0.5312211826451491,1
2025-04-18,9432,0,0.47425070477350995,-0.017964076885829128,0.2714250115627428,0
2025-04-18,4063,1,0.5767720021173112,0.06473689818532447,0.687305641404742,1
2025-04-18,8766,1,0.5047098837618655,0.05178602244793118,0.5195648091353124,1
2025-04-18,6146,1,0.4193859731922702,0.0736173284752144,0.5018066503366598,1
2025-04-18,6501,1,0.47174472284631713,0.10117648665531442,0.5102927725261194,1
2025-04-18,6758,1,0.5164364788120176,0.019907644574950423,0.5346740007435017,0
2025-04-18,7011,1,0.43345314533105056,0.043263771901486336,0.5292839251988155,1
2025-04-18,6857,1,0.7450338847722352,0.09389248992990762,0.7397983187290673,1
2025-04-18,4502,0,0.5139857987075847,-0.0030316606929510215,0.5339910381498788,0
2025-04-18,9433,0,0.491821891658465,-0.013698504532268618,0.5163878978637748,0
2025-04-18,8058,1,0.5368114565986666,0.07723252177572748,0.58771751185946,1
2025-04-18,8001,1,0.5119248158809817,0.05428192546134292,0.5412033720771477,1
2025-04-18,9984,1,0.589571736530137,0.06064610469476994,0.6875127299023436,1
2025-04-18,6098,1,0.5249420761208953,0.02602482132165873,0.582359235539879,1
2025-04-18,7203,1,0.5069664199677921,0.057389950090750874,0.5527228988361018,1
2025-04-18,8306,1,0.6271824578539393,0.02936814346196992,0.7311241217379247,1
2025-04-18,8411,1,0.6161824354309049,0.006633950574687297,0.6742933826726578,0
2025-04-18,5108,1,0.5103453467521579,0.0035647878200315564,0.5212299083765849,0
2025-04-18,8035,1,0.47614166998837,0.08890593308900963,0.5313127737644072,1
2025-04-18,6367,0,0.5113734364826886,-0.01475559888693534,0.5392430418047857,0
2025-04-21,9433,0,0.4848446286502941,-0.00019725102622702995,0.5134671713753952,0
2025-04-21,6758,1,0.545074047770351,0.042345293470689604,0.6095139772282827,1
2025-04-21,8306,1,0.6267764730174826,0.07199028717628941,0.7383438510330751,1
2025-04-21,6857,1,0.7810393925380036,0.05040460496016674,0.7992609438462562,1
2025-04-21,4063,1,0.6098070210732577,0.14524682316070092,0.7408631987389818,1
2025-04-21,4502,1,0.5244556034809955,0.01946817014935287,0.5222298454578708,0
2025-04-21,6367,1,0.5062638895585139,0.0074999316051402865,0.5716484566388287,0
2025-04-21,8766,1,0.5141877306704631,0.07915472283249736,0.5922368386733126,1
2025-04-21,8035,1,0.48111502326689026,0.09109626649958291,0.5328288926281344,1
2025-04-21,5108,1,0.5170165776228965,0.02081540444645258,0.5316336489678676,1
2025-04-21,6098,1,0.5439898912826964,0.06824925117530034,0.5814590937546679,1
2025-04-21,6146,1,0.4509690352558199,0.02946699957782295,0.5183094684954775,1
2025-04-21,7011,1,0.4249629972609412,0.08853659303169015,0.5395979931457414,1
2025-04-21,8058,1,0.532064793618464,0.11318812079122731,0.5934035230425178,1
2025-04-21,8001,1,0.5258530051037474,0.08387960480791423,0.5255482991756708,1
2025-04-21,8411,1,0.5852292196710097,0.04905436079026937,0.6856049072854155,1
2025-04-21,6501,1,0.49164135684416843,0.09561398079685302,0.5392234062051974,1
2025-04-21,7203,1,0.5034793634804697,0.1279093699148306,0.5853928705595536,1
2025-04-21,9984,1,0.6422311738281551,0.078033351481406,0.6823921924531571,1
2025-04-21,9432,1,0.4816515401664458,0.0033669847618038595,0.3729362761282773,0
2025-04-22,9984,1,0.675929438128694,0.07583723114302465,0.7146721679365842,1
2025-04-22,6758,1,0.5584241990776252,0.12668058553859707,0.6176233989563626,1
2025-04-22,6857,1,0.7059083650144065,0.08755320046122828,0.7275114662028226,1
2025-04-22,8058,1,0.5539422493186933,0.0725726618545508,0.5593886347481909,1
2025-04-22,8766,1,0.5177220895388421,0.10001930638296996,0.5869673569696842,1
2025-04-22,6367,1,0.5325948047929105,0.024520587410757244,0.5689443519898123,1
2025-04-22,6501,1,0.4734065662745706,0.045468070941881766,0.5533147239006357,1
2025-04-22,8411,1,0.5954825347833292,0.07733967891189542,0.733040031626857,1
2025-04-22,4063,1,0.6171376556292801,0.16241605695372252,0.7376461200273493,1
2025-04-22,9432,0,0.47445470379608606,-0.004002646534476795,0.27756587925325027,0
2025-04-22,9433,0,0.4909931035758659,-0.018284351267536247,0.5164673263749492,0
2025-04-22,7011,1,0.4471554873865765,0.10599176995504211,0.5313100857347817,1
2025-04-22,6098,1,0.573869570287598,0.13037286649161173,0.5936461098779194,1
2025-04-22,4502,1,0.5078090634919,0.007674303817756023,0.523822000647347,0
2025-04-22,5108,1,0.5139194764235673,0.03668451018256702,0.5165819552901719,1
2025-04-22,7203,1,0.5179826313906923,0.10980059137089593,0.587070960463856,1
2025-04-22,8306,1,0.6495526685025146,0.10440901655827206,0.7295248037269823,1
2025-04-22,6146,1,0.44083035673292176,0.02182759578297455,0.518504954610184,1
2025-04-22,8035,1,0.4813767842847912,0.1066213779484928,0.5630252598966335,1
2025-04-22,8001,1,0.5191156865424195,0.05322534239705612,0.5393644534871233,1
2025-04-23,8411,1,0.5974430239500788,0.03933750035288286,0.6849856560656225,1
2025-04-23,8058,1,0.5203820556787508,0.023229260266482976,0.5564432446249568,1
2025-04-23,5108,1,0.5320233560600952,0.0021658308057299624,0.539282681017528,0
2025-04-23,9433,0,0.4896639073225464,-0.017441879765568213,0.5184006599404719,0
2025-04-23,6146,1,0.4606135171825914,0.07732248308489642,0.5534545757978739,1
2025-04-23,7203,1,0.4774519058146908,0.0654531373671865,0.5342463427762136,1
2025-04-23,9984,1,0.5971351007148716,0.07526090562898169,0.6700034396243767,1
2025-04-23,6501,1,0.5300781767432735,0.04573864296174723,0.5115598957053366,1
2025-04-23,8001,1,0.5170240601123953,0.029178348258628972,0.5345936861866419,1
2025-04-23,9432,0,0.47402227699403693,-0.003326661461878988,0.2624664681023911,0
2025-04-23,7011,1,0.4308896952034728,0.06488841798827139,0.5107805222635232,1
2025-04-23,8766,1,0.4833950118891457,0.04768939601508548,0.5090716564168108,1
2025-04-23,8035,1,0.4792976521081643,0.07938938800988193,0.5266296937140105,1
2025-04-23,6367,1,0.5278832913952807,0.015745534210384715,0.5653188161245506,0
2025-04-23,6758,1,0.5128801550280913,0.035623414444021506,0.5362379234691587,1
2025-04-23,4502,1,0.5034492731832668,0.009233729722170292,0.5101651090080713,0
2025-04-23,6098,1,0.5963300706516749,0.1665247347863179,0.6197088534179509,1
2025-04-23,6857,1,0.6156202981519897,0.1275638567662125,0.6154977481828575,1
2025-04-23,8306,1,0.5977620259147809,0.05599999401468869,0.6716821523465394,1
2025-04-23,4063,1,0.5830195223976257,0.16613843656210436,0.6942104758479146,1
2025-04-24,6501,1,0.5244572419251075,0.03261173127139627,0.5347577530820711,1
2025-04-24,6367,1,0.48007906085570906,0.0797621931937893,0.5496368584198357,1
2025-04-24,8411,0,0.5988802177161144,-0.0049218226649719865,0.6322685570908121,0
2025-04-24,9433,1,0.4802836194995349,0.031237528333004416,0.5216183100663785,1
2025-04-24,6146,1,0.45442118901542405,0.03176615932998872,0.464229961696406,1
2025-04-24,4502,1,0.5107095578394267,0.03756745083071089,0.5194789645540211,1
2025-04-24,5108,1,0.5162446624342251,0.015514414442580282,0.5229011563508253,0
2025-04-24,8306,1,0.5709900820424277,0.009294219432611772,0.6131797920734683,0
2025-04-24,6758,1,0.5203262044341244,0.05782325414947587,0.5826047701610173,1
2025-04-24,8001,0,0.5141543960232816,-0.0001419753234126464,0.5294331381851858,0
2025-04-24,4063,1,0.5362091022858491,0.15421865794054956,0.6085284572587094,1
2025-04-24,8766,1,0.4955563614269173,0.013091895358150474,0.5473550854443644,0
2025-04-24,7203,1,0.49387348218149774,0.046096019591615356,0.5459820045915181,1
2025-04-24,7011,1,0.4261275479473736,0.035230743531932784,0.519266383050433,1
2025-04-24,8035,1,0.47201127889782923,0.03703705150804115,0.4848417938972188,1
2025-04-24,6098,1,0.5765686085646077,0.135894359719118,0.610032738373303,1
2025-04-24,9984,1,0.48679016491390426,0.05484331731003578,0.5710481964269013,1
2025-04-24,9432,1,0.5052997133819705,0.034223270350582924,0.38027863409111706,1
2025-04-24,6857,1,0.5956420024122085,0.10516212429724558,0.5662164357036374,1
2025-04-24,8058,0,0.5163442188852895,-0.009750537263774284,0.5379316590620495,0
2025-04-25,8035,1,0.4813692525830736,0.030823559859778804,0.49946006928570524,1
2025-04-25,8001,1,0.5099068397144082,0.0224466563863035,0.5252924946985221,1
2025-04-25,5108,1,0.5095435918470436,0.018437026563325354,0.5105394361055005,0
2025-04-25,6098,1,0.5319094626565688,0.08976207368481925,0.5541065109490951,1
2025-04-25,6857,1,0.4887714733396215,0.058333246235068525,0.4779568731999903,1
2025-04-25,4502,1,0.5045073720247863,0.009590576197823442,0.48677485085380473,0
2025-04-25,6367,1,0.5094271966394589,0.054602159681439444,0.5300707024045257,1
2025-04-25,6758,1,0.5268739334099183,0.013012756991310992,0.5558094917781401,0
2025-04-25,9433,1,0.48717863795911,0.045634881959036866,0.5150308085269439,1
2025-04-25,8306,1,0.5467721994167409,0.008933667144874313,0.5520835024881264,0
2025-04-25,8058,1,0.5097003786900113,0.022031408922592588,0.5380662055013058,1
2025-04-25,8766,1,0.486237256881555,0.03755620738241028,0.5499819485284106,1
2025-04-25,9984,1,0.49339700322558616,0.026581784242879936,0.5446207771167116,1
2025-04-25,9432,1,0.488637473678481,0.030487849207523565,0.34712912495206427,1
2025-04-25,4063,1,0.5322603480645506,0.07612466543640495,0.5492933900777477,1
2025-04-25,8411,1,0.5589032693574062,0.0028653210800546614,0.5910971486455932,0
2025-04-25,7203,1,0.5050711152760538,0.0059479617877404856,0.520289438515449,0
2025-04-25,6146,1,0.3880477766673706,0.001218204328838235,0.41967042097574214,0
2025-04-25,6501,1,0.5190221611925608,0.015491476320297348,0.529944168346601,0
2025-04-25,7011,1,0.424144766897352,0.034739901910192605,0.5301040882199419,1
2025-04-28,7203,0,0.49123996113192003,-0.04127043258671814,0.5320095710066359,0
2025-04-28,6098,1,0.5090599951306395,0.12671955062419005,0.5656647749070837,1
2025-04-28,8035,1,0.46552368011749934,0.05448107893301035,0.4854050516700102,1
2025-04-28,7011,1,0.4129048895765591,0.02734858520413952,0.5382915636276135,1
2025-04-28,8766,1,0.4261502278549625,0.018337226818028185,0.5301610778071701,0
2025-04-28,6146,1,0.3569662719386802,0.10847761097555053,0.39764143324799256,1
2025-04-28,5108,1,0.5137541727735069,0.011628010918015352,0.5093345676754869,0
2025-04-28,6367,1,0.5282401126833359,0.049007442867068374,0.5566168042664638,1
2025-04-28,8001,1,0.5008012845644935,0.013470735302445025,0.5357176128814409,0
2025-04-28,9984,1,0.5182723975935312,0.009483992638824601,0.5540967598500551,0
2025-04-28,8306,0,0.48572758938552063,-0.004796817293023281,0.5265954090554692,0
2025-04-28,9433,1,0.47710781893380727,0.04162559358430995,0.5000230248813188,1
2025-04-28,6758,0,0.5124572511811194,-0.0056818300856255055,0.55345165638121,0
2025-04-28,4063,1,0.518786750144348,0.015534527896123418,0.547729410748529,0
2025-04-28,8411,0,0.4964428239015399,-0.005633786118942052,0.5398302925387735,0
2025-04-28,9432,0,0.46748891013133265,-0.000671137243488884,0.31283486086760925,0
2025-04-28,4502,0,0.5106453245164335,-0.0032603577847936105,0.4925917491928561,0
2025-04-28,6501,1,0.4382587940631254,0.018948515365763363,0.5204959000545635,0
2025-04-28,8058,1,0.5033696047364116,0.0011072675867414006,0.536955349562483,0
2025-04-28,6857,1,0.5052574399373253,0.15359029973884541,0.5142945892073552,1
2025-04-30,8766,1,0.44226097895854277,0.019796799402896692,0.5308150272936905,0
2025-04-30,8411,1,0.4878999791763542,0.02458103131012801,0.4951747780903584,1
2025-04-30,8058,1,0.5044120978672129,0.01769911912809352,0.5359984982334741,0
2025-04-30,7203,0,0.48692614307542625,-0.003481121186531322,0.5366468743839412,0
2025-04-30,4063,1,0.5165288199754607,0.024249438969122572,0.5290437404076094,1
2025-04-30,8306,1,0.4740405340704372,0.004158602468755879,0.5152841908963337,0
2025-04-30,5108,1,0.5086504602610196,0.012852598018273431,0.5199243819545216,0
2025-04-30,9984,1,0.5103891467368956,0.03559462080843123,0.5413234356953881,1
2025-04-30,9432,1,0.46484832258498093,0.030140702129213492,0.2769505774620601,1
2025-04-30,7011,0,0.43605849366045885,-0.023243318439557625,0.5202861357446786,0
2025-04-30,9433,1,0.4736418046114292,0.055478486158503815,0.5023247638549204,1
2025-04-30,8035,1,0.4576643757778543,0.06266199838021547,0.5115680141991418,1
2025-04-30,6857,1,0.4949196977903848,0.14190691622928586,0.4902944628242357,1
2025-04-30,6367,0,0.5403208031959622,-0.018103665587662632,0.5395039513081152,0
2025-04-30,4502,0,0.5015333267864139,-0.022847865480280838,0.4953450436124826,0
2025-04-30,6146,1,0.3653904352552077,0.12309918591857927,0.40297642589395977,1
2025-04-30,8001,1,0.482646524489882,0.026229079621190587,0.5001623736861586,1
2025-04-30,6758,0,0.4228300814305459,-0.049854126963484346,0.5090498980978002,0
2025-04-30,6098,1,0.5240340556162055,0.08448753436969847,0.5204013396094578,1
2025-04-30,6501,1,0.4853755854339504,0.10574187429950865,0.5601725226920763,1
2025-05-01,6501,1,0.4449788127362183,0.042379783945015514,0.5359553784142005,1
2025-05-01,8035,1,0.4730517955653754,0.07920785293831312,0.514433962015155,1
2025-05-01,7011,0,0.39144436703459173,-0.027713719980351992,0.5147588494397131,0
2025-05-01,8058,1,0.5008982296528423,0.04037958240160289,0.5297931532512006,1
2025-05-01,4063,1,0.5106914822008751,0.01789353019581874,0.5547005900511404,0
2025-05-01,6146,1,0.40231084013768725,0.13287440434528164,0.4716794528476873,1
2025-05-01,8411,1,0.49471929627818073,0.05236198369201972,0.5365403271267029,1
2025-05-01,8306,1,0.4832665343098411,0.032267190305836024,0.5473462416022471,1
2025-05-01,6367,0,0.5310745947526926,-0.01823697802564983,0.5503685097972276,0
2025-05-01,6857,1,0.5193046202676331,0.16483164606499745,0.541754689815427,1
2025-05-01,9433,1,0.47716280774571396,0.048915174009688034,0.4972975024344704,1
2025-05-01,9984,1,0.5044679776018296,0.026247400499572526,0.5675632057866983,1
2025-05-01,7203,1,0.48457194662442143,0.0009087729005146095,0.5180235187254246,0
2025-05-01,8001,1,0.5065556244574332,0.03055334114485797,0.5270904855628858,1
2025-05-01,6098,1,0.5151656492339195,0.014603882717435956,0.52351674472185,0
2025-05-01,4502,0,0.4897097022655635,-0.08508693726992178,0.48930228489713296,0
2025-05-01,6758,0,0.4531723780563464,-0.019383059707256955,0.5432106881275091,0
2025-05-01,9432,1,0.4601212215162742,0.0453938157222904,0.27297862255494837,1
2025-05-01,8766,1,0.4062542798385201,0.0465773491307766,0.5337240599671585,1
2025-05-01,5108,1,0.49890620720424583,0.021612699843457372,0.5069719175261546,1
2025-05-02,8001,1,0.5870176047267865,0.08165289833433631,0.5584942983222776,1
2025-05-02,6146,1,0.4163613146479519,0.17241390781626453,0.46570969764664316,1
2025-05-02,8411,1,0.5185611808867093,0.10125111583771229,0.5889451815568274,1
2025-05-02,6367,0,0.5163922141291483,-0.02983765638671043,0.529278232142896,0
2025-05-02,9433,1,0.4840950880427062,0.006407777494839895,0.5219719615789448,0
2025-05-02,6758,0,0.4342103494712777,-0.0209003642203186,0.5198840244915133,0
2025-05-02,4063,1,0.45354987685412235,0.04019443830339986,0.5332471019380984,1
2025-05-02,5108,1,0.49629468791639814,0.023912287576177027,0.5074336038593144,1
2025-05-02,9432,1,0.4650068641697037,0.010588849745192253,0.22910019671651824,0
2025-05-02,8058,1,0.4926737254976202,0.07668993450771211,0.5321681259956129,1
2025-05-02,6501,1,0.4398261713463743,0.05254563354999697,0.5279122253066346,1
2025-05-02,4502,0,0.5127952751376446,-0.06924634191448775,0.5005718669741593,0
2025-05-02,6857,1,0.5107716241584198,0.12797853193305375,0.531691306843559,1
2025-05-02,8035,1,0.4414521270162476,0.13528850055516006,0.5111488354149747,1
2025-05-02,6098,1,0.5145665831905242,0.08824227062191947,0.5284942193533916,1
2025-05-02,7203,1,0.4975301244219075,0.025179838210543926,0.5236521311529917,1
2025-05-02,9984,1,0.4970165041941056,0.02633350484110042,0.5501840818720235,1
2025-05-02,8766,1,0.4685341092536414,0.03947599065501972,0.540370534935853,1
2025-05-02,7011,0,0.40371535668635694,-0.03421090857133957,0.5144757214174657,0
2025-05-02,8306,1,0.5226284944949173,0.0978417008989989,0.5835853440545727,1
2025-05-07,8058,1,0.4868030549887669,0.04110332306877407,0.5337434190652042,1
2025-05-07,6367,0,0.49864299992204736,-0.03520707154189673,0.5485194104714533,0
2025-05-07,7011,0,0.4265104599048575,-0.05853398921001585,0.5207552122884728,0
2025-05-07,9433,0,0.4834446194279791,-0.020872835887786656,0.511627722071497,0
2025-05-07,8411,1,0.4940355938489462,0.0988571963148499,0.5308316388591832,1
2025-05-07,6758,1,0.46767480844985204,0.05780506412983777,0.546232216366709,1
2025-05-07,4063,1,0.5187025206533555,0.06338986742166441,0.5905662664367811,1
2025-05-07,9432,1,0.46230760485802624,0.006574481376037777,0.21102844002303042,0
2025-05-07,6501,1,0.4497996811875908,0.018148270206048478,0.5316594981200631,0
2025-05-07,4502,0,0.5012898142663316,-0.054448500786382414,0.5173448507376223,0
2025-05-07,6857,1,0.5143180921243296,0.18047249715186076,0.5501590900670676,1
2025-05-07,8035,1,0.4034571211725222,0.10591187232227628,0.507950981745627,1
2025-05-07,6098,1,0.5200359559998331,0.09068982938178594,0.5702285860951027,1
2025-05-07,7203,1,0.4866229174114671,0.016075440079838854,0.5460054581038968,0
2025-05-07,8306,1,0.47080409497107917,0.11111114316612114,0.5142653268071752,1
2025-05-07,5108,1,0.478443266339217,0.00697572595849838,0.5082150842332978,0
2025-05-07,6146,1,0.4076013917962729,0.28732842362554023,0.47032524858364116,1
2025-05-07,9984,1,0.47040749484141764,0.0648684684563352,0.5311659331224636,1
2025-05-07,8766,1,0.4215399475790268,0.023727081974427744,0.500175661678899,1
2025-05-07,8001,1,0.5053722576630628,0.024972578758080566,0.5340531731895464,1
2025-05-08,6146,1,0.36451986772584083,0.17861846269833226,0.43082315388717973,1
2025-05-08,9984,1,0.47464783145230377,0.07930373862685025,0.54202692950693,1
2025-05-08,8766,1,0.409396558331679,0.015734245701634286,0.4952787698908094,0
2025-05-08,8058,1,0.4580066961871171,0.05493081879748796,0.505281371754873,1
2025-05-08,5108,1,0.48502556939393093,0.008495707836389865,0.5061183290289007,0
2025-05-08,6501,1,0.39703358362922797,0.01335776221854501,0.4826022547317127,0
2025-05-08,6758,1,0.4383757446368371,0.05199996909671811,0.5133290684311399,1
2025-05-08,8411,1,0.4480629160701278,0.06628898135463834,0.5071210994223949,1
2025-05-08,4502,0,0.49290240142345726,-0.05186920659951888,0.4816923097367859,0
2025-05-08,8001,1,0.4845269314575595,0.01953083663482258,0.5205145282116094,0
2025-05-08,9433,0,0.4583281013500816,-0.02935608798467726,0.45666245637192426,0
2025-05-08,8035,1,0.3987081162932712,0.07940059907670327,0.48124831332406054,1
2025-05-08,6367,0,0.48220633881978986,-0.04760491414067369,0.5168333149873894,0
2025-05-08,6857,1,0.5216064084699076,0.12539844282267398,0.5431795057335052,1
2025-05-08,9432,1,0.48142883598571595,0.027535318776431783,0.34188471307024404,1
2025-05-08,8306,1,0.4367212736019717,0.09441450661987028,0.49642330793147416,1
2025-05-08,7011,0,0.42454657190841816,-0.05064823051003575,0.4895760904969867,0
2025-05-08,6098,1,0.49201544264057784,0.028645252432986767,0.5426826565625779,1
2025-05-08,4063,1,0.4981010792933523,0.06073049563377042,0.5575260440110299,1
2025-05-08,7203,0,0.48337288736206946,-0.00542768007595773,0.5086833288250494,0
2025-05-09,6146,1,0.377461528377134,0.13313995632444664,0.43809384626281966,1
2025-05-09,9984,1,0.48077247169872667,0.041784610069361516,0.5300697452091092,1
2025-05-09,7011,1,0.5047824196552387,0.036060768831966517,0.5317279903293041,1
2025-05-09,8058,1,0.4710988359159454,0.043478316072044,0.5216165250470938,1
2025-05-09,4063,1,0.482691930617411,0.05727171436932621,0.5442254546622658,1
2025-05-09,6501,0,0.45427256212156836,-0.019023075593626704,0.535911474438602,0
2025-05-09,8766,1,0.4764219172907088,0.016320107373891224,0.5258245963434653,0
2025-05-09,6758,1,0.501259926527276,0.005581926468547049,0.5773977361746118,0
2025-05-09,6367,1,0.5138935184618239,0.0018749518127125775,0.5199208252149581,0
2025-05-09,8411,1,0.49789384488282074,0.005997842175571089,0.5225575728306017,0
2025-05-09,8306,1,0.46722242874151776,0.07509663104078212,0.5335667189847189,1
2025-05-09,4502,0,0.47715660452106,-0.03684463205813815,0.4898760174876525,0
2025-05-09,8035,1,0.40887089755689404,0.040345852109732405,0.5129880281136946,1
2025-05-09,9433,0,0.45776551126798565,-0.025718045001849932,0.48155236949918356,0
2025-05-09,6098,0,0.514463486180768,-0.02589103688046046,0.5778451094454207,0
2025-05-09,6857,1,0.5131231469488441,0.08633310111464976,0.5232947517845138,1
2025-05-09,9432,1,0.53714356502579,0.002600765824369411,0.25523823560432113,0
2025-05-09,5108,1,0.4948988703557193,0.014337499176766633,0.5130275649329235,0
2025-05-09,8001,1,0.48049372563168047,0.018332673769465124,0.5246182004942621,0
2025-05-09,7203,0,0.45828068953280693,-0.028313899486739236,0.5143311755171289,0
2025-05-12,6501,0,0.43806442307884574,-0.00860044354958367,0.503653250283493,0
2025-05-12,8035,1,0.4066649253799158,0.007645255682465768,0.4767775032241456,0
2025-05-12,4502,1,0.47151537948526234,0.024750012674232602,0.5225503064785083,1
2025-05-12,7011,1,0.4475606677021162,0.06559474541271881,0.48638667225348986,1
2025-05-12,8058,1,0.4677255794338215,0.03738153659583965,0.511345774743233,1
2025-05-12,7203,0,0.4670427975303711,-0.03214082154061115,0.5137998965952371,0
2025-05-12,6857,0,0.4558098949765588,-0.03205476506420468,0.47912454718873504,0
2025-05-12,9432,0,0.4812219682312035,-0.014687120262536602,0.27339597185567743,0
2025-05-12,8306,1,0.4582621896226094,0.07067135456706874,0.5267277982637605,1
2025-05-12,8766,0,0.47201745033305165,-0.01382333767649957,0.5324248409618371,0
2025-05-12,6098,0,0.5256647843101836,-0.004677944243380527,0.5813797690285096,0
2025-05-12,4063,1,0.5026278550026082,0.017578980183100557,0.5469396540137574,0
2025-05-12,9984,1,0.508006836727407,0.009591076195449633,0.5278328483366149,0
2025-05-12,6146,1,0.3545924275466697,0.05165590262628217,0.4507231588542516,1
2025-05-12,9433,0,0.4617133527529562,-0.04249719200331048,0.46303527116213034,0
2025-05-12,6367,0,0.43606870587205165,-0.01300313129490649,0.49601955548101573,0
2025-05-12,5108,0,0.49523130744546473,-0.00162734407356957,0.4997918558417549,0
2025-05-12,6758,1,0.42959422532900465,0.005011146488642204,0.48963213393421007,0
2025-05-12,8411,0,0.4762315430388269,-0.007842101162834014,0.5169302096232127,0
2025-05-12,8001,1,0.47281909145614054,0.0060096249025451964,0.5140618773441072,0
2025-05-13,6501,0,0.46176730002784544,-0.004138624366748278,0.5201026637074986,0
2025-05-13,6758,1,0.4753031933005633,0.0336617434856783,0.5032578509860165,1
2025-05-13,8766,0,0.46070152605166925,-0.012261598980990551,0.5212270279064778,0
2025-05-13,5108,0,0.49463273260619617,-0.007460304362177039,0.47146126831092194,0
2025-05-13,4502,0,0.5229467065590835,-0.006564610908560642,0.5521544563111557,0
2025-05-13,8035,0,0.4374546037273368,-0.027291694131981736,0.46199602458192013,0
2025-05-13,9984,0,0.5102609066233379,-0.00013153012954625343,0.5172544790278012,0
2025-05-13,8306,1,0.5148366071367142,0.0351244487160387,0.5725461068421571,1
2025-05-13,6098,0,0.4779309648363458,-0.035419837396670206,0.5201047998453315,0
2025-05-13,6857,1,0.49900980674412637,0.01776721522400493,0.5284165980913935,0
2025-05-13,9433,0,0.49359906847493595,-0.022380902853043616,0.4837872835425577,0
2025-05-13,7203,0,0.49704505482415495,-0.06228067116730407,0.542100225654239,0
2025-05-13,8001,0,0.4574606643662811,-0.012209441394394505,0.46815608591938757,0
2025-05-13,6367,0,0.5114045415615669,-0.05195584016775712,0.5329141374993286,0
2025-05-13,4063,0,0.5582195442651392,-0.028237850009796728,0.5375560632122314,0
2025-05-13,8058,1,0.4868309631527219,0.019873400681463815,0.5127920581622004,0
2025-05-13,7011,1,0.4734675813765598,0.08308604827638355,0.5182576034955987,1
2025-05-13,8411,1,0.5102472782009517,0.0005283735539471923,0.5346281593853456,0
2025-05-13,6146,1,0.3438384286308923,0.046218476466384883,0.46239287491750714,1
2025-05-13,9432,1,0.5071889552254142,0.0026195010423026854,0.35709424682253393,0
2025-05-14,7203,0,0.47800804870866387,-0.031642217586866805,0.535298383796795,0
2025-05-14,8035,0,0.3972103455396018,-0.040454036177144714,0.4013804874722488,0
2025-05-14,9432,0,0.46630719760356987,-0.003265718408575591,0.29406993826202865,0
2025-05-14,9984,0,0.47060664937976515,-0.04432622299711142,0.4595172235947888,0
2025-05-14,4063,0,0.48422005100440074,-0.013606855898536163,0.5589304900570546,0
2025-05-14,4502,1,0.4761806521839227,0.014702280821540459,0.5079441709128862,0
2025-05-14,8411,1,0.4821103463044655,0.011440436515494534,0.4908969820306304,0
2025-05-14,6857,0,0.4616702453485377,-0.06483451376336868,0.4897728481095886,0
2025-05-14,6367,0,0.49947413407430635,-0.026985606720528632,0.5306910032830635,0
2025-05-14,5108,1,0.49131250040175867,0.004453202639916443,0.4604323989715937,0
2025-05-14,8306,1,0.45851390570348305,0.012853494465914217,0.4716958726839374,0
2025-05-14,6098,0,0.4696306731319103,-0.06612118538811418,0.4880528476911723,0
2025-05-14,6146,0,0.36699744193207184,-0.09154743258744857,0.4343275340391537,0
2025-05-14,6758,0,0.5218740041376064,-0.03088701086183432,0.5302965366931653,0
2025-05-14,9433,0,0.4981449881678964,-0.01841093275328798,0.43391278462162036,0
2025-05-14,7011,1,0.49302977306175394,0.12005223809418997,0.552948612661045,1
2025-05-14,8001,1,0.4543346289132545,0.017804598374414615,0.4787912380881181,0
2025-05-14,8766,0,0.4219577624010951,-0.044324109656482924,0.4186405695490522,0
2025-05-14,8058,1,0.45049071167098914,0.03000527487084037,0.42842423259271933,1
2025-05-14,6501,0,0.45585091345641693,-0.014466476192141142,0.5020442610017386,0
2025-05-15,7203,0,0.44277451497504855,-0.01392542434124211,0.5020817147705499,0
2025-05-15,5108,0,0.49625592459972806,0.0,0.4367078984240715,0
2025-05-15,4063,0,0.47142928214416746,-0.019156237541890553,0.5152524412007048,0
2025-05-15,6367,0,0.49290965576338625,-0.02018009559181211,0.5510090580958924,0
2025-05-15,6857,0,0.4576588101803549,-0.08485095502538464,0.508197083974157,0
2025-05-15,6758,0,0.4619918785976562,-0.007604512221110693,0.5330359594383127,0
2025-05-15,6501,0,0.4613360038221714,-0.03540963785430795,0.5022343186610497,0
2025-05-15,6146,0,0.3574592465043096,-0.06782030613778522,0.45505851413164283,0
2025-05-15,4502,1,0.5179778119875901,0.02217844807223268,0.5164981175295357,1
2025-05-15,6098,0,0.4887403766337999,-0.041657197715283645,0.5731587200949229,0
2025-05-15,8058,1,0.44238310897989613,0.018347011622616982,0.42122543846722693,0
2025-05-15,8306,1,0.45839872058108405,0.007771995813121713,0.4677371914519844,0
2025-05-15,9984,0,0.4808242140393274,-0.0448029098335847,0.45361474078069697,0
2025-05-15,8411,1,0.49037237628092223,0.027630110848700484,0.5347560444652758,1
2025-05-15,9432,0,0.4636790519810976,-0.013725620029736985,0.29190534440829913,0
2025-05-15,7011,1,0.4762622416842978,0.10852146176036004,0.540639022524155,1
2025-05-15,9433,0,0.5237077485150252,-0.022438957159640505,0.4801976289126534,0
2025-05-15,8001,0,0.4526632220453182,-0.009711326473665238,0.46284490796519373,0
2025-05-15,8035,0,0.42042143663219367,-0.06009117233515504,0.41061147809133114,0
2025-05-15,8766,0,0.4457087237558327,-0.02805504132247183,0.4267338780420256,0
2025-05-16,6146,0,0.33344523391285,-0.04893313544392708,0.44002404064949907,0
2025-05-16,6367,0,0.45925944116150197,-0.01310047299626671,0.508384934152975,0
2025-05-16,6098,0,0.4631047431331,-0.005840304054610446,0.5057913134677904,0
2025-05-16,4063,0,0.454670854185384,-0.031776494449769266,0.5124332479670167,0
2025-05-16,8411,1,0.47936855024893066,0.05528453705940972,0.5272511679855326,1
2025-05-16,8306,0,0.4659893074097695,-0.0023111953688941256,0.4651157496317478,0
2025-05-16,6501,0,0.45454211070723854,-0.004192916216885556,0.5007506720018895,0
2025-05-16,8766,0,0.4317241513440462,-0.028059445669861516,0.4292959928997278,0
2025-05-16,9433,0,0.5102495203558066,-0.02813094088008894,0.4476291188314534,0
2025-05-16,8058,1,0.4521947407894826,0.016319373044610286,0.45124907486962185,0
2025-05-16,9432,0,0.4622604541121773,-0.02204926712914468,0.2841685191929416,0
2025-05-16,6758,1,0.4655258759893987,0.02220369785766807,0.5211957251290825,1
2025-05-16,8035,0,0.4222825516318287,-0.03025780358063268,0.49019558045342165,0
2025-05-16,8001,0,0.45707581264924385,-0.012746423959815734,0.46883819953129136,0
2025-05-16,7203,0,0.46274856756440536,-0.0071902396835422655,0.494523949411752,0
2025-05-16,5108,0,0.47226416808521404,-0.008285987383933269,0.38202858051094984,0
2025-05-16,9984,0,0.5037591356475781,-0.03428639977664727,0.5123580567780933,0
2025-05-16,6857,0,0.508954324913781,-0.06297265767987514,0.5311127610201394,0
2025-05-16,7011,1,0.45761127361908926,0.13356894709651201,0.5395074732293407,1
2025-05-16,4502,1,0.5323264545139589,0.02133405003720501,0.5142995697057005,1
2025-05-19,8411,1,0.44842800548857703,0.06486785441897536,0.48343916340670906,1
2025-05-19,9432,0,0.4789975774033259,-0.014257860339157769,0.3014792524386889,0
2025-05-19,9433,0,0.5577345208197729,-0.003338581848238431,0.5450354787269776,0
2025-05-19,8766,0,0.43753418515967074,-0.009401730763761385,0.4234798510752755,0
2025-05-19,8035,1,0.42154817407911,0.012573128721830695,0.4579647218187335,0
2025-05-19,7203,0,0.46347464249558695,-0.016322753655395483,0.4876058587985535,0
2025-05-19,9984,1,0.5270729991904276,0.006861036542739729,0.5150030044419244,0
2025-05-19,6501,1,0.44442185916562904,0.013669819602221134,0.48605805824931303,0
2025-05-19,6146,0,0.37324931813126394,-0.009823635981405787,0.43613944682428674,0
2025-05-19,4063,1,0.46439422271711894,0.005685574219472356,0.5305466389317437,0
2025-05-19,6857,1,0.4903930402326775,0.00495329011162049,0.5496464352868149,0
2025-05-19,8306,0,0.46077398408632725,-0.007362334284977234,0.4469396772331069,0
2025-05-19,8001,0,0.45673933578919695,-0.007832171262417642,0.4593983954322044,0
2025-05-19,6367,1,0.48821228589134663,0.004391438483038579,0.5224569437983781,0
2025-05-19,6758,1,0.4765682446824792,0.03601108825477528,0.4990564297186039,1
2025-05-19,5108,0,0.4859174607850835,-0.0016299966389399234,0.3902736224733943,0
2025-05-19,7011,1,0.48797458290892903,0.09567904457989296,0.5555998940067468,1
2025-05-19,4502,1,0.5427196750407283,0.018785037586070086,0.5009165540548791,0
2025-05-19,8058,1,0.45427718697076125,0.005172312153690628,0.4514306890248677,0
2025-05-19,6098,1,0.4346778902462726,0.021812475628832262,0.5210369377080268,1
2025-05-20,6146,0,0.3942106395821222,-0.028973084951170236,0.48173250150374264,0
2025-05-20,6758,1,0.49762558385757666,0.008472285100415311,0.5308678984295201,0
2025-05-20,8058,1,0.44670685808940513,0.013795412832077636,0.45481404836841505,0
2025-05-20,6367,1,0.508886810258476,0.017007939248362636,0.5374165891872537,0
2025-05-20,8035,0,0.4167608095098754,-0.006425294426913641,0.4442824091227927,0
2025-05-20,8306,1,0.45202137053810465,0.0012661713069288538,0.45892240147619,0
2025-05-20,8411,1,0.4705794611065801,0.04541857659639614,0.5057349358945226,1
2025-05-20,6501,1,0.44930854890236005,0.020779182954014486,0.49512669065918236,1
2025-05-20,7011,1,0.47669323238769856,0.12465743250864247,0.5337583574166411,1
2025-05-20,8766,1,0.4470768634538498,0.015344843907651784,0.4708224016609437,0
2025-05-20,5108,1,0.48276740205829033,0.009150370576502587,0.386011070396091,0
2025-05-20,9432,0,0.470705494117178,-0.01110389610389606,0.3155980748253221,0
2025-05-20,6857,0,0.47321478882026485,-0.01841919606323006,0.5292591936455522,0
2025-05-20,9433,0,0.49208904975116524,-0.0025655827908783735,0.46786580045811604,0
2025-05-20,9984,1,0.5058403164293289,0.026582437657661995,0.5024474016276774,1
2025-05-20,6098,0,0.5014300597631415,-0.0025404490499143506,0.5389653847936445,0
2025-05-20,8001,0,0.4525624258458098,-0.0009303760179176779,0.46665964621433564,0
2025-05-20,4502,1,0.5349820536960416,0.027900145655643138,0.49349387631487923,1
2025-05-20,4063,1,0.4628145740628744,0.004588139258502988,0.5002995055546066,0
2025-05-20,7203,0,0.46911631482609095,-0.012160875755518386,0.4973381656925404,0
2025-05-21,8035,0,0.44588262326652184,-0.0034416055217822983,0.45598296212243217,0
2025-05-21,6501,1,0.4403924415556635,0.0403669363644068,0.49089752143551124,1
2025-05-21,6098,0,0.4741718163586341,-0.00011845880568928102,0.5443630519289301,0
2025-05-21,8058,0,0.4567574591970199,-0.007495639937743825,0.44324480759521373,0
2025-05-21,4063,1,0.44072941046235176,0.00262755013855287,0.49364668350944796,0
2025-05-21,6758,1,0.500818530434688,0.04086081872974079,0.5279888023628682,1
2025-05-21,5108,1,0.47968543690010385,0.015599218910140822,0.3831592906843817,0
2025-05-21,9432,1,0.4599286608573858,0.01572730405087075,0.30961987121749157,0
2025-05-21,4502,1,0.5286389157690418,0.01956048601039284,0.4772935787823835,0
2025-05-21,8001,0,0.46365978706948263,-0.01091682407244432,0.4866146100754738,0
2025-05-21,6367,1,0.502781060514101,0.01764898279830085,0.5249376421820124,0
2025-05-21,8306,0,0.46129982111013873,-0.003553339376370812,0.4646923998188992,0
2025-05-21,9984,1,0.5161337946685384,0.03498535030177785,0.5223742164862064,1
2025-05-21,9433,0,0.4824878357028714,-0.010661374656160905,0.4661064818553468,0
2025-05-21,7203,0,0.46686827867309216,-0.011643181929855695,0.49071608728417415,0
2025-05-21,8766,1,0.483479240863156,0.05664715987713298,0.5368374916401158,1
2025-05-21,8411,1,0.4812519772047157,0.023393330615190555,0.5190179072325581,1
2025-05-21,6857,1,0.5128333832418156,0.0349500179372253,0.5772283102553301,1
2025-05-21,7011,1,0.500438749530097,0.08884815802229773,0.5572043321875089,1
2025-05-21,6146,0,0.5031917777844684,-0.002972651257126424,0.584391700967204,0
2025-05-22,5108,1,0.47721861917809744,0.03221011766028914,0.385204776380951,1
2025-05-22,6501,1,0.4876922712791544,0.09378346498668533,0.5219283939246782,1
2025-05-22,8058,1,0.4474643239468776,0.007206585343981331,0.4601104551097622,0
2025-05-22,7011,1,0.5008068191142413,0.0837713020877835,0.5557202638605101,1
2025-05-22,8001,1,0.47501773726486607,0.02579251200120214,0.4780422879092328,1
2025-05-22,4502,1,0.524347570123855,0.025072351896097578,0.47326014344847617,1
2025-05-22,7203,1,0.45255311301485696,0.04370225221565849,0.5025165507276534,1
2025-05-22,6758,1,0.4710234881563263,0.08648054777169212,0.4983696813113645,1
2025-05-22,9432,1,0.4688541963403642,0.033134555143823574,0.32930041612204175,1
2025-05-22,8035,1,0.4395835465875535,0.06481479367896603,0.5007619524346151,1
2025-05-22,4063,1,0.43657242019725684,0.020627626554102108,0.4929685852582147,1
2025-05-22,6146,1,0.469535625697343,0.04281442517984413,0.5475603601109917,1
2025-05-22,6367,1,0.4945130071698624,0.04245874889050438,0.5335872091124993,1
2025-05-22,9433,1,0.4971467937262408,0.0001995127424183618,0.46696261450988424,0
2025-05-22,9984,1,0.5035144784789053,0.06110964596347457,0.512139959932281,1
2025-05-22,6857,1,0.4784883780612177,0.126621486524928,0.5639693299958772,1
2025-05-22,8411,1,0.467168787014113,0.03593595338220523,0.48679401029550257,1
2025-05-22,8766,1,0.4701872564454461,0.09226133106530643,0.5041403312662298,1
2025-05-22,6098,1,0.44917244923840033,0.07038232816658518,0.5258181443626778,1
2025-05-22,8306,1,0.48325257268881977,0.03084836075363695,0.4719690410153871,1
2025-05-23,6146,0,0.4830626197003363,-0.016751417918511757,0.5500783595782353,0
2025-05-23,8058,1,0.4647392760040178,0.002733160312709648,0.4709048172955544,0
2025-05-23,7011,1,0.48254368329431113,0.044887716590760185,0.5381007294075393,1
2025-05-23,5108,1,0.4907520145770279,0.018184867733224364,0.3804414068585494,0
2025-05-23,8411,1,0.47438519633436305,0.02773498452044243,0.46956576548482104,1
2025-05-23,6758,1,0.47287684662237134,0.034482765525337244,0.5045831580565409,1
2025-05-23,8306,1,0.4726272535341839,0.042728383254315716,0.4726325675177802,1
2025-05-23,9984,1,0.5026767378724614,0.020096416732678923,0.49490457316380926,1
2025-05-23,6857,1,0.445173185804648,0.08099781930026384,0.5361313102300322,1
2025-05-23,6367,1,0.5086167206836327,0.048356498343871124,0.5317428423494875,1
2025-05-23,4502,1,0.519572396694665,0.03577435320219813,0.46612628808817436,1
2025-05-23,8001,1,0.4823702619073074,0.030214323895318973,0.47910407522434995,1
2025-05-23,9433,0,0.5246570328738382,-0.009119817957226717,0.46478775090834146,0
2025-05-23,8766,1,0.47474237676708775,0.0629565471140312,0.5015143244272963,1
2025-05-23,6098,1,0.42415431790228886,0.04172157522445974,0.5195450931420627,1
2025-05-23,4063,1,0.4458790995066455,0.022246672718347238,0.48225365650307955,1
2025-05-23,8035,1,0.43660625427301447,0.010766875385243901,0.4899920458995575,0
2025-05-23,6501,1,0.4475638416247633,0.06473688401122502,0.4961257427954124,1
2025-05-23,7203,1,0.4553305696645433,0.05546031284807973,0.4891622249005765,1
2025-05-23,9432,1,0.46538272086406207,0.06366043831633106,0.31027589910208014,1
2025-05-26,6146,0,0.3938158036361727,-0.06828134129537744,0.5078314395809644,0
2025-05-26,8035,0,0.45471704175473193,-0.032112972512766014,0.49864167384184216,0
2025-05-26,4063,0,0.44941634974328054,-0.002826715608347574,0.5015405845279354,0
2025-05-26,6758,1,0.4718921445264882,0.016577574974260934,0.5077924631680534,0
2025-05-26,6857,0,0.46719783520545105,-0.0015491265542493249,0.5172735186530859,0
2025-05-26,8411,1,0.47049243888213516,0.01484513149783484,0.45353167412517426,0
2025-05-26,8306,1,0.44898760920794656,0.017902821227134602,0.42887967226045054,0
2025-05-26,6098,0,0.470816951320897,-0.009670963049016157,0.543139404862478,0
2025-05-26,5108,0,0.4861006300065798,-0.026122441772768124,0.37111771801176885,0
2025-05-26,6367,1,0.5315085629514349,0.014678374270364225,0.5475281620735334,0
2025-05-26,7011,1,0.48273814679097976,0.04538337428840444,0.5405755643539787,1
2025-05-26,4502,1,0.5253758285294475,0.02394630279804577,0.44818095737723096,1
2025-05-26,8766,1,0.4811438704662813,0.06557375480277239,0.48139511374736643,1
2025-05-26,8001,1,0.48542800750127274,0.024484890798185388,0.46809469679541743,1
2025-05-26,9432,1,0.46788327988054995,0.03221557086270854,0.2932318381581343,1
2025-05-26,9984,0,0.5156067418313967,-0.03616824838856558,0.5168236387605126,0
2025-05-26,9433,0,0.48219175408300463,-0.032315312953335895,0.44541630001324495,0
2025-05-26,7203,1,0.49758397926634107,0.02651145953337286,0.5076433743669728,1
2025-05-26,8058,0,0.4425015846034981,-0.003773534033205128,0.338108014244255,0
2025-05-26,6501,1,0.4742338269385108,0.03163901026232541,0.5060115310511873,1
2025-05-27,4502,1,0.5104230241676714,0.02095237265458616,0.4769754748019986,1
2025-05-27,9984,0,0.5012282817719579,-0.0543519820928734,0.516808239360305,0
2025-05-27,9433,0,0.5069765504159951,-0.03660467199471751,0.4199689616106143,0
2025-05-27,5108,0,0.48673046764691985,-0.03238343027429924,0.3869886414223839,0
2025-05-27,6857,1,0.4536956427494781,0.01904495445442156,0.5336893677059334,0
2025-05-27,8766,1,0.47474497475700955,0.048055691610582985,0.5015021729595049,1
2025-05-27,6098,0,0.46175004880684767,-0.0507061685908381,0.532636464679349,0
2025-05-27,7011,1,0.49107732562323325,0.024360670292927766,0.5563719763912367,1
2025-05-27,8306,0,0.429718009987012,0.0,0.4277390583165282,0
2025-05-27,4063,0,0.4721006204607412,-0.004349797408773282,0.5076253156043609,0
2025-05-27,8001,1,0.47588941217074193,0.00039898527374826465,0.4819302783298631,0
2025-05-27,6367,1,0.5377737864428626,0.01734277504734938,0.560874096576334,0
2025-05-27,6146,0,0.4348660671535877,-0.045199401267848605,0.5028881628502241,0
2025-05-27,8411,0,0.4670340748211074,-0.0030310974615436193,0.4532109663273169,0
2025-05-27,8035,0,0.43449888669516323,-0.034274686296040247,0.47183468717397586,0
2025-05-27,8058,0,0.43081320858150807,-0.025174288777805476,0.34013580629203805,0
2025-05-27,6501,0,0.46268237056355316,0.0,0.5067011795559268,0
2025-05-27,7203,1,0.5086506283523926,0.013257565830633977,0.5015294536389682,0
2025-05-27,6758,1,0.4896149527787895,0.006563416446062842,0.5316955442720962,0
2025-05-27,9432,1,0.45811301713737773,0.049537692810396106,0.26813744418022956,1
2025-05-28,6367,1,0.533054897875566,0.025394863573985793,0.5606911899534734,1
2025-05-28,5108,0,0.48600267021184385,-0.04236046020660955,0.3980256897423546,0
2025-05-28,7203,1,0.5096263778690816,0.035341123412370834,0.5094705583691406,1
2025-05-28,8766,1,0.48483514953135953,0.04975700642182823,0.5232342240123432,1
2025-05-28,6146,0,0.39520869414195525,-0.02504471977759326,0.4967578179507112,0
2025-05-28,9984,0,0.5017244791421415,-0.04532642377534479,0.5214265927448694,0
2025-05-28,8058,0,0.45341884231311747,-0.010641992710342385,0.3901493440294781,0
2025-05-28,9433,0,0.5248507033226153,-0.0305327325149245,0.42317197965217435,0
2025-05-28,6501,1,0.49008989299406985,0.0055429620474527486,0.5102865825241787,0
2025-05-28,8001,0,0.47641438134037856,-0.0002659394335390308,0.47825486520175137,0
2025-05-28,6098,0,0.45918038999568583,-0.013617414416717377,0.5300933482772942,0
2025-05-28,6857,1,0.4558214128372612,0.022329427822466608,0.5361487831293488,1
2025-05-28,4502,1,0.5094237475760884,0.01421127624494245,0.47686097284677104,0
2025-05-28,8035,0,0.4548462737599769,-0.0287071177055348,0.5085066207734574,0
2025-05-28,4063,0,0.4399112919948235,-0.0004367954959597631,0.5005403637893666,0
2025-05-28,6758,1,0.48097599236540234,0.007327875378704052,0.5151971876076823,0
2025-05-28,8411,0,0.45596813899759636,-0.00025121129846727985,0.45959764230428807,0
2025-05-28,8306,1,0.44439661353365695,0.008914930081558747,0.45547182423725946,0
2025-05-28,9432,1,0.4739828053067794,0.022580622829197372,0.24685610748378842,1
2025-05-28,7011,1,0.49081901873125394,0.045927755321284014,0.5503898369261083,1
2025-05-29,9432,1,0.4554901099294434,0.00705586765723587,0.24978169780177725,0
2025-05-29,4063,0,0.4836287248318237,-0.02773599571593921,0.48898077673060336,0
2025-05-29,8411,0,0.44602831838803614,-0.022460751282136204,0.46424513476301577,0
2025-05-29,6857,1,0.4699421141933172,0.014784818636665031,0.5058710695303802,0
2025-05-29,5108,0,0.4831199865364479,-0.06256996195816589,0.4005596274849531,0
2025-05-29,7203,0,0.49431732867945866,-0.03071862928332858,0.5144996537082047,0
2025-05-29,4502,1,0.5101514239358568,0.005173958610243501,0.48223348499420954,0
2025-05-29,8001,0,0.48699009928879367,-0.019774719032286336,0.49230637475273564,0
2025-05-29,9433,0,0.5322413417429982,-0.03751750289632905,0.40567032918233137,0
2025-05-29,6098,0,0.4991520919408305,-0.0941255328367423,0.5412070102899164,0
2025-05-29,8766,1,0.5054840838571487,0.0006485366849509067,0.5426153223792509,0
2025-05-29,8306,0,0.44309935379240306,-0.025935192150245867,0.48711353986133504,0
2025-05-29,6367,0,0.5351926856441472,-0.00455924450641243,0.5296190130922649,0
2025-05-29,6146,0,0.4409611588663458,-0.0766580969478704,0.507580671399387,0
2025-05-29,7011,1,0.42978000810635636,0.0109124764757631,0.45238189341396406,0
2025-05-29,6501,0,0.4986166893447095,-0.016413548722889804,0.5353686636500219,0
2025-05-29,8035,0,0.4770699095965054,-0.033126263098065656,0.5196905892888448,0
2025-05-29,8058,0,0.46085304742543953,-0.025212886169328153,0.3746828705069917,0
2025-05-29,6758,0,0.4945103140601012,-0.04534008391122035,0.5357445181629245,0
2025-05-29,9984,0,0.4822491528160208,-0.06782015310712042,0.5020891177625948,0
2025-05-30,8001,0,0.5001807976369346,-0.031912238400925275,0.5093107349243831,0
2025-05-30,8306,0,0.44468399879620185,-0.030856574606628384,0.4955214266266971,0
2025-05-30,8058,0,0.4685827226994919,-0.02061326567596955,0.3992898934205404,0
2025-05-30,4063,0,0.47713071367986937,-0.024994623727454535,0.49331886244270295,0
2025-05-30,4502,0,0.5355199171594267,-0.004404274304386391,0.5054201490601984,0
2025-05-30,6857,1,0.5168686161064885,0.07628608029933814,0.5580815735026224,1
2025-05-30,8411,0,0.44716121947748433,-0.013493288285804095,0.46939207824687873,0
2025-05-30,8035,1,0.45067168302713195,0.028260814986230454,0.5291339268954026,1
2025-05-30,6501,0,0.448560731425287,-0.006426098795561219,0.46174623317645475,0
2025-05-30,6146,0,0.43309311961136426,-0.023425611852084804,0.5551617032118764,0
2025-05-30,9432,0,0.5040164889865131,-0.011845419654321954,0.2972248293962586,0
2025-05-30,7011,1,0.41644968807292093,0.035202827152137406,0.43579560643388787,1
2025-05-30,6367,0,0.5206417925871724,-0.018390070586756124,0.5376196229016085,0
2025-05-30,8766,1,0.4822895219773608,0.01407063355260374,0.528043997942219,0
2025-05-30,9984,0,0.5046719417950353,-0.032965573988564256,0.536396862360042,0
2025-05-30,6098,0,0.4917630417941861,-0.0646794273784348,0.5630264271558422,0
2025-05-30,6758,1,0.48024841755791653,0.0060367582600400205,0.536759084917644,0
2025-05-30,9433,0,0.5541651894444435,-0.035614261026361005,0.4498671914417997,0
2025-05-30,5108,0,0.4869173553476499,-0.044730504467424104,0.4178832467548373,0
2025-05-30,7203,0,0.4831339311614546,-0.04225349809209844,0.5120958734323846,0
2025-06-02,8035,1,0.46458854115977644,0.05529744295879957,0.5447795431928942,1
2025-06-02,8411,1,0.4535822273521271,0.016897939279858276,0.46360126514531386,0
2025-06-02,7203,0,0.49865045803940966,-0.018951967270129932,0.5450378947622075,0
2025-06-02,6367,1,0.5042305480644494,0.004001199802662114,0.5269751649946202,0
2025-06-02,8001,0,0.4912689225952404,-0.021026552931661002,0.48616620522063364,0
2025-06-02,8058,0,0.46680035122453123,-0.020661183025092233,0.40684139908376266,0
2025-06-02,6857,1,0.45099437114937224,0.17263762392356674,0.5366937381506314,1
2025-06-02,6501,1,0.4803778223279143,0.033685260020392294,0.4769404254941654,1
2025-06-02,9432,1,0.48919105259690304,0.008917148156952104,0.313478134897529,0
2025-06-02,8766,1,0.48509814781364763,0.008097192106293116,0.5266907446393423,0
2025-06-02,6098,0,0.48903143116657005,-0.013814405511198169,0.5601056127008024,0
2025-06-02,7011,1,0.4130968121972953,0.03862276774454565,0.3957431324050758,1
2025-06-02,4502,1,0.49691092200637743,0.014031867690262212,0.45882008233819854,0
2025-06-02,6758,1,0.47587391834762627,0.00815355558049835,0.5068434634548071,0
2025-06-02,8306,0,0.4944471469292865,-0.0035175640925758644,0.4999041107849361,0
2025-06-02,4063,0,0.4637452247220775,-0.011774934518236746,0.4961090176697999,0
2025-06-02,9433,0,0.5254820657592425,-0.008144876500901788,0.4717178183128353,0
2025-06-02,6146,1,0.5189318731305222,0.03789539150383292,0.6314859075998002,1
2025-06-02,9984,1,0.5252531009993215,0.050985774221212976,0.5543756168785944,1
2025-06-02,5108,0,0.50328887066515,-0.0035205640638108493,0.48212842255328653,0
2025-06-03,7203,0,0.49988561301873335,-0.006542145292075308,0.517413112082514,0
2025-06-03,6501,1,0.4647009983120689,0.04045799103990699,0.47643627197925986,1
2025-06-03,7011,1,0.3979034325070274,0.011593271355660129,0.3739465243152008,0
2025-06-03,4063,1,0.474503744205187,0.0034951276758348193,0.5076417015033227,0
2025-06-03,4502,1,0.5152321686051,0.01795717888907844,0.4560466637304559,0
2025-06-03,9432,0,0.4653783232432261,-0.011327817296267861,0.2649425002488313,0
2025-06-03,8306,0,0.4648451194965022,-0.006322723001025099,0.47849388917659447,0
2025-06-03,8058,0,0.483334388338678,-0.004187773539127249,0.46334648784046817,0
2025-06-03,6857,1,0.4546939002663554,0.14112955104455183,0.5230819676693239,1
2025-06-03,5108,0,0.5378688173626617,-0.0011713899572075581,0.489135439073415,0
2025-06-03,6758,0,0.4758563512345313,-0.008867977599590238,0.5072410084140402,0
2025-06-03,8001,0,0.4813753044358747,-0.0114361426630597,0.4824357964144742,0
2025-06-03,8411,1,0.4481963916466673,0.002533562386617394,0.4485151287291869,0
2025-06-03,6098,1,0.535711580957847,0.012439068402328335,0.6209489423008199,0
2025-06-03,6367,1,0.5181739906519711,0.008827951254145372,0.5412596246502416,0
2025-06-03,6146,1,0.4781786225316806,0.02413359801136794,0.610016975100678,1
2025-06-03,8035,1,0.5200549539781473,0.05982145762023028,0.5588298791545042,1
2025-06-03,9433,0,0.5403216487103112,-0.0012322596873729497,0.5279304527169287,0
2025-06-03,9984,1,0.5127197494769854,0.07211601822126479,0.5548930339179224,1
2025-06-03,8766,0,0.4615562693109696,-0.0027543719875843253,0.490974456875233,0
2025-06-04,6098,1,0.4941701016850656,0.02400956444057134,0.5791938537556874,1
2025-06-04,9433,0,0.5625153585576775,-0.0016468713695975135,0.4770126216979926,0
2025-06-04,5108,1,0.5360958623852119,0.012662538882736829,0.5589319522103559,0
2025-06-04,9984,1,0.5135633314353679,0.08369098571552747,0.5562475948300164,1
2025-06-04,6501,1,0.4828406844284573,0.033826114078907565,0.47982060406543486,1
2025-06-04,6758,0,0.481297366963677,-0.026500381697208475,0.5104589231633132,0
2025-06-04,6146,1,0.4650223613652568,0.06727827935683095,0.5488530342251492,1
2025-06-04,9432,0,0.46129642007519456,-0.013249238366420446,0.25546761427849835,0
2025-06-04,8766,0,0.48785020634097565,-0.04229168666508043,0.5259571786063326,0
2025-06-04,8058,0,0.4788616860899524,-0.0017349301824352015,0.4068391891538035,0
2025-06-04,4502,1,0.5361298975856025,0.020784662121943187,0.4603514892132948,1
2025-06-04,6857,1,0.4581395777096584,0.12457857923859672,0.5312941662348124,1
2025-06-04,7203,0,0.4970585403321131,-0.025142312055512872,0.5153458399998655,0
2025-06-04,8306,0,0.4803206304914007,-0.012370593412371345,0.48715244260889096,0
2025-06-04,8411,0,0.4614412094971832,-0.008040214985661542,0.4544141835571105,0
2025-06-04,7011,0,0.38679012244454775,-0.040983667257203704,0.37022900072310916,0
2025-06-04,8001,0,0.46546480348989494,-0.006916762725896919,0.42207647641913076,0
2025-06-04,6367,0,0.5196080553337348,-0.003926335508728451,0.5504472505331557,0
2025-06-04,4063,1,0.4668701732768284,0.020755982067019563,0.4876353662162454,1
2025-06-04,8035,1,0.49032919981818424,0.10577778438558538,0.5544210787746718,1
2025-06-05,6367,1,0.5125107830594576,0.006717607857970487,0.5197574178405632,0
2025-06-05,8035,1,0.4685034104986219,0.0706637807031576,0.513096978230686,1
2025-06-05,4502,1,0.520700392588615,0.023631254211054387,0.4443026471791745,1
2025-06-05,8411,1,0.4625432206505047,0.016594379405629578,0.47131175448243223,0
2025-06-05,8058,0,0.4946098455598783,-0.001398149274153937,0.4514264825474007,0
2025-06-05,7203,0,0.5109972232687174,-0.012827735344344893,0.5274807916102523,0
2025-06-05,6146,1,0.5325506414128728,0.07213929464611968,0.6852045820990509,1
2025-06-05,6098,1,0.5259878777406153,0.010316890449429517,0.6246428542257046,0
2025-06-05,9433,1,0.5595472762718644,0.012025733898503033,0.535088316895866,0
2025-06-05,6501,1,0.4780611228038316,0.0141967702624477,0.4722863145884165,0
2025-06-05,8001,0,0.4797045902396467,-0.013894430878210517,0.41310221915964246,0
2025-06-05,9432,0,0.4682926905271913,-0.007006431205897612,0.293951948860986,0
2025-06-05,5108,1,0.5464020669427466,0.027313066020385746,0.5909092177682781,1
2025-06-05,4063,1,0.5098481109328644,0.007518902986877851,0.5449265454303225,0
2025-06-05,6857,1,0.48721490122779265,0.07052596989711146,0.5213482907904304,1
2025-06-05,8766,0,0.4749748235097972,-0.031594324578861244,0.49135060137401904,0
2025-06-05,7011,1,0.4413128234826594,0.030284842688020452,0.5062508493896306,1
2025-06-05,6758,0,0.48555711016518666,-0.004221580059317609,0.5319796502425468,0
2025-06-05,8306,1,0.48690000188844307,0.0053763722380937295,0.49382612886298466,0
2025-06-05,9984,1,0.5186661957324133,0.09199297474259316,0.5364249555290648,1
2025-06-06,9984,1,0.5358922768804502,0.12617132023392075,0.5264326546943371,1
2025-06-06,6098,0,0.5126765900454417,-0.022025334313217737,0.6365144273950475,0
2025-06-06,8001,0,0.5278515102485991,-0.022287375030186296,0.43485959170430444,0
2025-06-06,6501,0,0.4901368636145071,-0.008208991675194066,0.4784229514353999,0
2025-06-06,4502,1,0.5194550172307183,0.012572635702413626,0.45690036494515324,0
2025-06-06,8035,1,0.4853413364685205,0.006342515184629027,0.5271595280946442,0
2025-06-06,5108,1,0.5349831439881879,0.0023581695795082958,0.4915090678612532,0
2025-06-06,8766,0,0.48525493719037943,-0.050661434938364724,0.47917964433617116,0
2025-06-06,4063,0,0.49824610931161656,-0.020110488821795225,0.5198976464639031,0
2025-06-06,9433,1,0.5433616378565941,0.006639002414524864,0.49558389431238,0
2025-06-06,6146,1,0.5446700946237513,0.03208722150768106,0.5765899766743012,1
2025-06-06,8306,0,0.499783640268922,-0.01451854161517352,0.4596845680746611,0
2025-06-06,9432,0,0.4658239711518987,-0.023974731685948103,0.2502950903655126,0
2025-06-06,6758,0,0.4815972305566202,-0.02556743062467215,0.5060360528449668,0
2025-06-06,8058,0,0.4811740834666998,-0.010088693495078904,0.3755074422556173,0
2025-06-06,7011,1,0.43053681673154937,0.01210375096665084,0.47074874001478384,0
2025-06-06,8411,0,0.4868280002396465,-0.013424536327108383,0.4635526484259297,0
2025-06-06,7203,0,0.5228737319815545,-0.03657623081472339,0.5292875501541591,0
2025-06-06,6857,1,0.48893120915107224,0.07251870332818466,0.5542316189770323,1
2025-06-06,6367,1,0.504482101404948,0.01873460122571169,0.508545436896146,0
2025-06-09,4063,0,0.47386865234893505,-0.02162406418910523,0.4926125346602322,0
2025-06-09,6758,0,0.4795284797456844,-0.0253065378210231,0.5022726980178802,0
2025-06-09,4502,0,0.48913264694322317,0.0,0.2675189176657283,0
2025-06-09,8001,0,0.48171095900302785,-0.004669173479521005,0.38304390446300707,0
2025-06-09,8058,1,0.4786608086976877,0.015822827144621465,0.4285196122368666,0
2025-06-09,8411,0,0.47574180093774576,-0.02703381628464685,0.48119216721229574,0
2025-06-09,7203,0,0.4779472415092415,-0.03238638567417451,0.49613718555471575,0
2025-06-09,6367,0,0.5133032029896086,-0.0021459388464154516,0.5113304102132432,0
2025-06-09,6857,1,0.4749817860310803,0.12136147343671277,0.5356769234847992,1
2025-06-09,5108,1,0.5125868363849407,0.0025235606403555266,0.3690873680530129,0
2025-06-09,6146,1,0.48071351287493913,0.042546825650602305,0.5585199565396595,1
2025-06-09,6098,0,0.5048299990949572,-0.041299367504274764,0.577615387801629,0
2025-06-09,8306,0,0.48196246059275527,-0.01512860835572305,0.47640014732168734,0
2025-06-09,9984,1,0.524058439913982,0.09948247429470336,0.5250306711310235,1
2025-06-09,9433,1,0.5258706063569304,0.001026444176651431,0.4431551097257172,0
2025-06-09,7011,1,0.41010913193228526,0.032574216047214666,0.42460457586439576,1
2025-06-09,8035,1,0.4880738505470998,0.006707283481326876,0.5409823231730826,0
2025-06-09,6501,0,0.4796843802599952,-0.023832658969936138,0.48085513265424984,0
2025-06-09,9432,0,0.47132136194061186,-0.021464628477196768,0.3012878178774061,0
2025-06-09,8766,0,0.4885259228586607,-0.04899597059955052,0.48543466620480147,0
2025-06-10,7203,0,0.49861405574490514,-0.04496706676565476,0.5112511177578174,0
2025-06-10,6857,1,0.4847469582628793,0.1500481608888744,0.5388742993113717,1
2025-06-10,6758,0,0.4823406219842428,-0.01289469884531147,0.4984452159557941,0
2025-06-10,6367,0,0.43810449811205754,-0.028364428563383393,0.2687249324273297,0
2025-06-10,6501,0,0.4814797179412094,-0.01711904724368496,0.4796669592445715,0
2025-06-10,5108,1,0.5028751761038588,0.008544187214261312,0.3733328366331356,0
2025-06-10,6146,1,0.45141536845199093,0.10996977543179143,0.5460704018815659,1
2025-06-10,8058,1,0.4795906005620866,0.001226563238751588,0.39313101787448035,0
2025-06-10,4502,0,0.5146008109735776,-0.004581960173553723,0.29273645746562177,0
2025-06-10,8411,1,0.4770010247127672,0.0030326929004964587,0.4718565162039826,0
2025-06-10,6098,0,0.4911430733789402,-0.048422052199695975,0.5757518457455002,0
2025-06-10,9432,0,0.4608637826109507,-0.02291531439663097,0.2857669852893133,0
2025-06-10,8035,1,0.47845951842779394,0.0412805831257288,0.5339926265002216,1
2025-06-10,4063,0,0.4378494460699811,-0.02503275839508745,0.29771044162201,0
2025-06-10,9984,1,0.5048571970038879,0.09685171110757484,0.5328289729995077,1
2025-06-10,8766,0,0.4835035825891388,-0.04094238563829633,0.49238147139213334,0
2025-06-10,7011,1,0.4457203097198312,0.04878045611981108,0.5011575454623488,1
2025-06-10,8001,1,0.4749635361370143,0.007398526037829312,0.41214163186227387,0
2025-06-10,9433,1,0.5429892413324231,0.006785841936503223,0.3852761154483147,0
2025-06-10,8306,0,0.47427870733227656,-0.006617451800339125,0.43253978449693364,0
2025-06-11,9432,0,0.4704683379417568,-0.016623950345884153,0.28601381450678026,0
2025-06-11,8035,0,0.5021883237806096,-0.005827998144541935,0.5377785929192802,0
2025-06-11,6857,1,0.4801348210767811,0.1584942529667328,0.5433964825094237,1
2025-06-11,6758,1,0.4979535863941193,0.009607706318880194,0.534292987852557,0
2025-06-11,7011,1,0.4909321815064473,0.0677656681366916,0.5025643471239163,1
2025-06-11,5108,1,0.492022136688262,0.010336757053367895,0.36913507794593337,0
2025-06-11,8058,1,0.47139340580581585,0.0005213140175701625,0.35700173473751634,0
2025-06-11,6367,0,0.4497338960741099,-0.01637362189200242,0.30159263197381314,0
2025-06-11,8766,0,0.5297753816031562,-0.009498368615240671,0.5584920024283544,0
2025-06-11,9433,1,0.5374965063191327,0.006597936602218413,0.3796613189389978,0
2025-06-11,6501,0,0.4805415969380774,-0.012603003707103877,0.4811483953891993,0
2025-06-11,4502,0,0.49502743101521884,-0.00869368155810013,0.288481130413435,0
2025-06-11,4063,0,0.43002236215086387,-0.03274831920366439,0.23872750333736475,0
2025-06-11,8001,1,0.47672989419120065,0.01714448094536558,0.38705159419813034,0
2025-06-11,8411,1,0.4939257541379501,0.005572463408539452,0.472874988740676,0
2025-06-11,9984,1,0.5130623483923389,0.07561868069917366,0.5549459665768308,1
2025-06-11,6098,0,0.5071194200229755,-0.05838219841095971,0.588818683792041,0
2025-06-11,8306,0,0.4738939706962418,-0.0005112716321441502,0.38959883023221686,0
2025-06-11,6146,1,0.4616230478979622,0.05845282834008669,0.5215157187793589,1
2025-06-11,7203,0,0.5145158584501555,-0.03275594292428363,0.4918857709332686,0
2025-06-12,8411,0,0.49037772865220836,-0.005022649579612959,0.47872932875990826,0
2025-06-12,8035,0,0.49250118344392885,-0.04000002230135136,0.5410547794054356,0
2025-06-12,8058,0,0.47116955825397483,-0.0014001068325055765,0.3543992730868416,0
2025-06-12,9432,0,0.4528665426527332,-0.010262932999117291,0.2779664123728225,0
2025-06-12,8766,0,0.5037740710905984,-0.013384633799648271,0.5155085266611513,0
2025-06-12,6857,1,0.4981273153708663,0.13585449941690153,0.5643423659499978,1
2025-06-12,6758,0,0.47518372295615335,-0.022257532926019064,0.5158044943843019,0
2025-06-12,5108,1,0.48720797413904754,0.006480474158243821,0.3906313694802444,0
2025-06-12,8001,1,0.5008027129157775,0.01801920041024374,0.429888154950469,0
2025-06-12,4502,0,0.49693445751888754,-0.017599855206799075,0.2855137496952402,0
2025-06-12,9984,1,0.49508955120141274,0.08511166057178321,0.5262778622116098,1
2025-06-12,6098,0,0.49035917013151736,-0.03914421343535546,0.5691584136539987,0
2025-06-12,6501,0,0.47976326094742544,-0.0017190334690193598,0.48281112548303323,0
2025-06-12,4063,0,0.4440736764401545,-0.02765583317628717,0.3001611488586784,0
2025-06-12,8306,0,0.4794967511003655,-0.006620821766871066,0.41461470614957174,0
2025-06-12,7011,1,0.44614461230494545,0.030558799483239918,0.5288758434926225,1
2025-06-12,9433,1,0.5290231088019827,0.00040977781475293185,0.3808844147787357,0
2025-06-12,6367,0,0.45670848227180794,-0.02608433322683945,0.2893901520865064,0
2025-06-12,7203,0,0.5040741256901855,-0.03477929930628321,0.5100484966806789,0
2025-06-12,6146,1,0.45818277118650136,0.035672906877599164,0.5199314793327313,1
2025-06-13,9984,1,0.5711596959222478,0.08285102123275268,0.5854288611086517,1
2025-06-13,6857,1,0.4991612219340142,0.15604417230845957,0.5570908690322416,1
2025-06-13,6146,1,0.43879702953233246,0.10745545925280853,0.5452983882045804,1
2025-06-13,9433,0,0.5450550972961138,-0.01092328881143223,0.4021928454770254,0
2025-06-13,4063,0,0.5022715319565393,-0.00586380947010956,0.4083289470352612,0
2025-06-13,8058,0,0.48014357420060216,-0.011245770542967048,0.3662665193308905,0
2025-06-13,8001,1,0.4945654930681959,0.027436541113234014,0.3883731959213488,1
2025-06-13,9432,0,0.4685431528283598,-0.01551381241168237,0.29640064889808865,0
2025-06-13,7011,0,0.45875534933034395,-0.0176537418159054,0.5315003250497418,0
2025-06-13,6367,0,0.45007432867763375,-0.03165510935200744,0.2981836520510852,0
2025-06-13,8035,1,0.4902307199491436,0.007773095129870455,0.5376664682318907,0
2025-06-13,6501,1,0.4778454142227329,0.0007524262898217504,0.49395491903891986,0
2025-06-13,8411,1,0.46871235315713755,0.010526368598039237,0.4892414061024796,0
2025-06-13,4502,0,0.5018205985084512,-0.014026206903321792,0.3424455492428883,0
2025-06-13,8766,0,0.5356502635048298,-0.01631545637743881,0.5983125795045513,0
2025-06-13,7203,0,0.5123765595270401,-0.020547931042122602,0.535195241007831,0
2025-06-13,5108,1,0.514801876075503,0.005377124323673099,0.3863425966447259,0
2025-06-13,6098,0,0.4979349134681281,-0.02214397839530069,0.5745661893961344,0
2025-06-13,8306,1,0.49171776269597545,0.011889351898684675,0.4262146531914957,0
2025-06-13,6758,0,0.4845934295160066,-0.03427042135460778,0.501091791390754,0
2025-06-16,9984,1,0.5117481197716967,0.05647724261868281,0.5632541533641267,1
2025-06-16,6098,0,0.49998027829633346,-0.015871039005851073,0.5653775982768124,0
2025-06-16,6367,1,0.4551092110000849,0.003379441690999574,0.30818403369509323,0
2025-06-16,7011,0,0.45068812920663653,-0.038525907791758573,0.5215580341853138,0
2025-06-16,8766,0,0.5322393171745841,-0.0187500069197174,0.5843523969738228,0
2025-06-16,6501,0,0.48048849314577696,-0.022172426595959305,0.4814803294015225,0
2025-06-16,9433,0,0.5171906443483109,-0.009228834997390578,0.36305281569564457,0
2025-06-16,8306,0,0.4728613414954103,-0.006912478591834859,0.38368803915548894,0
2025-06-16,4502,0,0.5017977660724395,-0.01199251612044161,0.30955804740434173,0
2025-06-16,5108,0,0.5155839227572623,-0.0011747317812436098,0.3780381178877624,0
2025-06-16,8001,1,0.465285604791675,0.001206274534999885,0.3899722278129416,0
2025-06-16,6146,1,0.4948456439804489,0.04515194596807781,0.5451395263151313,1
2025-06-16,8035,0,0.4822342142433777,-0.01290862862300135,0.5138214894281635,0
2025-06-16,6857,1,0.5037043503596568,0.04151032910449426,0.49797078768728814,1
2025-06-16,4063,0,0.5007869996363422,-0.014433871581157387,0.3776911781049114,0
2025-06-16,6758,0,0.4765923664679599,-0.055139170797030346,0.48780276926047267,0
2025-06-16,8411,0,0.49231378715055657,-0.002549062117943257,0.4838311184900926,0
2025-06-16,9432,0,0.47261296052307306,-0.030322515750726642,0.25540254446981475,0
2025-06-16,7203,0,0.5180970156447887,-0.023879380169652076,0.5204900232335906,0
2025-06-16,8058,0,0.4553409468404983,-0.028037405040073682,0.34593164558736494,0
2025-06-17,4502,1,0.5086146475585311,0.004603051170694705,0.3138143644593716,0
2025-06-17,8035,0,0.5143717311806667,-0.006067899970631507,0.5444469337045924,0
2025-06-17,7203,0,0.5252793722339707,-0.018912451982096568,0.5261593661461383,0
2025-06-17,5108,0,0.5044882246196806,-0.01229237744792333,0.3808367591649061,0
2025-06-17,7011,0,0.45638852513793804,-0.034183234213746694,0.5208068019067849,0
2025-06-17,6857,1,0.4495995783441211,0.03277488409745821,0.49083688195560377,1
2025-06-17,6146,1,0.35566399743963306,0.030212353038937545,0.49665523029553343,1
2025-06-17,8766,0,0.5350282424785825,-0.007962016007734829,0.55716176970137,0
2025-06-17,4063,0,0.49693081914154286,-0.014288856257704263,0.320131178934494,0
2025-06-17,9433,0,0.4974918110024047,-0.009395397177388243,0.34988707798776736,0
2025-06-17,6501,0,0.474296016550201,-0.003981131767035961,0.4708565223136474,0
2025-06-17,8058,0,0.46163886805401033,-0.01837590936636513,0.3532262282826222,0
2025-06-17,6098,1,0.5150432140802073,0.0027847845489950007,0.5807234978424708,0
2025-06-17,8001,0,0.4689805272505452,-0.009213554842262939,0.4011243450910336,0
2025-06-17,6367,1,0.48304610398899867,0.020186300958149106,0.37943487048545455,1
2025-06-17,9432,0,0.5036194766427463,-0.016938222325527774,0.3428612178100342,0
2025-06-17,9984,1,0.5213178908532385,0.09279537649443381,0.5821880358526558,1
2025-06-17,8411,1,0.47528651630911395,0.011337865904442301,0.33239883347354876,0
2025-06-17,6758,0,0.4690474409481217,-0.044521551392791014,0.46783190501715755,0
2025-06-17,8306,1,0.47693541384731736,0.010504751861604156,0.3985395681020143,0
2025-06-18,6146,1,0.4254078380429028,0.04953973037427617,0.5222271657370893,1
2025-06-18,6367,1,0.44656411293370785,0.011405696721112912,0.2745240549422974,0
2025-06-18,6857,1,0.40899306625108756,0.054537989453700364,0.4334111002952959,1
2025-06-18,8001,0,0.4677249041815419,-0.0387147797793812,0.4084532125975267,0
2025-06-18,6758,0,0.4936728326519862,-0.04070845212867302,0.49831242133516984,0
2025-06-18,8035,1,0.49605732220648,0.02567216920471549,0.5226469191944499,1
2025-06-18,4502,1,0.5016231226734815,0.005308192445229842,0.32140680795995363,0
2025-06-18,7011,0,0.4584626852105089,-0.018010366864789407,0.527896967758789,0
2025-06-18,9984,1,0.5015922209957645,0.07191349499211652,0.5578382861316262,1
2025-06-18,8411,1,0.47087404170658453,0.001511317909603127,0.3192435251009412,0
2025-06-18,8058,0,0.456149148308147,-0.03734583510434408,0.34612413870604847,0
2025-06-18,4063,0,0.49268413473857536,-0.004425729182359839,0.38068435247675275,0
2025-06-18,8766,0,0.47875813492563885,-0.015814276048226716,0.48879456701985813,0
2025-06-18,5108,0,0.4975436030704215,-0.02211225811517603,0.3830676614037909,0
2025-06-18,6501,0,0.4671368966290019,-0.003927324966680135,0.4656173450956157,0
2025-06-18,9432,0,0.4862714901092323,-0.025357671992415676,0.2767044168863122,0
2025-06-18,7203,0,0.5335592208170177,-0.04223434016359806,0.5229754734699378,0
2025-06-18,8306,1,0.48172239838653697,0.005115073327933706,0.41355969454627184,0
2025-06-18,6098,0,0.5221911529894632,-0.008092613616572875,0.5635429644433557,0
2025-06-18,9433,0,0.5016553422950761,-0.019254373662690005,0.34344715571137135,0
2025-06-19,8001,0,0.4949593223176108,-0.004791064211690621,0.40797752405111637,0
2025-06-19,6758,0,0.5091038502138168,-0.004607055584782471,0.5060171617461339,0
2025-06-19,6098,1,0.5143481374195805,0.024797648775850334,0.5681974796086375,1
2025-06-19,9433,0,0.5020173384851061,-0.019455235253860725,0.3575917861283257,0
2025-06-19,4502,1,0.4890576013699857,0.013727206216844756,0.2915997505107596,0
2025-06-19,6146,1,0.4728206746476692,0.09465134250084262,0.5583822494554798,1
2025-06-19,6857,1,0.4398584237910385,0.13455626704435408,0.43857902490328615,1
2025-06-19,6501,1,0.47255858643900844,0.007380068195590006,0.462997208813239,0
2025-06-19,8766,1,0.4738134181570933,0.017975255189937922,0.4983419713391401,0
2025-06-19,8411,1,0.46713954140239444,0.008581575073337788,0.3369300500733853,0
2025-06-19,8058,1,0.462848169480797,0.0003504955366433471,0.33912668427844,0
2025-06-19,7203,0,0.5382451014057428,-0.027321278075196576,0.5016155404808301,0
2025-06-19,8306,1,0.49087365952351325,0.013329898415320507,0.3852026981348838,0
2025-06-19,9984,1,0.48925248370620955,0.1239423883247932,0.5417713248446412,1
2025-06-19,9432,0,0.5332659500432441,-0.032404432583404974,0.3028159283339504,0
2025-06-19,8035,1,0.5288971452863883,0.09916667779798383,0.5753335353447945,1
2025-06-19,5108,0,0.48686748159938653,-0.025094869271198528,0.369149148694194,0
2025-06-19,7011,1,0.4523924724912981,0.0019768664592789698,0.5187789018941569,0
2025-06-19,4063,1,0.5044618097014445,0.03453716699896736,0.449749632776301,1
2025-06-19,6367,1,0.4746310616188871,0.00996569355074084,0.3579443950219801,0
2025-06-20,8001,0,0.5359141762344075,-0.0027900156827987965,0.4431117650397786,0
2025-06-20,9984,1,0.5128257712133959,0.12261941549861399,0.42100341439938005,1
2025-06-20,7011,1,0.47287319673726663,0.05623188034379689,0.5253915787302337,1
2025-06-20,8058,1,0.5438431874927888,0.01937085360666546,0.48020398408372217,0
2025-06-20,6367,1,0.4793185775129123,0.01774602484360477,0.3943631061103535,0
2025-06-20,9432,0,0.5394852062213777,-0.008535840489964808,0.3657309023347431,0
2025-06-20,9433,1,0.5559005432445415,0.017086809208792797,0.4122758727828303,0
2025-06-20,4063,1,0.49944013745166094,0.074863968328573,0.4011312893117356,1
2025-06-20,6146,1,0.42576033325881796,0.14527111397998538,0.5300321844614327,1
2025-06-20,6501,1,0.5136087007396203,0.07268169153895632,0.5011083391522947,1
2025-06-20,8306,1,0.5339403144391583,0.013537638836001342,0.4443818595648808,0
2025-06-20,8035,1,0.4669905081942033,0.14717528833059323,0.5209251498212863,1
2025-06-20,8411,1,0.5203021597069593,0.009654468245878789,0.3841885728851976,0
2025-06-20,5108,1,0.4950711224318223,0.0019636323885294793,0.3897775305155374,0
2025-06-20,4502,1,0.5020905486151956,0.0181903197360187,0.3496819775886814,0
2025-06-20,6857,1,0.4652809624842131,0.07669614372888489,0.4466585697789278,1
2025-06-20,7203,1,0.5518575077449274,0.009790182793442792,0.5257214007351778,0
2025-06-20,6098,1,0.5116211318222835,0.08569221741618116,0.579193374746874,1
2025-06-20,8766,1,0.5358294931518117,0.051485897471410746,0.5266881177956301,1
2025-06-20,6758,1,0.5278330152079417,0.05073465344577843,0.5515053406069707,1
2025-06-23,8058,1,0.5236244332086816,0.028490064552175953,0.4129405795782711,1
2025-06-23,6857,1,0.44091648726593285,0.09732224983286453,0.39972632348950693,1
2025-06-23,9984,1,0.368486298457432,0.1710658053102827,0.33341291731139766,1
2025-06-23,4502,1,0.48697666546261714,0.03291303890300856,0.25202609273353,1
2025-06-23,8411,1,0.4700778675573242,0.02044467555056584,0.3820515992588746,1
2025-06-23,8035,1,0.4671843424236975,0.16768609035803572,0.5412106223201446,1
2025-06-23,8001,1,0.5062146524122219,0.011512689393353925,0.3868213297457137,0
2025-06-23,8306,1,0.4941936938040593,0.02242851410736013,0.3810962495986242,1
2025-06-23,6098,1,0.5343711109968674,0.09241004271633657,0.5978251105571496,1
2025-06-23,7011,1,0.4972792414558766,0.04819973391934962,0.5292170168273568,1
2025-06-23,8766,1,0.5069927388496824,0.05198830028685131,0.5213931654359306,1
2025-06-23,6146,1,0.46540674192068987,0.180559372281208,0.5470474576933025,1
2025-06-23,5108,1,0.4930373822844064,0.01095188006394765,0.3853653469442088,0
2025-06-23,7203,0,0.5166814564910467,-0.00020058462143535127,0.5074642133317668,0
2025-06-23,6501,1,0.4818353067527203,0.07133754747294163,0.49299806161123316,1
2025-06-23,9433,1,0.4920392313970373,0.026702446799612867,0.3446039572558155,1
2025-06-23,6367,1,0.4299017741852659,0.042559720369303555,0.2624623014253614,1
2025-06-23,6758,1,0.5481545873634411,0.056657272522790736,0.5548747484009288,1
2025-06-23,4063,1,0.5061180259004825,0.09199084172689753,0.3931217036155423,1
2025-06-23,9432,1,0.5601650329911787,0.024617399809587104,0.4034241786019658,1
2025-06-24,6146,1,0.43160681524037925,0.1225891486293409,0.5553480104619843,1
2025-06-24,9984,1,0.43290671335469444,0.1381856022608634,0.3914737073414464,1
2025-06-24,6098,1,0.5442316525207115,0.03837415631171304,0.5950456462281634,1
2025-06-24,8001,1,0.48013019683036884,0.013881385768048649,0.392502038556842,0
2025-06-24,8411,1,0.46140634878287845,0.001245605306261055,0.3294121429832439,0
2025-06-24,8306,0,0.4695217993140527,-0.0015213061285742624,0.4027254901993869,0
2025-06-24,6501,1,0.47394906858601926,0.04671490646918275,0.46778092619513834,1
2025-06-24,9432,1,0.5443209739052303,0.013253842972376084,0.3084003353062083,0
2025-06-24,6367,1,0.42659269354175594,0.024657598299629768,0.24254979610169095,1
2025-06-24,8766,1,0.5166566067202382,0.03278684996043868,0.4981634299090381,1
2025-06-24,8035,1,0.48843507533596725,0.10174998782350086,0.5219562469384005,1
2025-06-24,6758,1,0.5488115316076276,0.01562503322260622,0.546466949439056,0
2025-06-24,7011,1,0.5090484050723105,0.05425011560360038,0.5423984503992977,1
2025-06-24,5108,1,0.5023407200441813,0.019690350928627698,0.38137075070944615,0
2025-06-24,7203,0,0.5181613392102999,-0.01485947877548588,0.4766357337183027,0
2025-06-24,9433,1,0.4736468954812486,0.012783580075552692,0.34100562253805083,0
2025-06-24,4502,1,0.4595650420390895,0.006643679242295253,0.2435184362250573,0
2025-06-24,8058,1,0.5168884502418649,0.0294169675012923,0.3646724989396664,1
2025-06-24,4063,1,0.4957964785167676,0.07248016229333176,0.3315032208307636,1
2025-06-24,6857,1,0.41816610771162804,0.09145291418341572,0.3624603402372459,1
2025-06-25,9432,1,0.564145524514773,0.03735835013735356,0.35825172012504525,1
2025-06-25,6146,1,0.4169635108537834,0.055713171802702854,0.5497858558842978,1
2025-06-25,4063,1,0.46198630494251136,0.0611246832796799,0.4361590295362141,1
2025-06-25,6367,1,0.4290796071708472,0.07314849526827549,0.25987165435122206,1
2025-06-25,4502,1,0.47827629934089977,0.018824593769791065,0.25788330600438447,0
2025-06-25,8035,1,0.4875364685153631,0.047891188775359694,0.5453607712232651,1
2025-06-25,6758,1,0.5411376524698609,0.012951253429156484,0.5189249456071036,0
2025-06-25,7011,1,0.4774367941473587,0.02008734342568408,0.5300648123674306,1
2025-06-25,8411,1,0.47073607820398605,0.0020120917046047015,0.3198219157990431,0
2025-06-25,8766,1,0.5205464217751379,0.02957260080824131,0.46873828805151446,1
2025-06-25,9433,1,0.5210556831391407,0.04406853246101683,0.34734373888495307,1
2025-06-25,9984,1,0.4102861038797486,0.15124528568392814,0.3924704916830955,1
2025-06-25,8058,1,0.5261610232934636,0.04944074122450681,0.5597107432326581,1
2025-06-25,6501,1,0.4747020390727753,0.02217845650748629,0.47250247448351274,1
2025-06-25,7203,1,0.5263272318992342,0.002032032762834479,0.5045959573953982,0
2025-06-25,6857,1,0.4321318264026489,0.023061701181009475,0.40954535532828673,1
2025-06-25,8306,1,0.4765737115317932,0.0043257439526580566,0.3932538883159192,0
2025-06-25,8001,1,0.525761690530268,0.041780810614914676,0.4919085474913151,1
2025-06-25,6098,1,0.5175333915363779,0.03137942074608824,0.5617945439298759,1
2025-06-25,5108,1,0.5084805461373367,0.03552293445952759,0.3862936114138137,1
2025-06-26,6758,0,0.5332075595298212,-0.004356121207626962,0.5114364795458854,0
2025-06-26,6146,1,0.407832592310267,0.060373387155777,0.54963061791994,1
2025-06-26,4063,1,0.4731900124261307,0.05214922630461083,0.4831861200761603,1
2025-06-26,8306,1,0.46137791600077255,0.005059432328703206,0.38942308209730575,0
2025-06-26,7203,1,0.530409719659062,0.022389576855217586,0.5073016439555754,1
2025-06-26,8766,1,0.4221061990543195,0.0004997298938926864,0.3679179364853348,0
2025-06-26,6857,0,0.45430480131378786,-0.01588776240096479,0.4514064711157063,0
2025-06-26,5108,1,0.5114418860163751,0.044386783665797624,0.41433417219795154,1
2025-06-26,9984,1,0.43477364515608247,0.08341812617254152,0.40199297084334407,1
2025-06-26,8035,1,0.4365060910245663,0.025398040283522105,0.5431708129369462,1
2025-06-26,4502,1,0.47000367071403876,0.015148045725961179,0.2365176478745851,0
2025-06-26,6501,0,0.4768828897754722,-0.004151399011032231,0.47806623872473697,0
2025-06-26,9432,1,0.4841701999334186,0.03348964554470024,0.40349843273021674,1
2025-06-26,8411,0,0.46450042256091356,0.0,0.3358298825311088,0
2025-06-26,8058,1,0.4817830570226402,0.03241074945297573,0.44585301356925705,1
2025-06-26,6367,1,0.4265332964764629,0.08633990819792015,0.2957681112537647,1
2025-06-26,9433,1,0.5148227910303312,0.029866311488381703,0.3688093166003916,1
2025-06-26,8001,1,0.4582665392916971,0.015244769697062788,0.3952587356435585,0
2025-06-26,7011,0,0.4628012981772345,-0.02395718922304435,0.5225346530461231,0
2025-06-26,6098,1,0.4962504670216533,0.006419715986393237,0.5331833619628351,0
2025-06-27,8035,0,0.3746467030665902,-0.012356825396365956,0.5328958017843376,0
2025-06-27,8001,1,0.45437619184638106,0.004130082033677374,0.3851682569065046,0
2025-06-27,9433,1,0.46463376842317533,0.018233977351982622,0.3824086461514636,0
2025-06-27,8306,1,0.46649391482257657,0.015877036015099488,0.406824982057734,0
2025-06-27,8058,1,0.459565694009189,0.017956679638012618,0.3834057183390775,0
2025-06-27,8411,1,0.4608353149858549,0.020382444424509982,0.34961728712391826,1
2025-06-27,5108,1,0.4768133552130409,0.022286455437569686,0.35617424147673105,1
2025-06-27,7203,0,0.5188150558228386,-0.01681839297615273,0.5597102210677144,0
2025-06-27,6758,0,0.49420510917145183,-0.026912856643152794,0.5056852954260419,0
2025-06-27,6098,0,0.5217697948297989,-0.02785016048327771,0.5299800803846322,0
2025-06-27,8766,0,0.44686021091711914,-0.030562032021059338,0.3362449183579109,0
2025-06-27,6857,1,0.4306049222534359,0.00850257247945474,0.37548881952708646,0
2025-06-27,7011,0,0.4655475080926568,-0.0683314610058483,0.5245141007188574,0
2025-06-27,9984,1,0.38064115437154383,0.06150794036229423,0.31801019165910277,1
2025-06-27,4063,1,0.5036269243655368,0.028704076273990742,0.5278386459744905,1
2025-06-27,6367,1,0.4356842295911373,0.09544207620376333,0.2608601592858136,1
2025-06-27,9432,1,0.5261573911556165,0.019205191639644292,0.27733552988785204,0
2025-06-27,6146,0,0.40993071403221365,-0.03498329111189902,0.4944341255668827,0
2025-06-27,4502,1,0.47263402987550157,0.016949207787129605,0.2840499225022434,0
2025-06-27,6501,0,0.5008397484813,-0.05934576640163092,0.4982084233583466,0
2025-06-30,4502,0,0.4650097366554231,-0.0029377990144854316,0.2636046103765752,0
2025-06-30,6857,1,0.4060366057124459,0.00281560176464124,0.35969478203714106,0
2025-06-30,8035,0,0.390095583402488,-0.02005054232650083,0.5234693582419596,0
2025-06-30,7203,0,0.5144138363188483,-0.015844419253084108,0.5192028404651786,0
2025-06-30,4063,1,0.49258124476063325,0.010896848710795437,0.5096876653226143,0
2025-06-30,8306,0,0.4731986077385011,-0.007060025721671193,0.384312048891305,0
2025-06-30,8411,0,0.4652881884753814,-0.00901580127367596,0.3408692509344542,0
2025-06-30,8058,1,0.469822974350549,0.0053669711133985665,0.36759550774012584,0
2025-06-30,6146,0,0.4181136574932424,-0.014778276870936358,0.4650396352475574,0
2025-06-30,8001,1,0.4624279531713571,0.0025146354575742436,0.39771912810294846,0
2025-06-30,6098,0,0.5205748510134515,-0.01663736460305354,0.5544920566228514,0
2025-06-30,7011,0,0.46919077683319993,-0.05595571911334818,0.512011647781967,0
2025-06-30,6501,0,0.4857790744402894,-0.054221138278619185,0.46410863846085765,0
2025-06-30,9433,1,0.44695395875492594,0.0028226562526980636,0.3695469016138489,0
2025-06-30,9432,1,0.44717810795182344,0.008441614200749736,0.28440806875905383,0
2025-06-30,5108,1,0.4861789425431725,0.004237283783756096,0.36570702640479424,0
2025-06-30,8766,0,0.4308276385301233,-0.0451645255395321,0.31595786752191907,0
2025-06-30,6758,0,0.5109917020125571,-0.012600627840087308,0.4841331252940982,0
2025-06-30,6367,1,0.545494836079876,0.05198241705535822,0.4622776161010191,1
2025-06-30,9984,1,0.4000320595440989,0.006657107208700275,0.3733188081668099,0
2025-07-01,7011,0,0.47262806118680917,-0.07017063302828686,0.5174301374619422,0
2025-07-01,8766,0,0.43849182598086806,-0.04679232574046421,0.31965604568265876,0
2025-07-01,8001,1,0.46457270030627196,0.0127609143307168,0.36834037863736,0
2025-07-01,9984,0,0.3654469259845979,-0.027803459296836475,0.3210464485043498,0
2025-07-01,8035,1,0.45878984310529575,0.007203599063205557,0.5225799175202192,0
2025-07-01,6367,1,0.4805565183887213,0.07902542886343578,0.4209128411304929,1
2025-07-01,8306,0,0.4730766459371379,-0.001015727978031955,0.37153099441697945,0
2025-07-01,5108,1,0.48105376774340236,0.006223768929773943,0.3719160920659672,0
2025-07-01,7203,1,0.521343354134028,0.004891974411210809,0.529997384990557,0
2025-07-01,4502,0,0.4673640576412323,-0.00022751660021025355,0.25638339522119863,0
2025-07-01,6758,1,0.5121439504979044,0.00851650134604176,0.49972961060440346,0
2025-07-01,9433,0,0.47313376144365965,-0.0006107874604257546,0.37008593824997377,0
2025-07-01,9432,1,0.4948008132961124,0.0176586070073399,0.2614521608966413,0
2025-07-01,6501,0,0.4694086004460114,-0.0169450112541929,0.4613693755957585,0
2025-07-01,8411,0,0.47035697266866977,-0.020403124413673757,0.32454776071961006,0
2025-07-01,6098,1,0.5049157751523061,0.02443474155708425,0.5436556166554481,1
2025-07-01,8058,1,0.4698393348135223,0.002078293335441961,0.3802858687028575,0
2025-07-01,4063,1,0.4881306017227348,0.01119330614628411,0.5097033203581993,0
2025-07-01,6857,1,0.3989759874864308,0.017649777714345394,0.35326927907110983,0
2025-07-01,6146,0,0.4235869070408073,-0.013414965648342547,0.5009959335119799,0
2025-07-02,6098,1,0.5135048774634281,0.014725523602893364,0.5533113165777578,0
2025-07-02,6146,1,0.47157228780944943,0.008795503250118797,0.5749439092945744,0
2025-07-02,8306,1,0.4723046227840796,0.002786898690925854,0.37945619606029724,0
2025-07-02,8058,0,0.4772352269983655,-0.011863866408696522,0.4067402548473683,0
2025-07-02,8001,1,0.476894762717905,0.0076265368881049955,0.4462207643179832,0
2025-07-02,6857,1,0.4382692970130206,0.05323740993670367,0.47739737163583923,1
2025-07-02,9432,0,0.4518802679724346,-0.00900326666389284,0.2955051440114668,0
2025-07-02,9984,0,0.3535752443047467,-0.014452237433918547,0.2993623718514684,0
2025-07-02,6758,0,0.5042719934298349,-0.0013601769219704352,0.48930697088791303,0
2025-07-02,6367,1,0.5285191027072887,0.027832983563788716,0.543762986773062,1
2025-07-02,9433,0,0.4733602388365792,-0.014603029732847661,0.417797728729998,0
2025-07-02,8411,0,0.46331035418068334,-0.0022590734566728665,0.3577260366197274,0
2025-07-02,8035,1,0.45219236218279607,0.022192971635194514,0.5123002817807922,1
2025-07-02,4063,0,0.48995308931140985,-0.01047343371330256,0.5346498044934404,0
2025-07-02,7011,0,0.46980115861492766,-0.06050221085342056,0.521886973290008,0
2025-07-02,7203,1,0.5208044743786628,0.00892320047429851,0.4892827647748248,0
2025-07-02,5108,1,0.47483152366317494,0.00631537622448386,0.3820021435730047,0
2025-07-02,6501,0,0.4856123748536941,-0.00675032680734855,0.4820516887192448,0
2025-07-02,8766,0,0.4248516800301904,-0.042669741589305255,0.3202043528326944,0
2025-07-02,4502,0,0.4497788639094764,-0.0018026597734770444,0.23958470157235667,0
2025-07-03,4063,0,0.5028664723543732,-0.035669741326208704,0.531077457802063,0
2025-07-03,9984,1,0.37251664412369917,0.008450601676624814,0.3257128551875706,0
2025-07-03,8766,0,0.43104090014628366,-0.05144856838875722,0.2977033857330739,0
2025-07-03,7011,0,0.4765429835598161,-0.06150731299330503,0.5116645012453489,0
2025-07-03,4502,0,0.4590577561723099,-0.019669907198816672,0.2261221255878475,0
2025-07-03,8411,1,0.4748736177983194,0.0017516900790621737,0.32310283459885936,0
2025-07-03,8058,0,0.476459193894067,-0.0249449208461483,0.406611693008489,0
2025-07-03,8001,0,0.47367415506098576,-0.0002634995419382724,0.4123079087676489,0
2025-07-03,8035,0,0.44206081643587475,-0.010720857910078596,0.5355883124800233,0
2025-07-03,6146,1,0.461311971473218,0.03763579891928237,0.5576872477993982,1
2025-07-03,8306,0,0.47686765209668885,-0.007047586797829575,0.3883263673529984,0
2025-07-03,9433,0,0.485769468336211,-0.012979108592549582,0.4068397015019991,0
2025-07-03,6857,1,0.4354174969162957,0.06790109843378533,0.47775158265749057,1
2025-07-03,6501,1,0.47840746063246214,0.009073106507992312,0.4976415974208791,0
2025-07-03,6758,0,0.5212030360456451,-0.01367243756908898,0.47452284563225877,0
2025-07-03,7203,0,0.4766518388530587,-0.01513036617609842,0.3693107086017756,0
2025-07-03,6367,1,0.49823456568366126,0.028101033825722155,0.5273455921520728,1
2025-07-03,9432,0,0.4469374267162233,-0.011017437534803776,0.29812211520471504,0
2025-07-03,5108,0,0.48483050306414166,-0.007276258495857446,0.4098540245643646,0
2025-07-03,6098,1,0.5246805564798256,0.027845991715117036,0.5487592776123987,1
2025-07-04,7203,1,0.5010704069154555,0.009458692459080709,0.3444647209672775,0
2025-07-04,7011,0,0.514307809482157,-0.061855689493626076,0.577346802744471,0
2025-07-04,6501,1,0.5316714173514139,0.0034773492858770627,0.5930947419462427,0
2025-07-04,8411,1,0.4662181202276897,0.0069050599358435605,0.32689247967868673,0
2025-07-04,6367,1,0.5053456712212455,0.06646182136520706,0.5415899844120926,1
2025-07-04,9432,0,0.4525182719030946,-0.007147356997490695,0.2744703557622835,0
2025-07-04,4063,0,0.4906120866400785,-0.036725438376354225,0.5224607383107133,0
2025-07-04,8766,0,0.5079464310025181,-0.02288137041600935,0.4255037084528282,0
2025-07-04,8058,0,0.47238773180814425,-0.008391844013434735,0.372364842121731,0
2025-07-04,6146,1,0.5808712659580247,0.07694203564363522,0.6447894925389014,1
2025-07-04,4502,0,0.4614531454561608,-0.013964005626353027,0.2062375611368749,0
2025-07-04,6098,1,0.5274986396602741,0.0018286232124706814,0.5357703271456714,0
2025-07-04,8035,0,0.44254248269926105,-0.006439738433207776,0.5070529391900803,0
2025-07-04,9433,0,0.47614274158251657,-0.02474842194458271,0.3815700270877258,0
2025-07-04,8306,0,0.48750839386171263,-0.003969238324682656,0.4222417362422257,0
2025-07-04,5108,1,0.48530398938767083,0.007322356017796627,0.37133223514775815,0
2025-07-04,9984,0,0.36360552855954087,-0.010280402479513895,0.32076289231210453,0
2025-07-04,6758,0,0.5149312880588837,-0.023861154016199593,0.4792909442831281,0
2025-07-04,8001,1,0.4921280685656875,0.010614245372685849,0.38638737010991364,0
2025-07-04,6857,1,0.42043240311044844,0.060889921788710444,0.4715730639873142,1
2025-07-07,6758,0,0.49902321963203927,-0.025522659502355216,0.47334678614283915,0
2025-07-07,6501,1,0.5236847909777667,0.028161918455005264,0.5892443603672187,1
2025-07-07,5108,1,0.4946929111124203,0.019240483242845663,0.38212797962819345,0
2025-07-07,8306,1,0.5071541756222552,0.01193494801230921,0.39954554995965974,0
2025-07-07,8766,0,0.5007189094983181,-0.007369341871897639,0.48635103226798604,0
2025-07-07,7011,0,0.5095142366165465,-0.028755854884267906,0.5934891289734698,0
2025-07-07,9433,0,0.4841287595962588,-0.028146403881949666,0.3874686949150308,0
2025-07-07,6367,1,0.4998293125330207,0.05415964607672574,0.5336643973332466,1
2025-07-07,6146,1,0.491609738776417,0.05404756201214411,0.5668805743954614,1
2025-07-07,6857,1,0.42274205572815615,0.07767892817287714,0.486979328071695,1
2025-07-07,7203,1,0.5042525733181726,0.03179140606301978,0.4920013616814573,1
2025-07-07,6098,0,0.5057629495381207,-0.028118631014983908,0.5736015491282614,0
2025-07-07,9984,0,0.418146504356156,-0.030703719517068073,0.4115182336574496,0
2025-07-07,4502,0,0.4809417170641907,-0.01155946245452677,0.270258644670949,0
2025-07-07,8001,1,0.4731625800738915,0.01768972294186888,0.4000249058776324,0
2025-07-07,4063,0,0.4789944273313658,-0.03461852628675188,0.478384399739776,0
2025-07-07,8058,1,0.47769182289783313,0.0012054411144644117,0.3791726458541477,0
2025-07-07,9432,0,0.46340758402929544,-0.027688393621405738,0.28692453590441624,0
2025-07-07,8411,1,0.46260449273545323,0.024513581750104763,0.4033196284279137,1
2025-07-07,8035,0,0.46220558930053807,-0.023594506526815606,0.4926405454062801,0
2025-07-08,4063,0,0.4776821824038817,-0.03153718870034683,0.4868114348489361,0
2025-07-08,6146,1,0.47271688275413,0.10329202201253174,0.5566761627203686,1
2025-07-08,6857,1,0.4318212608664984,0.06983118400174604,0.46971270426556183,1
2025-07-08,7203,1,0.49754662448771847,0.027180531689527054,0.4646417417645171,1
2025-07-08,8001,0,0.4766598099333305,-0.012075075619757625,0.43731054792169943,0
2025-07-08,8766,1,0.5001848276601071,0.02116223364644454,0.5407152097114267,1
2025-07-08,7011,0,0.5122049358717148,-0.026635108176189637,0.5843373275790421,0
2025-07-08,8411,1,0.4672274022206302,0.03581411292346992,0.4638890241977104,1
2025-07-08,8058,0,0.4827955677020337,-0.010542609877146059,0.4309859318100091,0
2025-07-08,4502,1,0.47163513387228534,0.011837026334994505,0.27346750595881814,0
2025-07-08,9984,0,0.4666389200066221,-0.002383271051885405,0.5098653335213347,0
2025-07-08,6758,0,0.5115064834563808,-0.028602619984990918,0.4895705701611678,0
2025-07-08,9433,0,0.5285110135645598,-0.013240995205749284,0.4424906689225822,0
2025-07-08,8035,1,0.443992915962179,0.005318122228151534,0.5202333335461209,0
2025-07-08,8306,1,0.4755381441834652,0.016014190105565707,0.3777498515142134,0
2025-07-08,6098,0,0.4999290469262211,-0.04177052274624027,0.5655365389009429,0
2025-07-08,9432,0,0.4508548335551576,-0.03470438295465128,0.29576190321854157,0
2025-07-08,6367,1,0.4944415055192668,0.012665293985075543,0.5562952974588343,0
2025-07-08,5108,1,0.48332060494113827,0.002005988928737379,0.37352300407174094,0
2025-07-08,6501,1,0.47074989740258877,0.015294884541673603,0.4802767383081834,0
2025-07-09,8035,1,0.47553155444321915,0.026310918751745627,0.5193882835553263,1
2025-07-09,6857,1,0.43107227894665,0.07422593417137469,0.4974580264285096,1
2025-07-09,5108,0,0.47333046925036837,-0.008257630602586552,0.37637955960162706,0
2025-07-09,8058,0,0.47479607110168576,-0.004698063570983013,0.3600059181446953,0
2025-07-09,7203,1,0.49618509709415676,0.008844180039202287,0.4768734588370196,0
2025-07-09,6501,1,0.4679593035616991,0.02014569810282163,0.4595636200088188,1
2025-07-09,6367,1,0.49867219389421413,0.006355394300212147,0.5240421111832158,0
2025-07-09,9432,0,0.4647523469954323,-0.02530830625892244,0.26246240197552334,0
2025-07-09,6098,0,0.48840938940410455,-0.04725351362004848,0.5355616289494886,0
2025-07-09,9433,0,0.4844012396702536,-0.015022251095781591,0.38167721695818263,0
2025-07-09,9984,0,0.40737908738582435,-0.01135284109560819,0.4788595134563288,0
2025-07-09,6146,1,0.5228729773997741,0.11600865451289843,0.623241176090763,1
2025-07-09,8766,1,0.4939396071253832,0.013007282122821762,0.4568815090854891,0
2025-07-09,8411,1,0.4698850895082859,0.022389978631193852,0.33387450884442926,1
2025-07-09,7011,0,0.5098892261974561,-0.0006075833172124456,0.5728396097743047,0
2025-07-09,8306,0,0.47373579130259985,-0.004547711480705097,0.384130540428933,0
2025-07-09,8001,0,0.47638091936925014,-0.012919161244992483,0.41640569227828406,0
2025-07-09,4063,0,0.4855057287090253,-0.023285306093661418,0.5105858673072737,0
2025-07-09,6758,0,0.5053635619390192,-0.03568510654198043,0.4745759992977965,0
2025-07-09,4502,0,0.45226417282955234,-0.012415394690166393,0.24493861890187715,0
2025-07-10,8766,1,0.49196290408238835,0.045813591690327726,0.5157448306708896,1
2025-07-10,8411,1,0.46658272296365166,0.025980576039960956,0.3401775333774756,1
2025-07-10,6758,1,0.5077311407912982,0.007208221494291234,0.496452702642729,0
2025-07-10,8035,1,0.490097021848848,0.037742910917372585,0.5546484508395754,1
2025-07-10,6857,1,0.4177901004114505,0.04090707527181725,0.46121726662432005,1
2025-07-10,6146,1,0.5030612078063553,0.092071598603785,0.5938757053045354,1
2025-07-10,4063,1,0.5376458213817965,0.0025806497218103797,0.5489575489401155,0
2025-07-10,4502,1,0.47577597013308637,0.01752771290633981,0.35316340323946077,0
2025-07-10,8058,1,0.5059199138091995,0.00452489712756976,0.39661796173954933,0
2025-07-10,9433,1,0.5050025377211096,0.00904042269933436,0.411781274668698,0
2025-07-10,6098,0,0.4915240488979227,-0.03926487294895897,0.5500201865168544,0
2025-07-10,9432,0,0.49632976374507043,-0.014416902198439052,0.29847856595407296,0
2025-07-10,5108,1,0.48514844159643855,0.006163551776467768,0.3739242505009461,0
2025-07-10,6367,0,0.49402294857228296,-0.0033131114440775322,0.5506768224504481,0
2025-07-10,9984,0,0.40765414955488577,-0.004189939295927592,0.461489459053489,0
2025-07-10,6501,1,0.48159773385285065,0.029404547999458464,0.48020687894261105,1
2025-07-10,7011,0,0.502679464525657,-0.004000026298064507,0.5640640450645703,0
2025-07-10,7203,1,0.48076918109495825,0.019001307425677405,0.39682586074593645,0
2025-07-10,8306,0,0.4716466637538648,-0.0005069308390800442,0.3837136581081523,0
2025-07-10,8001,0,0.47240385884607244,-0.0009222858808269896,0.43691824256380357,0
2025-07-11,6857,0,0.421142649079538,-0.012361926888326602,0.44536956171670344,0
2025-07-11,6146,0,0.479398296937487,-0.019006135058978635,0.5703511499342124,0
2025-07-11,7203,1,0.46554201447063853,0.003189796183279192,0.3390419879377523,0
2025-07-11,4063,0,0.544610325182714,-0.002981918611262402,0.52614453197334,0
2025-07-11,8411,1,0.4685027327912701,0.0105314962260461,0.3586408054939943,0
2025-07-11,4502,0,0.46958544360335974,-0.008451317047212026,0.24947546260267647,0
2025-07-11,6098,0,0.4959407187008938,-0.016305764139970425,0.532153241142033,0
2025-07-11,8058,0,0.4787410410712824,-0.006562974885577888,0.371825583407796,0
2025-07-11,9984,1,0.43018099993864123,0.06043441613630707,0.5242605917993258,1
2025-07-11,8001,0,0.4729033251045975,-0.008270903982140476,0.3906547988721871,0
2025-07-11,8306,0,0.4715332966862831,-0.01967617057284743,0.40857092321490845,0
2025-07-11,9432,0,0.48406558961302526,-0.012434692176693352,0.268865813078484,0
2025-07-11,8035,1,0.4925102423097862,0.03148148298375264,0.5252490631237449,1
2025-07-11,6501,1,0.47552961086968115,0.07500011157282893,0.4823706716948698,1
2025-07-11,6758,0,0.5342117662212452,-0.00972231042208238,0.48780128292506586,0
2025-07-11,5108,0,0.4779325742301291,-0.010077640763248574,0.3839089736439902,0
2025-07-11,7011,1,0.5423881982269516,0.008163242330077702,0.6016632433833924,0
2025-07-11,8766,1,0.46571673188945845,0.020815297446411307,0.3140482810936096,1
2025-07-11,6367,0,0.5067853987821624,-0.0539408100905745,0.5666244845704581,0
2025-07-11,9433,1,0.519152390374552,0.016505049740704658,0.3966381794631912,0
2025-07-14,6098,0,0.5094171090131409,-0.013362810760718657,0.5306301016687277,0
2025-07-14,4502,0,0.46568147409200095,-0.024306245500748003,0.25739991031065773,0
2025-07-14,8306,1,0.4756402666758528,0.003764135308641059,0.3844666838959845,0
2025-07-14,7203,0,0.4793144170076153,-0.013825884119856413,0.34797367843269517,0
2025-07-14,6758,0,0.5147741540671906,-0.013931418317822963,0.47384061968091234,0
2025-07-14,6146,0,0.47415202376009635,-0.021007406961826902,0.5817400624468078,0
2025-07-14,8766,1,0.45757970509551066,0.017783271852868987,0.28795857084885146,0
2025-07-14,9984,1,0.5160609687677948,0.12573099722129677,0.5823384384138615,1
2025-07-14,8035,1,0.4829485500408862,0.037757243266842266,0.5430611804261798,1
2025-07-14,5108,0,0.48224568570917364,-0.003642990295671833,0.3724431969826775,0
2025-07-14,8001,0,0.4780926545813985,-0.013361072752821612,0.40040281653732723,0
2025-07-14,9432,0,0.5086989939128277,-0.006622584380708285,0.3284110162138105,0
2025-07-14,9433,1,0.5300744817383539,0.008895361780147937,0.410608079123403,0
2025-07-14,6501,1,0.46979375594560324,0.07850341933357297,0.457961721406979,1
2025-07-14,8411,1,0.46373710922384226,0.03157368499110147,0.3558348256270982,1
2025-07-14,6367,0,0.4740487390990667,-0.03045552558289233,0.5093196931566671,0
2025-07-14,4063,1,0.5351246938337311,0.01717843648668982,0.5189304300232449,0
2025-07-14,7011,1,0.5179384913205779,0.030211515556778368,0.555217502343058,1
2025-07-14,6857,0,0.41084985146910674,-0.014763355733435679,0.4569559010477414,0
2025-07-14,8058,1,0.4775499454109799,0.0024079795513749502,0.3718570884281619,0
2025-07-15,9984,1,0.45730449975759985,0.12995705477104802,0.5542609585268872,1
2025-07-15,6367,1,0.44725262207965216,0.03317023243635964,0.4701413660924724,1
2025-07-15,8766,1,0.4167279031804849,0.04025819356655447,0.29777235083874654,1
2025-07-15,7011,1,0.5296568102913399,0.03526906614668324,0.55454398412331,1
2025-07-15,4502,0,0.4599743515200385,-0.022497247272140974,0.27662048523743715,0
2025-07-15,5108,1,0.4944760718556277,0.01718382617442371,0.37213662053738983,0
2025-07-15,6501,1,0.4819972765315961,0.06408415709137882,0.48011376118505716,1
2025-07-15,9432,1,0.5442838229938525,0.011318180509687359,0.3835624638580694,0
2025-07-15,9433,1,0.5088910227158062,0.02332783517635484,0.3855393695777339,1
2025-07-15,8058,1,0.4817230458691311,0.05432305043072794,0.36575158992845563,1
2025-07-15,6098,1,0.5142307048088394,0.04260063143553383,0.5450915320413476,1
2025-07-15,4063,1,0.5232511163299228,0.05952113338931908,0.5195941910468701,1
2025-07-15,6857,0,0.41099676763881127,-0.02645057900092873,0.4557884884027195,0
2025-07-15,6758,1,0.5250011876451866,0.03533378274240229,0.49261102304666726,1
2025-07-15,8306,1,0.4756247143990953,0.04953716095695282,0.410004818384228,1
2025-07-15,6146,0,0.39189273011601744,-0.0787026926474742,0.49258627692693974,0
2025-07-15,8035,1,0.4908633606053575,0.02225471378956123,0.5301558155338075,1
2025-07-15,8411,1,0.4671855484828459,0.07896026102638731,0.33572265575735977,1
2025-07-15,7203,1,0.48070670130137927,0.12736972051824824,0.34987967978145706,1
2025-07-15,8001,1,0.48600759057648607,0.046632112321744135,0.437104326111405,1
2025-07-16,5108,1,0.4962340459822448,0.05578690948163545,0.35952731931600307,1
2025-07-16,6501,1,0.4781738053066786,0.09992854196220491,0.4677631477459766,1
2025-07-16,8766,1,0.45532577997671586,0.07498714514714955,0.29155032344767906,1
2025-07-16,8035,1,0.4668320156586411,0.004661202847069168,0.5441336678134991,0
2025-07-16,7203,1,0.4856757860413516,0.1334927512054589,0.34771951090418174,1
2025-07-16,6367,1,0.45095388224730887,0.07825363259289109,0.4595894385130835,1
2025-07-16,9984,1,0.4461450667936342,0.16267929718062946,0.5375750356288047,1
2025-07-16,9432,1,0.5104085983675538,0.016644488164075932,0.28746943424420607,0
2025-07-16,8001,1,0.483769426479029,0.05869908032034066,0.3763199236360602,1
2025-07-16,7011,1,0.5386132577668327,0.09240119592895635,0.5108367656404663,1
2025-07-16,6758,1,0.529524131332042,0.06977401777275949,0.5023233999095911,1
2025-07-16,8411,1,0.4697839664060697,0.12032479700649423,0.3251593500673823,1
2025-07-16,9433,1,0.4989882979191097,0.03544923813803802,0.3805017367545221,1
2025-07-16,4063,1,0.4865750392504939,0.08430860517085037,0.48851181023064394,1
2025-07-16,6098,1,0.5123789543296868,0.11266364535558693,0.5611801157508568,1
2025-07-16,8058,1,0.47376054016765506,0.06853142997423012,0.386257132971391,1
2025-07-16,6857,0,0.41115138346045593,-0.038999578732740736,0.4658808220283742,0
2025-07-16,4502,0,0.46380636987775564,-0.005714243229576144,0.26220685759342705,0
2025-07-16,6146,0,0.36843508827800253,-0.0694444385077071,0.47891981602071254,0
2025-07-16,8306,1,0.48130284975522797,0.10228426304850058,0.4167128974205253,1
2025-07-17,6501,1,0.4702695919127516,0.08923519123659207,0.4836589942704891,1
2025-07-17,6857,0,0.4010661652638305,-0.017941025837213576,0.45071532929077535,0
2025-07-17,6146,0,0.34044197455017866,-0.057483492874812914,0.4162789907478693,0
2025-07-17,4063,0,0.45776642682849783,-0.02831407822182741,0.4071379560247455,0
2025-07-17,8411,1,0.46697971747943984,0.10421233770166949,0.32317531644961467,1
2025-07-17,9984,1,0.4459970319876837,0.1411875410119403,0.5257505846480843,1
2025-07-17,8058,1,0.4769474809979129,0.05162858799159209,0.3751508705097906,1
2025-07-17,8035,1,0.4739680848742699,0.00684189921141054,0.5113240156281901,0
2025-07-17,9432,1,0.4988297375693205,0.011303339663620404,0.2631121697933385,0
2025-07-17,6098,1,0.5077722441263199,0.0959005979061871,0.550085106130473,1
2025-07-17,9433,1,0.49089484730887445,0.01710460996891272,0.39310343679920234,0
2025-07-17,5108,1,0.4790785328295404,0.034933827902552395,0.36789783895594164,1
2025-07-17,6758,1,0.5510985679503633,0.02009356105174276,0.49520846820781,1
2025-07-17,7203,1,0.4762908334041535,0.1057330221974766,0.3762040990225113,1
2025-07-17,7011,1,0.5809364836848369,0.10441767708162852,0.5643402524248073,1
2025-07-17,8001,1,0.4727993861848643,0.04180408434124594,0.4136730837599419,1
2025-07-17,4502,0,0.44086103617022004,-0.019265655562646478,0.2186323630641082,0
2025-07-17,6367,1,0.4606567474743819,0.06232689606609987,0.4796906841825575,1
2025-07-17,8766,1,0.45546756769417884,0.02668682827659863,0.32915412511712056,1
2025-07-17,8306,1,0.4732323322026922,0.0940907288796724,0.3958775574004512,1
2025-07-18,6758,1,0.5341732229751557,0.020476902115920348,0.48515855236345623,1
2025-07-18,8035,0,0.4728222451916303,-0.01867144667140974,0.5216735620825437,0
2025-07-18,8058,1,0.47090765339846147,0.04120308750963986,0.37093508758014865,1
2025-07-18,9984,1,0.4591973889665883,0.0440783966223095,0.5325797012907677,1
2025-07-18,8411,1,0.4687237297281231,0.07077067042028373,0.30146991559613245,1
2025-07-18,7011,1,0.5739878204085047,0.09934598260058403,0.5661566393871535,1
2025-07-18,6367,1,0.4670660604013108,0.06531961745053438,0.5097181583816176,1
2025-07-18,4502,0,0.4544376516953847,-0.008293056208921401,0.2802302829908759,0
2025-07-18,6146,1,0.5093860491942873,0.009570447127229098,0.5832139209967298,0
2025-07-18,9432,1,0.5075495282788378,0.003313434599535592,0.270684951233791,0
2025-07-18,4063,0,0.4579533876713563,-0.042939487124271536,0.3700379453735201,0
2025-07-18,8766,1,0.45025160636406686,0.02820725046089545,0.283673935482746,1
2025-07-18,7203,1,0.48197905398333946,0.11486481621845401,0.38148125544563855,1
2025-07-18,6857,0,0.45745255704070936,-0.06437199149991824,0.5057110080704081,0
2025-07-18,9433,0,0.4842158283393363,-0.0014207296460078123,0.41895568092267077,0
2025-07-18,6501,1,0.5026901657176015,0.042366932123007794,0.49642810857825587,1
2025-07-18,5108,1,0.5016444626133646,0.03888515142298843,0.3688992916750593,1
2025-07-18,8001,1,0.4737410955283251,0.038654956413761266,0.3880049392497002,1
2025-07-18,8306,1,0.47978805832884,0.0698678857061914,0.4047295377163438,1
2025-07-18,6098,1,0.48926804797370466,0.119495355752121,0.5153371586410755,1
2025-07-22,8306,1,0.4721991183347642,0.035750019726978666,0.416899183129937,1
2025-07-22,8411,1,0.4671093752190832,0.04495469989285539,0.28038416351019996,1
2025-07-22,8058,1,0.47246693098925385,0.010295097377977402,0.3886119820979848,0
2025-07-22,4502,1,0.49588928287139433,0.007285448417474694,0.40534064952170007,0
2025-07-22,4063,0,0.46063637828204285,-0.07283090630231837,0.32229129163700415,0
2025-07-22,6857,0,0.43135778941517494,-0.08726302631393712,0.4886161619132686,0
2025-07-22,5108,1,0.4813343064071211,0.021439281064411952,0.3752335715655996,1
2025-07-22,6098,1,0.4800146955853177,0.14935389259499354,0.5090940680489616,1
2025-07-22,7011,1,0.4887995051472141,0.020234610420818866,0.5224501866028417,1
2025-07-22,8035,0,0.5048037427919266,-0.017645939312000203,0.540292019339837,0
2025-07-22,6758,1,0.5194069057553358,0.018649305371774005,0.4692320746369482,0
2025-07-22,9984,1,0.4588239698145439,0.000865733858848694,0.5154248246282047,0
2025-07-22,6146,0,0.5429164246411241,-0.02861097772458676,0.6555451087867823,0
2025-07-22,8001,1,0.4756737384429981,0.02064167839563913,0.39361991614025715,1
2025-07-22,6367,1,0.46698055472451,0.04889378549447265,0.48325004732411353,1
2025-07-22,6501,1,0.47570859879282296,0.010657585551582027,0.4817721667678288,0
2025-07-22,8766,1,0.43854043239183205,0.015776040554816628,0.26629570853371515,0
2025-07-22,9432,1,0.5189008861051528,0.007333503619779247,0.27643550255247895,0
2025-07-22,9433,1,0.4945184966480077,0.01025222726961883,0.40539680446699605,0
2025-07-22,7203,1,0.48485473675352053,0.09813742926500102,0.38842384285024345,1
2025-07-23,6857,0,0.4978189832823192,-0.10210343461255,0.500439503100416,0
2025-07-23,6758,0,0.5205011509594001,-0.013542823185925812,0.5008796937553581,0
2025-07-23,8001,0,0.5356625415684472,-0.004569694737799557,0.5243299397274984,0
2025-07-23,4502,0,0.46100203156966085,-0.01127731160850387,0.2756387748703821,0
2025-07-23,5108,1,0.5042532024975597,0.008036761154942118,0.41722922348130054,0
2025-07-23,4063,0,0.4952843955596204,-0.10604512413536671,0.5289166875697439,0
2025-07-23,6501,1,0.47011024124539086,0.03168547702439639,0.4867973306014549,1
2025-07-23,6367,0,0.5000862439500589,-0.007894795540084543,0.5353765697981585,0
2025-07-23,8035,0,0.46710346871774405,-0.02694504885704374,0.5409502975764574,0
2025-07-23,9984,0,0.4505123551010759,-0.027484128534261187,0.5118239228831087,0
2025-07-23,8058,0,0.528351994703408,-0.01722990969738203,0.5057296973933292,0
2025-07-23,9433,0,0.47277474895917804,-0.006253869792829159,0.4095214138776354,0
2025-07-23,6146,0,0.6585565128953175,-0.0021121337210108226,0.7610349879493447,0
2025-07-23,8306,0,0.5277129396016451,-0.004052484751718044,0.5262036998055334,0
2025-07-23,6098,1,0.5266112555876504,0.061765049245898096,0.5455980874427726,1
2025-07-23,7203,0,0.5179704296846861,-0.03888598818675837,0.5436935697411229,0
2025-07-23,9432,0,0.47863046667753006,-0.003291621454702409,0.29457657713096475,0
2025-07-23,7011,1,0.470350600383048,0.06020562578530608,0.5165425651950253,1
2025-07-23,8766,0,0.5064033358205132,-0.01665576496788146,0.5266455298401685,0
2025-07-23,8411,0,0.5346933038658148,-0.003409109283941336,0.5091254509423283,0
2025-07-24,4502,0,0.4521645696367651,-0.034482792865947354,0.24817877371374422,0
2025-07-24,6146,1,0.647193339759922,0.06226683125879817,0.7527663047847777,1
2025-07-24,5108,0,0.5242597200573147,-0.03296532713365741,0.4373598407964455,0
2025-07-24,7011,1,0.4949349987119348,0.010016697913324712,0.5285736756913414,0
2025-07-24,8001,0,0.4696936128381442,-0.009365622821945863,0.38272209574506544,0
2025-07-24,9984,0,0.451379315184026,-0.027983471711042762,0.48057198447631283,0
2025-07-24,7203,0,0.49813945239531104,-0.05203020228611577,0.5433796771749995,0
2025-07-24,8411,0,0.45423818827989815,-0.01559413905289364,0.4333881561975401,0
2025-07-24,9433,0,0.4797765025823215,-0.010549323336288885,0.4114387784617156,0
2025-07-24,9432,0,0.46623932800178475,0.0,0.2963153706358278,0
2025-07-24,8058,0,0.47571270609668737,-0.022251320586022194,0.3701321966707387,0
2025-07-24,6501,1,0.49896868638958997,0.01600697786911498,0.49060181521397034,0
2025-07-24,4063,0,0.47791657840508706,-0.12152707023948517,0.49478827990026214,0
2025-07-24,6857,0,0.5547225788878294,-0.08689896431821764,0.5820024655662608,0
2025-07-24,8035,0,0.46943220409056796,-0.02462526043789315,0.5185521980133844,0
2025-07-24,8306,0,0.5077747118316178,-0.02809123075729847,0.5045736914133265,0
2025-07-24,6758,0,0.5028391660586965,-0.027726490125204784,0.479189835673358,0
2025-07-24,6098,1,0.5059088166124803,0.024097788035384538,0.5475807753969429,1
2025-07-24,6367,0,0.5273786587254763,-0.051438839042741824,0.5585853019606541,0
2025-07-24,8766,0,0.4981826385292743,-0.024685450784953766,0.5250276783389711,0
2025-07-25,5108,0,0.4804845976764036,-0.003199468658947935,0.3878937756733447,0
2025-07-25,6501,0,0.4624017657346179,-0.0717382516076207,0.4607474269650482,0
2025-07-25,6098,1,0.4946331945813847,0.030378663901284186,0.5663908547146395,1
2025-07-25,9984,0,0.43016189822939044,-0.050798853290620616,0.4877030047558931,0
2025-07-25,7011,1,0.48562341314248786,0.007832124364291593,0.513403278968386,0
2025-07-25,9432,1,0.46860762332999617,0.024983423475802846,0.2985659604545412,1
2025-07-25,4063,0,0.516433784740567,-0.03642387964791838,0.5342554060791792,0
2025-07-25,8058,0,0.4813885224224366,-0.002306423818365988,0.3773880746859357,0
2025-07-25,6857,0,0.4833538793037367,-0.1113527624041657,0.488977497000527,0
2025-07-25,8766,1,0.48267447570434574,0.01078957820954396,0.5266878396452607,0
2025-07-25,9433,1,0.4864718455116629,0.01401388316492258,0.4115207958944368,0
2025-07-25,6367,0,0.49770286294332233,-0.019556756816210497,0.5321940314854808,0
2025-07-25,7203,0,0.5002031112182794,-0.022425492994160523,0.5481874897418423,0
2025-07-25,8306,0,0.4869877410125273,-0.01390816204450418,0.4931225655938409,0
2025-07-25,8035,0,0.43581761466264557,-0.1986766691544698,0.49654802155897376,0
2025-07-25,6146,0,0.6397908632815221,-0.008131916691856644,0.6806729322923145,0
2025-07-25,6758,0,0.5211227232788309,-0.007015665188111253,0.4893813687514223,0
2025-07-25,8001,0,0.47211180633470246,-0.008227843400682833,0.4215327085642244,0
2025-07-25,4502,0,0.4585986876943547,-0.025421802704724272,0.2441814721468357,0
2025-07-25,8411,0,0.46710956803221243,-0.018302199916541473,0.4362166016657421,0
2025-07-28,9433,0,0.49522191114511604,-0.013821185165706407,0.4065695476444474,0
2025-07-28,6146,0,0.5135313889912371,-0.0196531309642195,0.6557108946087906,0
2025-07-28,4502,0,0.47923249700713494,-0.01997678034201178,0.2651208105723304,0
2025-07-28,8001,0,0.47410860448308856,-0.019627778329349255,0.41813817381832313,0
2025-07-28,4063,0,0.4860869103622826,-0.029910784906726717,0.5596993653338274,0
2025-07-28,8058,0,0.486208902251213,-0.0026715510944909093,0.40713265176478153,0
2025-07-28,8306,0,0.5036199303978605,-0.027784398721655168,0.5002673104738149,0
2025-07-28,6857,0,0.5709075867518899,-0.03965601219309178,0.6228221843738746,0
2025-07-28,9432,1,0.48945905855075394,0.011228577056930922,0.2901735596343579,0
2025-07-28,6758,0,0.5066549404631626,-0.005772414510282986,0.4950922847178497,0
2025-07-28,5108,0,0.4906071568172696,-0.0062650508977588615,0.39548568123107397,0
2025-07-28,9984,0,0.45121157400775797,-0.012366741265143477,0.5249531150330501,0
2025-07-28,7011,1,0.47950102855965965,0.004532602777239436,0.5131154262237232,0
2025-07-28,8035,0,0.4233222418816256,-0.17727779648997954,0.513677668786337,0
2025-07-28,6098,0,0.502832647303725,-0.05204417695208574,0.5566062416809394,0
2025-07-28,6367,0,0.48696725598239204,-0.032995522133760335,0.5275938290461697,0
2025-07-28,7203,0,0.48774905900540727,-0.04634572951274096,0.527898633028615,0
2025-07-28,6501,0,0.4717828946402414,-0.08438248481350097,0.4398228289636628,0
2025-07-28,8766,0,0.48108054855781573,-0.0029746780334513057,0.4978759710447001,0
2025-07-28,8411,0,0.46452343574250704,-0.02716153242385111,0.44543038418031083,0
2025-07-29,8035,0,0.4255166200114507,-0.17055555068000317,0.516251834674668,0
2025-07-29,6758,1,0.49911069980894884,0.006380041225741984,0.4796285306599511,0
2025-07-29,8411,1,0.4578145644573083,0.005720777753356554,0.4233629793969826,0
2025-07-29,6367,0,0.47175878126489684,-0.035416620033807744,0.5182644416107011,0
2025-07-29,8766,1,0.4810519818280849,0.016198970065795404,0.5107948007112791,0
2025-07-29,8058,1,0.472759945782589,0.019701138593329892,0.379716088595736,0
2025-07-29,6146,0,0.5691608254106533,-0.006413347247945067,0.6645348933132398,0
2025-07-29,8001,0,0.4772808133925638,-0.007471314412467955,0.42346827869697024,0
2025-07-29,9984,1,0.4424236283474488,0.028546707454412568,0.5289503075303481,1
2025-07-29,6857,0,0.5436436487115853,-0.02993730533593053,0.6175692767925092,0
2025-07-29,9433,1,0.49195831148806973,0.014410374700827733,0.37422023456362663,0
2025-07-29,5108,1,0.49199183532890167,0.009437032429965297,0.37921910973334194,0
2025-07-29,9432,1,0.4917324646890645,0.02117790836197564,0.2669370003724325,1
2025-07-29,7011,1,0.4645238482780645,0.07760853193333239,0.5048066830601562,1
2025-07-29,4502,0,0.4931522690606789,-0.016798894821253296,0.2824576007784259,0
2025-07-29,6501,0,0.47464352846852925,-0.07426526297496394,0.4527755957414193,0
2025-07-29,8306,0,0.493316800811445,-0.005792934056373378,0.4953745265803512,0
2025-07-29,4063,0,0.5123049921956909,-0.012978137274267998,0.5823765970617197,0
2025-07-29,7203,0,0.5129900193950758,-0.02279777530303717,0.5582984771537688,0
2025-07-29,6098,0,0.5009668913809786,-0.0574053649657964,0.5624813521279326,0
2025-07-30,6501,0,0.4804918357020653,-0.09583964882104501,0.4589900661789236,0
2025-07-30,6367,1,0.4629697899113317,0.012201577400910102,0.48393399560059497,0
2025-07-30,5108,1,0.4883505384594684,0.020663848289069975,0.38389340928720667,1
2025-07-30,9984,1,0.4808202837356117,0.07782606619064647,0.5495593983880231,1
2025-07-30,8766,1,0.48580619439938894,0.02241781456092573,0.5028979617849603,1
2025-07-30,6146,0,0.5214508447730205,-0.03974604084010458,0.6424019995231111,0
2025-07-30,7203,0,0.4879807284650188,-0.008201223048928785,0.5298310078823739,0
2025-07-30,4502,0,0.484367076332113,-0.013268125774234751,0.26494366554555837,0
2025-07-30,6758,1,0.5035632207479519,0.01784737397173597,0.4913056645016787,0
2025-07-30,9433,1,0.4815561769752569,0.015022455647131006,0.3721916729971659,0
2025-07-30,9432,1,0.4835006419876323,0.011228577056930922,0.2641213423432162,0
2025-07-30,8306,0,0.4792576440597501,-0.005504954767518888,0.4762631994262591,0
2025-07-30,8035,0,0.46469981572377955,-0.20960938384931116,0.5405348594622025,0
2025-07-30,8058,1,0.48967233594717496,0.043492944909532705,0.3737437932857101,1
2025-07-30,6098,0,0.4975542966472348,-0.06768101309672192,0.5757791174249559,0
2025-07-30,4063,0,0.5000349068577561,-0.0029599419600546684,0.5606162712051282,0
2025-07-30,8001,1,0.4730848186519184,0.006375890101479431,0.4209240483160975,0
2025-07-30,7011,1,0.488751615958446,0.08781163955045868,0.5233241427454548,1
2025-07-30,8411,1,0.4628990638421302,0.016191588774367993,0.43147518590606804,0
2025-07-30,6857,0,0.4783978894983465,-0.01610540089289758,0.5487447874932357,0
2025-07-31,8306,1,0.5011005496369558,0.0026060511905647843,0.49957494928336416,0
2025-07-31,6758,1,0.5230674424983912,0.048343328207711034,0.5037914114984043,1
2025-07-31,6098,0,0.4964445708908605,-0.08517452607295628,0.558517954852235,0
2025-07-31,6146,0,0.4942647558137473,-0.11964876537129321,0.5526138028645987,0
2025-07-31,9433,1,0.48247810696584204,0.017099133094201857,0.3729568401124112,0
2025-07-31,7203,0,0.5173511458799541,-0.00611910801199711,0.5555352270870444,0
2025-07-31,8766,1,0.49673035031625795,0.018125415502915576,0.5220143030817374,0
2025-07-31,9984,1,0.5074740176487704,0.06350548303227055,0.547363900028066,1
2025-07-31,8411,1,0.46654679448430725,0.004685411292877584,0.44139098490051,0
2025-07-31,6501,0,0.4765516705503577,-0.10432194819475893,0.46825031021041347,0
2025-07-31,9432,1,0.4857120867689283,0.024885466584930516,0.3593016898684731,1
2025-07-31,8035,0,0.4363678689688337,-0.23088187947540073,0.5073113863229756,0
2025-07-31,8058,1,0.4898800853350519,0.03145920169335392,0.3899589429187007,1
2025-07-31,4063,1,0.49789088745117,0.006143384003540975,0.5606908397594909,0
2025-07-31,8001,0,0.47791440454990286,-0.006933066279093958,0.44824333272846134,0
2025-07-31,7011,1,0.4801587856777446,0.07217628785103258,0.5168860909485219,1
2025-07-31,6857,0,0.5022026926136423,-0.023188398662397858,0.5786824044290999,0
2025-07-31,4502,1,0.5175999361959659,0.007142888691764382,0.5134127170311271,0
2025-07-31,6367,1,0.5055544692000465,0.05046986097635964,0.5678395617739291,1
2025-07-31,5108,1,0.5371260152874374,0.020388171277934575,0.4261967278459158,1
2025-08-01,6367,1,0.49155337102645075,0.06648933214757546,0.5172500532550249,1
2025-08-01,4502,1,0.5101482026860266,0.011382489104087012,0.3587533591007023,0
2025-08-01,9984,1,0.5411225432211458,0.19680611553971383,0.6222815164156013,1
2025-08-01,6098,0,0.4918391413250638,-0.06457649146894251,0.5582213937636276,0
2025-08-01,8411,1,0.45173321709611547,0.02178795910213771,0.4364067839827685,1
2025-08-01,9433,1,0.4711554468861418,0.01836136134722266,0.3990597835854411,0
2025-08-01,8001,1,0.47569997190192703,0.01965541423909989,0.4726269100054523,0
2025-08-01,7011,1,0.47430053067301764,0.07466000827527353,0.512365998961201,1
2025-08-01,6501,0,0.523402949791474,-0.012841447492860758,0.4953692549243691,0
2025-08-01,8035,0,0.5076412833465479,-0.04976575832288044,0.6181055830697917,0
2025-08-01,7203,1,0.4625340277925311,0.017801323182378814,0.5046536995462193,0
2025-08-01,5108,1,0.4871348498096832,0.0510350548427847,0.41233304828936873,1
2025-08-01,9432,1,0.45966982764441594,0.026298968250923593,0.33250511828332513,1
2025-08-01,6758,1,0.5039845503466641,0.08559780866104205,0.4787606956686301,1
2025-08-01,6857,1,0.5005903732904209,0.026431735387010713,0.5624024208763948,1
2025-08-01,8766,1,0.48827514550758494,0.010836187479440929,0.5285058036209154,0
2025-08-01,4063,1,0.5186513081827591,0.01695297186161504,0.5957044829060951,0
2025-08-01,8306,1,0.4749709071911859,0.001175271573801373,0.487491121716043,0
2025-08-01,8058,1,0.4836456502117209,0.032364579895065804,0.3942428141639947,1
2025-08-01,6146,0,0.4855089227023113,-0.07629236118244609,0.5890464430189527,0
2025-08-04,8306,1,0.5042662166431974,0.08622371946375607,0.5264799965008424,1
2025-08-04,4502,1,0.5096011844634412,0.029864908044893612,0.2822169885440914,1
2025-08-04,6857,1,0.5124257906980809,0.1094526907222988,0.5918686765001229,1
2025-08-04,6098,1,0.4937379772411568,0.024594863020153124,0.5346870803407012,1
2025-08-04,6146,0,0.5261341893409425,-0.004952875722760819,0.6280870941120356,0
2025-08-04,9433,1,0.5198054642813393,0.08347067311166811,0.4908201458136028,1
2025-08-04,8766,1,0.4887857183126515,0.058345800670470016,0.5168373399607857,1
2025-08-04,8058,1,0.480289059547059,0.06244763336985004,0.4164517762615493,1
2025-08-04,6758,1,0.5006355955179108,0.10367709499674627,0.4855526604990571,1
2025-08-04,8035,0,0.5665466983240468,-0.0429174751134187,0.635834357449322,0
2025-08-04,6367,1,0.5237874438914618,0.07415370121142062,0.5400045170718331,1
2025-08-04,7011,1,0.4745082339766151,0.11675124020605177,0.518047693654028,1
2025-08-04,7203,1,0.5012045393178237,0.0672896967724732,0.5558799997095781,1
2025-08-04,9984,1,0.47875809952568127,0.2802245330380233,0.5541894493031172,1
2025-08-04,9432,1,0.4624379651262338,0.06466367759224911,0.321053268001053,1
2025-08-04,5108,1,0.48913627519262676,0.06886516399835796,0.42590877959070095,1
2025-08-04,4063,1,0.5205843601029563,0.026921327146735452,0.5898527055435117,1
2025-08-04,6501,1,0.5185317460767354,0.03570567112012801,0.5899259317323426,1
2025-08-04,8001,1,0.49194852003991896,0.05512219822094844,0.48372895019974904,1
2025-08-04,8411,1,0.4892231656950606,0.09353186319396789,0.5257052148801772,1
2025-08-05,6501,1,0.4988795719207374,0.04483759092365358,0.5726581326869798,1
2025-08-05,9432,1,0.46228580400595387,0.05573557904468629,0.32978054595739864,1
2025-08-05,6758,1,0.5184922082008382,0.13836833433466555,0.48995691967317934,1
2025-08-05,8001,1,0.4940306190027402,0.05321215623763842,0.46631113851343714,1
2025-08-05,6367,1,0.5303032077356064,0.08477309452440429,0.5535196295202296,1
2025-08-05,9433,1,0.5145905386802166,0.055622208280143415,0.494180533233196,1
2025-08-05,8766,1,0.4831336964704176,0.07017259240582807,0.5039529835096145,1
2025-08-05,4063,1,0.5183641427018979,0.04382924169804281,0.5896655844156404,1
2025-08-05,7203,1,0.4741543078291653,0.07316171163907859,0.5019532916200827,1
2025-08-05,7011,1,0.5144675820255494,0.09629226277613268,0.5632219354771899,1
2025-08-05,6857,1,0.5154758492717839,0.17023402696441536,0.5826713507149784,1
2025-08-05,8411,1,0.47196742092317345,0.07076220615024065,0.4940828798953939,1
2025-08-05,6098,1,0.5089276168546557,0.05952522375919944,0.56564033325386,1
2025-08-05,6146,1,0.526854355224121,0.024384409656047934,0.62561605663936,1
2025-08-05,9984,1,0.46607246233322747,0.2506308363270817,0.5331537818549779,1
2025-08-05,8058,1,0.4858349512139629,0.058960722229054685,0.3774940717820823,1
2025-08-05,5108,1,0.490153597211977,0.0664086746019874,0.3852833219511975,1
2025-08-05,4502,1,0.5252918164645497,0.03393454354500003,0.36418835441747843,1
2025-08-05,8035,0,0.5763630374127751,-0.03148021629172926,0.6007985139370642,0
2025-08-05,8306,1,0.47538346234831386,0.07987376817828418,0.4835656064743456,1
2025-08-06,6098,1,0.5106735274733045,0.05411573670431835,0.5697786279845453,1
2025-08-06,6758,1,0.5065136715092114,0.09792278471317561,0.48549122370087044,1
2025-08-06,4063,1,0.5192973505706601,0.04087697783069055,0.5768299310307663,1
2025-08-06,6367,1,0.5219548846357953,0.037997876018193155,0.5329027508720972,1
2025-08-06,6146,1,0.5602546754258626,0.02008326919735337,0.6294921757868576,1
2025-08-06,8306,1,0.4885000737728926,0.07797832149171513,0.49355875789340975,1
2025-08-06,8766,1,0.4874211855421858,0.04433969943034155,0.5206975245449112,1
2025-08-06,4502,1,0.5102412318730277,0.02995983657911272,0.2896367365084989,1
2025-08-06,6857,1,0.5767887724867846,0.11210315001189342,0.6195185146266755,1
2025-08-06,9432,1,0.47583939978888057,0.05813193156050289,0.3123420801413968,1
2025-08-06,6501,1,0.5244538963201205,0.011563421744659408,0.5723170547307335,0
2025-08-06,8001,0,0.4922131821741092,-0.0038012183164910507,0.4929477181056568,0
2025-08-06,7203,1,0.46291987720958866,0.03087094438490423,0.5144751564714336,1
2025-08-06,8035,0,0.6012349407428563,-0.013689052315497552,0.654958621174619,0
2025-08-06,7011,0,0.4862354520093931,-0.012987017048137428,0.538607695218771,0
2025-08-06,8058,1,0.5148209260647875,0.004846512414826032,0.5010511932895142,0
2025-08-06,9433,1,0.5140353729278873,0.03179987703007692,0.48675843354893217,1
2025-08-06,9984,1,0.49165408192981896,0.25252115068310066,0.5304507594052841,1
2025-08-06,8411,1,0.4589202581737244,0.06328541612366911,0.4821334207198401,1
2025-08-06,5108,1,0.49539040737750367,0.038577983678573124,0.3900512046581475,1
2025-08-07,8411,1,0.4549607836191576,0.10148788200823411,0.47898551284162216,1
2025-08-07,8058,1,0.49813333889812006,0.027579467193999285,0.48181937143381853,1
2025-08-07,7011,1,0.4983700274814698,0.004624873185144374,0.5249179389214241,0
2025-08-07,8306,1,0.49150057718443974,0.12192814779771144,0.5106477811812866,1
2025-08-07,4063,1,0.512024477347275,0.04658513038416978,0.5433714287065212,1
2025-08-07,8035,1,0.6778429735289746,0.023073388976828424,0.7273783168691452,1
2025-08-07,7203,1,0.47427090594065247,0.0649253993356187,0.5114592786986093,1
2025-08-07,8001,1,0.48505793900380956,0.014470726413177815,0.47924833791732563,0
2025-08-07,5108,1,0.47847228713901513,0.048913064534563455,0.3786918642567172,1
2025-08-07,6367,1,0.5131423984756586,0.014566836446989528,0.5292053448368723,0
2025-08-07,9432,1,0.46748709904281166,0.04153351765472202,0.3161856038295278,1
2025-08-07,4502,1,0.5101009006606246,0.042316800236842145,0.3084345935447745,1
2025-08-07,6146,1,0.5139248989297446,0.05610976929256828,0.5925142992448456,1
2025-08-07,6857,1,0.5619583822539784,0.11721068191739215,0.6254757811484127,1
2025-08-07,8766,1,0.4851475761435231,0.0652766358114738,0.5207300763645253,1
2025-08-07,6501,1,0.5076654476021227,0.015925863259542927,0.5688695798433793,0
2025-08-07,6098,1,0.5319671572594113,0.08151195470170935,0.5932582092720149,1
2025-08-07,6758,1,0.5285232017265517,0.11191701522698971,0.520003118349453,1
2025-08-07,9433,1,0.5107491958463254,0.04034824269370918,0.48623563635653916,1
2025-08-07,9984,1,0.4390686466428425,0.3152867205258283,0.5041763251824504,1
2025-08-08,6857,1,0.5036176606298861,0.09299001911769644,0.5566729609676713,1
2025-08-08,6098,1,0.5278206627751576,0.09220280556004368,0.5915879203764856,1
2025-08-08,9433,1,0.4932103476760467,0.028693235428679964,0.49690929315601606,1
2025-08-08,6367,0,0.49118101145499504,-0.009476281460831681,0.5447678950419858,0
2025-08-08,6501,1,0.4594381747593859,0.009224335411939899,0.4881567563976487,0
2025-08-08,8035,0,0.643692448207129,-0.011507669176279656,0.698312516001067,0
2025-08-08,9984,1,0.4924704302661721,0.2048323688466529,0.4904539441091266,1
2025-08-08,4063,1,0.5091334457649741,0.045280527312250296,0.5267624619188186,1
2025-08-08,8411,1,0.4614407202808359,0.06616843342569156,0.4851374028478665,1
2025-08-08,7011,1,0.4857822062133712,0.020919428564469378,0.5135401804450462,1
2025-08-08,4502,1,0.47888950816041753,0.051817115613916886,0.26562655546975134,1
2025-08-08,5108,1,0.5868882089082724,0.013131843517698139,0.5280508204836601,0
2025-08-08,7203,1,0.473139656163616,0.046880643558333324,0.5280411828706315,1
2025-08-08,8001,1,0.48290941168953816,0.02315683283218406,0.5032052357083067,1
2025-08-08,8058,1,0.5027244245724637,0.02463210504304536,0.4929142365855366,1
2025-08-08,6146,1,0.5148797092702373,0.016025589350901592,0.5732874358270021,0
2025-08-08,6758,1,0.492898905569778,0.047058863344434876,0.5176170244444819,1
2025-08-08,8306,1,0.4866577109604008,0.08640532354062413,0.5060428715404421,1
2025-08-08,8766,1,0.4836160373178415,0.049279968635891125,0.5194220081099008,1
2025-08-08,9432,1,0.47499335392978614,0.02875003846436064,0.3087620338373249,1
2025-08-12,4502,1,0.45492552485039556,0.03843498599620632,0.28168621768288127,1
2025-08-12,6146,0,0.5068221191115853,-0.02062104403454257,0.5472118688964506,0
2025-08-12,7203,1,0.47835838049361823,0.02451837119805167,0.532168991285126,1
2025-08-12,7011,0,0.47736765847871543,-0.013888852710472466,0.5222428843677687,0
2025-08-12,5108,1,0.48722002110871176,0.0034785755138191377,0.47457335185632454,0
2025-08-12,8411,1,0.5046872585372216,0.015319188493008395,0.5154993405399055,0
2025-08-12,8058,1,0.49099646060508156,0.010085121438367262,0.4931318287674649,0
2025-08-12,6501,0,0.4618574597425024,-0.006056369549696017,0.4898816875892909,0
2025-08-12,9432,1,0.4644955421000175,0.015337435488544493,0.3091780707143241,0
2025-08-12,4063,1,0.507796271962966,0.03943539096266657,0.5381448396251696,1
2025-08-12,8035,0,0.6307045560895262,-0.01394047297844958,0.6877554461561863,0
2025-08-12,9984,1,0.46772738849628664,0.0816188462987315,0.49386326590714424,1
2025-08-12,8001,1,0.485354696656427,0.020576550403246685,0.49764942763937164,1
2025-08-12,9433,1,0.4950573154019438,0.0020924836767297617,0.5077241545057442,0
2025-08-12,6098,1,0.5054040913518527,0.040841901357145494,0.5605163699345042,1
2025-08-12,6758,1,0.48270451904232264,0.04408826865882287,0.5055734566763649,1
2025-08-12,8766,1,0.48603074779068356,0.010336703069844022,0.5478717277516714,0
2025-08-12,6857,1,0.46675212665844834,0.02331845358929452,0.5172762762763004,1
2025-08-12,6367,0,0.502666482564307,-0.012506346485617104,0.534002426919003,0
2025-08-12,8306,1,0.5283576802810523,0.013042493233118568,0.5684835387957482,0
2025-08-13,4502,1,0.44483867431396934,0.047280309885202154,0.26303516180432357,1
2025-08-13,6857,0,0.46217302157355095,-0.08421947529259588,0.5259013934769724,0
2025-08-13,6098,0,0.4932856926228261,-0.02868597182467514,0.5636190649636921,0
2025-08-13,6501,0,0.4641386943958961,-0.038506046036018926,0.4876939567645056,0
2025-08-13,8411,1,0.487732811776008,0.022099445749149904,0.4888278498392504,1
2025-08-13,5108,1,0.45837297395317,0.005139110037082784,0.44413921503556225,0
2025-08-13,4063,1,0.5357259557088312,0.022541533464394803,0.5425085525095564,1
2025-08-13,8306,1,0.4904517817268528,0.017086458663890358,0.5357510772271318,0
2025-08-13,8001,1,0.48229413108212715,0.010351269210762126,0.4790852663562711,0
2025-08-13,6758,0,0.4708469192060447,-0.0004842624812166907,0.5209040595743832,0
2025-08-13,7011,0,0.48760384379370453,-0.06982968881613982,0.5297784791728114,0
2025-08-13,8058,1,0.48605909273526493,0.006605847329953729,0.472782419076352,0
2025-08-13,7203,1,0.49487599413162353,0.02156519675439572,0.5311353340688352,1
2025-08-13,9433,1,0.47533861543126293,0.006065199461851467,0.47572511476647344,0
2025-08-13,6367,0,0.5024527730133274,-0.006470830703055208,0.554036649009568,0
2025-08-13,6146,0,0.4794785007637889,-0.08284708379905115,0.5771512253717985,0
2025-08-13,9432,1,0.4567949483257976,0.012891370072546593,0.288063819466914,0
2025-08-13,8766,0,0.468854639821652,-0.004913986842200013,0.5168998551731342,0
2025-08-13,9984,1,0.42734069744748177,0.0013449517003858436,0.4268775601801186,0
2025-08-13,8035,0,0.5808196612925004,-0.03526980191725437,0.6331282185392588,0
2025-08-14,6758,1,0.5059133640687359,0.005896818362327139,0.520447383189166,0
2025-08-14,4063,1,0.5382529766978584,0.010092145294374966,0.5439342690693338,0
2025-08-14,8306,1,0.4778013031511082,0.006697958760282896,0.5433527210562643,0
2025-08-14,7203,1,0.47622879785670924,0.03529413558562844,0.5336378859424129,1
2025-08-14,9432,1,0.4626759954810311,0.006172903242900096,0.28235571491962796,0
2025-08-14,9433,1,0.4921889472758409,0.032176845796062725,0.48916474345881444,1
2025-08-14,7011,0,0.4874495076651557,-0.01780186322514421,0.5383187702919213,0
2025-08-14,8035,0,0.5861608503688596,-0.03928489089570475,0.6993519092487614,0
2025-08-14,6501,0,0.5261347771489902,-0.022148096228973957,0.5449215848048753,0
2025-08-14,6146,0,0.5086292089459071,-0.07298918532309251,0.5731096333305341,0
2025-08-14,4502,1,0.4509200552188113,0.038250234476011835,0.23751207341459984,1
2025-08-14,8058,1,0.4964228445939456,0.03376203963315283,0.48573516359794516,1
2025-08-14,6367,1,0.480122623388098,0.007068975251755205,0.5319552941694414,0
2025-08-14,6098,1,0.4952540197146168,0.012521284219978224,0.5663132792988641,0
2025-08-14,9984,0,0.4749231290188581,-0.06022541972082962,0.4918352772799721,0
2025-08-14,8766,0,0.46865924611334925,-0.000777521261278169,0.49993728536082244,0
2025-08-14,6857,0,0.4949539642245348,-0.02363960476421323,0.55420125060432,0
2025-08-14,8411,1,0.4588260504430806,0.007387087956101546,0.48524998838780126,0
2025-08-14,5108,1,0.4786697226784131,0.022409835702180247,0.46401984022597165,1
2025-08-14,8001,1,0.5089607111677624,0.03154397993168989,0.5008064366776103,1
2025-08-15,4063,0,0.5159739364765756,-0.02571298237601638,0.5356239956910409,0
2025-08-15,6367,0,0.49278914725672446,-0.018639738145558526,0.5452733396648913,0
2025-08-15,9432,0,0.4604983011996222,-0.0006134935470876179,0.30846471272589215,0
2025-08-15,8766,0,0.507285084501587,-0.011291778178757816,0.5151278757599769,0
2025-08-15,6098,0,0.491943761982982,-0.021438202330789302,0.5580086157528109,0
2025-08-15,7011,0,0.47212736413027745,-0.022762072688609414,0.5123112748710067,0
2025-08-15,5108,1,0.4734404055794971,0.021030177831934838,0.4561476283866513,1
2025-08-15,9433,1,0.48775958247431855,0.0174904405424825,0.4694396195113195,0
2025-08-15,8306,0,0.5375694253088313,-0.03496209548360085,0.582661538598831,0
2025-08-15,7203,1,0.4688872228338049,0.0311842709806589,0.518029604689303,1
2025-08-15,6146,0,0.4986166140103882,-0.08760324705277844,0.5453340275494478,0
2025-08-15,9984,0,0.4851259734559551,-0.09927368767787847,0.5167145576610191,0
2025-08-15,6857,0,0.4854358762620707,-0.04692340991445454,0.5620044246598598,0
2025-08-15,8058,1,0.4953550496475176,0.02083986689243278,0.4948462310541385,1
2025-08-15,6501,0,0.48187907642360595,-0.03509590196551848,0.4949758219655336,0
2025-08-15,8411,0,0.4938478943884782,-0.028830606160244354,0.5252466380293912,0
2025-08-15,8035,0,0.5536606151666517,-0.06556627812575921,0.6502469515214213,0
2025-08-15,4502,1,0.44264276344798975,0.04082564719896875,0.24888194170943165,1
2025-08-15,8001,1,0.4834916287791059,0.02177169994532191,0.48499096383032314,1
2025-08-15,6758,0,0.48599521872736196,-0.01654232592802518,0.5303214405060005,0
2025-08-18,4502,1,0.44858411862414027,0.005795815800982096,0.2899722533509376,0
2025-08-18,8411,1,0.47282465676300156,0.0010308989730369866,0.5234052025300053,0
2025-08-18,6758,0,0.4773697863727395,-0.002151570413685411,0.5280869490029687,0
2025-08-18,8766,0,0.47402497348306416,-0.0015248447286146938,0.5078026923896508,0
2025-08-18,9433,0,0.48829529877585515,-0.014323356927705033,0.4772813726566965,0
2025-08-18,7203,1,0.4662553537415764,0.012745472058083518,0.5251056261016839,0
2025-08-18,9432,0,0.469232276395604,-0.02855410344020959,0.29063032225834945,0
2025-08-18,6146,0,0.5742475864036855,-0.025236589441323898,0.6052829964151167,0
2025-08-18,6501,0,0.48539221673987376,-0.03585669961893023,0.49064037125868687,0
2025-08-18,7011,0,0.46951167919068315,-0.03693396572525898,0.5162367929964415,0
2025-08-18,8035,0,0.5495784416999037,-0.03896416005758707,0.6783362534905162,0
2025-08-18,6857,0,0.5064563276240364,-0.05061081934901679,0.601332068125967,0
2025-08-18,5108,1,0.46111581731556167,0.024265162177955046,0.450518711462019,1
2025-08-18,6098,0,0.5052832994596447,-0.01205992027231495,0.5575406837867023,0
2025-08-18,8306,0,0.521715219854473,-0.010806049169722942,0.5656732041580538,0
2025-08-18,8058,1,0.4973995628254455,0.027162066601445378,0.4847734176738206,1
2025-08-18,6367,0,0.4698979289210941,-0.0027694065086613096,0.5228585345631068,0
2025-08-18,4063,1,0.5157548743646337,0.0023706851212379476,0.5437297431530176,0
2025-08-18,8001,1,0.4897453867910064,0.019207161836202635,0.5004934972308648,0
2025-08-18,9984,0,0.4142964760479292,-0.07782103014534636,0.41434070617099256,0
2025-08-19,8035,0,0.5223160932617948,-0.045947178235989705,0.6546489797522791,0
2025-08-19,5108,1,0.45491727502775337,0.01703082763977437,0.44058282233773477,0
2025-08-19,9432,0,0.44683502333042613,-0.05438064996134073,0.2526057780180495,0
2025-08-19,4063,0,0.5206561376697959,-0.0034490610495722107,0.519930859214989,0
2025-08-19,7203,0,0.466302962903968,-0.009059763733954118,0.5241554237490782,0
2025-08-19,9433,0,0.47944632318883534,-0.025246731069159645,0.46867765152681934,0
2025-08-19,6146,0,0.522520487629625,-0.03436582587820114,0.5721913203177638,0
2025-08-19,8001,0,0.48601479609738385,-0.010020447971460955,0.49271515130949584,0
2025-08-19,6857,0,0.5062703976009251,-0.044259412151960165,0.600505029336968,0
2025-08-19,7011,0,0.47162007012216384,-0.03610750363541093,0.5314122688403137,0
2025-08-19,8766,0,0.4816404470052391,-0.0006200077670959203,0.5123262937363848,0
2025-08-19,6098,0,0.48315271905217155,-0.03257186471234408,0.5431914365365579,0
2025-08-19,8306,1,0.4804199633591259,0.00865703712439192,0.5379236972500846,0
2025-08-19,6758,0,0.46214518081457723,-0.01727456578704467,0.5000737028190451,0
2025-08-19,9984,0,0.48703902979083086,-0.048019906444157545,0.45995002894460696,0
2025-08-19,4502,0,0.4539438926656443,-0.024379408308258355,0.2952287123330891,0
2025-08-19,8058,1,0.4801820360825524,0.018096691460149694,0.45434986268331184,0
2025-08-19,6367,0,0.4892133180223155,-0.01899690250693231,0.535278124231866,0
2025-08-19,8411,1,0.4643839179612477,0.012782772351556115,0.5106834410598857,0
2025-08-19,6501,0,0.4697309396005519,-0.051558563384263456,0.4785697167692624,0
2025-08-20,6758,0,0.4450656243492466,-0.007509764677088304,0.4964849841610527,0
2025-08-20,9432,0,0.4573605114968966,-0.04363640849922357,0.253302408275357,0
2025-08-20,9984,1,0.4828375421967276,0.03525856515635217,0.5412552752277291,1
2025-08-20,7011,0,0.5192310169133053,-0.016479146569415293,0.5559069225217125,0
2025-08-20,5108,1,0.4444792585524626,0.002255606497695739,0.4368094079539124,0
2025-08-20,6501,0,0.5320164320885148,-0.02484925651966441,0.5633006722904591,0
2025-08-20,6367,0,0.4843903479379573,-0.04609222991518691,0.5259016653285085,0
2025-08-20,4502,0,0.4525473782818134,-0.037694624798007226,0.27303388826901476,0
2025-08-20,9433,0,0.48524374997779124,-0.03278067685745989,0.46882875141649616,0
2025-08-20,6098,0,0.4926628878594602,-0.03599686179468742,0.5267394692238058,0
2025-08-20,8058,1,0.4799343844105912,0.015937547323063406,0.44138665627723356,0
2025-08-20,6146,1,0.4785594346595048,0.04223907704524321,0.5543375842897481,1
2025-08-20,8766,0,0.47157005115682105,-0.014660471253886365,0.49634907518905474,0
2025-08-20,7203,0,0.46786401145586476,-0.011065693275590482,0.5190572265059168,0
2025-08-20,8035,0,0.547068146989483,-0.0281959466274867,0.6203179807089763,0
2025-08-20,8001,1,0.4825070935422484,0.006098271662795973,0.4846659234132517,0
2025-08-20,8411,1,0.46395405385952665,0.0018710286084462346,0.48929338079087004,0
2025-08-20,6857,1,0.5654277642900122,0.05852299506458669,0.6239040237867219,1
2025-08-20,4063,0,0.5084503767246183,-0.007348276443300716,0.50407889063746,0
2025-08-20,8306,0,0.4679177418877639,-0.00552620451276753,0.5270450416322753,0
2025-08-21,9432,0,0.46532797993809855,-0.03496932580670242,0.268456639807028,0
2025-08-21,8306,1,0.4791991214669863,0.005766237984437428,0.5202112188494367,0
2025-08-21,8001,1,0.48380380698971476,0.02885339141544363,0.49386484268160336,1
2025-08-21,8766,1,0.47205972809525554,0.006069949910671557,0.5040663153833707,0
2025-08-21,7203,1,0.4901140436062592,0.005165360049991907,0.4861846769785681,0
2025-08-21,4502,0,0.4965152728130752,-0.022501694973784625,0.2803028330251343,0
2025-08-21,7011,0,0.4658923093056944,-0.0015761091502841662,0.52041697409131,0
2025-08-21,4063,0,0.508292464994961,-0.001520482816034563,0.5251778260850594,0
2025-08-21,6501,1,0.5574804695431976,0.001948298536673665,0.5738676984814317,0
2025-08-21,8411,1,0.46389446447561805,0.02807461931385169,0.48569555367028705,1
2025-08-21,5108,1,0.4493765275813469,0.006155244056431197,0.4363565493341872,0
2025-08-21,6098,0,0.5001616717474108,-0.023046573249013935,0.5623359016951683,0
2025-08-21,6367,0,0.49680709020467445,-0.05991481484658956,0.5138802885866107,0
2025-08-21,9984,1,0.5690085187820646,0.09047290550479392,0.6293813501811907,1
2025-08-21,6857,1,0.5003659301030133,0.05619008176713125,0.5752788303204935,1
2025-08-21,6146,1,0.5249898040233025,0.0709660601051918,0.593814821284693,1
2025-08-21,6758,1,0.45936080611759256,0.011968699842329622,0.5011506537200022,0
2025-08-21,9433,0,0.48140624097654633,-0.02779337302125695,0.46914744335957664,0
2025-08-21,8058,1,0.46038768774298955,0.029860037739430467,0.4226313401143458,1
2025-08-21,8035,1,0.5606152684999007,0.016160541167357323,0.6584712253253444,0
2025-08-22,4063,1,0.49476226058178313,0.01064528456936853,0.5240079302190793,0
2025-08-22,9432,0,0.4606778987195246,-0.04358507143735901,0.2643714018870004,0
2025-08-22,6146,1,0.5353877828489452,0.07013451029415929,0.5653175178689405,1
2025-08-22,9984,1,0.5637146366118208,0.09072583258494027,0.631955155781152,1
2025-08-22,8058,1,0.45677962379144604,0.0374265763198649,0.42394762826732557,1
2025-08-22,6758,0,0.4775451251165798,-0.032693684791187394,0.510015826018557,0
2025-08-22,8766,0,0.47912574597021057,-0.02527793117844912,0.49473786355948873,0
2025-08-22,8001,1,0.48757317514361725,0.028288092956112898,0.48246365133428837,1
2025-08-22,6367,0,0.5090251979019799,-0.04517456839868961,0.5323309921983679,0
2025-08-22,6857,1,0.5578472089214458,0.08453317463891885,0.6404822301129567,1
2025-08-22,7203,0,0.4811973431022491,-0.02378523734116078,0.49295413635114915,0
2025-08-22,8035,1,0.534710842145573,0.028365298103120606,0.6544277750902101,1
2025-08-22,9433,0,0.47776717375468875,-0.0468983778111266,0.4691650882919587,0
2025-08-22,8306,0,0.4964653725952647,-0.013967699598239847,0.5194604756660902,0
2025-08-22,7011,0,0.4789639663652255,-0.017796436187710984,0.5304477828177894,0
2025-08-22,6501,0,0.528725556944769,-0.018186242459556023,0.5514644066630926,0
2025-08-22,8411,1,0.4973845404541676,0.01619267575185379,0.5036500448750244,0
2025-08-22,5108,1,0.4560978067389319,0.00014922645302672954,0.43647881702293745,0
2025-08-22,4502,0,0.4840715898975564,-0.03660933010573142,0.26120484421375567,0
2025-08-22,6098,0,0.4983392068468912,-0.021109079229768457,0.5665367501307047,0
2025-08-25,8766,0,0.4786199159997883,-0.025656652236261124,0.47242990997564455,0
2025-08-25,9432,0,0.5054223144981072,-0.011882360847846551,0.3470194343229668,0
2025-08-25,4502,0,0.457660478660092,-0.009530061681537472,0.2814331884180444,0
2025-08-25,9433,0,0.4975961207911962,-0.012237090448524723,0.47281684955845504,0
2025-08-25,6857,0,0.563117192050793,-0.011948563349909791,0.6490180951057348,0
2025-08-25,6098,0,0.5207867436112575,-0.06594011619182594,0.5781621637717361,0
2025-08-25,6501,0,0.534448932816119,-0.032085466466882484,0.5726931744547498,0
2025-08-25,8058,1,0.4644375338778861,0.01914900205241521,0.4346638173933778,0
2025-08-25,7203,0,0.4867124502051753,-0.027721108577351328,0.4864139846354532,0
2025-08-25,8306,0,0.48179238565599464,-0.016604885527987112,0.5227294298641706,0
2025-08-25,9984,1,0.5501865642096789,0.0029211896550114247,0.6080596587724121,0
2025-08-25,6758,0,0.4576925634897326,-0.03665544627273498,0.4906558711697969,0
2025-08-25,8411,0,0.48066679494080256,-0.012358357379038787,0.47832598473826754,0
2025-08-25,8001,0,0.4871577227428595,-0.0012003297179341565,0.49951685484981984,0
2025-08-25,4063,0,0.4735052320381245,-0.02623087776881039,0.3811940177619707,0
2025-08-25,7011,0,0.49344176696799924,-0.017599186624200125,0.5464350631707108,0
2025-08-25,8035,1,0.5304632402424542,0.002966654694901205,0.6624373086704024,0
2025-08-25,5108,0,0.4660219583030834,-0.015155954149257966,0.43853958501531876,0
2025-08-25,6367,0,0.5068559683065047,-0.06942693319354243,0.5463255317233221,0
2025-08-25,6146,0,0.5735490368882143,-0.05003738297227189,0.588617733611382,0
2025-08-26,8035,1,0.5196117507243666,0.0044454380459979514,0.6271797106009687,0
2025-08-26,4502,1,0.49504562951787745,0.025670156226619945,0.35401114393085614,1
2025-08-26,8306,0,0.4770652119261074,0.0,0.5299167623694488,0
2025-08-26,8058,1,0.5603295328885102,0.058228659088053414,0.46699220613790154,1
2025-08-26,7011,0,0.49491467295412656,-0.01540923057006871,0.5372654414659511,0
2025-08-26,6098,0,0.5275394392513605,-0.03186078183396146,0.5752720440496676,0
2025-08-26,6367,0,0.49565852750136147,-0.060160020121700075,0.5083761516742612,0
2025-08-26,8001,1,0.48269889939137445,0.04731706102879207,0.48900560279572935,1
2025-08-26,7203,0,0.47304736226105226,-0.010177764549530899,0.4853762646294073,0
2025-08-26,9433,1,0.5093571434828752,0.009737120126338095,0.4981843214298452,0
2025-08-26,5108,1,0.4560309847644268,0.0069651008621853805,0.42770108442950683,0
2025-08-26,6857,0,0.5301500535943094,-0.022008246420764377,0.6057868767030674,0
2025-08-26,8766,1,0.47738456789300776,0.0023266475160685918,0.48916427306205856,0
2025-08-26,8411,1,0.5656796404231769,0.00020692577242864552,0.47418289912338385,0
2025-08-26,4063,0,0.465109123211261,-0.022712538386410186,0.36301471054162543,0
2025-08-26,9984,1,0.5480398099302621,0.0075335357404242576,0.6129024523297896,0
2025-08-26,6146,0,0.5855153376459182,-0.048621643014046256,0.6405948952226845,0
2025-08-26,9432,1,0.5172836561575042,0.021086245873439324,0.4742323860253325,1
2025-08-26,6758,0,0.4471680393941824,-0.020019573301546134,0.5094743928199279,0
2025-08-26,6501,0,0.5276060454728649,-0.019767755029776235,0.5773891709620317,0
2025-08-27,6758,0,0.44422559954513724,-0.026116665579659748,0.4965042717795627,0
2025-08-27,6367,0,0.5373088417998408,-0.06092441014262917,0.5772284079188338,0
2025-08-27,9984,0,0.4119081502734349,-0.05481672174072605,0.48776541149830765,0
2025-08-27,8306,0,0.46445860590137306,-0.021782583205247286,0.5143360649124483,0
2025-08-27,8058,1,0.4448974588370711,0.03322049516111414,0.3431739073570099,1
2025-08-27,9433,0,0.4807580381233006,-0.012855494378947285,0.4800904164700251,0
2025-08-27,8035,0,0.5087548599030554,-0.01917870055985449,0.6004690595628205,0
2025-08-27,7203,0,0.4741351348536332,-0.01824758812502658,0.4744506384766063,0
2025-08-27,4063,0,0.4675496767402158,-0.027868403087111027,0.2934415755706705,0
2025-08-27,6098,0,0.5492780793855192,-0.01098263335557137,0.616621458972453,0
2025-08-27,4502,1,0.5518357686582148,0.02459587342961833,0.4207656271581463,1
2025-08-27,6501,0,0.5364059071509153,-0.0526966852932651,0.5756209238893125,0
2025-08-27,6857,0,0.5116764823955839,-0.0614305322451133,0.5640230934128762,0
2025-08-27,8766,0,0.47180532013521087,-0.014408766326471256,0.5042564927566447,0
2025-08-27,6146,0,0.542115772235782,-0.08203124211063273,0.558898332539322,0
2025-08-27,9432,0,0.5020887012635786,-0.001901130227970671,0.3679596533876897,0
2025-08-27,5108,1,0.4543280668341134,0.023555978614318906,0.43303830416425737,1
2025-08-27,8411,0,0.4566954179697462,-0.03050417086494539,0.45378744911060503,0
2025-08-27,7011,0,0.4610975892686473,-0.06702129702532977,0.5050805526207155,0
2025-08-27,8001,1,0.4791313245480367,0.027033563023152407,0.47868679009108533,1
2025-08-28,4063,0,0.45330935029238845,-0.03828587264484129,0.30535115997717593,0
2025-08-28,6758,0,0.4462506499649386,-0.009172057771569042,0.5050000945505299,0
2025-08-28,8411,0,0.456175569212661,-0.02302835557475169,0.45472540748438856,0
2025-08-28,6501,0,0.5352368857739244,-0.06830333948543521,0.5710649276322106,0
2025-08-28,9433,0,0.48764608028102147,-0.020668370946176795,0.46551815298848626,0
2025-08-28,6098,0,0.5106170520213978,-0.01415421623001012,0.5796886141333937,0
2025-08-28,4502,1,0.5233849617310413,0.024825069589063276,0.3737479742035589,1
2025-08-28,6857,0,0.4855503716096473,-0.031141858833337976,0.5706789600655272,0
2025-08-28,8766,0,0.4805651434474795,-0.003712799177273518,0.506811464149002,0
2025-08-28,9984,0,0.4531456021680802,-0.025141444935243618,0.5093135317258841,0
2025-08-28,5108,1,0.4566807455070924,0.021187674921449684,0.4384210120693732,1
2025-08-28,8001,1,0.4882936935905034,0.022531052712093214,0.5017672884067227,1
2025-08-28,7203,0,0.48783979950245715,-0.0047962112284281044,0.4916118882331659,0
2025-08-28,7011,0,0.4730776486359523,-0.06892914818233875,0.5094076073026533,0
2025-08-28,8306,0,0.4712353338990455,-0.00882036977913947,0.5245978015545417,0
2025-08-28,6367,0,0.5190291675345582,-0.029333235989893125,0.5636785790059798,0
2025-08-28,8035,0,0.4728996650220588,-0.03204821314257811,0.505708153261216,0
2025-08-28,6146,0,0.5133636061421721,-0.07714634858063474,0.5794998767442694,0
2025-08-28,9432,1,0.489782559761404,0.0114431395335306,0.30812923609197934,0
2025-08-28,8058,1,0.4379016463156958,0.02234968825420469,0.3694036980288724,1
2025-08-29,7203,1,0.48458672318615215,0.031152129648343685,0.49593247052442135,1
2025-08-29,8058,1,0.43059604454945954,0.027131843689821578,0.3571955832563763,1
2025-08-29,4502,1,0.509386751978261,0.034607562002738845,0.3807230970593135,1
2025-08-29,7011,0,0.458479644253958,-0.03890226792034013,0.5079685466901351,0
2025-08-29,9432,1,0.5353662246616765,0.021822933020024138,0.4283214009674071,1
2025-08-29,9433,0,0.5247089686280328,-0.010782184427423624,0.5502984021876316,0
2025-08-29,8766,1,0.48447694214684317,0.01109206723782541,0.5197496436649577,0
2025-08-29,9984,0,0.4052914846010131,-0.04251389321131516,0.47071751762368524,0
2025-08-29,6501,0,0.5363348104050211,-0.03778712120052197,0.5625488602049767,0
2025-08-29,5108,1,0.44763219294992984,0.038800247618667294,0.43589339969742047,1
2025-08-29,6857,0,0.4874939806928011,-0.020128456330168798,0.5606818957044152,0
2025-08-29,8001,1,0.48122074548750177,0.026199764853797047,0.49303514297262047,1
2025-08-29,6098,0,0.5039301598906817,-0.01375458250973327,0.5717288522094868,0
2025-08-29,8306,1,0.46357176906976905,0.00420540408341008,0.5155172101708031,0
2025-08-29,6146,0,0.48990828963955885,-0.07496985480864027,0.5250163935965947,0
2025-08-29,4063,0,0.4575007816760367,-0.033794099032585456,0.27764139819040007,0
2025-08-29,8035,0,0.4809617821630988,-0.02056617690631468,0.5555986623882612,0
2025-08-29,6758,1,0.4807398478283477,0.002204266217223916,0.5149500800618934,0
2025-08-29,8411,0,0.46724137820227507,-0.007354462233545189,0.42581725315047425,0
2025-08-29,6367,0,0.5488605679238642,-0.00967738484792402,0.5568584716499432,0
2025-09-01,8001,1,0.4818715890206203,0.0486720382982857,0.4749321030373203,1
2025-09-01,5108,1,0.45911476841646753,0.0452712809370841,0.3555444726512649,1
2025-09-01,8306,1,0.4731004764587161,0.015552107036680196,0.5133030295084917,0
2025-09-01,6501,0,0.5450600392958825,-0.012807679744987643,0.5472204524366066,0
2025-09-01,8766,1,0.48769591538643975,0.021003101030892646,0.5188181051705802,1
2025-09-01,9984,1,0.42330897129440914,0.02686075922735598,0.509236666337856,1
2025-09-01,8411,1,0.4636787115805558,0.020020837754642695,0.4872853021873606,1
2025-09-01,9432,1,0.4855580218914366,0.005063162945257771,0.27097850393731887,0
2025-09-01,6857,1,0.4946800824659154,0.11069769815983133,0.5282390665978114,1
2025-09-01,6758,1,0.4738246879383311,0.04053714179654788,0.5082460913322642,1
2025-09-01,6146,0,0.4825434754407858,-0.011268291036250266,0.559319248387749,0
2025-09-01,4502,1,0.45455464602121765,0.04050122528002653,0.2732368387828599,1
2025-09-01,8035,1,0.5124861588955809,0.015528745656997689,0.5493102024634872,0
2025-09-01,7011,0,0.4722100852108667,-0.0034758932673357723,0.5108951002323666,0
2025-09-01,8058,1,0.4243884752690448,0.04294654666616693,0.3342430428473766,1
2025-09-01,7203,1,0.49288790104970476,0.03900654913257662,0.4878242525926509,1
2025-09-01,6098,0,0.5250998160735983,-0.01353553856409584,0.6216648265449589,0
2025-09-01,4063,0,0.4891398102964122,-0.020313535385169557,0.3361053946556318,0
2025-09-01,6367,1,0.5405204141351155,0.012751045898626412,0.5373681882081105,0
2025-09-01,9433,0,0.4738975575473092,-0.026906629469643062,0.4672485547990849,0
2025-09-02,6857,1,0.4972515881783537,0.19174867041924215,0.5576304364402994,1
2025-09-02,8766,0,0.4757286775524101,-0.0012380607075749284,0.498640426441513,0
2025-09-02,4063,0,0.45508880714431504,-0.021690961314965507,0.30938205295685206,0
2025-09-02,9432,0,0.4575154680783163,-0.010012559025345369,0.30025830604934284,0
2025-09-02,6758,1,0.4444362792600108,0.05057304167814691,0.49209230579956803,1
2025-09-02,5108,1,0.45719576307850607,0.031640924575077056,0.34189274336909303,1
2025-09-02,8306,0,0.472999243733585,-0.005281717925321949,0.5145781851768602,0
2025-09-02,8035,1,0.5461875320937101,0.03368576177665061,0.5706826243487537,1
2025-09-02,6367,1,0.5466267999376138,0.018406511594957653,0.5283900564645463,0
2025-09-02,8058,1,0.46808492853847244,0.0026064070234101955,0.4095570235143711,0
2025-09-02,7203,1,0.463881690440047,0.027884311413687524,0.4801984085809415,1
2025-09-02,8411,0,0.44808823449391455,-0.003930465350886925,0.4558180730019217,0
2025-09-02,9433,0,0.48889525856750865,-0.03953717504989518,0.47257644804987725,0
2025-09-02,6146,0,0.5460060957251913,-0.004741729240950732,0.5674516565620247,0
2025-09-02,9984,0,0.4180430086078377,-0.013329018132437698,0.4930409677388709,0
2025-09-02,7011,1,0.5213274414549792,0.008364905317844507,0.5339489287619301,0
2025-09-02,6098,0,0.5196887579514287,-0.01645459171712671,0.5878231718260993,0
2025-09-02,4502,0,0.44455648937213765,-0.0004429510558782157,0.25985403329374873,0
2025-09-02,6501,1,0.5346038929110525,0.002268721497392212,0.4851575867531865,0
2025-09-02,8001,1,0.4940624450379379,0.008733105219316473,0.5052662405991445,0
2025-09-03,5108,1,0.45521135288031817,0.021401358842282336,0.3345086299917891,1
2025-09-03,8058,1,0.4444449447482315,0.027984546888259354,0.48024021232699365,1
2025-09-03,9432,1,0.4883559304836015,0.024126951365768257,0.2909885173179731,1
2025-09-03,6501,1,0.48974379044087674,0.07573777280661353,0.5310742779512443,1
2025-09-03,7011,1,0.5196997060578581,0.06584950840142989,0.5437055152042887,1
2025-09-03,9984,1,0.5215902876606991,0.11736444168366988,0.5468412638775427,1
2025-09-03,8306,1,0.4841541607693022,0.0561235379247953,0.5115760568642784,1
2025-09-03,7203,1,0.47716493997201437,0.02174292241556297,0.4876391741603036,1
2025-09-03,8411,1,0.483808952234695,0.05051359092829233,0.5074198048769337,1
2025-09-03,4063,0,0.4748330297432596,-0.012542089908103793,0.3858934674960287,0
2025-09-03,8001,1,0.4896778934973477,0.022072761168738353,0.5032854623132104,1
2025-09-03,6098,0,0.5034412008358514,-0.023611888897276057,0.5566674139842176,0
2025-09-03,4502,1,0.4444077576597787,0.01044676421543822,0.28675511673943493,0
2025-09-03,6857,1,0.5388751472724913,0.2272090360365131,0.638880777547959,1
2025-09-03,8766,1,0.469009331911774,0.03607183425359306,0.4981296008904059,1
2025-09-03,6146,1,0.5322322017854629,0.037234038652198764,0.5285261786187604,1
2025-09-03,6367,1,0.5372297749957972,0.014261741605667178,0.5508242707959868,0
2025-09-03,8035,1,0.5138761154049019,0.060416130682097835,0.5634493401857175,1
2025-09-03,6758,1,0.4611105804401851,0.07167922492401413,0.49858589857511687,1
2025-09-03,9433,0,0.4862278437447173,-0.02525650516748157,0.4836455073169782,0
2025-09-04,6367,0,0.5662006199166693,-0.0049450917062304756,0.5728737197947473,0
2025-09-04,8035,1,0.49462118857534315,0.06572074216495372,0.5455564009058426,1
2025-09-04,7011,1,0.5361354186635614,0.07714038895116215,0.5771216568833015,1
2025-09-04,6146,1,0.559613993330325,0.08805030537579706,0.5864965017174549,1
2025-09-04,7203,0,0.4728427694086248,-0.006368261717092372,0.4717359958296308,0
2025-09-04,8306,1,0.4933247769896349,0.01601788243351554,0.5074619753559919,0
2025-09-04,6758,1,0.4564354671975203,0.03654082060086461,0.49876671213662926,1
2025-09-04,8411,1,0.46608988862076206,0.007092188204323557,0.4922407623087875,0
2025-09-04,9432,1,0.47346942665271785,0.016341832550222257,0.3152203808012919,0
2025-09-04,4063,0,0.5056901343119766,-0.0018095111818958731,0.4779259952613399,0
2025-09-04,9433,0,0.4949401865561406,-0.01932940812072037,0.46606115460028913,0
2025-09-04,8001,1,0.480272295002572,0.003867895610493388,0.4831935393298854,0
2025-09-04,8058,1,0.4440874296250871,0.016543640674629767,0.4424500794472679,0
2025-09-04,6098,0,0.5086968101916987,-0.024746099775247554,0.5450865162609312,0
2025-09-04,8766,1,0.4749672426851084,0.005434745166122967,0.5069796982191378,0
2025-09-04,4502,0,0.44875984712573747,-0.008147955226986081,0.2320029719959074,0
2025-09-04,9984,1,0.44018229213902776,0.15441646380400753,0.5463421344173668,1
2025-09-04,6857,1,0.4945866912544766,0.2232142286914458,0.562607560344679,1
2025-09-04,5108,1,0.4495589323477788,0.015634152321335915,0.3205775221325552,0
2025-09-04,6501,1,0.5296637798156725,0.073832584119502,0.5493630237923817,1
2025-09-05,6098,1,0.5319245341701204,0.002363817858858086,0.5613697536117493,0
2025-09-05,8766,0,0.4845190181927378,-0.002163180698270817,0.5190787955529348,0
2025-09-05,8035,1,0.4733787672543999,0.11585973704261732,0.5352065021368655,1
2025-09-05,6146,1,0.53502142970946,0.07398697578921332,0.5863324643377364,1
2025-09-05,8306,1,0.4922800969251674,0.009036763150006344,0.5148897994638255,0
2025-09-05,6857,1,0.48403734365503986,0.2194055754633908,0.5515458510514862,1
2025-09-05,8001,0,0.47337391776919796,-0.004293836383957861,0.4876825727089145,0
2025-09-05,6367,0,0.5811992670770026,-0.03800223875526676,0.5659527721714456,0
2025-09-05,8411,1,0.47326975750096334,0.00041163703677438157,0.49481419960579814,0
2025-09-05,9984,1,0.4972370921314642,0.1731017741742511,0.5733109951500571,1
2025-09-05,4502,0,0.44211678791402936,-0.017708838096258228,0.2516146468648299,0
2025-09-05,7203,0,0.4707043367903558,-0.024810143094154635,0.5011877893460687,0
2025-09-05,9433,0,0.5175934147870894,-0.010899707079358167,0.46990719368994804,0
2025-09-05,5108,1,0.43989677613022227,0.004884333311571121,0.3245702484880038,0
2025-09-05,4063,1,0.5054167439355731,0.002952547161519936,0.4756588182687807,0
2025-09-05,6758,1,0.4742395506357708,0.04740949912896153,0.4922093057670633,1
2025-09-05,8058,0,0.44508860192025657,-0.0011611335238160825,0.47504010680876674,0
2025-09-05,6501,1,0.5415982808811353,0.05005132811212776,0.5219911760587567,1
2025-09-05,9432,1,0.4690229758213934,0.01444715598658286,0.30873457637822954,0
2025-09-05,7011,1,0.5597798322492776,0.058497411499652374,0.5801766187889692,1
2025-09-08,8411,0,0.4802459888264259,-0.013289651189937524,0.504298378289457,0
2025-09-08,6857,1,0.4734007219998183,0.18341713532592507,0.5444122387114224,1
2025-09-08,8058,0,0.4482268355145883,-0.007149011718684539,0.45396628085845725,0
2025-09-08,4502,0,0.4383496404560947,-0.040000118042810895,0.24457919723800478,0
2025-09-08,6367,0,0.5650137831719795,-0.054647717786635686,0.5388441159722173,0
2025-09-08,6146,1,0.5655282294488254,0.1783726720292278,0.5881401213712599,1
2025-09-08,8766,1,0.4889673752679878,0.002609761209713124,0.5286416212052539,0
2025-09-08,4063,1,0.4887393214706951,0.02253771701101459,0.34189719008801916,1
2025-09-08,9984,1,0.41444238567972297,0.1534825866194871,0.4855692426016976,1
2025-09-08,8035,1,0.4885312102969989,0.11723297390707232,0.5375925120419469,1
2025-09-08,5108,1,0.45409069502340027,0.0021439790487109978,0.2924563450991485,0
2025-09-08,7011,1,0.492121096920724,0.019050158295528474,0.5285363608348607,0
2025-09-08,7203,0,0.4737642157368066,-0.011952906375648609,0.4685349776239991,0
2025-09-08,8306,1,0.49369769710227773,0.002187753485855204,0.5267204348439285,0
2025-09-08,9433,0,0.5252604823601044,-0.008553844118593279,0.4482784063902434,0
2025-09-08,6098,1,0.5352884337210405,0.0018925040980879437,0.5694424027769868,0
2025-09-08,9432,1,0.4975630465260094,0.013853927936122945,0.28014594027250933,0
2025-09-08,6501,1,0.5303970125036113,0.030780962764221487,0.49862843852793237,1
2025-09-08,8001,0,0.4763241916961383,-0.016731546261197883,0.48915497874606667,0
2025-09-08,6758,1,0.4825859834918975,0.008843230941367297,0.5075229172986417,0
2025-09-09,8411,0,0.4706701557107172,-0.00809964905474958,0.4979336734515932,0
2025-09-09,6501,0,0.5118388022485267,-0.004024125370824527,0.500524104754642,0
2025-09-09,8058,0,0.45082553073439807,-0.0005776797834923242,0.45311029582368917,0
2025-09-09,4063,1,0.4923738755184149,0.028280414504782803,0.3477643517983314,1
2025-09-09,5108,0,0.45693007925521534,-0.00385172872177586,0.2901084336905413,0
2025-09-09,6098,0,0.5246769499602773,-0.01364511243436839,0.543024831868242,0
2025-09-09,6857,1,0.45303608463210626,0.089299838875055,0.5052520031143414,1
2025-09-09,6758,1,0.48470612402325763,0.01185679509779236,0.5067496215418373,0
2025-09-09,9432,1,0.5201676160976345,0.017699117692444588,0.27428050561359923,0
2025-09-09,9984,1,0.4819039158709818,0.19011529846331077,0.5430008527458894,1
2025-09-09,8001,0,0.4888018376251541,-0.01627609406309516,0.48522686988640545,0
2025-09-09,6367,0,0.5681911515312897,-0.046938255646080895,0.5279465183673324,0
2025-09-09,6146,1,0.5181919655017405,0.19957645388044676,0.5755405247192035,1
2025-09-09,4502,0,0.45768093805930776,-0.018391346970859868,0.41124008247440436,0
2025-09-09,8035,1,0.4942721715977891,0.1536631967633182,0.5124695472201977,1
2025-09-09,8766,0,0.47001947739475575,-0.00960639564982324,0.5133932238548445,0
2025-09-09,8306,1,0.47863280045346085,0.008628420078598431,0.49315659333966283,0
2025-09-09,7203,1,0.46341274175926944,0.0005086368881181969,0.4001347875647315,0
2025-09-09,7011,0,0.4704685090326235,-0.009098231616133101,0.5021496650727646,0
2025-09-09,9433,1,0.5356315017506968,0.010040183394910196,0.4972412440415498,0
2025-09-10,9984,1,0.43065650339656203,0.12131452575617696,0.486917869342316,1
2025-09-10,6758,1,0.49143447132425055,0.03671663351869969,0.5103420332779718,1
2025-09-10,4502,0,0.46512932692744013,-0.021117557586453062,0.40434790923678565,0
2025-09-10,6098,0,0.5248483858462316,-0.017478744152625625,0.5644169920351315,0
2025-09-10,6857,1,0.46914052873226525,0.10704762851822247,0.5347599244996989,1
2025-09-10,8766,0,0.48101677850276403,-0.02377307450894328,0.5165626530407977,0
2025-09-10,8001,0,0.4888972570107705,-0.0018478072588680172,0.48659861870910714,0
2025-09-10,7203,1,0.46575965971965344,0.009267279661076211,0.39955940125217565,0
2025-09-10,8306,0,0.4923098234013099,-0.018072167414947327,0.5376734480799471,0
2025-09-10,8035,1,0.471454618587104,0.20354605415402194,0.4778678180060245,1
2025-09-10,6367,0,0.5671022063553937,-0.026743848483671506,0.6065276964586311,0
2025-09-10,9432,0,0.44521695978157017,-0.008679431680072347,0.2959408810303472,0
2025-09-10,6501,0,0.516458791778418,-0.03957274270017963,0.4778977843209886,0
2025-09-10,9433,1,0.5329299657048415,0.010526262112728002,0.47786715665548085,0
2025-09-10,8058,1,0.45935184108644705,0.015059329177115943,0.4443854988389817,0
2025-09-10,4063,1,0.49735671940862825,0.04105247914578847,0.3404794609994185,1
2025-09-10,7011,0,0.48234871023832354,-0.01604714201439217,0.49867469577124285,0
2025-09-10,5108,1,0.4588531659843561,0.0033007074414586057,0.30263556275152625,0
2025-09-10,6146,1,0.5533605519947696,0.22076925897392874,0.5311145751648924,1
2025-09-10,8411,0,0.4817498738224182,-0.029747255417194918,0.5171987365347999,0
2025-09-11,6857,1,0.4783055058750194,0.09635033854723751,0.5313656008356175,1
2025-09-11,6367,0,0.5776720910242311,-0.040309302838117844,0.6139319094267522,0
2025-09-11,8766,0,0.473540526042186,-0.023011534343933215,0.5160571852732944,0
2025-09-11,5108,1,0.46190008934737475,0.009782720506402276,0.31694818178893364,0
2025-09-11,7011,0,0.4730064724601748,-0.029905571661138275,0.49036292574143264,0
2025-09-11,6501,0,0.5111830303749649,-0.061467456702136936,0.4700609361760313,0
2025-09-11,7203,1,0.46522820961255196,0.012644965128878916,0.4110081876474581,0
2025-09-11,8035,1,0.46733722788138915,0.19644939897721292,0.48916774166940535,1
2025-09-11,6146,1,0.474516521274159,0.14667633410067493,0.5278359182849436,1
2025-09-11,8306,1,0.49047959330546376,0.02539959090489896,0.5225409869090648,1
2025-09-11,9432,0,0.45548429720550976,-0.022881754974755975,0.28069196914148575,0
2025-09-11,9433,0,0.5298343927698514,-0.006637077796988744,0.41503331440455843,0
2025-09-11,4502,0,0.46128882248300057,-0.0057727655415164,0.4156813376468528,0
2025-09-11,8411,1,0.46855584826519386,0.003314033469517197,0.5272343987197335,0
2025-09-11,8058,1,0.4414991491955599,0.037779653217571374,0.4270015900010757,1
2025-09-11,6758,1,0.4761618853112399,0.015511195597466054,0.49321237974273474,0
2025-09-11,8001,1,0.47744242817473276,0.015761772229405002,0.4771406169482264,0
2025-09-11,6098,0,0.522373024824359,-0.050867764010224525,0.5532701219030473,0
2025-09-11,9984,1,0.4052938194027122,0.026249645255112863,0.47721268103888237,1
2025-09-11,4063,1,0.4952230754333971,0.0496261110584455,0.31222282391135964,1
2025-09-12,6758,0,0.4746110108760429,-0.016147598479186898,0.48803157269538766,0
2025-09-12,6146,1,0.5115414216505645,0.1604187277927005,0.5687683772678311,1
2025-09-12,8058,1,0.45002233739489544,0.0462074208931591,0.37020041407824655,1
2025-09-12,4063,1,0.5316273941816884,0.06748187425115115,0.41204970922371686,1
2025-09-12,9432,0,0.45375311795204004,-0.020433422435569892,0.296421684949466,0
2025-09-12,9984,0,0.39834454548632103,-0.016456405943369834,0.4663953245277213,0
2025-09-12,8411,1,0.46112866175124256,0.014606071250696795,0.4994922192528231,0
2025-09-12,7203,1,0.48976164178927845,0.025960547032841452,0.4099087253880749,1
2025-09-12,4502,0,0.468045244800546,-0.008012385986785775,0.41506679001098606,0
2025-09-12,7011,0,0.4634194373202904,-0.03562071318103921,0.4746568400047656,0
2025-09-12,6857,1,0.46117026145481155,0.11111111891561531,0.5066186014701721,1
2025-09-12,8035,1,0.4699996539493913,0.1777728484105554,0.49169200996951967,1
2025-09-12,8766,0,0.4586913265252024,-0.02849178519441775,0.4599801915743076,0
2025-09-12,8306,1,0.4769519116068882,0.034949871237722974,0.48827070477521844,1
2025-09-12,6501,0,0.4976544014422916,-0.05964313013957123,0.4572584170587289,0
2025-09-12,9433,0,0.535395911864102,-0.02424364413152802,0.43345788880117647,0
2025-09-12,5108,1,0.45483828981369095,0.005575402566097232,0.3058395161513382,0
2025-09-12,6098,0,0.5448449649832412,-0.0601344556923501,0.5586379958124957,0
2025-09-12,8001,1,0.47985468180295404,0.018065279935562728,0.47621472154444766,0
2025-09-12,6367,0,0.5503988088032314,-0.02708801533347449,0.5787983859374112,0
2025-09-16,8058,1,0.45630602571576173,0.017857144144501902,0.3308257871256171,0
2025-09-16,9432,0,0.457080561799247,-0.019254650714433663,0.29365380690357673,0
2025-09-16,6146,1,0.3646166905313773,0.09784069409533247,0.4656520655520127,1
2025-09-16,6098,0,0.5220085782594769,-0.08288069179215274,0.533149815192903,0
2025-09-16,8035,1,0.4403842427140502,0.18422761345144312,0.47777216441482656,1
2025-09-16,7011,1,0.4578373951989098,0.021063703001483747,0.4623132512438148,1
2025-09-16,4502,0,0.5476733160747854,-0.0017920467507881455,0.4437965344099743,0
2025-09-16,8001,1,0.48840976328230534,0.005827547203961725,0.4089153684813403,0
2025-09-16,5108,0,0.46623035529537843,-0.009128428859698334,0.28984931886527954,0
2025-09-16,4063,1,0.45518618604051525,0.04408203777406583,0.3686341779359607,1
2025-09-16,6367,0,0.5632243249717406,-0.026353157889929646,0.5711322559629476,0
2025-09-16,8411,1,0.4664066773049101,0.038126760991822994,0.5046548018473265,1
2025-09-16,8306,1,0.4800676941413069,0.030997577360001527,0.4809578675614902,1
2025-09-16,8766,0,0.4672360568598839,-0.04777216101007331,0.4526552381756243,0
2025-09-16,7203,0,0.46953742970725065,-0.0017038053596351022,0.4025154752672899,0
2025-09-16,6857,1,0.4642226417916726,0.09023352459354017,0.5098756559072609,1
2025-09-16,6758,0,0.48200592223659516,-0.016471500307029485,0.4840948307879718,0
2025-09-16,9433,0,0.5108260167484764,-0.013844360745687179,0.3742250110648443,0
2025-09-16,6501,0,0.509597008818576,-0.005429360618300461,0.4718666098111765,0
2025-09-16,9984,1,0.40930502523768264,0.03825129595495991,0.478680582837926,1
2025-09-17,7203,1,0.46669460232451115,0.0037282497094219824,0.39783738507114985,0
2025-09-17,8035,1,0.3852986462794389,0.1430928132005609,0.46905553158273855,1
2025-09-17,6758,1,0.4807317834540007,0.003990869979006995,0.4727592752444933,0
2025-09-17,6857,1,0.4923490319650511,0.08559046288173766,0.5631972041414395,1
2025-09-17,6367,0,0.5701490068580345,-0.023209799285048294,0.5808377276203016,0
2025-09-17,6146,1,0.3803595707149711,0.10878201925440556,0.5140741722292916,1
2025-09-17,6501,1,0.5062902855916093,0.017676837607733198,0.48752517884824953,0
2025-09-17,9984,1,0.4159559137635808,0.08416400558079906,0.4853429004071767,1
2025-09-17,8411,1,0.4677841275913614,0.061557720939366734,0.5211162929181116,1
2025-09-17,4502,1,0.47333538446055523,0.0024831477741387165,0.31681261370674163,0
2025-09-17,8306,1,0.48898287422234105,0.041017739840995215,0.4799923311620794,1
2025-09-17,8766,0,0.46240426935455153,-0.034887340096766195,0.4696868133049111,0
2025-09-17,5108,0,0.4662481713832484,-0.0028640813452034397,0.32919936393829213,0
2025-09-17,8058,1,0.4580017954792512,0.02976879018334544,0.3535213017842559,1
2025-09-17,9433,0,0.506997045907677,-0.0302186795492434,0.3732705644470651,0
2025-09-17,4063,1,0.43193043169694284,0.04730481075752646,0.28605637193704103,1
2025-09-17,9432,0,0.45663725437595815,-0.016770192301472142,0.2949936812865554,0
2025-09-17,6098,0,0.5247846770553162,-0.03500540178621425,0.5544665525405129,0
2025-09-17,8001,1,0.4799882221681054,0.00973949639534255,0.4078919833932294,0
2025-09-17,7011,1,0.48216944597607414,0.039157407817022705,0.47962271944652207,1
2025-09-18,8411,1,0.5087212820440823,0.06782859402293662,0.5345401807485826,1
2025-09-18,7203,1,0.45817028519999176,0.009862214594096086,0.3969551101490947,0
2025-09-18,8001,0,0.47523397727428746,-0.0032396128410254743,0.42821271031379005,0
2025-09-18,5108,0,0.46883395099503944,-0.0025747018175172887,0.3276161248845688,0
2025-09-18,9433,0,0.5287489521968826,-0.021233894380359164,0.38034631515242867,0
2025-09-18,4502,0,0.4617461524475948,-0.0026965269623572263,0.29068017625918036,0
2025-09-18,6857,0,0.4605887224165612,-0.004129419962630609,0.5105945772370495,0
2025-09-18,7011,1,0.5028443006879363,0.04892642394458191,0.47577098503319326,1
2025-09-18,6098,1,0.5283840472937961,0.004386437279690014,0.5774112021370678,0
2025-09-18,9432,0,0.47863482389240913,-0.005003099304356384,0.2726719799606054,0
2025-09-18,6501,0,0.5239309952513189,-0.004297264651103916,0.48977003517315304,0
2025-09-18,8035,1,0.40417358170671636,0.04282068264684069,0.44138201969842833,1
2025-09-18,4063,1,0.43268656865345345,0.046187301852876006,0.2923520695011941,1
2025-09-18,6146,0,0.3474326389185951,-0.019113587846894653,0.4900511837633957,0
2025-09-18,9984,1,0.4194700226553367,0.032319825388460455,0.4760422299875896,1
2025-09-18,8766,0,0.4842544088478639,-0.013982733632187827,0.45600101506540813,0
2025-09-18,8058,1,0.4451545931211665,0.030813148884062835,0.3471299068784479,1
2025-09-18,8306,1,0.47784984893840543,0.049298838586262494,0.4638145062109154,1
2025-09-18,6758,0,0.5038787914834059,-0.04552251022102982,0.5152922737366803,0
2025-09-18,6367,0,0.5700018362092021,-0.010481552839009423,0.6280342974828378,0
2025-09-19,7203,0,0.4818266499212127,-0.00302379520511864,0.41534338407936106,0
2025-09-19,6758,0,0.4792901472632205,-0.009339056919094313,0.4779329485035632,0
2025-09-19,8058,0,0.5290804304524177,-0.0013192294034862773,0.4471090973581731,0
2025-09-19,9432,1,0.5309434999555134,0.00020374499276698543,0.3289386355511838,0
2025-09-19,5108,0,0.5473734950599635,-0.021512989778534886,0.32405572984569153,0
2025-09-19,6501,1,0.4987314104939424,0.020194562823784956,0.5098779492554829,1
2025-09-19,4502,0,0.48274177549277597,-0.0221832321904063,0.33022590958355014,0
2025-09-19,7011,1,0.49952577954609534,0.06469534671473465,0.4968789332479677,1
2025-09-19,8306,1,0.5075159271223452,0.00854916256446625,0.504055614260781,0
2025-09-19,6098,1,0.5015650042383133,0.004802433969699482,0.5719501886834693,0
2025-09-19,9433,0,0.543224442214104,-0.017935387274143677,0.42599022214724125,0
2025-09-19,6367,0,0.569361370931846,-0.005855213012479932,0.5999384995587621,0
2025-09-19,4063,1,0.47080033478890654,0.04303181722831728,0.3345436562948224,1
2025-09-19,6857,1,0.4400242828713848,0.010347196354050014,0.4441792768974719,0
2025-09-19,8766,0,0.48464011954578223,-0.019560495175170334,0.48237174683333306,0
2025-09-19,6146,0,0.35768711742796916,-0.014079746479339406,0.49733651080206526,0
2025-09-19,8035,1,0.38058722638954984,0.045343666073118793,0.4105453711387036,1
2025-09-19,8001,0,0.6006090915926312,-0.01837578277765406,0.4871972156212213,0
2025-09-19,8411,1,0.491005408317498,0.030380249083412414,0.5148067940783035,1
2025-09-19,9984,1,0.4166097204657098,0.037401644238403975,0.46148750404365346,1
2025-09-22,4063,1,0.4392343698361846,0.04097597731165892,0.29443626166259046,1
2025-09-22,9432,0,0.5054336730025796,-0.005560294175002589,0.2617343380608084,0
2025-09-22,7203,0,0.46405129433620684,-0.02383740936577816,0.38458063463646963,0
2025-09-22,8411,1,0.4781957582428789,0.025982362888556043,0.49915496375321583,1
2025-09-22,8058,0,0.44088599001974,-0.0040047916495307145,0.41419144620523074,0
2025-09-22,8035,1,0.38950550215383145,0.0009321174186485148,0.4080512643500933,0
2025-09-22,6146,0,0.37453386799017496,-0.02163138000390219,0.48948634769497895,0
2025-09-22,6367,1,0.5792849731277048,0.00016826780756384885,0.6309102199433557,0
2025-09-22,7011,1,0.513454361469674,0.05678977248471706,0.4987013061539301,1
2025-09-22,6098,1,0.5279640257722329,0.0005136275734163309,0.5853137743558148,0
2025-09-22,8306,1,0.4896964904675857,0.02554311290973632,0.4870017811973235,1
2025-09-22,6758,1,0.4780015670998851,0.013002430355365968,0.49601070454520385,0
2025-09-22,6501,1,0.5123586256174173,0.02757534420626806,0.5296053189292328,1
2025-09-22,4502,0,0.4479857459693394,-0.00954229788513139,0.2625757230406656,0
2025-09-22,9433,0,0.5455682019574901,-0.014458930905004053,0.5067437326446295,0
2025-09-22,6857,0,0.44907102617713723,-0.052940644336539555,0.43745316081465424,0
2025-09-22,8766,1,0.49547026136853267,0.016286887341200762,0.39530982107103085,0
2025-09-22,8001,0,0.511535852053393,-0.024046443085632974,0.4191755347442064,0
2025-09-22,5108,0,0.484170643193429,-0.02644296793666212,0.3010425812278784,0
2025-09-22,9984,1,0.46480245650444696,0.043326154954048235,0.5530441622919745,1
2025-09-24,6857,0,0.38141614851641936,-0.04547419981012235,0.3644643069430043,0
2025-09-24,6367,1,0.5620789578402614,0.023640577337487256,0.6320700284043335,1
2025-09-24,8766,1,0.49983177117241445,0.004340871947439373,0.5400898266368894,0
2025-09-24,6501,0,0.5226445479160369,-0.032814120000786984,0.5106887826931605,0
2025-09-24,8058,0,0.4802429773318179,-0.004368276095164214,0.4828893711215183,0
2025-09-24,8306,0,0.483867830982309,-0.003860022125090845,0.4946310700990912,0
2025-09-24,4063,1,0.4438244712180059,0.032506178846539724,0.3046775845675084,1
2025-09-24,7203,0,0.4674070015756314,-0.02204642761630904,0.3837984599610059,0
2025-09-24,6758,1,0.47908745074268444,0.018310461293592706,0.4945251432638515,0
2025-09-24,9433,0,0.5420652260656285,-0.03382445662585931,0.39634884613199584,0
2025-09-24,9984,0,0.4540461009417963,-0.03887788438746376,0.5202404597395436,0
2025-09-24,6098,1,0.5165761317221665,0.0055155453290847145,0.5607576508128548,0
2025-09-24,4502,0,0.4409450362459453,-0.021947500961789324,0.2714018880345341,0
2025-09-24,8411,0,0.48402324064830476,-0.028666084355627897,0.5226097834498729,0
2025-09-24,8001,0,0.51700899478797,-0.020613114321088144,0.47661858818571107,0
2025-09-24,7011,0,0.5000182517888819,-0.03464634838508973,0.5232032464364136,0
2025-09-24,5108,0,0.4828713182792598,-0.015546344468411077,0.4261371445440918,0
2025-09-24,6146,0,0.37423735188621365,-0.05639776537034258,0.48570962001720575,0
2025-09-24,8035,0,0.3638705414870399,-0.04350500957788628,0.3870777277702132,0
2025-09-24,9432,0,0.49716205230483956,-0.003026929962669067,0.3003017537945755,0
2025-09-25,6098,0,0.5216128476575185,-0.052539757218836414,0.5522642823578343,0
2025-09-25,8001,0,0.4834734092689673,-0.01835553013550928,0.4263865212936584,0
2025-09-25,6857,1,0.4485074244534126,0.00300814975059982,0.44853030305319264,0
2025-09-25,8766,1,0.5149086956289398,0.01858131453105294,0.4962130242990815,0
2025-09-25,9984,0,0.47484231459111664,-0.013403936935191818,0.5001881817713533,0
2025-09-25,5108,0,0.4857647230866168,-0.019244542491765326,0.3455752221201925,0
2025-09-25,9432,0,0.49402466432530445,-0.01775193524893426,0.2836138404770468,0
2025-09-25,6758,0,0.4772835372993918,-0.03731188954584952,0.4834564809392234,0
2025-09-25,4502,0,0.45672894354099103,-0.010120508125429195,0.26727424622555346,0
2025-09-25,8411,0,0.49745035361729695,-0.05356720913522095,0.5338148039401509,0
2025-09-25,6501,0,0.531822444363085,-0.02657425656893131,0.4895750243785443,0
2025-09-25,9433,0,0.5526250750142361,-0.03504091983834701,0.4461299669666865,0
2025-09-25,6367,1,0.5530372289123302,0.0013467020329216428,0.5732530426481484,0
2025-09-25,6146,1,0.3704127275437372,0.023922847075858344,0.45500633444477867,1
2025-09-25,7203,0,0.4674188008764978,-0.03827083197054504,0.3987425548836738,0
2025-09-25,8035,1,0.3821059551992998,0.01459999199787898,0.37976891845014915,0
2025-09-25,8058,0,0.46299403537440253,-0.011332025075059482,0.4457766626209195,0
2025-09-25,7011,0,0.48608605128275506,-0.040675863977562066,0.5060166209052045,0
2025-09-25,4063,1,0.4765221278203947,0.0353770470740451,0.3130579117455786,1
2025-09-25,8306,0,0.49141226749097894,-0.027718337291342654,0.5018734648310824,0
2025-09-26,8035,1,0.4131692293262138,0.08405313546182236,0.409478934045075,1
2025-09-26,6857,1,0.4994787062209367,0.08648989133760976,0.5625274009297709,1
2025-09-26,6098,0,0.5366817016037924,-0.04234248242751226,0.5625298800098751,0
2025-09-26,9432,0,0.4612884676923471,-0.011824872352059645,0.2843916539394267,0
2025-09-26,8001,0,0.4733150081191881,-0.018320602722790014,0.4348815520368659,0
2025-09-26,8058,0,0.4496826410248501,-0.018549777307206305,0.46191915671167866,0
2025-09-26,6367,1,0.5555528593438769,0.008959490389609304,0.5251073164875603,0
2025-09-26,8766,0,0.4720071590734103,-0.0033222463253449463,0.36429872303948485,0
2025-09-26,4502,0,0.460510932787055,-0.018441732839202363,0.2763314322807204,0
2025-09-26,6758,0,0.4981331785422864,-0.00301025732372584,0.5372868367172242,0
2025-09-26,7011,0,0.47427455640670585,-0.040811053223227756,0.5049782781006635,0
2025-09-26,8411,0,0.4793388128208236,-0.0423940383057243,0.5149056970232954,0
2025-09-26,9433,0,0.5397321061920118,-0.023720311458881316,0.39679942008695973,0
2025-09-26,6501,1,0.5200696429956694,0.0980593053569252,0.5095341345677237,1
2025-09-26,7203,0,0.46418877122273433,-0.029064796792885095,0.4240046290213879,0
2025-09-26,4063,1,0.49584991663914973,0.05938094988196441,0.3202139084753344,1
2025-09-26,9984,1,0.43921027505552096,0.06146742556559204,0.5200123950561394,1
2025-09-26,5108,0,0.49926492885531215,-0.018643334551856627,0.3575781724451337,0
2025-09-26,8306,0,0.47879568015699986,-0.019707540961063974,0.49688495837413804,0
2025-09-26,6146,1,0.45845648844986836,0.09510209242722589,0.5169104011220366,1
2025-09-29,4063,1,0.4889394532681537,0.08518209229949014,0.28707548417692635,1
2025-09-29,9432,1,0.483720360305236,0.005148006561648932,0.25963537712512363,0
2025-09-29,9433,0,0.5364354991986275,-0.009641572686504007,0.410358359956894,0
2025-09-29,8001,0,0.49508013120745537,-0.0008292515752381657,0.42143106616128956,0
2025-09-29,6098,1,0.5044030805624782,0.0006284340585434034,0.554078917635374,0
2025-09-29,8035,1,0.40712762117171275,0.15336728540236555,0.40070791532061956,1
2025-09-29,8411,0,0.47801185985052264,-0.02642275769853153,0.5068724105148286,0
2025-09-29,6758,1,0.4745768461012293,0.052483594462085836,0.47638715597500675,1
2025-09-29,4502,1,0.5300632340848491,0.019626139260554343,0.4179317323032148,0
2025-09-29,5108,1,0.48153406231535817,0.028246926026565644,0.4386820983740036,1
2025-09-29,6146,1,0.4537281000031912,0.15359961932368682,0.5364659638509806,1
2025-09-29,9984,1,0.4189495663438791,0.09243696874737095,0.4950183654243063,1
2025-09-29,8058,1,0.4623471576806552,0.003986358354223674,0.46123292753648076,0
2025-09-29,8306,0,0.49002708957229063,-0.004727047718172228,0.48627439465524813,0
2025-09-29,8766,1,0.4996761210853644,0.023778277512086277,0.4260315791381621,1
2025-09-29,6857,1,0.500771419364475,0.18124785309348246,0.5505288784228478,1
2025-09-29,7203,1,0.46791862798434586,0.036236915147564774,0.37374404156254226,1
2025-09-29,6501,1,0.5228560594229533,0.1424196250635097,0.4780782316987065,1
2025-09-29,7011,1,0.48308279029103335,0.04509555373396168,0.5195039039201488,1
2025-09-29,6367,1,0.5534798491078848,0.0531697692393438,0.5515890861634529,1
2025-09-30,9984,1,0.43484669972308193,0.1255017854402618,0.5170426467791114,1
2025-09-30,6367,1,0.56580794347067,0.04625293827745147,0.5720952368420701,1
2025-09-30,6758,1,0.4698720459108971,0.05588162039377309,0.4721767211362667,1
2025-09-30,5108,1,0.5016038999459946,0.0484812947576152,0.4534748757811965,1
2025-09-30,7011,1,0.47214558802132606,0.05233305247778275,0.5055199610091687,1
2025-09-30,8306,0,0.49403199037872175,-0.04197991067206308,0.5042676392825749,0
2025-09-30,7203,1,0.4786467062316873,0.06088790271291722,0.42134752885126153,1
2025-09-30,9432,1,0.49087139738999086,0.002585700348845865,0.27009717283744594,0
2025-09-30,6857,1,0.6055469982462737,0.22901015532191016,0.6560155965388474,1
2025-09-30,6146,1,0.5029677223080773,0.14384004620555535,0.5869504915188946,1
2025-09-30,8766,0,0.47615962202282297,-0.014834884605439691,0.5099981012829093,0
2025-09-30,6098,0,0.5399323966572694,-0.008790650191101479,0.5918675927928759,0
2025-09-30,8035,1,0.4102438673427195,0.1415022670971613,0.4351826014803305,1
2025-09-30,4502,1,0.5249823855597244,0.010660388219853045,0.3516603808313468,0
2025-09-30,9433,1,0.5355512317871746,0.015251015081069408,0.40631042725855654,0
2025-09-30,6501,1,0.5268212642659631,0.138167911268394,0.5013236648621954,1
2025-09-30,8411,0,0.4807578167901788,-0.046912559765156514,0.5107500156636959,0
2025-09-30,8001,1,0.5083575868391664,0.0009494869014665674,0.43470290020559355,0
2025-09-30,4063,1,0.4762165255367422,0.07253242414204109,0.29217329803676284,1
2025-09-30,8058,1,0.46230211248892206,0.006796965456426163,0.4599759494175965,0
2025-10-01,8306,1,0.46817037962599495,0.011863663403597569,0.47753020191455253,0
2025-10-01,8411,1,0.49844694340601353,0.013967116319741013,0.524251616639007,0
2025-10-01,6146,1,0.5870788572506105,0.13520572156418242,0.6778154590729498,1
2025-10-01,7011,1,0.4979831510036103,0.13799573636303708,0.5464021052518178,1
2025-10-01,6501,1,0.5190744600371577,0.15535478131160452,0.522693429766829,1
2025-10-01,9433,1,0.5508119793311238,0.007279048107176944,0.46091486497092404,0
2025-10-01,9432,0,0.48131399900405714,-0.0064598747580416616,0.25904116255536214,0
2025-10-01,6857,1,0.5572438685972892,0.22419075545483658,0.636710071708956,1
2025-10-01,6098,1,0.5257173516617372,0.0275676565741787,0.6047946327835074,1
2025-10-01,6367,1,0.5480230666441166,0.013203141175259336,0.4612211944822414,0
2025-10-01,5108,1,0.4912124704479996,0.029536474352087838,0.45589199512566,1
2025-10-01,9984,1,0.5806130080302403,0.12993412728300568,0.6231584120581524,1
2025-10-01,8058,1,0.4670289891561748,0.034054799235151645,0.4865099862970958,1
2025-10-01,4502,1,0.533891558105186,0.022535278938245362,0.41793247248355575,1
2025-10-01,6758,1,0.46590995512628786,0.07829176404093885,0.47813379986351695,1
2025-10-01,8001,1,0.4847886258060922,0.023342101883607524,0.43283886876834726,1
2025-10-01,8035,1,0.4704685233377376,0.13347539655582108,0.4808485546439828,1
2025-10-01,7203,1,0.4906400604481569,0.06645397960132637,0.4504227449843754,1
2025-10-01,8766,1,0.4876334541337435,0.04119848312852192,0.5108093497265151,1
2025-10-01,4063,1,0.46445864421665056,0.05230521025763424,0.29561709674706377,1
2025-10-02,7011,1,0.49947899067913915,0.13940217962607693,0.5538459705763944,1
2025-10-02,4502,1,0.5185373781843232,0.009076061264107205,0.3420158530958255,0
2025-10-02,9433,1,0.5533447524640936,0.03498916669672503,0.48555828648897514,1
2025-10-02,8035,1,0.45167936800605296,0.06661878316917491,0.4614916463856317,1
2025-10-02,5108,1,0.491320977543192,0.023575905515956563,0.41973785126663465,1
2025-10-02,6146,1,0.3475153624488717,0.04716431755796813,0.4671255723038022,1
2025-10-02,6501,1,0.5137953255719098,0.17128204766585142,0.4946621007368241,1
2025-10-02,8306,1,0.5105445796491792,0.03804700060083199,0.5128290540398901,1
2025-10-02,8411,1,0.5206096568118871,0.02959827577547447,0.5860594487405102,1
2025-10-02,6098,1,0.5079065625100809,0.07326396118735445,0.5846338237108757,1
2025-10-02,6367,1,0.5654092177488833,0.040607666350068294,0.5146891649567369,1
2025-10-02,9984,1,0.419781010017025,0.19020470902421227,0.5060922806509516,1
2025-10-02,8058,1,0.48442111713480246,0.03862785338064145,0.4635235651692394,1
2025-10-02,6758,1,0.5082302500791327,0.13035012810582502,0.5225603849238464,1
2025-10-02,8001,1,0.48369998807167736,0.03485441206973161,0.3598968800493052,1
2025-10-02,7203,1,0.5503871201486995,0.050802175410106676,0.5466975951755003,1
2025-10-02,8766,1,0.49765085504244666,0.035286431859208545,0.5024632922137541,1
2025-10-02,9432,1,0.5212080256312505,0.0006539843366488718,0.3035548076171612,0
2025-10-02,6857,1,0.45140029266916176,0.1967430388506728,0.5146269642376334,1
2025-10-02,4063,1,0.4612696017231992,0.0541649639220243,0.2791057554076234,1
2025-10-03,9433,1,0.5372077183847505,0.003623128708521106,0.3580573273729387,0
2025-10-03,9432,0,0.5030363617527616,-0.011642976685139694,0.256843907414223,0
2025-10-03,6501,1,0.4983001515991152,0.02651158944821952,0.5188290823445215,1
2025-10-03,6367,1,0.5213807173506891,0.005156219937293427,0.4856404255614773,0
2025-10-03,8306,0,0.48253626661313354,-0.01210552874796833,0.47950923382008326,0
2025-10-03,8035,1,0.3969747011760864,0.02772904854363567,0.4341199625381959,1
2025-10-03,6857,1,0.4736174302131645,0.13671132081386772,0.5170727251284297,1
2025-10-03,6098,1,0.5526087078754581,0.030449155109775417,0.5877156831953917,1
2025-10-03,8058,1,0.47399238555068407,0.02434137286565541,0.36348565300392865,1
2025-10-03,6758,1,0.47101919805292036,0.06062770983040977,0.4771870800211082,1
2025-10-03,5108,0,0.4816015113403671,-0.0027765690249362818,0.3422774213205808,0
2025-10-03,9984,1,0.414161123984376,0.11336329825005165,0.4887643583195505,1
2025-10-03,4063,0,0.46890383975482397,-0.0021864890951132088,0.35252344178421496,0
2025-10-03,6146,1,0.3256215126172636,0.05274509053271581,0.4475615600560494,1
2025-10-03,7203,1,0.5325751361072585,0.020778353841703456,0.43672614316762975,1
2025-10-03,8766,1,0.49089330576757867,0.028943103270950177,0.46344635412497404,1
2025-10-03,8001,1,0.4786001386647687,0.021533655386823725,0.34892699249223563,1
2025-10-03,8411,0,0.5163552676421259,-0.009166580663841684,0.5529615119942091,0
2025-10-03,4502,0,0.5308805623313191,-0.008454611575555049,0.3661334790793161,0
2025-10-03,7011,1,0.48623099107432777,0.09403793737651611,0.5267188986122265,1
2025-10-06,8411,0,0.4882668936327792,-0.032776555700894106,0.5207647075157349,0
2025-10-06,4502,0,0.4544281548651356,-0.031164105867732106,0.299874546814099,0
2025-10-06,6758,0,0.4917881714807263,-0.040516463673673564,0.5137210677064799,0
2025-10-06,5108,0,0.46657005648670324,-0.06796943308252745,0.4276651369352932,0
2025-10-06,9433,1,0.5317451683182463,0.002962982074540488,0.37630682549923156,0
2025-10-06,6367,0,0.5235514284533307,-0.04133155020047119,0.5242915417076194,0
2025-10-06,7011,0,0.5213706429466519,-0.029497787701734612,0.543577589811105,0
2025-10-06,8001,0,0.47222666391787116,-0.012212535689935189,0.39732955608738,0
2025-10-06,6098,1,0.5562815670066328,0.004396459996441893,0.5939636697609483,0
2025-10-06,8306,0,0.4967888514707727,-0.03238348370351107,0.5046107397936969,0
2025-10-06,8058,0,0.4684451127407011,-0.0022689144597717315,0.3678829601157056,0
2025-10-06,9432,0,0.4840118952821191,-0.025608201618281368,0.2892866222116426,0
2025-10-06,6146,0,0.2945827635152491,-0.04629629899070786,0.4218320791085883,0
2025-10-06,7203,0,0.5006360342307181,-0.0344653373750623,0.5085292246562737,0
2025-10-06,8766,0,0.44455535089070214,-0.010571884111365892,0.33595372480843433,0
2025-10-06,6501,0,0.46811528788752677,-0.047810566308177704,0.5017500108815512,0
2025-10-06,4063,0,0.4526374461425714,-0.03240115289718515,0.32929382749158603,0
2025-10-06,9984,1,0.42526627362549163,0.0038461621643071098,0.49501838757823247,0
2025-10-06,8035,0,0.41819107486570994,-0.06967618277206034,0.4659827712772773,0
2025-10-06,6857,0,0.4029861483272755,-0.049748399214669226,0.4701408479693931,0
2025-10-07,8058,1,0.4603072755925647,0.01209565361612519,0.32746491076415074,0
2025-10-07,6857,0,0.37706554953144733,-0.03554561907202336,0.41802929188534854,0
2025-10-07,9432,0,0.5003097870591632,-0.010316026934463873,0.27241338952592425,0
2025-10-07,8766,1,0.46940966948310103,0.013601012408781754,0.37340731093314583,0
2025-10-07,4502,0,0.450851869794959,-0.037376654545239085,0.2664499316940394,0
2025-10-07,6146,0,0.2896112467686654,-0.014849622255714179,0.3967100213234904,0
2025-10-07,8001,0,0.4651239490022139,-0.0054541513850873136,0.34473352907349264,0
2025-10-07,9433,0,0.49118301678540954,-0.016065043891723474,0.3624480658473978,0
2025-10-07,9984,1,0.3897997933750535,0.0435092672273687,0.4297310941582792,1
2025-10-07,4063,0,0.40681070094354693,-0.04053795364703716,0.27248201155605084,0
2025-10-07,6098,0,0.5520893357554582,-0.01976432433933384,0.5999355552442626,0
2025-10-07,8411,0,0.5268059561416063,-0.01304166334217649,0.586776741557091,0
2025-10-07,8035,0,0.39952399934581817,-0.033898322851908524,0.4535626477333951,0
2025-10-07,6501,1,0.47245146642871383,0.00715405812550074,0.496146976956399,0
2025-10-07,6367,0,0.49540832000493185,-0.013430270357905671,0.47748988866731595,0
2025-10-07,5108,0,0.4565917042248626,-0.09735375886867981,0.35749042726595964,0
2025-10-07,8306,0,0.5114661256935673,-0.0010900753994131929,0.5055377378097977,0
2025-10-07,7011,1,0.4669301385530209,0.010044095076270798,0.5123552134049324,0
2025-10-07,6758,0,0.47783864458682285,-0.03446737027251312,0.5048175369683002,0
2025-10-07,7203,0,0.4864882716194685,-0.03622231926707531,0.48753480942191296,0
2025-10-08,7011,1,0.4713379616339795,0.004944569171623003,0.5287060378254629,0
2025-10-08,8035,1,0.4228785407383717,0.03401125837882368,0.46199475145387453,1
2025-10-08,5108,0,0.4482324684171011,-0.06803008492420393,0.34884471208143736,0
2025-10-08,4063,0,0.39109415025721195,-0.022200454446138718,0.31949932946146237,0
2025-10-08,9433,0,0.516944106766738,-0.001700389907916211,0.37086567930559095,0
2025-10-08,6098,0,0.5297588710804223,-0.045919648992769235,0.582482484181057,0
2025-10-08,8306,0,0.4844478844968306,-0.01897248899986448,0.4954257190074526,0
2025-10-08,4502,0,0.4538522768123165,-0.03328741048751582,0.2777849543789569,0
2025-10-08,6501,1,0.466069916537352,0.027920554622316907,0.5016099665369425,1
2025-10-08,8411,0,0.47371023174555843,-0.021381653766920805,0.5076836384713271,0
2025-10-08,8058,0,0.4596092414234914,-0.006140116309427679,0.339083884327078,0
2025-10-08,6758,0,0.48561120076025815,-0.04928492557406239,0.5129256225752084,0
2025-10-08,9984,1,0.4218664237550276,0.15623482815651202,0.4970647785483096,1
2025-10-08,8001,0,0.4692921846406122,-0.01918356687248146,0.393259307634105,0
2025-10-08,9432,1,0.5178840884619973,0.014304268589641955,0.2549251636970473,0
2025-10-08,6146,1,0.30368709103814145,0.030686681228711876,0.41135090950473674,1
2025-10-08,6367,1,0.49444538492682233,0.00934851920550095,0.5010864114706197,0
2025-10-08,6857,0,0.4033070892908749,-0.026440255195726903,0.4421912636153705,0
2025-10-08,8766,0,0.505814308888604,-0.031748516293328866,0.5291542243606724,0
2025-10-08,7203,0,0.47828394184366063,-0.01811234003574258,0.49633171641445023,0
2025-10-09,7011,1,0.47338218103225493,0.023133821658475773,0.517366257906039,1
2025-10-09,6501,0,0.46662665885772275,-0.01707526030448403,0.5000296064938924,0
2025-10-09,9432,1,0.5237411004271106,0.03464054521495208,0.25678331914046354,1
2025-10-09,9984,1,0.4392765042731283,0.0028303416577439844,0.4843695605115144,0
2025-10-09,4063,0,0.39157332951923773,-0.04690535941424456,0.2759855361047924,0
2025-10-09,6367,1,0.49889187301008503,0.0011229872434492805,0.5266251047471311,0
2025-10-09,5108,0,0.44206248279798727,-0.06781111818261287,0.3484527722519609,0
2025-10-09,6146,0,0.3290089583239179,-0.03647867102069491,0.42214185156015127,0
2025-10-09,8058,0,0.44617201477705454,-0.00943660263423074,0.30146858485855216,0
2025-10-09,6758,0,0.4730523959936353,-0.07487082926598798,0.5034428312521999,0
2025-10-09,8035,1,0.41977860525849836,0.012794579092219927,0.4577406163886569,0
2025-10-09,9433,0,0.4875590116369321,-0.011686115949459785,0.3731049966515148,0
2025-10-09,8001,0,0.46445711910408694,-0.033217584766230934,0.41549687660703877,0
2025-10-09,8766,0,0.4938408504145509,-0.06582232862453996,0.5209477545974421,0
2025-10-09,7203,0,0.4766001129625343,-0.004749814493865245,0.49703233047874595,0
2025-10-09,6857,0,0.39513699030248034,-0.06303803735573721,0.43405356977492976,0
2025-10-09,8306,0,0.4828089161639666,-0.05402542841954927,0.4849628477958411,0
2025-10-09,4502,0,0.4663879482833523,-0.03344095161462368,0.26085530536608587,0
2025-10-09,8411,0,0.4771959275027009,-0.06180700101131764,0.4902421899039738,0
2025-10-09,6098,0,0.5217954958950687,-0.08950280722987447,0.5484572399925491,0
2025-10-10,4063,0,0.4264985403030784,-0.028884398533586708,0.41758361778863,0
2025-10-10,4502,0,0.5174404927447951,0.0,0.4000998330939086,0
2025-10-10,5108,0,0.4817870174845576,-0.017438447120354583,0.43628702128876296,0
2025-10-10,9984,1,0.40746317566182144,0.12317378060441042,0.435553532057564,1
2025-10-10,6501,1,0.483496207237009,0.03670134690057991,0.5185314970673689,1
2025-10-10,9432,1,0.5341346637742315,0.04057589908320325,0.33970789781780614,1
2025-10-10,6857,0,0.3957030747828248,-0.0182226156330203,0.4374710253993185,0
2025-10-10,6758,0,0.4799065454948588,-0.00919077329477147,0.5147718313163991,0
2025-10-10,6146,0,0.31638454254848114,-0.0005587928435589751,0.4242393178308137,0
2025-10-10,8001,1,0.48218850173815236,0.000351345719853402,0.4188688363700618,0
2025-10-10,8306,1,0.4754150403008011,0.017505432812521704,0.4972319304303723,0
2025-10-10,6098,0,0.5277195397332436,-0.03952231908025805,0.5635561929521109,0
2025-10-10,6367,1,0.48513090202790293,0.025363299713754728,0.4774050111555563,1
2025-10-10,8058,1,0.46744822599054225,0.017053393368312353,0.36880711777744285,0
2025-10-10,9433,1,0.5080596112957013,0.026544973440293385,0.37635060901574585,1
2025-10-10,7011,1,0.5168794344262303,0.09289080337149591,0.5420604253568213,1
2025-10-10,7203,1,0.46118664804948845,0.03605311438447045,0.48934311216787574,1
2025-10-10,8035,1,0.42787472991381026,0.07274593261337681,0.4893539691023891,1
2025-10-10,8411,1,0.4599192473199411,0.020184979915024437,0.49591870769093727,1
2025-10-10,8766,0,0.48544345719510457,-0.035872254503341416,0.5229677229328007,0
2025-10-14,9433,1,0.48491587625578614,0.03059709280718348,0.36613545216748594,1
2025-10-14,6501,1,0.5380179379050187,0.05537308251109074,0.5738681880475636,1
2025-10-14,7011,1,0.4949018763435815,0.07209237077165853,0.5407152900763174,1
2025-10-14,8035,1,0.5181484223042836,0.07981719873257154,0.5807915271046529,1
2025-10-14,9432,1,0.5305198768146543,0.051905440433525074,0.34785096288470807,1
2025-10-14,8306,1,0.5286629203860364,0.029674320589871295,0.5365903153093534,1
2025-10-14,8411,1,0.5182568631261412,0.05827753078312603,0.5433372457849706,1
2025-10-14,5108,1,0.509243496249257,0.022941382345734285,0.5569139874695237,1
2025-10-14,4502,1,0.536249146568596,0.010643340351187192,0.41971423703566263,0
2025-10-14,6758,1,0.503726660732051,0.025057955663789322,0.5479818469442685,1
2025-10-14,6857,1,0.5724418594096204,0.023529340030089108,0.6010560885410315,1
2025-10-14,7203,1,0.5122248791088594,0.04649142850042587,0.511814049106106,1
2025-10-14,6146,1,0.5253668721967995,0.02019422725020026,0.5940135481751071,1
2025-10-14,8001,1,0.5063148977395359,0.03144880577225195,0.3946988408781736,1
2025-10-14,6367,1,0.4851211182402364,0.05902782886494107,0.5163624556240277,1
2025-10-14,9984,1,0.43784848441996993,0.1934865853727077,0.5267227767133141,1
2025-10-14,8058,1,0.4584962364298408,0.03126781875399298,0.4596542706543719,1
2025-10-14,8766,0,0.4714093700911408,-0.0318925037894181,0.5144623074615,0
2025-10-14,6098,0,0.5098499677044479,-0.01075542167082466,0.5462744222459867,0
2025-10-14,4063,0,0.4512111637863733,-0.018736272992553427,0.4470139935487292,0
2025-10-15,8306,0,0.4814965209944673,-0.004801326894783187,0.48535093095760273,0
2025-10-15,8035,1,0.5334607393137545,0.05710354755736646,0.5819481940888594,1
2025-10-15,4502,1,0.5523935427631945,0.022867980696986923,0.48709074841380756,1
2025-10-15,8766,0,0.49397707586967726,-0.05095841502055598,0.5044696915648237,0
2025-10-15,6146,1,0.3685967926585766,0.00934935586055552,0.5091598244550659,0
2025-10-15,8058,1,0.46710565522526454,0.020844867019919278,0.32350224312880177,1
2025-10-15,7203,1,0.5107243138797933,0.0653852682612539,0.5045863757318222,1
2025-10-15,6758,1,0.5185020148710784,0.013357864692477017,0.5548772886966207,0
2025-10-15,9984,1,0.4172919895121578,0.07997260293506869,0.5102926779879086,1
2025-10-15,5108,1,0.5250366089949272,0.0433574507161274,0.5689818111216063,1
2025-10-15,9432,1,0.47749124987493896,0.041042394076978406,0.2906688079233673,1
2025-10-15,6857,0,0.5522629983567858,-0.015260629398471282,0.5821174284429053,0
2025-10-15,4063,0,0.4754855148221539,-0.01081293844316844,0.45795731994074357,0
2025-10-15,7011,1,0.45984009071120285,0.054329369598598465,0.51694539610539,1
2025-10-15,6098,1,0.497561945243773,0.01731938800099364,0.565684489415322,0
2025-10-15,6501,0,0.4951883038800753,-0.0077691870140442765,0.5220315582509285,0
2025-10-15,6367,1,0.5057756199509472,0.04651155771276971,0.512153976945333,1
2025-10-15,9433,1,0.4953351337818411,0.036683588171689374,0.3655647330411381,1
2025-10-15,8411,1,0.49746892526047143,0.04646209059091877,0.5123002039895186,1
2025-10-15,8001,1,0.4719505835467097,0.039699527254016376,0.36221415533774964,1
2025-10-16,8411,1,0.4860833188144387,0.02268916474123861,0.48012730230601003,1
2025-10-16,9433,1,0.507535411705842,0.040451358171305296,0.35112629430137654,1
2025-10-16,6758,1,0.5104286288352541,0.01573715160981859,0.5501404466606787,0
2025-10-16,4502,1,0.5471900562817268,0.01828535631935746,0.3871283753418598,0
2025-10-16,4063,0,0.4619583842470173,-0.015471091234747103,0.4594084616281747,0
2025-10-16,6857,0,0.5069588844770849,-0.05860495500915386,0.5349371450491089,0
2025-10-16,6146,0,0.3928236192756027,-0.053033150095736836,0.5106476128221658,0
2025-10-16,7203,1,0.4747585321717049,0.04620069768042567,0.484727954986183,1
2025-10-16,8058,1,0.4616326981467399,0.03819153935495945,0.37544584020607824,1
2025-10-16,8306,0,0.47721651832715656,-0.017166469107319338,0.4860456881591442,0
2025-10-16,6098,1,0.5135633714336525,0.010855345536900707,0.583011561834255,0
2025-10-16,6501,0,0.4837966314268083,-0.037592398711036035,0.5039184769925243,0
2025-10-16,9432,1,0.4531269983413373,0.023717866399661114,0.296629307396256,1
2025-10-16,5108,1,0.5288492058110467,0.03398356384908663,0.5341657094002105,1
2025-10-16,8035,0,0.47818602577083974,-0.017190119829161077,0.5388874594348446,0
2025-10-16,8766,0,0.5125754203305938,-0.03214346023250858,0.5279309062664599,0
2025-10-16,8001,1,0.48018647246640545,0.02420993499955304,0.3792161960761818,1
2025-10-16,6367,1,0.504685946297882,0.012068503351366333,0.5180774929095772,0
2025-10-16,9984,0,0.40560689517210885,-0.051825376228439524,0.4769640126315942,0
2025-10-16,7011,1,0.49359945669756644,0.04311156549702577,0.543255236346382,1
2025-10-17,8306,1,0.534495388407177,0.0006719384504825232,0.5782665340034063,0
2025-10-17,6501,1,0.47263691137348957,0.017594576934998774,0.507371355815854,0
2025-10-17,7203,1,0.4764454292545635,0.06596217860301223,0.46877019308765544,1
2025-10-17,5108,1,0.5352542087246398,0.03913441365141557,0.5478437184040303,1
2025-10-17,8001,1,0.5249399045777716,0.04752785463887488,0.46263425659637963,1
2025-10-17,6857,1,0.609919465152508,0.012448150578868944,0.6655044305370119,0
2025-10-17,6146,1,0.5797330069631284,0.03245119845101985,0.618895943213583,1
2025-10-17,6367,1,0.5064390147324676,0.0280425257219159,0.4882278618620443,1
2025-10-17,6758,1,0.5299661723983017,0.01790689273043844,0.594187364620329,0
2025-10-17,4502,1,0.5425141254587909,0.025053709041373606,0.3978556844560623,1
2025-10-17,8766,0,0.4775828234396234,-0.005690372361859208,0.5358575057280202,0
2025-10-17,4063,1,0.502249884265666,0.001633595460934112,0.543242073429854,0
2025-10-17,9984,1,0.41593783852249516,0.03690843041463099,0.5161177020096621,1
2025-10-17,8058,1,0.4575798222299205,0.03166153328484045,0.3615285797508477,1
2025-10-17,8035,1,0.44522971022752195,0.006316505702675057,0.5250060652691264,0
2025-10-17,8411,1,0.489296893097577,0.06916178014783769,0.5348256302727765,1
2025-10-17,9433,1,0.48796371696186314,0.02787163717577168,0.3437373005325134,1
2025-10-17,9432,1,0.45470491015810466,0.009475718288089352,0.37298989450074194,0
2025-10-17,7011,1,0.47575314140494435,0.031701526977732764,0.5211641625504684,1
2025-10-17,6098,1,0.4897588735383605,0.06930963407832191,0.5608658446484439,1
2025-10-20,8411,1,0.5043137754777743,0.022671104388770402,0.5390998100370806,1
2025-10-20,9984,1,0.3814305966338891,0.019411655572942665,0.46708972500876106,0
2025-10-20,8766,0,0.5210790315244648,-0.013604328997294357,0.5303812109324979,0
2025-10-20,8058,1,0.47221346337795966,0.03683343009907647,0.3313518382485592,1
2025-10-20,6367,1,0.5070484853349394,0.03891052331401745,0.5318824338921908,1
2025-10-20,6146,1,0.42748142341665574,0.010995200055288201,0.5167070552354704,0
2025-10-20,5108,1,0.5142327562496516,0.020879889461978163,0.47012767770768726,1
2025-10-20,6501,1,0.4718893196441419,0.03540215151481663,0.49615838557465763,1
2025-10-20,6758,0,0.4778747055690019,-0.004072353477620139,0.4934773383535779,0
2025-10-20,9432,1,0.45924302899945135,0.022012571250783486,0.36684008928855283,1
2025-10-20,7011,1,0.4956483920774474,0.015185826768856936,0.5329901359580699,0
2025-10-20,8001,1,0.46459847011452493,0.05080770661070022,0.39994391489318276,1
2025-10-20,9433,1,0.4566979105541596,0.020893621104454807,0.36817021286250196,1
2025-10-20,4063,0,0.4856051453064413,-0.03076930382339782,0.49568771068444967,0
2025-10-20,6098,1,0.5163437861087165,0.013331650132859307,0.5629470574579529,0
2025-10-20,4502,1,0.4919119821877265,0.0348176293098732,0.2692687060951337,1
2025-10-20,6857,1,0.45637534620387576,0.039120471568314885,0.5282025849355911,1
2025-10-20,7203,1,0.49032320971180365,0.07159508725620323,0.5017552751122029,1
2025-10-20,8306,0,0.48045835448155205,-0.022365586933054793,0.5115616509789344,0
2025-10-20,8035,0,0.4949566041155809,-0.02515124336829444,0.5973248281737226,0
2025-10-21,9432,1,0.4653817559082036,0.0018738171729000275,0.35437251100514944,0
2025-10-21,8411,1,0.48787291048205556,0.01611256726455146,0.5336498974464187,0
2025-10-21,8035,1,0.4410436023202372,0.024096393276350714,0.5477990242751102,1
2025-10-21,6857,1,0.4579480464059715,0.041379321972553784,0.5371395427415585,1
2025-10-21,8306,0,0.478427672256866,-0.014734561587271378,0.509752790714919,0
2025-10-21,9984,1,0.35600993402635,0.05497589445060247,0.3955591626193607,1
2025-10-21,7203,1,0.49238663392579884,0.05524122976627943,0.4920999912907999,1
2025-10-21,9433,1,0.46047974028664485,0.004095074232162155,0.3667608237213318,0
2025-10-21,6758,0,0.48353463859791496,-0.00973291486270833,0.5007629549088293,0
2025-10-21,8766,0,0.5112465836225872,-0.011204032493443261,0.5358634801594796,0
2025-10-21,6098,0,0.5197186886465438,-0.024146653977888177,0.5751466717767516,0
2025-10-21,6146,1,0.4319153619871317,0.02550435632718906,0.5678456088100132,1
2025-10-21,6367,1,0.49799730335809367,0.014754072407229923,0.52212814122419,0
2025-10-21,8001,1,0.46759881318435453,0.03002448846786221,0.39736684991406956,1
2025-10-21,4502,1,0.4649187488053553,0.006786799509280961,0.2535093004437032,0
2025-10-21,5108,1,0.5208810648650212,0.002524865985084279,0.4632520194442811,0
2025-10-21,4063,0,0.4679097220592384,-0.05098519560344217,0.49941896284356974,0
2025-10-21,6501,1,0.47004530731379396,0.040017735243085495,0.511388629554774,1
2025-10-21,7011,1,0.4794067879601727,0.034676768811330305,0.5269304883032608,1
2025-10-21,8058,1,0.4630065677460889,0.014057330252753575,0.35460371319588735,0
2025-10-22,6367,0,0.4945662182577015,-0.022493144945793575,0.523306539716842,0
2025-10-22,6501,1,0.46277482389557983,0.08501125228902007,0.4936141174853627,1
2025-10-22,6146,1,0.4695241347274433,0.06597356099838825,0.5768521646547297,1
2025-10-22,8766,0,0.5076148990078706,-0.028614773488835343,0.5396807106600986,0
2025-10-22,5108,0,0.4962096425240408,-0.006506881717234347,0.4710037256765642,0
2025-10-22,8001,1,0.4668183303706927,0.005045318449428127,0.4155484640359195,0
2025-10-22,8411,1,0.4881149732381789,0.01832992619847129,0.5302911325080245,0
2025-10-22,8306,1,0.47652843462063627,0.0002192404741705456,0.5006623052214446,0
2025-10-22,9432,0,0.4794684388908777,-0.004380415860814835,0.32642137966341445,0
2025-10-22,9433,0,0.4738565701355831,-0.004295334014015828,0.3817289149350116,0
2025-10-22,6098,0,0.5255785229387726,-0.036971206047101135,0.5670628040070331,0
2025-10-22,8058,0,0.47380895575652276,-0.0038115557598072947,0.3283281447620321,0
2025-10-22,6857,1,0.49435688250649334,0.2935673365396745,0.5716626938895442,1
2025-10-22,7011,1,0.47107095018829354,0.02323435882474212,0.5109235067032717,1
2025-10-22,7203,1,0.5236502132498931,0.013530923926110328,0.5164452831114807,0
2025-10-22,4502,0,0.4547474208687202,-0.013972998062828035,0.2631728842813531,0
2025-10-22,6758,0,0.4813513619955145,-0.019318191566291776,0.4881603951526856,0
2025-10-22,8035,1,0.45942470493535276,0.05727304890718776,0.5558198522537876,1
2025-10-22,4063,0,0.4815430233176254,-0.06295545569747718,0.49776846802538954,0
2025-10-22,9984,1,0.40883093304448137,0.15253162640075457,0.4801759299654323,1
2025-10-23,9984,1,0.5608445756393775,0.16397432386157273,0.6246464540861983,1
2025-10-23,8001,1,0.4819297715490509,0.033302340657044294,0.41631039695462346,1
2025-10-23,6501,1,0.5163488115451237,0.12056900686254868,0.5131761790180199,1
2025-10-23,7011,1,0.48513000835905096,0.019317189040364946,0.5270442105357879,0
2025-10-23,9432,0,0.46576013271417754,-0.010018690855045365,0.3306920211462502,0
2025-10-23,5108,0,0.49730196048670855,-0.006042753176436322,0.47434733981515975,0
2025-10-23,8058,0,0.462652304615374,-0.004327804198430152,0.3077966622537559,0
2025-10-23,9433,1,0.4792635180999485,0.004706358116211451,0.4034753115618331,0
2025-10-23,6367,0,0.490813502752892,-0.001663926976976371,0.5106903165913786,0
2025-10-23,8306,1,0.49567212041627534,0.026752150735259717,0.502477984545651,1
2025-10-23,8035,1,0.5135009056828744,0.10965358591867314,0.5993028649180492,1
2025-10-23,4063,0,0.47375782498039065,-0.061428584208575776,0.50051734053943,0
2025-10-23,8411,1,0.48081754216091405,0.04971239367900204,0.5241201564077865,1
2025-10-23,6857,1,0.6285649144437261,0.3525660556521073,0.6918897858233778,1
2025-10-23,6146,1,0.5673797117505334,0.01709567513639576,0.6464639004406446,0
2025-10-23,6758,0,0.4772703632584379,-0.0357712975220521,0.4916132726201783,0
2025-10-23,7203,1,0.48812183670342485,0.03041093836986586,0.48068246589171254,1
2025-10-23,4502,0,0.4579407612811143,-0.007229492147901029,0.2590752727639531,0
2025-10-23,8766,0,0.5046813669911057,-0.03354470052518199,0.5238385602946075,0
2025-10-23,6098,0,0.5324020121076694,-0.015267136918114432,0.5773440626105862,0
2025-10-24,8058,1,0.46552620603386946,0.008147808263142098,0.3450232153599473,0
2025-10-24,6146,0,0.500276012046212,-0.03442470557556487,0.5605966530609169,0
2025-10-24,8766,0,0.495002701226911,-0.02676319790990822,0.510668137953422,0
2025-10-24,6367,0,0.4858584687249076,-0.019367119067520755,0.4975289850763082,0
2025-10-24,4063,0,0.46328803185227785,-0.05096835660136512,0.5021884953777858,0
2025-10-24,4502,0,0.456641536307484,-0.033286811507624026,0.24683405520138305,0
2025-10-24,6098,0,0.5322860170284555,-0.027994942965232972,0.5504561872492251,0
2025-10-24,5108,0,0.5069739018327519,-0.001033855466513578,0.46657489390887114,0
2025-10-24,6857,1,0.4492615195563002,0.3545082011795848,0.5660476113569693,1
2025-10-24,8306,1,0.5084352290592316,0.04297228837041778,0.5122225430721021,1
2025-10-24,7203,1,0.49272260419287217,0.0035177513522284265,0.4942348815585289,0
2025-10-24,8411,1,0.4793083481996438,0.054042984498181346,0.5198159378033672,1
2025-10-24,8035,1,0.5023459995761587,0.12917077861133586,0.5880835098027237,1
2025-10-24,7011,1,0.4596396501633741,0.05128789509821208,0.5052725746929176,1
2025-10-24,6758,0,0.4725189417958327,-0.010281013549063522,0.4832212874593684,0
2025-10-24,8001,1,0.46964154045743034,0.020685629492543933,0.4188772605822177,1
2025-10-24,9984,1,0.4090673080314439,0.13337519684436372,0.5123168392531128,1
2025-10-24,9433,1,0.4780603329691863,0.011298238163012453,0.3841081566378137,0
2025-10-24,6501,1,0.4673595879417403,0.16393086693425074,0.4996806467139897,1
2025-10-24,9432,0,0.4653469003500361,-0.008761025932042421,0.31306337100356607,0
2025-10-27,5108,1,0.49155191127180725,0.00818120836907199,0.4684493793275662,0
2025-10-27,9432,0,0.47200425508692456,-0.043692353410827445,0.3324994413680833,0
2025-10-27,8058,0,0.4670662421687966,-0.05408270836475493,0.31882144690137404,0
2025-10-27,8035,1,0.5162034803984856,0.13618543468126232,0.5668801968449314,1
2025-10-27,4063,0,0.5010035763088291,-0.017142851186300434,0.5484268993140091,0
2025-10-27,9984,0,0.39193660512890766,-0.012171198937466876,0.4601958767987278,0
2025-10-27,7011,1,0.45449939718013205,0.026121965623906007,0.5036500492847974,1
2025-10-27,6501,1,0.46872321830805197,0.10194177574946583,0.5088336980996389,1
2025-10-27,6758,0,0.4808873410205125,-0.02430719922175273,0.48109013215440327,0
2025-10-27,6146,0,0.483955803505749,-0.043870995866544416,0.5821840091446737,0
2025-10-27,8306,1,0.4841047514274237,0.025956945131642817,0.4999322217056655,1
2025-10-27,7203,0,0.49707040235290145,-0.019577447502399647,0.5092585161125149,0
2025-10-27,8411,1,0.48629295295784764,0.03184196489208024,0.541189700243486,1
2025-10-27,6098,0,0.51426157508438,-0.07096774512966852,0.5341448038805944,0
2025-10-27,9433,0,0.47916962867894936,-0.0052685101531739775,0.40427131222718926,0
2025-10-27,6367,0,0.4932112446340753,-0.0331728551219721,0.5270955356994641,0
2025-10-27,8001,0,0.4864850321748969,-0.0007798253826220014,0.4756689919220608,0
2025-10-27,8766,0,0.5064101650110538,-0.05001663061307904,0.5200188672901545,0
2025-10-27,6857,1,0.4372465621138653,0.19703215363955784,0.5403134564682109,1
2025-10-27,4502,0,0.43592475261229857,-0.03959714357772326,0.2684512543128823,0
2025-10-28,5108,1,0.5253575063449799,0.023703710575014192,0.48280343953603044,1
2025-10-28,8035,1,0.5160647439491817,0.06104924272341261,0.5995786094163923,1
2025-10-28,9984,0,0.38365416588925777,-0.13883603726576932,0.4456758468770042,0
2025-10-28,6146,0,0.4756330888357031,-0.11766887640877077,0.5801600205482205,0
2025-10-28,6758,0,0.4582771208831547,-0.0299428644929165,0.47188802533940427,0
2025-10-28,6098,0,0.4935160824633746,-0.06451610858755175,0.5358100575498574,0
2025-10-28,6857,1,0.4344333793471316,0.13051876078878522,0.5109171389962742,1
2025-10-28,7203,0,0.4945492836736586,-0.041311913290489666,0.48647659864715204,0
2025-10-28,6501,1,0.4646962935184946,0.06840531182350729,0.496294271312245,1
2025-10-28,7011,1,0.45829662959412665,0.008831505693823516,0.5196370032342702,0
2025-10-28,9433,0,0.4892606580677352,-0.0014274659155375513,0.39860237766547435,0
2025-10-28,6367,0,0.4922279006272259,-0.03607968306434528,0.5097164802970202,0
2025-10-28,9432,0,0.45756939103718686,-0.06359101363819952,0.2899376893659182,0
2025-10-28,8411,1,0.4904846492355537,0.008028909586461852,0.5415071617278706,0
2025-10-28,4063,0,0.5179340677515033,-0.023330472524693335,0.5384540617938439,0
2025-10-28,8306,1,0.4905792134370807,0.009016857221967545,0.5036416115408747,0
2025-10-28,8001,1,0.48919840030493766,0.04925998808375054,0.47650167898160445,1
2025-10-28,8058,0,0.4808598575137241,-0.029084019772006586,0.4407506569604099,0
2025-10-28,4502,0,0.46502978158191133,-0.03254295708443,0.2586974838277242,0
2025-10-28,8766,0,0.49333015559859056,-0.02553694774221138,0.5243414175370333,0
2025-10-29,5108,1,0.5118574440235428,0.013247974003748553,0.4709534942208118,0
2025-10-29,8001,1,0.49073296138118744,0.08899033996096128,0.4632009835063112,1
2025-10-29,9433,1,0.48675742861326193,0.014379612861901592,0.40354021418534725,0
2025-10-29,6857,0,0.3951383448990407,-0.04475587455612473,0.47895075196577847,0
2025-10-29,6098,0,0.4940538210652799,-0.035488086315328404,0.5441386961053475,0
2025-10-29,6146,0,0.39088325097311516,-0.10409652050907559,0.5503380189554905,0
2025-10-29,8306,1,0.49207061608143554,0.02170583199124798,0.4926239144476556,1
2025-10-29,9984,0,0.3855704920396442,-0.14698878051054343,0.46772294541043025,0
2025-10-29,8058,0,0.4741617923703948,-0.0054659710327382705,0.4489099025321787,0
2025-10-29,8035,1,0.5113495789875933,0.023391811800991924,0.5899119988913238,1
2025-10-29,8766,1,0.5117820942042027,0.0154219444764645,0.5452343380241932,0
2025-10-29,4502,0,0.48089239867783135,-0.010155874534422682,0.31212725574509875,0
2025-10-29,8411,1,0.47813619168086235,0.02580006475945651,0.5365306627199558,1
2025-10-29,6367,1,0.4425555844512383,0.06986413719056572,0.4791671793210726,1
2025-10-29,7011,1,0.4578992497488185,0.0382195223715629,0.5076888060850356,1
2025-10-29,4063,0,0.5068134747413119,-0.02657165718274257,0.5206244761102774,0
2025-10-29,7203,0,0.4848260359060296,-0.002225020792378629,0.4877360553828833,0
2025-10-29,6758,1,0.4735055442574381,0.008111264081905878,0.504395029566673,0
2025-10-29,9432,0,0.47116443419407644,-0.05279704016356579,0.28219201909888214,0
2025-10-29,6501,1,0.4924683839061801,0.07237108635710676,0.5263100207745501,1
2025-10-30,7011,0,0.45925584819975496,-0.019612131824723322,0.5082791585383368,0
2025-10-30,7203,0,0.4915739073554223,-0.02103612929495291,0.5001229972637193,0
2025-10-30,8035,0,0.47657986213576403,-0.005759335787161701,0.5764879384310415,0
2025-10-30,9433,1,0.49134412636172864,0.05112018461914225,0.4157799442297742,1
2025-10-30,8001,1,0.4885453293259378,0.07167000901969534,0.4894760990025788,1
2025-10-30,8411,0,0.5412566626929081,-0.012524528002081481,0.5547333693917107,0
2025-10-30,8766,1,0.4967645500170223,0.00828867257547694,0.5225728929599445,0
2025-10-30,6146,0,0.4140574877803068,-0.0625965747632018,0.5172211770323419,0
2025-10-30,6098,1,0.508485026848378,0.1150965711582368,0.5510477690216254,1
2025-10-30,6501,1,0.47695670913267574,0.03526092139823023,0.5200986544381677,1
2025-10-30,5108,1,0.51025569641397,0.01764530894658778,0.47223354677116514,0
2025-10-30,8058,0,0.5561579483213487,-0.011953293068490911,0.41971266541704805,0
2025-10-30,6758,1,0.5228169343759366,0.006380007818495015,0.541396486798837,0
2025-10-30,4502,0,0.4744688926721258,-0.018087771466822056,0.27563578043748355,0
2025-10-30,9432,0,0.567837122900944,-0.04364338220679964,0.34474968346898244,0
2025-10-30,8306,0,0.48485804656355347,-0.0032299806670500475,0.511338940938729,0
2025-10-30,6857,0,0.35174799444817784,-0.10372695752015437,0.4429514826538306,0
2025-10-30,4063,0,0.4972779801350008,-0.015220750847394049,0.5236337125763459,0
2025-10-30,9984,0,0.4077893688713065,-0.17490498877356386,0.4704481606584321,0
2025-10-30,6367,1,0.46470640200763835,0.09861112692674578,0.503333127868197,1
2025-10-31,8411,0,0.49285630160733457,-0.0134006669543002,0.555042323319876,0
2025-10-31,7011,0,0.4844398747978236,-0.06254026666026824,0.5160438280965648,0
2025-10-31,4063,0,0.5209617918441117,-0.022341624530691884,0.5201002147842666,0
2025-10-31,8035,1,0.4598800418721112,0.0005851875905162895,0.5535554207939115,0
2025-10-31,4502,1,0.5128092537237509,0.006982962136999005,0.5020512416386743,0
2025-10-31,8766,1,0.49710279637534704,0.014873750586518186,0.5047460325183104,0
2025-10-31,8058,0,0.4699866870083124,-0.010775921890254336,0.32632179543583323,0
2025-10-31,6367,1,0.468058435425614,0.09652292224920345,0.49716922787157297,1
2025-10-31,9984,0,0.38809331141098263,-0.17772033837920975,0.46429589266967525,0
2025-10-31,6758,0,0.4618795386877503,-0.01108032394680003,0.4818905860065481,0
2025-10-31,7203,0,0.493792618246957,-0.002230693204633094,0.4988378208152632,0
2025-10-31,6146,0,0.5456928816793458,-0.03080793972060114,0.6369861823399103,0
2025-10-31,9432,0,0.4767899732994324,-0.04419190768863335,0.28953462886435966,0
2025-10-31,9433,1,0.49720949669202796,0.06987609870469669,0.422071332759346,1
2025-10-31,6857,0,0.38150004113511204,-0.10438726998409587,0.4926586473113671,0
2025-10-31,8001,1,0.490589320511758,0.05811223717606828,0.48656355489421016,1
2025-10-31,6098,1,0.5029867059068228,0.051764391523964504,0.5471630734202803,1
2025-10-31,5108,1,0.49637908209646775,0.022471909273553026,0.47026999536428526,1
2025-10-31,6501,0,0.45162742942263806,-0.03836028172367134,0.4924571310363714,0
2025-10-31,8306,0,0.4815350905201657,0.0,0.48924176883582127,0
2025-11-04,6146,0,0.5858913122931289,-0.07942933156332088,0.7045158019312248,0
2025-11-04,6367,1,0.4925813879411247,0.09241838361709553,0.5198043353152706,1
2025-11-04,4502,1,0.5162342163448342,0.006911342190349057,0.4509509665983782,0
2025-11-04,9984,0,0.4160787403668095,-0.09797298111429875,0.5228103375770635,0
2025-11-04,8306,0,0.48988262814407413,-0.004502560431136171,0.5039703938263833,0
2025-11-04,6098,1,0.47309382800190486,0.1277232809243367,0.5289784835018058,1
2025-11-04,8411,0,0.4857711855892885,-0.010546867652172831,0.52794163705222,0
2025-11-04,8001,1,0.4826672219779672,0.03757384493741078,0.47394710334980983,1
2025-11-04,7011,0,0.46685790717224324,-0.05657097037526815,0.502464170278829,0
2025-11-04,6501,0,0.4778311755790431,-0.019344975648059592,0.536305840528684,0
2025-11-04,9433,1,0.4888632960194154,0.07964962865236402,0.4155734701858996,1
2025-11-04,8035,0,0.4586353693579423,-0.017246338509074643,0.5254356563036477,0
2025-11-04,6857,0,0.3797949339071278,-0.08746554705096043,0.46091427428740145,0
2025-11-04,8058,1,0.5048315527825462,0.0196188221535738,0.5441861181633545,0
2025-11-04,7203,0,0.48447129823574564,-0.0025356382953241052,0.483738636527611,0
2025-11-04,6758,1,0.48475127325001816,0.05238660673443274,0.48743603336532576,1
2025-11-04,9432,0,0.5524414000756458,-0.019304999642520304,0.4799027020415571,0
2025-11-04,4063,0,0.5405506738935342,-0.016795855767225865,0.5580863672532231,0
2025-11-04,8766,1,0.5075600457653047,0.01504285901201996,0.5514803021483893,0
2025-11-04,5108,1,0.49997169676828185,0.011737479107638338,0.48343024140569263,0
2025-11-05,8001,1,0.5018374348556965,0.024119675937566587,0.5097715309839791,1
2025-11-05,8058,1,0.49946213026329006,0.0369540802366668,0.5179833470180973,1
2025-11-05,4063,1,0.5300092440724169,0.007451244867696216,0.5715867772186798,0
2025-11-05,4502,1,0.5176337456630296,0.03628067489147835,0.41482307200195845,1
2025-11-05,6367,1,0.543885351131765,0.12793289612285563,0.5359129776951099,1
2025-11-05,6098,1,0.5085425835108482,0.13072982295490765,0.5632555005596671,1
2025-11-05,9432,1,0.585066717456415,0.014647114727294852,0.551793131541727,0
2025-11-05,7203,1,0.5151448216520018,0.04934211437887237,0.5131339151668226,1
2025-11-05,8411,1,0.48735673417345365,0.031859838582430244,0.5385437294023177,1
2025-11-05,5108,1,0.4955189926016702,0.04341537064991474,0.4708352832305669,1
2025-11-05,6857,0,0.4188353483307601,-0.03197460240596228,0.5084968164603294,0
2025-11-05,6501,1,0.48411898327558917,0.04801921452455815,0.5522699523435761,1
2025-11-05,9433,1,0.4863831023465291,0.08801311349063101,0.4176232634123918,1
2025-11-05,8035,1,0.48412306542215744,0.008690416438630777,0.5338259114567913,0
2025-11-05,6758,1,0.5079544844086031,0.10414704334965186,0.5136014906753411,1
2025-11-05,8306,1,0.4964908652457126,0.0462075854798194,0.5159750365076182,1
2025-11-05,6146,1,0.38617870679483324,0.006731171836387606,0.49999582829728934,0
2025-11-05,9984,0,0.5918433975417148,-0.032243810301805786,0.6079291448549207,0
2025-11-05,8766,1,0.5266083312683993,0.016140296663078146,0.5463795555140504,0
2025-11-05,7011,0,0.4667649428048144,-0.028731823055056727,0.519966201712616,0
2025-11-06,8766,1,0.511083143202858,0.009556297479072828,0.5136254584908551,0
2025-11-06,6367,1,0.5134800062808379,0.07644468087410061,0.5025862258514555,1
2025-11-06,9432,1,0.5720881185428491,0.0006635315384964091,0.4357558263114402,0
2025-11-06,6758,1,0.4666105048700381,0.07333331229833151,0.4662519208727439,1
2025-11-06,4063,1,0.5530551050728717,0.030403896539700437,0.5899773052436016,1
2025-11-06,4502,1,0.48504520373165716,0.0450966288597372,0.27851629008065276,1
2025-11-06,8411,1,0.48448023204095103,0.036069323573435286,0.5265911851951008,1
2025-11-06,8035,1,0.49614757062530057,0.019849662183995198,0.5535975878246897,0
2025-11-06,6098,1,0.5201802436692115,0.1241963948866378,0.6028323589945661,1
2025-11-06,6146,0,0.5142418784475101,-0.041369742069748416,0.6181621770916926,0
2025-11-06,6857,0,0.537033181099986,-0.02177000709468979,0.6313793358967517,0
2025-11-06,8001,0,0.4850922538434469,-0.010162414423686816,0.47328430652239606,0
2025-11-06,8058,1,0.4780775143260173,0.0252816690947979,0.462520489691655,1
2025-11-06,8306,1,0.48541454310333254,0.05150213996465558,0.49327836611273984,1
2025-11-06,7011,0,0.46550123989574116,-0.05132097991241891,0.5128179814285254,0
2025-11-06,6501,1,0.497521914973775,0.028456097893758248,0.5541265993765665,1
2025-11-06,7203,1,0.470904206111085,0.018795758904873505,0.48623619457377354,0
2025-11-06,9433,1,0.5037522770012727,0.06379096844818699,0.41486103051416434,1
2025-11-06,5108,1,0.49092078456015026,0.06508003813558183,0.4797516415267867,1
2025-11-06,9984,0,0.5237884331919901,-0.09141630724756955,0.6110471896220755,0
2025-11-07,6857,0,0.6056020864889137,-0.021543111159537554,0.6929026567857065,0
2025-11-07,6501,0,0.4671942743769863,-0.010704543325706029,0.530084927944259,0
2025-11-07,6367,1,0.5046029199901128,0.0414664359360164,0.5162746009693372,1
2025-11-07,9432,0,0.5719052380301591,0.0,0.4306111493488577,0
2025-11-07,6146,0,0.5253442206923543,-0.025350417187511742,0.6024910887523482,0
2025-11-07,8306,1,0.49109957812631183,0.05897607543061989,0.48507097899351626,1
2025-11-07,4502,1,0.4931406673418091,0.0629186596615614,0.2839687808542012,1
2025-11-07,7203,1,0.4703580538020641,0.019884527559101972,0.4868637413170185,0
2025-11-07,7011,0,0.46898473618698755,-0.06181171169158295,0.5174103512175388,0
2025-11-07,8001,0,0.47202285780480313,0.0,0.45635065564893074,0
2025-11-07,8058,1,0.46728435415793806,0.031069564839036445,0.4571929412998579,1
2025-11-07,6758,1,0.479843393086283,0.1035454400643796,0.4797640726594883,1
2025-11-07,5108,1,0.49550546361837006,0.06571475828814233,0.45728492423611367,1
2025-11-07,9433,1,0.4995467343361232,0.02673897124978697,0.4787728735815853,1
2025-11-07,6098,0,0.47605914696507645,-0.04524566683237219,0.5037147677955033,0
2025-11-07,8766,1,0.49676611153052846,0.014214765738813195,0.5038085070808613,0
2025-11-07,9984,0,0.5674290277401288,-0.0884791896539261,0.6133935779708645,0
2025-11-07,8411,1,0.4926184396416887,0.05033692204618778,0.5285882725901077,1
2025-11-07,8035,0,0.4963249890715635,-0.028963429293492715,0.5917464647985482,0
2025-11-07,4063,1,0.5265273934991613,0.02472951750383645,0.5613460062150658,1
2025-11-10,8766,1,0.5086905081023934,0.02249489616320388,0.5114136127749358,1
2025-11-10,7011,0,0.5041777170456977,-0.03255387318571845,0.5495747944239256,0
2025-11-10,6146,0,0.5400340051282211,-0.04018393197196746,0.6164385577175958,0
2025-11-10,8001,0,0.463168623733526,-0.010581986402814714,0.4712353421090449,0
2025-11-10,8411,1,0.4768805779843611,0.040551174671842105,0.516868672699873,1
2025-11-10,4063,1,0.5176631248386869,0.017358885730878182,0.5356028562810936,0
2025-11-10,6857,0,0.5610890933432678,-0.03474904240236654,0.6460602228287912,0
2025-11-10,6098,0,0.5298062984069158,-0.015418766180082422,0.5757545019322258,0
2025-11-10,9432,1,0.5762494474394081,0.011228600908434805,0.4354072417066832,0
2025-11-10,7203,0,0.45907194677340657,-0.0038326513628620384,0.47326787763862616,0
2025-11-10,6758,1,0.501052036770754,0.061624659475372434,0.4879741479609128,1
2025-11-10,6501,1,0.5360896288745131,0.0015643141999492904,0.546615293077785,0
2025-11-10,8058,1,0.47004473783729545,0.0002723377175655184,0.4525949800234117,0
2025-11-10,6367,1,0.4831209215061362,0.011415555705768021,0.5032511266403894,0
2025-11-10,8306,1,0.4811611183319261,0.04141629042821404,0.48683819105573134,1
2025-11-10,8035,0,0.5424496681423026,-0.02631585015047111,0.5992874018329765,0
2025-11-10,9984,0,0.5376198467503329,-0.08604804530016585,0.589929723013763,0
2025-11-10,5108,1,0.48500598825866,0.04945056589854269,0.46399763553861945,1
2025-11-10,4502,1,0.47656446446304546,0.04543280653070525,0.27660287465262695,1
2025-11-10,9433,1,0.482935806179997,0.010252568575719323,0.4376244326258074,0
2025-11-11,7011,0,0.5134403751889052,-0.07241697427392224,0.5678443124348702,0
2025-11-11,6367,0,0.4870095810951936,-0.027862171588819873,0.5060439958367882,0
2025-11-11,6098,0,0.5181315439153775,-0.0708765520397765,0.5634839196855981,0
2025-11-11,8001,0,0.4907544594283897,-0.03062538599695208,0.4883252809923062,0
2025-11-11,8411,0,0.47076442568498533,-0.003947939262472833,0.5158228943502201,0
2025-11-11,5108,1,0.4802445550307365,0.017903160855862854,0.46682200028840004,0
2025-11-11,8306,1,0.48320084836992977,0.010122670948083279,0.4866000845491541,0
2025-11-11,9432,1,0.5454381922587043,0.002624723494268899,0.28756279365488596,0
2025-11-11,9433,1,0.44364121920775146,0.005283053163772866,0.34910537358903376,0
2025-11-11,7203,0,0.45263418741602424,-0.037496035743968426,0.4647888487170277,0
2025-11-11,6758,0,0.4919193565814294,-0.024557575820673527,0.5112553826421155,0
2025-11-11,4502,1,0.47511782975038924,0.02863896820510603,0.25691648345484064,1
2025-11-11,8035,0,0.5088209068774869,-0.07926286773842417,0.5576797980509363,0
2025-11-11,9984,0,0.5577897101385213,-0.1707423978191679,0.6172749938509374,0
2025-11-11,8766,0,0.5094551492873873,-0.0005169761134313777,0.5183017620633306,0
2025-11-11,6857,0,0.6168987421068142,-0.03094339711762295,0.6971587153116399,0
2025-11-11,6146,0,0.4797588304718258,-0.040837718733532924,0.5674243943924541,0
2025-11-11,6501,0,0.4823939025765318,-0.06835935757765377,0.5366123147996911,0
2025-11-11,4063,0,0.5322101945427639,-0.018834794301764712,0.5345402422919272,0
2025-11-11,8058,0,0.46541805286351473,-0.011544811505323715,0.45396631936326737,0
2025-11-12,6098,0,0.5042506275817152,-0.06919778097546203,0.5784548865571637,0
2025-11-12,4502,1,0.4433910815754258,0.022490103981052778,0.2823232484982775,1
2025-11-12,8306,0,0.48968385091980654,-0.025000049244531808,0.5094239948408559,0
2025-11-12,4063,0,0.5153661742316241,-0.036110463198308795,0.4713795868612267,0
2025-11-12,8001,0,0.47646023263661663,-0.05646087449214665,0.4868512653242484,0
2025-11-12,7203,0,0.45125875193812387,-0.04796233496497737,0.476727911886469,0
2025-11-12,6758,0,0.4978586897804681,-0.07554418123456708,0.4849391277560321,0
2025-11-12,9433,0,0.44697359201372383,-0.0020645579658341573,0.34972618967189983,0
2025-11-12,7011,0,0.46745022490715654,-0.0917494612701869,0.5002895534605952,0
2025-11-12,8035,0,0.4928204593270721,-0.08318476658660856,0.5698186598348584,0
2025-11-12,6146,0,0.5480557722758649,-0.07584620956099508,0.6231160709217204,0
2025-11-12,6501,0,0.4645597148755062,-0.10271097703198584,0.5388001580171926,0
2025-11-12,8766,0,0.4945035934467685,-0.007515003676944354,0.4928349193238759,0
2025-11-12,6857,0,0.5812807393047111,-0.03429150287513982,0.646083628054839,0
2025-11-12,8411,0,0.4750437981756978,-0.0287533937380422,0.5331460170484199,0
2025-11-12,6367,0,0.4988071863409555,-0.051758268264800456,0.530530929674272,0
2025-11-12,8058,0,0.47643597545811545,-0.030507562305821523,0.4794929123818918,0
2025-11-12,9432,1,0.5336295277051987,0.000656129963421126,0.3061919673617293,0
2025-11-12,5108,0,0.5471117104069565,-0.010124866844417602,0.4949190575845118,0
2025-11-12,9984,0,0.5552878430147391,-0.1408033271783391,0.6210349261804321,0
2025-11-13,8001,0,0.46977930665762685,-0.0442421610335364,0.48217679973673644,0
2025-11-13,7011,0,0.4882917724910189,-0.05957546404280234,0.5458295648635285,0
2025-11-13,8766,0,0.4787961213655927,-0.09567276166044414,0.49500782199112975,0
2025-11-13,7203,0,0.4538580013017912,-0.048155057784535216,0.4683701891298938,0
2025-11-13,9984,0,0.5861744867228447,-0.09400095141017595,0.6493250667964067,0
2025-11-13,9433,1,0.4579648916236529,0.018465657431856908,0.43301668719615705,0
2025-11-13,5108,0,0.4529118357643501,-0.02013794204389252,0.3305421224649515,0
2025-11-13,4502,1,0.4533474717843701,0.01621003012485489,0.2807996626708796,0
2025-11-13,8035,0,0.5008838144822149,-0.04158072241078925,0.5696724907282719,0
2025-11-13,4063,0,0.4855242472674113,-0.0450139729519633,0.3844740406790728,0
2025-11-13,6758,0,0.4815768204143827,-0.04454918783625805,0.4860777748421163,0
2025-11-13,9432,1,0.544843792607802,0.01193636831834155,0.30208285483194725,0
2025-11-13,6367,0,0.5180536401657264,-0.05584986306382145,0.549313218062662,0
2025-11-13,6146,0,0.5474811667863414,-0.023952120094636542,0.627415939880631,0
2025-11-13,6098,0,0.4958720938825463,-0.07056817535182247,0.5809150134244084,0
2025-11-13,6501,0,0.4659157004816077,-0.08861467013415492,0.5417628872140665,0
2025-11-13,8058,0,0.47521100414718964,-0.030286787995721265,0.45236252879162214,0
2025-11-13,8306,0,0.48162238042724176,-0.025918445317788863,0.4986743408952204,0
2025-11-13,8411,0,0.4935361665232604,-0.029168220736862094,0.5408586943783675,0
2025-11-13,6857,1,0.4529274540057239,0.007982567318168599,0.5534180711879105,0
2025-11-14,9984,0,0.6362114042545416,-0.13599601314909304,0.7021964109026296,0
2025-11-14,6857,0,0.4874186315449835,-0.06221194003305508,0.5654804952559288,0
2025-11-14,8766,0,0.4705450525654604,-0.06433630729015904,0.47955220933387943,0
2025-11-14,6501,0,0.479040354230132,-0.07338190801598199,0.5234154378889956,0
2025-11-14,8035,0,0.5491450249515087,-0.052433250999218695,0.6351581227851504,0
2025-11-14,6146,0,0.5032931102038629,-0.0710509045657769,0.5866605235902276,0
2025-11-14,6758,0,0.49425031081430587,-0.041063897291081286,0.5140071686576885,0
2025-11-14,7011,0,0.4681926199016627,-0.0764254454913098,0.5405178845686918,0
2025-11-14,9432,1,0.539617368487143,0.019841352921399436,0.2746280401438951,0
2025-11-14,8058,0,0.4804756400546154,-0.02453333196611618,0.4776694456424477,0
2025-11-14,7203,0,0.45528133165577755,-0.026100613665959727,0.47609453756095094,0
2025-11-14,4502,0,0.4414927354562765,-0.001350484795864637,0.2810799178783724,0
2025-11-14,5108,0,0.4603760511280353,-0.012578664115686644,0.33143899357942047,0
2025-11-14,8001,0,0.4622646192730748,-0.04763410408767832,0.4671140679134471,0
2025-11-14,8306,0,0.4782150215147438,-0.026927797003120535,0.4944762011643222,0
2025-11-14,8411,0,0.456591168173063,-0.025849044383882802,0.5292165351509999,0
2025-11-14,6098,0,0.5021581546570331,-0.04874738606074558,0.6226026575758341,0
2025-11-14,6367,0,0.4620385880876774,-0.05025487832560038,0.5126118223024587,0
2025-11-14,4063,0,0.5031905634407015,-0.03038134518015656,0.38318952702813713,0
2025-11-14,9433,1,0.46714301988841384,0.026042711944167962,0.39037565942982455,1
2025-11-17,8411,0,0.4417787207214933,-0.004729465651108766,0.4723103655187339,0
2025-11-17,9432,0,0.517063138017534,-0.004572214041767886,0.28872039533067245,0
2025-11-17,8306,0,0.4654616479320676,-0.020193707172686204,0.49858621685155224,0
2025-11-17,4502,1,0.44555548497745284,0.019670617827071135,0.28344427356906154,0
2025-11-17,6146,0,0.549859103150416,-0.10935227674696035,0.6264752318610687,0
2025-11-17,5108,0,0.4344475015912152,-0.009644506784619145,0.3498695954006837,0
2025-11-17,6501,0,0.4633124221714114,-0.08043731235856033,0.5370237117344459,0
2025-11-17,4063,0,0.45200585907697327,-0.03023757524953752,0.28636716860249756,0
2025-11-17,7011,0,0.5108083662908187,-0.08127964067819349,0.5553177457799092,0
2025-11-17,8035,0,0.5855225169439288,-0.06606603833232572,0.6358689765989056,0
2025-11-17,9433,1,0.45351141874451617,0.0024430656823499763,0.3416005938059243,0
2025-11-17,6098,0,0.4798565089860611,-0.029566571427643296,0.5629635459745274,0
2025-11-17,9984,0,0.6140236970560707,-0.24336282334886128,0.6352235863400673,0
2025-11-17,8001,0,0.4971417016456788,-0.024278095338387984,0.49023763535293086,0
2025-11-17,6857,0,0.5393204178505216,-0.04600002679423332,0.6215545684713956,0
2025-11-17,8058,0,0.46852352576723016,-0.00952895650909924,0.4592757564265233,0
2025-11-17,8766,0,0.46581115318546007,-0.09066668319019822,0.3667739767704296,0
2025-11-17,6758,0,0.47479798024103875,-0.03518023561487571,0.5170750359947374,0
2025-11-17,7203,0,0.4550677246497109,-0.01346585011063317,0.474383403574071,0
2025-11-17,6367,0,0.4526479526762392,-0.010283430789391645,0.4847926320062055,0
2025-11-18,9433,1,0.45254790571453135,0.015014992390796733,0.3506608463619153,0
2025-11-18,6367,1,0.5067367631036755,0.047159901446161445,0.5377255172813602,1
2025-11-18,8306,1,0.4795697141471139,0.043496806049470926,0.49633328150308076,1
2025-11-18,8035,0,0.5984505244337841,-0.009847550524353155,0.6959633215393709,0
2025-11-18,6098,1,0.539123419213316,0.04431449598458714,0.6589695294017178,1
2025-11-18,4502,1,0.4665483113659652,0.04348826044214804,0.2814692459939055,1
2025-11-18,9984,0,0.7364650003239572,-0.13602553830069597,0.8164223879943453,0
2025-11-18,4063,1,0.4654774934792635,0.03058034649238639,0.4769834918958578,1
2025-11-18,8766,0,0.4459708626030228,-0.04241379737677542,0.477597327683604,0
2025-11-18,7011,0,0.4947113018957034,-0.022625539489975255,0.5716709460198763,0
2025-11-18,8001,1,0.5065150793421284,0.029597562033962577,0.4973728797164747,1
2025-11-18,6146,0,0.5237550301928363,-0.03951962750726168,0.5775252877977664,0
2025-11-18,7203,1,0.5089946939354976,0.0369759436566397,0.5180749324904197,1
2025-11-18,8058,1,0.4708619760530441,0.02447160701480966,0.4878027884780376,1
2025-11-18,6501,1,0.498838799012513,0.017400438647833028,0.5262323496896536,0
2025-11-18,6857,1,0.5493628477217378,0.010384235288670052,0.6079430467813052,0
2025-11-18,8411,1,0.4708741408981385,0.08521609845787625,0.4984120757607941,1
2025-11-18,6758,1,0.48086930244440595,0.026309864773412128,0.5298922271131571,1
2025-11-18,9432,1,0.5195473704534875,0.016361221784943147,0.2737038259878874,0
2025-11-18,5108,1,0.4748985040064335,0.025749172275714383,0.35728417000102425,1
2025-11-19,5108,1,0.4685472203717928,0.02101728454179086,0.3304469721065958,1
2025-11-19,8411,1,0.49639852924877653,0.08444272344043435,0.5289498968512423,1
2025-11-19,8001,1,0.5223878814710856,0.03075551846293556,0.5676044927996236,1
2025-11-19,4502,1,0.462602521181641,0.016326522795692355,0.3232785443321115,0
2025-11-19,6758,1,0.5103612566611739,0.05794094786269732,0.5875851372158889,1
2025-11-19,7011,0,0.5222498308004146,-0.01221370460028215,0.6029483084996179,0
2025-11-19,6367,1,0.5148409064463776,0.06059021963918587,0.5976166231336265,1
2025-11-19,6146,0,0.44703817030565246,-0.01062627143995043,0.5372511520338155,0
2025-11-19,7203,1,0.5190249046587955,0.03325646054877662,0.5648714196197706,1
2025-11-19,8058,1,0.5152113634964581,0.023113346644393795,0.5083657734716948,1
2025-11-19,4063,1,0.5217005143104788,0.048070352040314956,0.5923591006781108,1
2025-11-19,6501,1,0.5120730958251035,0.0548936308492427,0.5814735957296443,1
2025-11-19,8306,1,0.4888446208306281,0.03205134680412147,0.4814156062738491,1
2025-11-19,9984,0,0.7147477556591497,-0.1054448400129413,0.7967794770391874,0
2025-11-19,8766,0,0.47155241734319725,-0.0523145101267416,0.4404564825419126,0
2025-11-19,6098,1,0.5319848377049404,0.056447347288743455,0.6190964238152722,1
2025-11-19,6857,1,0.5494727871784635,0.06579644000411777,0.6122380037995497,1
2025-11-19,8035,1,0.5747224170227332,0.04277383748421637,0.6485638867726153,1
2025-11-19,9433,1,0.4555759037430584,0.014857971991909524,0.37784381746366785,0
2025-11-19,9432,1,0.528078197334527,0.012459007319029602,0.28225753905746537,0
2025-11-20,7203,1,0.5059714124431326,0.02923787440890724,0.5515371220733184,1
2025-11-20,9433,1,0.4358300225034109,0.005420602439011768,0.34570497872872086,0
2025-11-20,5108,1,0.4759317157726673,0.030827684362167984,0.3478514693472281,1
2025-11-20,6758,1,0.5078238648399832,0.02555485718429895,0.5636112774543708,1
2025-11-20,9984,0,0.7415514531315179,-0.12278420590155092,0.7944508590318757,0
2025-11-20,4063,1,0.5162020254207803,0.060442010933249524,0.5709628604345087,1
2025-11-20,6146,0,0.5035146135054813,-0.07488891339612158,0.544294383834224,0
2025-11-20,4502,1,0.4697745019840016,0.012356747955647007,0.37201555839150435,0
2025-11-20,6857,0,0.44545158005000035,-0.01247899656623197,0.5351176580014722,0
2025-11-20,8035,0,0.5370044658899199,-0.021538424583668392,0.660879364138507,0
2025-11-20,6501,1,0.4894046545910394,0.019076866354247768,0.5705790883008973,0
2025-11-20,9432,1,0.5206543943543617,0.020969860630047688,0.2982978293217365,1
2025-11-20,8058,1,0.5104284573894307,0.02321719230027397,0.47576923316582165,1
2025-11-20,8001,1,0.5100757266618232,0.036544862755134355,0.5314445255114518,1
2025-11-20,7011,0,0.5179109515293042,-0.041990272164970976,0.586949745114664,0
2025-11-20,8306,1,0.47839866251925095,0.015503963255734332,0.4859696095229701,0
2025-11-20,8411,1,0.4955061202218227,0.060864488788478166,0.5039576327626106,1
2025-11-20,6098,1,0.5281386825482887,0.04804288581369032,0.6305488715490448,1
2025-11-20,8766,1,0.45310251613935404,0.029719658346465616,0.4816558672429685,1
2025-11-20,6367,1,0.5073583288015712,0.03442120549194749,0.5696197508114319,1
2025-11-21,8306,1,0.47400939150516147,0.032704342151728794,0.48578777060391504,1
2025-11-21,4063,1,0.4809369048477115,0.034666645068192725,0.48732120812134655,1
2025-11-21,4502,1,0.4793887343140334,0.016227173032780984,0.42095804604466414,0
2025-11-21,9984,0,0.739675899135949,-0.032475139290015775,0.8045302316710844,0
2025-11-21,6098,1,0.4780825805092722,0.03489876530516067,0.573436097083016,1
2025-11-21,8035,1,0.49600609051782324,0.0480450589731376,0.5990234283703211,1
2025-11-21,8766,0,0.4976941133087484,-0.010106550385856172,0.5400510250560004,0
2025-11-21,6146,0,0.44126396144282193,-0.03368998513930932,0.5025437189179832,0
2025-11-21,9433,0,0.5932477987079459,-0.025197770896658978,0.39056198769109185,0
2025-11-21,8001,1,0.5088695780400067,0.008722536913415402,0.5285437584378148,0
2025-11-21,5108,0,0.4790538761656655,-0.003461641565820739,0.3693250695442953,0
2025-11-21,8411,1,0.4791703401275015,0.06546585459927479,0.4962965508467187,1
2025-11-21,6758,0,0.4910789510919851,-0.02063455930312219,0.5151328375754087,0
2025-11-21,6857,1,0.5636748608191109,0.07562106133631419,0.6154572969633471,1
2025-11-21,7011,1,0.5508756701166971,0.01219194483764996,0.580834508277556,0
2025-11-21,6501,1,0.4984439147582479,0.032696462692477724,0.5731263425196654,1
2025-11-21,7203,0,0.4745000585086176,-0.004843429592019555,0.47303194590005126,0
2025-11-21,6367,1,0.47236550381382175,0.01968302019720003,0.5322957770932426,0
2025-11-21,9432,1,0.5070320468135558,0.010376137239132444,0.2942392018827956,0
2025-11-21,8058,1,0.48169047608610865,0.0021869726510157506,0.47412295203689314,0
2025-11-25,6758,1,0.5199223921572135,0.012306265492309176,0.5660839855340063,0
2025-11-25,4063,1,0.48512360149001527,0.0525612525908703,0.4670994905928465,1
2025-11-25,9984,1,0.8204947681233922,0.01819360828142136,0.8647564327322891,0
2025-11-25,7011,0,0.5346417076578651,-0.004126911072423467,0.6019095385821978,0
2025-11-25,8058,1,0.477798068552413,0.010995045670743053,0.456277650780445,0
2025-11-25,9432,1,0.5190037596858911,0.021653510636402196,0.26861613262923784,1
2025-11-25,8766,1,0.4849453737981519,0.0012829662404800768,0.5252633745090605,0
2025-11-25,8411,1,0.47153112279878373,0.06804789416067547,0.4984534909758625,1
2025-11-25,6501,1,0.5106854376551693,0.03885347436213715,0.6102715578166241,1
2025-11-25,9433,1,0.4820425625943698,0.0016873597873416912,0.47058087152659345,0
2025-11-25,6857,1,0.5628504040319953,0.038259963604796,0.6663150691736011,1
2025-11-25,5108,1,0.4615381953199754,0.015303295955093832,0.32602968248276104,0
2025-11-25,8035,1,0.556936859599954,0.006430847988803112,0.6596613695548819,0
2025-11-25,8001,1,0.4940842148362209,0.008769052252728837,0.47119762798117887,0
2025-11-25,6098,1,0.5232206032436361,0.008391444181659491,0.5623388771897515,0
2025-11-25,8306,1,0.4663522419639373,0.06140898381968052,0.4727909674507529,1
2025-11-25,7203,0,0.44004011386349007,-0.010399740451390027,0.45774724551317725,0
2025-11-25,6146,0,0.4807405200391719,-0.0058465584792737335,0.5407933127153525,0
2025-11-25,4502,1,0.46642696217502666,0.003140417014304786,0.3686134772945238,0
2025-11-25,6367,1,0.47347534277539016,0.0020274103967714563,0.5076811827620694,0
2025-11-26,6758,0,0.4857583856283367,-0.030276233541780773,0.535606958463889,0
2025-11-26,8411,1,0.5203183524919018,0.012782993865010805,0.5404048949366731,0
2025-11-26,4063,1,0.46951562299558935,0.014511527421176673,0.4381799306794801,0
2025-11-26,7203,0,0.4580064381810528,-0.04329829473270852,0.48000967371001074,0
2025-11-26,6501,1,0.4873559965811347,0.004945334172836047,0.5496036948186603,0
2025-11-26,6098,1,0.5428249435578315,0.020781471226617665,0.5857383197336685,1
2025-11-26,8035,1,0.5613042901535389,0.051652222464244835,0.5964213388519931,1
2025-11-26,6857,1,0.49605130291312965,0.07194237735423914,0.586373659377483,1
2025-11-26,6146,1,0.5239297985492687,0.010229603238852025,0.5843960569921866,0
2025-11-26,9433,0,0.4716315044196889,-0.01941566883263801,0.4449099551301214,0
2025-11-26,9432,0,0.45779067301959286,-0.003863465956416179,0.3198937643843103,0
2025-11-26,5108,1,0.47616263436135264,0.0035665704636984596,0.33466869276321703,0
2025-11-26,4502,0,0.49624066942476464,-0.01786103171511566,0.4301004457923042,0
2025-11-26,8058,0,0.47063200092334423,-0.0038001748738828445,0.4777702815151556,0
2025-11-26,9984,1,0.8471035174233691,0.02521526239828842,0.8846291407043232,1
2025-11-26,8306,1,0.486960043952344,0.009399331098781882,0.5115515594333269,0
2025-11-26,8001,0,0.4831620449430143,-0.015503809031587101,0.48292456316312,0
2025-11-26,6367,0,0.5013002727914851,-0.016173111859487554,0.5183698865553834,0
2025-11-26,7011,0,0.5502688768700769,-0.011447500953558731,0.6024789794239549,0
2025-11-26,8766,0,0.5161117382645529,-0.013503836901496924,0.5644995685332056,0
2025-11-27,9984,1,0.8488933964320783,0.0807600362506058,0.8593948503633507,1
2025-11-27,6367,0,0.4923101224601901,-0.0027086500632027555,0.5285476930054563,0
2025-11-27,6857,1,0.4516249285727962,0.01420870403142449,0.559642946535304,0
2025-11-27,8035,1,0.5438424917982395,0.05096334325501051,0.5910097484681727,1
2025-11-27,8058,1,0.4748320072730387,0.04463799841382721,0.4418557212764384,1
2025-11-27,8001,1,0.5001822591111722,0.009081041208066631,0.4690306798851377,0
2025-11-27,4502,0,0.4704589089118175,-0.0020079896173325062,0.3027740627531454,0
2025-11-27,6098,1,0.5098477669988315,0.048947523443714,0.5672042533949188,1
2025-11-27,8766,1,0.5082533212353924,0.019066630817174968,0.5592890182526715,0
2025-11-27,5108,1,0.4720008063582403,0.007822105041557448,0.3196986579291523,0
2025-11-27,7203,0,0.4486351478325356,-0.011153623942757984,0.46044908123511435,0
2025-11-27,6501,0,0.4675964371972217,-0.00020166702159796213,0.5258984348283882,0
2025-11-27,9433,0,0.4701567235039763,-0.010192703022003036,0.4412183985530285,0
2025-11-27,8411,1,0.49162654700766223,0.03774275532348281,0.5246042254745379,1
2025-11-27,4063,1,0.46032833920659405,0.048234274215187556,0.41204747763578065,1
2025-11-27,6758,0,0.4741946510873025,-0.036002649575273216,0.5268273880662281,0
2025-11-27,8306,1,0.47642351014015333,0.04140777683804098,0.49600112669950425,1
2025-11-27,9432,1,0.4702852771365736,0.007772073319375794,0.2975894984550771,0
2025-11-27,7011,1,0.5406555848745616,0.04276141227875985,0.5917278450504107,1
2025-11-27,6146,1,0.5389209169094278,0.03884822386574038,0.6168128233596808,1
2025-11-28,9433,0,0.4752930823923582,-0.005391377922694396,0.4535596840190861,0
2025-11-28,8001,0,0.4902561722914414,-0.01805554841513679,0.5064429807256559,0
2025-11-28,6367,0,0.4710771796871713,-0.028346058417273112,0.5206556415676185,0
2025-11-28,7203,0,0.45890660762453217,-0.03223750986002283,0.4795292570138585,0
2025-11-28,7011,1,0.5500704002215627,0.034456562322184414,0.6015649676078625,1
2025-11-28,9432,0,0.4514197850044611,-0.012195211832594421,0.3410089187656527,0
2025-11-28,6098,1,0.49148188663729697,0.03035225258431984,0.5739366910372333,1
2025-11-28,8411,1,0.48708433988260663,0.0347159253344731,0.5180102594771941,1
2025-11-28,4063,1,0.4706857360495916,0.02254358710712201,0.42246419718980077,1
2025-11-28,6857,0,0.4840736277129248,-0.018226000351137972,0.5609927056448402,0
2025-11-28,8058,1,0.4830384636933354,0.011345225923072189,0.46668113000596556,0
2025-11-28,9984,1,0.8271989902095973,0.14621106010850693,0.8571473052528078,1
2025-11-28,6758,0,0.48319282573540123,-0.053114810797652234,0.5308037549753305,0
2025-11-28,6146,1,0.5165744650085473,0.05419619855562696,0.5974284998798567,1
2025-11-28,8306,1,0.4837168999334126,0.04373837099054234,0.4899628548898642,1
2025-11-28,5108,0,0.47094708232428445,-0.04410754513628634,0.3204884625270288,0
2025-11-28,4502,0,0.4626162507156514,-0.021304880814449922,0.2757304267682086,0
2025-11-28,6501,0,0.48012521947276204,-0.017109465765499432,0.531566139626708,0
2025-11-28,8035,1,0.5224263119197989,0.04213837413736243,0.5578856733476663,1
2025-11-28,8766,1,0.5232930315068608,0.003630468073665405,0.5691518322400564,0
2025-12-01,7011,1,0.5549780767719691,0.07842138112492436,0.6203836841019715,1
2025-12-01,7203,0,0.4449556906199934,-0.007138227568206257,0.47100161440000554,0
2025-12-01,8058,1,0.4728696460759328,0.04173485692216383,0.44841089194120365,1
2025-12-01,6501,1,0.4874773273532699,0.009662736140283013,0.5493756145004768,0
2025-12-01,9432,0,0.4546786785862022,-0.009627767363117656,0.32545121236058017,0
2025-12-01,5108,0,0.4621950037222574,-0.016256819338699158,0.40004859668899206,0
2025-12-01,8306,1,0.48061122625174924,0.014413359974567053,0.511476755079834,0
2025-12-01,8411,1,0.47526449044460073,0.02999450978878171,0.517762878208504,1
2025-12-01,6367,0,0.4759832669582483,-0.009275496994087584,0.5097592784364151,0
2025-12-01,9433,1,0.49119098042996473,0.011320761420902103,0.48436966612487775,0
2025-12-01,8035,1,0.51416829890829,0.04837176243162311,0.559550479595266,1
2025-12-01,6758,0,0.4698119106698323,-0.025826852521566912,0.5226123629993596,0
2025-12-01,4063,1,0.47697766466644353,0.03307564926842588,0.40672395148559387,1
2025-12-01,9984,1,0.7720860595158626,0.12821287135739734,0.780960596221853,1
2025-12-01,6146,1,0.4058220161024474,0.11802115589402451,0.5325390709169715,1
2025-12-01,8766,1,0.5159136518700516,0.02169556386983973,0.5599775872318744,1
2025-12-01,4502,0,0.45841353325979955,-0.011088870055974254,0.2780916049451838,0
2025-12-01,6857,1,0.49154526634301854,0.02791875854414272,0.539863621814109,1
2025-12-01,8001,1,0.4844527424958385,0.024846781556780106,0.48938893315587967,1
2025-12-01,6098,1,0.4964761493835813,0.014917908420251536,0.5676952658821596,0
2025-12-02,6098,1,0.501145732652227,0.034438635386860206,0.5771991911472284,1
2025-12-02,8306,0,0.47956106919680647,-0.014860244837012981,0.5032440960140512,0
2025-12-02,9984,1,0.7326773518992076,0.19974475332343333,0.7286246944220975,1
2025-12-02,6857,1,0.5099868431191844,0.022463372992989505,0.5802758559559734,1
2025-12-02,8058,1,0.47394012740692026,0.03588906238449807,0.459855009225368,1
2025-12-02,4063,1,0.478196229296654,0.012907255332584189,0.43344276588564573,0
2025-12-02,7203,1,0.483769893958804,0.00689654947941043,0.48272215271200114,0
2025-12-02,6367,0,0.4725916111665863,-0.013657032093003618,0.5011060982852071,0
2025-12-02,6146,1,0.46782782497912634,0.16843097383471628,0.5822203448837614,1
2025-12-02,8766,1,0.5203840822187018,0.015193120258104598,0.5719627250698234,0
2025-12-02,5108,0,0.4830797445040174,-0.026993744136901365,0.428400344690555,0
2025-12-02,6501,1,0.4755482927365011,0.0034743842821371995,0.5526038443803909,0
2025-12-02,4502,1,0.4544796247809411,0.0051430653544890514,0.2910269852057192,0
2025-12-02,9433,1,0.47319415686731625,0.005053273952595472,0.4679472271121695,0
2025-12-02,6758,0,0.46897431939418277,-0.030616832454550824,0.5227541001730523,0
2025-12-02,8001,1,0.4947037826562346,0.03705313560488355,0.4887160660024094,1
2025-12-02,7011,1,0.5662862661787836,0.10489508449664786,0.6503243122806299,1
2025-12-02,9432,0,0.4463062909909203,-0.012202845775949878,0.32507149111445327,0
2025-12-02,8411,1,0.49304316798502623,0.005161062016598272,0.5372898361061014,0
2025-12-02,8035,1,0.5583669469836386,0.07316290329783137,0.5821004912173448,1
2025-12-03,6098,0,0.501715192811879,-0.012922117156067836,0.556780418062863,0
2025-12-03,6857,0,0.46195997149426876,-0.03403635282185058,0.56422175260475,0
2025-12-03,6146,1,0.5154485007783794,0.09270925636631988,0.5518578938069703,1
2025-12-03,8058,1,0.46961168526886704,0.01961853018423465,0.36892309247160027,0
2025-12-03,7203,1,0.5220532387167747,0.03693838783934367,0.5332460795361977,1
2025-12-03,6367,0,0.48098203470859124,-0.016186167493562054,0.5122228246663885,0
2025-12-03,5108,0,0.4680133647443372,-0.012028441101002096,0.3376069415229259,0
2025-12-03,6758,0,0.49097406555568024,-0.046946256314081336,0.5397154373915027,0
2025-12-03,9433,1,0.46603210596249245,0.018102970879560365,0.4574370814700102,0
2025-12-03,8766,1,0.5160601769108315,0.01843403776539465,0.5474473556295153,0
2025-12-03,8001,1,0.49246754483226995,0.04254153379022574,0.4785337325330717,1
2025-12-03,8035,1,0.46208859620931386,0.010372163700331782,0.5647112314231291,0
2025-12-03,8306,0,0.4861680639195381,-0.0008097047720502237,0.4903679939776233,0
2025-12-03,9984,1,0.7527572350957253,0.11937613631777189,0.7633421078222125,1
2025-12-03,8411,1,0.47347776540284714,0.01604765539445352,0.5147647305885158,0
2025-12-03,9432,1,0.4685004072435176,0.006464050259161747,0.30197265634579273,0
2025-12-03,4502,1,0.4620118635590054,0.0065109997694521304,0.30564395522588994,0
2025-12-03,6501,1,0.47899694080413524,0.0020504662613061164,0.5544437101490508,0
2025-12-03,7011,1,0.5746520855871801,0.09238288398319372,0.6412787496627849,1
2025-12-03,4063,1,0.47471853754453813,0.024551665310729387,0.43481549973191913,1
2025-12-04,6857,1,0.46941606158023663,0.016425084897062403,0.5682053486779384,0
2025-12-04,9432,0,0.4664413582798561,-0.003213281149884173,0.33969066207390525,0
2025-12-04,4063,0,0.5111809480390916,-0.05299917863986081,0.5227760771220179,0
2025-12-04,8001,1,0.49022673447988224,0.02528390843388717,0.4969888697235861,1
2025-12-04,7203,1,0.46645173033437753,0.0022559340039491893,0.4806358141976461,0
2025-12-04,8766,0,0.5284244327878469,-0.010335009594365507,0.5610667389505277,0
2025-12-04,7011,1,0.532766946687152,0.0004940873428358472,0.5711632160106574,0
2025-12-04,6146,1,0.5437595017076123,0.0851297979223622,0.5955550934492065,1
2025-12-04,6758,0,0.48953964129756194,-0.0719782567474172,0.5309265557829955,0
2025-12-04,6098,0,0.4780230960207872,-0.034552292273180685,0.5581343320562778,0
2025-12-04,8306,0,0.46006449977812836,-0.030417497862075038,0.4811936109344298,0
2025-12-04,5108,0,0.46794204439519727,-0.02342046200100134,0.33461710226682695,0
2025-12-04,6501,0,0.45182176270955027,-0.030461924501481774,0.5262281994890221,0
2025-12-04,4502,0,0.45338677944698125,-0.0004471424035270566,0.27489595897352925,0
2025-12-04,6367,0,0.47588663260590586,-0.031358072489720556,0.5167212703009958,0
2025-12-04,9984,0,0.598873892833831,-0.05357140554335482,0.6372608804140335,0
2025-12-04,9433,1,0.47872911195140594,0.008799847314177933,0.4649447206849171,0
2025-12-04,8035,0,0.5430065019597731,-0.036073326805560746,0.5972807499344913,0
2025-12-04,8411,0,0.46708307198304577,-0.016419552259824832,0.5226991778920146,0
2025-12-04,8058,0,0.531245539053547,-0.030484590913612886,0.5177703505617194,0
2025-12-05,5108,1,0.4794815770947246,0.044000036356989236,0.5083288818638653,1
2025-12-05,9984,0,0.5131515598925882,-0.07207673548436044,0.5179518296522724,0
2025-12-05,6146,1,0.5393201022910658,0.058785237405476476,0.5583865253774764,1
2025-12-05,6857,1,0.4989250003172453,0.02896040816618961,0.5814929668522092,1
2025-12-05,6501,1,0.47617471749555945,0.026008610970589707,0.5211800789013459,1
2025-12-05,9433,1,0.47398417540452137,0.0033645342172285986,0.4571829919249623,0
2025-12-05,8058,1,0.47513744271698355,0.005074842771519039,0.4753722782882041,0
2025-12-05,7011,1,0.5242053758729113,0.01812392277093222,0.5210747746190248,0
2025-12-05,4063,1,0.4871460610887124,0.005823626350380362,0.5105058657896092,0
2025-12-05,8766,1,0.49736497752379116,0.04268396661583185,0.5517437654021897,1
2025-12-05,6098,1,0.4912803586891402,0.007637253923985066,0.5687839593068496,0
2025-12-05,6758,0,0.5214522910247736,-0.034856835914095274,0.5728446980178974,0
2025-12-05,7203,1,0.5132147122930659,0.07519792443605056,0.4919735884651394,1
2025-12-05,8411,1,0.46278784912919274,0.010241923738074643,0.4982331393916124,0
2025-12-05,8035,0,0.5178256675620636,-0.049487034400675145,0.5722381972279599,0
2025-12-05,6367,1,0.5011893564344393,0.014713340690186927,0.5261466483653092,0
2025-12-05,4502,1,0.45859718910526703,0.008616735240668305,0.28803573168129715,0
2025-12-05,9432,1,0.4857076384466115,0.010396465377212394,0.302193416915274,0
2025-12-05,8001,1,0.48374619607465236,0.06223476984355525,0.4791608358504744,1
2025-12-05,8306,0,0.4699183025199503,-0.012057788699799454,0.49123830572597965,0
2025-12-08,8766,1,0.5060620462977785,0.04318347250517007,0.5411447561405519,1
2025-12-08,9432,1,0.47075412273278444,0.007128958850999512,0.28723305064437976,0
2025-12-08,4063,1,0.48811318584456026,0.03513509528307224,0.5017775959501628,1
2025-12-08,6758,0,0.5162268733259033,-0.03744190243222345,0.5379371929808081,0
2025-12-08,9984,0,0.5293994128077485,-0.09782893709791951,0.5357483903814553,0
2025-12-08,7203,1,0.47365948599478824,0.0947712656455062,0.46923502806276884,1
2025-12-08,8306,1,0.47398078334186755,0.02381428968917154,0.4902437110881023,1
2025-12-08,6857,0,0.4748547556304907,-0.03950614970754518,0.5803150269281658,0
2025-12-08,6367,0,0.4809645802329346,-0.011892752678978713,0.5147690597825061,0
2025-12-08,4502,1,0.4726359265141706,0.004933786499536241,0.2850451312226755,0
2025-12-08,8001,1,0.48442035109835146,0.03887641253449603,0.4874296072510777,1
2025-12-08,9433,1,0.46894620465597747,0.013992568620621926,0.3575897173339554,0
2025-12-08,5108,1,0.47810738489504795,0.039830576532480455,0.47341683002979223,1
2025-12-08,6098,1,0.49303809496706014,0.06472336538900225,0.5613921831333634,1
2025-12-08,6146,1,0.5461332209760726,0.005056909581201863,0.5917673183299775,0
2025-12-08,7011,0,0.50094861122704,-0.0308936153772843,0.5201153130919687,0
2025-12-08,6501,1,0.45056579615223413,0.0006108911420783514,0.5122080221678629,0
2025-12-08,8035,0,0.5399280191556175,-0.060916750551763044,0.5922834102233488,0
2025-12-08,8411,1,0.45218280325676974,0.032827426995827524,0.4666070793760657,1
2025-12-08,8058,0,0.48427939649060703,-0.010212085087047296,0.47508357899659354,0
2025-12-09,9984,0,0.5090085665182766,-0.12021274249431768,0.5323949836344822,0
2025-12-09,5108,1,0.49531374799547495,0.022813714440126365,0.47542169158807185,1
2025-12-09,6146,0,0.4980936969019841,-0.06744512287861015,0.5277491250165948,0
2025-12-09,7011,0,0.5136809049332797,-0.06985465830681137,0.5020893085914554,0
2025-12-09,6501,0,0.45961247871844546,-0.010386964174925462,0.5113222592539083,0
2025-12-09,8411,0,0.46293615466302224,-0.0014164490502017735,0.432842869776294,0
2025-12-09,8766,1,0.506293059662372,0.031734566883838244,0.5360829925159802,1
2025-12-09,9433,1,0.4722730848311761,0.01229055630725373,0.34547122132265384,0
2025-12-09,6857,0,0.479204682303093,-0.05332013448993156,0.5753875983899307,0
2025-12-09,4063,0,0.4929895594127089,-0.002715669580158786,0.49137800704579904,0
2025-12-09,8306,0,0.4746488447342487,-0.00362032071645757,0.4810210011471441,0
2025-12-09,8035,0,0.5137354961500645,-0.07799933422338312,0.5931165188822058,0
2025-12-09,8058,0,0.48227882153451174,-0.05065615789246902,0.4643585588525838,0
2025-12-09,8001,0,0.4949425600305673,-0.005972296487365081,0.5063418866382274,0
2025-12-09,6758,0,0.5116920998236054,-0.05457503508802086,0.5449972033271243,0
2025-12-09,6367,1,0.4879772489635816,0.00999999898929671,0.5219331342353741,0
2025-12-09,6098,1,0.4965687157584513,0.0501237882285841,0.5355367181322211,1
2025-12-09,4502,1,0.4535179245405127,0.005116860097122755,0.26730425888536724,0
2025-12-09,7203,1,0.4845375721582678,0.0861056588574447,0.4812035842931131,1
2025-12-09,9432,1,0.4814868453364665,0.008452549864818026,0.29040445774881746,0
2025-12-10,8001,0,0.4960013810986387,-0.01048991778940378,0.49277379239855806,0
2025-12-10,6758,0,0.5045033735596717,-0.034194198964902944,0.5650508746427558,0
2025-12-10,8411,1,0.4299467137316569,0.0030168323820933818,0.4256257872492834,0
2025-12-10,8306,0,0.46143272778899214,-0.0058752679317558565,0.48025866338619183,0
2025-12-10,6367,1,0.4900111144898616,0.00514139051920659,0.517341009061477,0
2025-12-10,8058,0,0.48547196940565435,-0.03794767764212581,0.4816140644321529,0
2025-12-10,6857,0,0.5562215975222861,-0.03473946878593992,0.5969992514896523,0
2025-12-10,8035,0,0.4997897454671568,-0.05434783514474528,0.5816402322120924,0
2025-12-10,6146,0,0.5046200125217398,-0.05621909306960715,0.5662573707876906,0
2025-12-10,5108,0,0.4731394999876388,-0.009269490073253839,0.4603415895634075,0
2025-12-10,4502,1,0.4517196301388825,0.0015615075046775395,0.270233786337284,0
2025-12-10,7203,1,0.47028579873437637,0.07477534579480416,0.4846519361496516,1
2025-12-10,9432,0,0.4671302667195722,-0.005138087535152103,0.3351292630222981,0
2025-12-10,7011,0,0.5155267797197468,-0.079151885664282,0.5266184898008907,0
2025-12-10,9433,0,0.4712019672392183,-0.002593089537084259,0.3359095810318087,0
2025-12-10,4063,0,0.49484729667676786,-0.006251235437235492,0.49349133360123865,0
2025-12-10,6098,1,0.49870530928071694,0.0660738515142929,0.5391184564855719,1
2025-12-10,6501,1,0.4668294076539039,0.014732986476607257,0.515780709527269,0
2025-12-10,8766,1,0.5020847745844232,0.045878120471297246,0.5396385245657915,1
2025-12-10,9984,0,0.5356633058437491,-0.10209007731585962,0.5394083855158867,0
2025-12-11,8058,0,0.51106381416032,-0.024993286182705687,0.4906325634226166,0
2025-12-11,6758,0,0.5293235153916122,-0.010731708833427445,0.6053300873294686,0
2025-12-11,8035,0,0.5466512316451597,-0.07024542279487911,0.6084640370703567,0
2025-12-11,5108,0,0.49049207871334805,-0.0013942675839088148,0.4422293403645558,0
2025-12-11,9432,1,0.45682831207268326,0.010315826838898312,0.2970028564775938,0
2025-12-11,9433,1,0.46534473284651096,0.006681518163805356,0.33565131199803394,0
2025-12-11,8411,1,0.47460642899288463,0.0052055300944569005,0.48086290203939824,0
2025-12-11,6146,0,0.5297394768742306,-0.10439895042720426,0.5756584252897112,0
2025-12-11,6367,1,0.4868247775996099,0.0010196484282765095,0.5056972065185602,0
2025-12-11,9984,0,0.663232747111535,-0.06386066483265185,0.7383210119837906,0
2025-12-11,4502,1,0.4643450667094653,0.0031312858917020847,0.2841289948139676,0
2025-12-11,8001,0,0.4914031712586632,-0.027899710164360547,0.4859882318641793,0
2025-12-11,7011,0,0.4886181311131757,-0.05901231452688338,0.5298301513235029,0
2025-12-11,8306,0,0.5135589327112348,-0.003895831977106412,0.499000669911167,0
2025-12-11,4063,1,0.5342294952896783,0.03861179260245673,0.5602238798771784,1
2025-12-11,6857,0,0.43295578589165745,-0.10622618654660787,0.5488176030699875,0
2025-12-11,6501,1,0.5075184459583655,0.001248373114475898,0.5535439642670608,0
2025-12-11,8766,1,0.5108295679306235,0.06211738199070127,0.5177346473210868,1
2025-12-11,6098,1,0.5318253508759836,0.08830399441456072,0.5550257460969261,1
2025-12-11,7203,1,0.46084122352631207,0.0813504627432784,0.4583031882596284,1
2025-12-12,6098,1,0.5154934576176725,0.06460543977534527,0.587820799317304,1
2025-12-12,8306,0,0.4825831230850896,-0.0198078841438456,0.4965057352635479,0
2025-12-12,8766,1,0.5481136069345592,0.032784092833991973,0.5425062796179475,1
2025-12-12,8411,0,0.48700852405309936,-0.016605510416418445,0.4788436265505392,0
2025-12-12,7011,0,0.502692525791021,-0.06615343568504317,0.5140537222771774,0
2025-12-12,4502,1,0.4694038242309501,0.035072020286102124,0.31777408626168957,1
2025-12-12,7203,1,0.49862892970918915,0.05030670239705626,0.5139642834405659,1
2025-12-12,8035,0,0.4934127950304235,-0.009523810715881376,0.6426910809986038,0
2025-12-12,9433,1,0.491162105511033,0.009500680888438806,0.4072554465032592,0
2025-12-12,5108,0,0.4763620786827483,-0.0169677828674355,0.46638163508777614,0
2025-12-12,4063,0,0.49745747598878054,-0.00992551307533962,0.550159444612835,0
2025-12-12,9984,0,0.5974265197096303,-0.043587661361805696,0.6564265023000015,0
2025-12-12,6501,0,0.4920844972774704,-0.01976055646210051,0.5431447084332566,0
2025-12-12,6146,0,0.514813043431218,-0.08379426178783123,0.5639775889339684,0
2025-12-12,6857,0,0.47824682626793236,-0.07649752457196946,0.5682642358598685,0
2025-12-12,8058,0,0.48080910608393934,-0.03879884638694142,0.475616696879242,0
2025-12-12,9432,1,0.46697272986869653,0.009646241927328436,0.342494192402564,0
2025-12-12,6758,0,0.5327668967649366,-0.044726176744866564,0.5781688284401724,0
2025-12-12,6367,0,0.4640117139142926,-0.020749926461857027,0.5140620006221379,0
2025-12-12,8001,0,0.49143311601510287,-0.03789820182876824,0.5061522090662904,0
2025-12-15,6501,1,0.4714077737461531,0.018315045770375127,0.530325209938831,0
2025-12-15,8411,0,0.47489495490907385,-0.025119669418111723,0.49604941245435025,0
2025-12-15,5108,0,0.4769161272992785,-0.024585743264909254,0.4538802739897725,0
2025-12-15,6098,1,0.5192855501865853,0.038167050796513724,0.5774020228314485,1
2025-12-15,4063,0,0.5086905192432459,-0.026511301050195835,0.5655744519141271,0
2025-12-15,6758,0,0.520539159188393,-0.043247158546188436,0.547560730983465,0
2025-12-15,7011,0,0.5317162481805462,-0.0470818852854924,0.5392952794872475,0
2025-12-15,8766,0,0.5329538138605276,-0.00444753207800852,0.5396632887581327,0
2025-12-15,4502,1,0.4439907730516412,0.04530237764172873,0.2510153495602044,1
2025-12-15,8001,0,0.4917313581761956,-0.0343374416690847,0.48218491665870916,0
2025-12-15,7203,1,0.4987639547615441,0.03134327419873184,0.49940833134315626,1
2025-12-15,9433,0,0.4708474367756328,-0.008647651292182923,0.3643830486859487,0
2025-12-15,9984,1,0.65697027067624,0.05852642955508158,0.7126133828082376,1
2025-12-15,9432,0,0.46769642791131,-0.0045044433322855015,0.30898563183590494,0
2025-12-15,6857,1,0.567924051092083,0.03084828510475357,0.6078204990659417,1
2025-12-15,6146,0,0.5099124718033948,-0.009853249665813912,0.5708450728719952,0
2025-12-15,8306,0,0.48440889071144067,-0.024628645842249663,0.48925154309631047,0
2025-12-15,6367,1,0.4673963310300511,0.03559540254482152,0.4930995622722741,1
2025-12-15,8058,0,0.4848997845474872,-0.04629630173045596,0.45965524834612964,0
2025-12-15,8035,1,0.5755256454747508,0.0651895388507322,0.6485007940085861,1
2025-12-16,6758,0,0.5377895202404145,-0.0004912743711371625,0.5891405872861802,0
2025-12-16,5108,0,0.4699589445124095,-0.012804649592178308,0.4658184986011727,0
2025-12-16,7011,0,0.5366793932675132,-0.018145138773839165,0.5910691906791347,0
2025-12-16,6146,1,0.5423150889662796,0.011442125217879795,0.6520610389484887,0
2025-12-16,8411,1,0.4804335742483445,0.0230496396452331,0.5241378100833521,1
2025-12-16,8058,0,0.5180222067264033,-0.01354712366571853,0.5552170837252745,0
2025-12-16,4063,1,0.483944606366939,0.024717221809772205,0.532949134464174,1
2025-12-16,9984,1,0.6457848309183757,0.07224906426011057,0.6916282547945973,1
2025-12-16,6857,1,0.5295720634098652,0.026075617168260123,0.6292006078280971,1
2025-12-16,4502,1,0.44036929859919827,0.06750773138488686,0.2749893712507604,1
2025-12-16,9433,1,0.47051258203281054,0.006254587197153771,0.37314999029382157,0
2025-12-16,6098,1,0.5078512494807924,0.07307004859328559,0.5677173974716195,1
2025-12-16,6367,1,0.4634632266985499,0.03325714031823335,0.4957685935807063,1
2025-12-16,8035,1,0.5610436543699588,0.06554730992632152,0.6513986090175071,1
2025-12-16,8766,1,0.5351686256155167,0.03145757741853972,0.5755534482087548,1
2025-12-16,6501,1,0.4563839780450503,0.03128218090915147,0.5137909129806056,1
2025-12-16,7203,1,0.48890617721400337,0.025525524743468253,0.5066064238475794,1
2025-12-16,9432,1,0.48172814239791967,0.007736895141119415,0.3367936477479413,0
2025-12-16,8001,0,0.5074558553106429,-0.0028460685678434183,0.5019122240633277,0
2025-12-16,8306,1,0.4635233129462752,0.015341115926457816,0.5064920079937579,0
2025-12-17,6758,0,0.5493323096012434,-0.012131703887197642,0.5629188488316142,0
2025-12-17,8058,0,0.5281835624148954,-0.02444441736059144,0.5372882509687116,0
2025-12-17,8001,1,0.4860652849927374,0.005618576061892755,0.4623287093624214,0
2025-12-17,7203,1,0.4651158086316125,0.0011944142195072782,0.46489563917237453,0
2025-12-17,8411,1,0.44969098299825955,0.010969580044562388,0.47600734257798144,0
2025-12-17,9984,1,0.6126976897515451,0.04595648940425967,0.7083574306796612,1
2025-12-17,6098,1,0.4914083192242142,0.05352179536690249,0.5462945244678767,1
2025-12-17,8766,0,0.5350522501941206,-0.006511279774210843,0.560993198008769,0
2025-12-17,6501,1,0.46499049457124214,0.005847956112006392,0.5236281421082426,0
2025-12-17,4063,1,0.46590414657248413,0.028727186537094163,0.5080524974899665,1
2025-12-17,9432,1,0.4661388498213198,0.009038166825513949,0.2784444400444076,0
2025-12-17,8306,1,0.4654523072831479,0.011208466690194374,0.47632346869570014,0
2025-12-17,6367,1,0.47017957757413875,0.030946310639580643,0.49082708273306885,1
2025-12-17,9433,1,0.46167299295325415,0.008356527760842392,0.35627449594930544,0
2025-12-17,7011,0,0.51554833115211,-0.004348986720855819,0.556938711192154,0
2025-12-17,5108,0,0.4798645793081191,-0.004887608899900475,0.4671413829827977,0
2025-12-17,4502,1,0.45680628381111704,0.08240526758886269,0.2637250191085098,1
2025-12-17,8035,1,0.5837411408650347,0.060664144060945446,0.63708559941058,1
2025-12-17,6146,1,0.5753036778499454,0.031856805140811906,0.6613127478270747,1
2025-12-17,6857,1,0.5204452676917847,0.03650386772508907,0.5892285819656732,1
2025-12-18,9984,1,0.6495064642223974,0.08434102618560058,0.6972423401794745,1
2025-12-18,8411,1,0.44594607841029893,0.017500007937591544,0.48301340345589616,0
2025-12-18,6098,1,0.4968605401745998,0.02949491049370745,0.559846210239042,1
2025-12-18,7203,1,0.4597561061272869,0.0032708915627428503,0.4740349159527794,0
2025-12-18,6857,1,0.5377738336250537,0.05264557013763693,0.6210912841494998,1
2025-12-18,4063,1,0.4879234010389661,0.03216368463872854,0.521964872171467,1
2025-12-18,5108,1,0.47687813627442827,0.0044679844039698935,0.4627136131588641,0
2025-12-18,8001,1,0.5144138597714839,0.022250939738994502,0.4919157992888806,1
2025-12-18,8766,0,0.5257726609599735,-0.018477756676358426,0.5648419072045262,0
2025-12-18,4502,1,0.45395559534687585,0.08361200345857411,0.27726263638809906,1
2025-12-18,8306,1,0.46640428546062207,0.02284893518356812,0.4710350357095839,1
2025-12-18,6367,1,0.4764067781699623,0.03208560658575199,0.49138590931239695,1
2025-12-18,9433,1,0.47308349436294295,0.005162183808133047,0.370698369111027,0
2025-12-18,6758,0,0.5402592865903896,-0.004191335831259302,0.5356333980934594,0
2025-12-18,7011,1,0.5102472211188885,0.01600627540872379,0.549876505844629,0
2025-12-18,6146,1,0.5112591278681383,0.08012672770083307,0.6314301759963445,1
2025-12-18,9432,0,0.46426907382547106,0.0,0.35759320388122,0
2025-12-18,8035,1,0.5595562374310828,0.11481359903224386,0.6287049860660738,1
2025-12-18,8058,0,0.4982660573503985,-0.028941582268014465,0.4925903303606795,0
2025-12-18,6501,1,0.4715754019027984,0.030756476925064558,0.5301593993588042,1
2025-12-19,4502,1,0.48532069621442897,0.057775760701036294,0.3650815546200384,1
2025-12-19,4063,1,0.47960572053238854,0.022138668130960548,0.5081372504398717,1
2025-12-19,6758,1,0.5295209228899629,0.01276919756556616,0.5543224330859869,0
2025-12-19,8766,0,0.4866299709720306,-0.02536109564169231,0.5399158498826092,0
2025-12-19,8035,1,0.5261108183635189,0.1003204391445538,0.5506508829224862,1
2025-12-19,9433,1,0.4883690700563258,0.015131936800851342,0.4102045980682568,0
2025-12-19,6857,1,0.5489254476650034,0.05470172085513236,0.6023183687533876,1
2025-12-19,9432,1,0.47057951359080924,0.011464995978321513,0.34914121312508006,0
2025-12-19,7203,0,0.4686200655478882,-0.012850477265191507,0.4881877143732325,0
2025-12-19,7011,0,0.5161014403370376,-0.007985615095320142,0.5534848304241419,0
2025-12-19,6146,1,0.5227664190516171,0.09279957454654797,0.6535339436168962,1
2025-12-19,8001,1,0.5408978267266,0.018311517066027294,0.4959724752390581,0
2025-12-19,6098,1,0.4858060601783376,0.02836476908837149,0.5516037329377766,1
2025-12-19,5108,1,0.48378547453711385,0.002227186207555798,0.4630772397561798,0
2025-12-19,8058,0,0.5174827030847594,-0.0243295949737955,0.5234452666361761,0
2025-12-19,8411,1,0.4671034161210257,0.007287622480542932,0.5161101586656757,0
2025-12-19,8306,1,0.46063792867786024,0.01469686584150387,0.4849333449749257,0
2025-12-19,6367,1,0.47338985840588177,0.03650746098333846,0.4724272527454448,1
2025-12-19,9984,1,0.5872581199753228,0.04002346792804112,0.6686814863080172,1
2025-12-19,6501,1,0.47634029636732067,0.0124211198937616,0.5171860879327278,0
2025-12-22,4502,1,0.4475976478688173,0.04739541124524593,0.2672992373907372,1
2025-12-22,7011,0,0.5049257545225584,-0.0010293067971232084,0.5235061599107063,0
2025-12-22,8035,1,0.4660582506594459,0.03195658641761279,0.522191297216696,1
2025-12-22,8306,1,0.4718937912861558,0.0006012435139945982,0.4779264257828205,0
2025-12-22,8001,1,0.5449753239288737,0.07260733030785005,0.4756123249758941,1
2025-12-22,8766,1,0.4862226079591302,0.0027491239759775965,0.523114775193518,0
2025-12-22,6367,0,0.4957126985268505,-0.016320414183217502,0.5244141337370556,0
2025-12-22,7203,0,0.4672461304156859,-0.026338608102162486,0.4759816304475147,0
2025-12-22,6758,1,0.5220261419906945,0.017424236141189375,0.5408601300620508,0
2025-12-22,8411,1,0.4641158250845814,0.0003506175370406872,0.4819057583055778,0
2025-12-22,5108,1,0.47908457642439817,0.005900718930813342,0.45463037287355207,0
2025-12-22,9984,1,0.4886147736166918,0.007016581203168393,0.5174165011875244,0
2025-12-22,6146,1,0.49421997644073434,0.011009979832060646,0.5634171124054732,0
2025-12-22,6501,0,0.47697999689824633,-0.014988048012865018,0.5111769791477737,0
2025-12-22,8058,0,0.5119700964364888,-0.009986165595895824,0.5310739601209816,0
2025-12-22,6098,1,0.4831549332389842,0.006145937030713755,0.5392781445005898,0
2025-12-22,9432,1,0.4830353162686828,0.025210127022103235,0.27130692387867095,1
2025-12-22,4063,1,0.4793031259806993,0.01279142198380856,0.509408470358163,0
2025-12-22,9433,1,0.47546360283646116,0.008908690885073733,0.3583751017782425,0
2025-12-22,6857,0,0.4993444621085384,-0.01346632531010139,0.5481216489608394,0
2025-12-23,8058,1,0.5094840571182527,0.005044826165448546,0.490730179971381,0
2025-12-23,9432,1,0.4697543740228442,0.00895711078697392,0.31980453250882,0
2025-12-23,8001,1,0.4892580588055398,0.043868965689048744,0.46732777654994684,1
2025-12-23,6146,1,0.4803410502933938,0.028175008890376274,0.5478939325033421,1
2025-12-23,8306,0,0.48164137608162116,-0.008747486627333823,0.4820415306092445,0
2025-12-23,6367,0,0.4811070895790351,-0.013267789995566215,0.5104893954166984,0
2025-12-23,9984,0,0.4515144300963762,-0.007612103845047624,0.4930976770605121,0
2025-12-23,6857,0,0.4906767098400396,-0.0020330207823988644,0.5543205229062415,0
2025-12-23,5108,0,0.48163185274899345,-0.003894727834923062,0.4564633253609976,0
2025-12-23,7203,0,0.444026214405235,-0.01727668739881727,0.46909350705560215,0
2025-12-23,4063,0,0.4852548711986495,-0.0038838806669208026,0.5254911542855719,0
2025-12-23,6758,0,0.5282272619701314,-0.0110592268757006,0.5028362946776271,0
2025-12-23,4502,1,0.48006866822099326,0.0024880595288456764,0.33906117370536676,0
2025-12-23,6501,0,0.47444515929419695,-0.02175214991552632,0.5099997924348214,0
2025-12-23,8035,1,0.4872210468303728,0.03999995698788039,0.5262392842726619,1
2025-12-23,7011,0,0.519994476832166,-0.01437374734417951,0.4906252820594969,0
2025-12-23,8766,0,0.49676594918379485,-0.014401929339308506,0.5250013041784711,0
2025-12-23,9433,0,0.47546596287498777,-0.009689257055491396,0.3801593473404542,0
2025-12-23,8411,0,0.4720464038527326,-0.012131660140610179,0.4967953402252056,0
2025-12-23,6098,0,0.49202408214605203,-0.028336035278382687,0.5568833197483023,0
2025-12-24,8035,1,0.4725334444533376,0.11167971351838668,0.527627101012939,1
2025-12-24,6758,1,0.5179979600758408,0.02230576485749247,0.5304458112880469,1
2025-12-24,4063,1,0.482253553327159,0.0077455944873277005,0.5187983580526643,0
2025-12-24,8766,1,0.48528128446837504,0.019489503225337712,0.5141930201829065,0
2025-12-24,9432,1,0.4640706030465623,0.02047345281574997,0.31128466975768926,1
2025-12-24,8001,1,0.4856447763570194,0.05392160369592203,0.4754815893298672,1
2025-12-24,6857,1,0.48914710750947615,0.05034716125220573,0.5511855763677813,1
2025-12-24,9433,1,0.47488501108591563,0.006814007964202062,0.37216567880085744,0
2025-12-24,8306,1,0.4761654161653746,0.025796076011875613,0.4910219346872315,1
2025-12-24,5108,1,0.4727603309369258,0.006819274210800863,0.45509385925148516,0
2025-12-24,6367,1,0.4826333842987461,0.0047134677645919165,0.5181644940773146,0
2025-12-24,6098,0,0.48130082695863596,-0.008137265450163578,0.534983558799873,0
2025-12-24,6501,1,0.4727336212775136,0.016038493487063432,0.4893100701002829,0
2025-12-24,7011,1,0.5243762092392895,0.06937308198930903,0.5009590361124261,1
2025-12-24,9984,1,0.4606262052945086,0.053352378839355064,0.5253525551560628,1
2025-12-24,7203,1,0.4727131828032954,0.01371908131843358,0.4695116287810428,0
2025-12-24,4502,1,0.4474303516990565,0.011522617086825448,0.26186098074419784,0
2025-12-24,6146,1,0.5116231123808298,0.08056674713527867,0.5716530113329331,1
2025-12-24,8411,1,0.47216936127416775,0.028001418585492655,0.4899277739380829,1
2025-12-24,8058,1,0.5361559667658896,0.04014804769368219,0.5168380384936893,1
2025-12-25,8766,1,0.4836693291009732,0.03989645481186255,0.5038642803291788,1
2025-12-25,8001,1,0.4958161644501872,0.07492112382853433,0.46267381513554234,1
2025-12-25,8058,1,0.5462464688287842,0.07493611844617165,0.5281852886996073,1
2025-12-25,4502,1,0.4776154955924522,0.010905414344106523,0.28502105675749234,0
2025-12-25,8306,1,0.4805492313812972,0.05655064103405083,0.4808306667163619,1
2025-12-25,6758,1,0.5262792964070553,0.01782624153779344,0.5140409685432525,0
2025-12-25,5108,1,0.5073740515341046,0.003235410470505462,0.46320511323315405,0
2025-12-25,6367,1,0.4813675167587351,0.0024672605831368433,0.505687668195595,0
2025-12-25,8035,1,0.5075042368457423,0.10535664694694336,0.5343936637560056,1
2025-12-25,6501,1,0.476482995507626,0.09778223061700575,0.48899823322802216,1
2025-12-25,9432,1,0.46686167105942217,0.025526490362320242,0.3178958848196952,1
2025-12-25,8411,1,0.47487566206730547,0.08318708489083915,0.4950437349243213,1
2025-12-25,7011,1,0.5312718943050981,0.10020660569119832,0.49762853378658983,1
2025-12-25,9433,1,0.478577011226776,0.0003668532291674076,0.35640948900553077,0
2025-12-25,4063,1,0.48905945619405883,0.05746667530409555,0.5186129988590821,1
2025-12-25,9984,1,0.49440926056224943,0.07955397869447811,0.535750520596336,1
2025-12-25,6857,1,0.47431846696302604,0.08891132570003113,0.5313414479546129,1
2025-12-25,6098,0,0.48616602580874335,-0.012074748411863179,0.5376244097066144,0
2025-12-25,7203,1,0.4762869703001552,0.0163011385571441,0.4532169616981959,0
2025-12-25,6146,1,0.49619915977398626,0.1357921503072541,0.5658917133210755,1
2025-12-26,8411,1,0.4712595692641903,0.08293628725332836,0.5146726030912183,1
2025-12-26,8001,1,0.49326168349409966,0.04678519633633216,0.4802322560473615,1
2025-12-26,9984,1,0.46276766011365855,0.04561791594631659,0.5160953889526514,1
2025-12-26,6146,1,0.45923887613213615,0.13914469871175394,0.5427788809859733,1
2025-12-26,8058,1,0.5596991153955477,0.06829133980144175,0.5165187502693033,1
2025-12-26,8035,1,0.48210600561012024,0.11185556454825907,0.5548923104686031,1
2025-12-26,9432,1,0.48459102841045515,0.002518843444650587,0.34262390702919027,0
2025-12-26,8766,1,0.48042572977805675,0.016543150207444013,0.5085666107678823,0
2025-12-26,6098,1,0.44471641080425495,0.023076959468555147,0.4881180992002299,1
2025-12-26,6857,1,0.49165719504529565,0.01778222164258758,0.5570372579442892,0
2025-12-26,6501,1,0.473244655505157,0.058527760476269286,0.4920720443412671,1
2025-12-26,5108,1,0.4912414505143116,0.0018348217210013562,0.45816388899135607,0
2025-12-26,6758,0,0.5303584408012577,-0.017058090078989174,0.5157157817524544,0
2025-12-26,9433,0,0.47627019256196446,-0.0238138586428982,0.3774256672537518,0
2025-12-26,4063,1,0.48705145835870656,0.07151607801420945,0.5205147120823653,1
2025-12-26,4502,1,0.4413876826078233,0.016837845976568788,0.26928563612646916,0
2025-12-26,6367,0,0.5127011631374601,-0.033497533789281,0.5253136585768351,0
2025-12-26,7203,0,0.47142345013337594,-0.013313553294751701,0.4625708920077316,0
2025-12-26,7011,1,0.553292052635104,0.08101790246663243,0.5136404018521484,1
2025-12-26,8306,1,0.4868269357992275,0.05371149531952457,0.49420857894272735,1
2025-12-29,8766,1,0.4962493396704277,0.011823216095528943,0.5197531766309885,0
2025-12-29,8001,0,0.5092398789669711,-0.014888364059412407,0.5065832371608495,0
2025-12-29,8306,1,0.48009059798797044,0.04306030350084411,0.4908864404067373,1
2025-12-29,5108,0,0.49406834501238667,-0.026730434124882962,0.45839841676516596,0
2025-12-29,6367,0,0.48749620937575966,-0.038210230833722214,0.4836903096275179,0
2025-12-29,8035,1,0.4837558656670024,0.07040605079859397,0.5454115864885815,1
2025-12-29,6758,0,0.5320233136365659,-0.024571826835062427,0.5177731595120718,0
2025-12-29,6501,1,0.46692079849841334,0.032258096655925605,0.48975972584665156,1
2025-12-29,6098,1,0.4241461984658125,0.027876480711534812,0.44262198080910187,1
2025-12-29,6146,1,0.4556916463503575,0.1641884784879204,0.5183508842164031,1
2025-12-29,9432,0,0.46713529717539254,-0.005044234895253075,0.34647748705432263,0
2025-12-29,9433,0,0.4817797715582867,-0.0180279867912424,0.3805492496686912,0
2025-12-29,4063,1,0.49102731250194154,0.025667086391387484,0.5212474560369772,1
2025-12-29,8411,1,0.47773869450244094,0.06185382417353802,0.511754970295968,1
2025-12-29,4502,1,0.4380688197558394,0.036893639798603495,0.2668995450363028,1
2025-12-29,7011,1,0.5491033786791374,0.09788761130988544,0.5067365743277685,1
2025-12-29,6857,1,0.48103584475238653,0.016430756465011243,0.5524830135792164,0
2025-12-29,7203,0,0.47136330887514477,-0.020808603625540933,0.4719061720386506,0
2025-12-29,9984,0,0.4514726365519518,-0.04124861351534448,0.5149761295969777,0
2025-12-29,8058,1,0.5609663572234549,0.04763243310143106,0.5024041801953838,1
2025-12-30,9984,0,0.4216320296249728,-0.031136371718393008,0.5120815871646397,0
2025-12-30,8306,1,0.478056189672013,0.059767375919368426,0.472935618492607,1
2025-12-30,9432,1,0.474958712138784,0.00887769159945151,0.3270534427428349,0
2025-12-30,5108,0,0.48133986802167394,-0.01081392513362478,0.46041880483170805,0
2025-12-30,8058,1,0.5658818180265628,0.05465700837472953,0.4938376756524383,1
2025-12-30,6146,1,0.45403130333804886,0.141789555504249,0.5311102571889909,1
2025-12-30,9433,0,0.4695027838175592,-0.01052241285556521,0.353132599592226,0
2025-12-30,4063,1,0.47632364851480613,0.04945623290967904,0.5103371763371097,1
2025-12-30,6857,1,0.48503640867571113,0.0315762160396158,0.5511476539436673,1
2025-12-30,7203,1,0.4480162004709126,0.009535161169835549,0.4659877624345682,0
2025-12-30,6098,1,0.4610909278806023,0.05482087561354243,0.47923886851914516,1
2025-12-30,8035,1,0.4907875073224496,0.10460377897789463,0.5448994840752965,1
2025-12-30,6367,0,0.48432756246759057,-0.03735066208223148,0.4985956601265492,0
2025-12-30,6501,1,0.4682597046286022,0.0475316172332918,0.4963436946673515,1
2025-12-30,8001,1,0.4901249824415447,0.015189838305671222,0.4829225866062845,0
2025-12-30,8411,1,0.47956989308122955,0.08684208588133102,0.5157811677413447,1
2025-12-30,6758,0,0.512181129403561,-0.03677934494373014,0.5111549029344373,0
2025-12-30,7011,1,0.5352461349012425,0.1111978947161707,0.4985874325640406,1
2025-12-30,8766,1,0.48588463210259375,0.023723582693802703,0.5011316539835341,1
2025-12-30,4502,1,0.43748478184548556,0.0506721586301766,0.28528917284485505,1
2026-01-05,4063,1,0.48640976928848567,0.10113269583681306,0.5177597271149531,1
2026-01-05,9432,0,0.4746047230193002,-0.005642597912436265,0.32803825376659856,0
2026-01-05,6857,1,0.514603617439393,0.038252631440889306,0.5407521859752112,1
2026-01-05,5108,0,0.4874330174604246,-0.014164333463562495,0.46186085269112503,0
2026-01-05,6146,1,0.4046779523560619,0.12387477909184019,0.5126169032613547,1
2026-01-05,8058,1,0.5185753005254473,0.08924170964052025,0.5014828220388278,1
2026-01-05,8411,1,0.49830189402165853,0.11150833999889187,0.5403421807256026,1
2026-01-05,7203,1,0.44225782223225374,0.07119739000710368,0.47208231260797157,1
2026-01-05,8001,1,0.4827178007180971,0.0272568316868953,0.4930654492994366,1
2026-01-05,6758,0,0.5055412862019755,-0.05981858618261926,0.5005396700296548,0
2026-01-05,4502,1,0.4019839255274013,0.021155423977049947,0.2578574246085273,1
2026-01-05,7011,1,0.5120064783242684,0.07544455799272565,0.5136925375498856,1
2026-01-05,8035,1,0.3377565713116752,0.11102084846484161,0.4832505964704656,1
2026-01-05,6098,1,0.45641891344721613,0.017073212269447247,0.47403333312547363,0
2026-01-05,6501,1,0.49446875477715585,0.051696920524260115,0.5280092703991948,1
2026-01-05,8306,1,0.48130554510056095,0.09312378427969525,0.5061784491138881,1
2026-01-05,9433,0,0.4806708925999334,-0.0051215814728573505,0.3745119510851016,0
2026-01-05,6367,0,0.4804782570940892,-0.02444445028406339,0.4933172543233443,0
2026-01-05,9984,0,0.48724342907922186,-0.03640309049879176,0.5014381707196345,0
2026-01-05,8766,1,0.49296685232543086,0.02114696176112063,0.5340328417174006,1
2026-01-06,4502,1,0.4068067592420838,0.048239284908599744,0.282742123913981,1
2026-01-06,9984,0,0.4898540108688778,-0.09705449421938062,0.5214749972743928,0
2026-01-06,6857,1,0.5073196590088848,0.06982133185811046,0.5666976016470335,1
2026-01-06,9432,0,0.46443030131130436,-0.010578684579187425,0.3331072169284752,0
2026-01-06,6098,1,0.4698250972484758,0.010777828318363936,0.4887452462477548,0
2026-01-06,4063,1,0.5003693439811876,0.06238041284158968,0.5541931588476486,1
2026-01-06,8411,1,0.49962197833729577,0.08976021786416366,0.5414308773726915,1
2026-01-06,8766,1,0.4971877588117287,0.005314698763756676,0.5434819023309383,0
2026-01-06,8306,1,0.48882207494742225,0.09695234013100817,0.5055223980173007,1
2026-01-06,6758,0,0.49963777989705066,-0.06397471183710313,0.5129485966629638,0
2026-01-06,6367,0,0.48474157403916623,-0.03027322594161619,0.48770686529312024,0
2026-01-06,7011,1,0.4826487188683014,0.10563375748589032,0.4962102649261033,1
2026-01-06,6501,0,0.48454515428611605,-0.0086317801029554,0.5370346814003661,0
2026-01-06,8035,1,0.34370690644197827,0.1327978193219752,0.4906866139271014,1
2026-01-06,6146,1,0.32370113081423907,0.1070111054149363,0.4588133276719736,1
2026-01-06,8058,1,0.5168809117773795,0.07076843026997315,0.5102277864159648,1
2026-01-06,9433,1,0.4884637799843457,0.003483736761759504,0.36605607937964657,0
2026-01-06,7203,1,0.45499491331011743,0.05628464002268352,0.4719481028119852,1
2026-01-06,5108,0,0.4826137605705113,-0.016051768097795738,0.46056286528560736,0
2026-01-06,8001,1,0.48254758050825697,0.00855956040271355,0.477839875542655,0
2026-01-07,9433,0,0.49788570473950694,-0.008938552847740255,0.38129637017650875,0
2026-01-07,8035,1,0.37034956431157146,0.11579774056212422,0.49967789870946977,1
2026-01-07,6098,0,0.4859783362027272,-0.0075188436137699766,0.5442271194747361,0
2026-01-07,9984,0,0.4924563908186605,-0.1293788859299151,0.5306322048300794,0
2026-01-07,8411,1,0.49137534494432533,0.10249306097050725,0.5219420116948159,1
2026-01-07,8058,1,0.4952131622114899,0.0976127269619802,0.47308286998376026,1
2026-01-07,8766,1,0.486537607262708,0.0261061158635989,0.5339153639953168,1
2026-01-07,7203,1,0.4352047362495256,0.1136431464870773,0.47075739354223556,1
2026-01-07,9432,1,0.465740123656498,0.00188450794887296,0.3050228960275544,0
2026-01-07,6367,1,0.5114562266040122,0.006625925277451428,0.5181611713122753,0
2026-01-07,6758,0,0.4800844191710991,-0.01810869867137488,0.5092593479785863,0
2026-01-07,4063,1,0.48892274521689943,0.07837535938503648,0.5438118049876326,1
2026-01-07,4502,1,0.3843124780298881,0.045234282336632514,0.26805345975448336,1
2026-01-07,8306,1,0.4779162575426145,0.1317297481244859,0.49259545050149894,1
2026-01-07,6501,1,0.4902364810165584,0.018050532084142867,0.5588185884122894,0
2026-01-07,6857,1,0.504266378010324,0.0914826366675463,0.5657102994442794,1
2026-01-07,6146,1,0.35739841294303604,0.06161311683824744,0.47122220361646866,1
2026-01-07,8001,1,0.48504626246916294,0.04918851777248334,0.4972416632888719,1
2026-01-07,5108,0,0.48949792563438643,-0.012679589896034682,0.35150637173010574,0
2026-01-07,7011,1,0.5012310793465714,0.15301470027787678,0.529242947617821,1
2026-01-08,6098,0,0.45386650094878245,-0.006915251040601977,0.4799587260883617,0
2026-01-08,6758,0,0.5072620994760902,-0.01984735861756748,0.5440214274721231,0
2026-01-08,7011,1,0.488156580205335,0.09338340657350863,0.509335979683603,1
2026-01-08,9432,0,0.4711115869728936,-0.0044359346699220925,0.2843590815469678,0
2026-01-08,8306,1,0.4849335390613265,0.14823342199498946,0.49120470167613,1
2026-01-08,8058,1,0.4936725738629103,0.08451456605741892,0.47300885955862776,1
2026-01-08,6146,1,0.35857930322083154,0.09012408791930704,0.48794390212906974,1
2026-01-08,8411,1,0.4754747303713135,0.13019802645922018,0.5268738255691839,1
2026-01-08,9984,0,0.5275263787817382,-0.06744189246321919,0.582770771024485,0
2026-01-08,7203,1,0.4542323265416952,0.11414696282023384,0.47440685761175816,1
2026-01-08,4502,0,0.43273906831135495,-0.0027521091023120503,0.31639334204842473,0
2026-01-08,8001,1,0.4881254092037967,0.06599502177692873,0.4784573926703047,1
2026-01-08,4063,1,0.488170411429687,0.13008939934478958,0.5466842995930401,1
2026-01-08,6501,1,0.47774406561679084,0.02279875443098378,0.5394481675278615,1
2026-01-08,6857,1,0.4972207141301974,0.13404621582899545,0.5660658796216468,1
2026-01-08,8766,1,0.4954779559531761,0.02201522056522398,0.5202699780364474,1
2026-01-08,6367,1,0.5333606100726783,0.04678517171101926,0.5475330224655113,1
2026-01-08,9433,0,0.47461960212726684,-0.00786807348523666,0.38463349395619134,0
2026-01-08,8035,1,0.43989460038425104,0.1503821018555913,0.5189381434747116,1
2026-01-08,5108,1,0.5466632260442253,0.022838973728672718,0.5266409221344751,1
2026-01-09,8306,1,0.48488098143609043,0.11771383000734681,0.4980892546815775,1
2026-01-09,6758,0,0.5087242128435062,-0.02476778228046672,0.5643797224096067,0
2026-01-09,8035,1,0.4338822357013074,0.11263520341914024,0.5473378420808214,1
2026-01-09,8001,1,0.49280394590731375,0.05137158948809084,0.49117378261459216,1
2026-01-09,8058,1,0.4877886965868961,0.0888418684362231,0.49261357429296543,1
2026-01-09,9432,0,0.4626604807767475,-0.005656881464632946,0.317945172386908,0
2026-01-09,8766,1,0.4902039211607505,0.017464332894648216,0.5143236632740581,0
2026-01-09,5108,1,0.4934641074149863,0.005466108000447667,0.3921518658787107,0
2026-01-09,6501,1,0.47141083603133144,0.01635831741545335,0.5271802135336483,0
2026-01-09,7011,1,0.4867138991797832,0.14366074343627688,0.4999176429767273,1
2026-01-09,6146,1,0.378314477525025,0.1349090377678508,0.5017859689505204,1
2026-01-09,9433,0,0.4661121291044424,0.0,0.3442618414032167,0
2026-01-09,6857,1,0.4884120695355688,0.09405093225360828,0.5684565132981685,1
2026-01-09,7203,1,0.45857381639842376,0.0693623867804134,0.47407561549561505,1
2026-01-09,4063,1,0.48197009812333125,0.1145873482842159,0.5255133502659157,1
2026-01-09,6098,1,0.4377516976830793,0.0033218892084996288,0.4743293799253184,0
2026-01-09,8411,1,0.49765849478106416,0.10669892434627526,0.5473353266619242,1
2026-01-09,9984,0,0.5153083014627394,-0.06591597937937399,0.5911657239759329,0
2026-01-09,4502,1,0.4035716008342081,0.005118088829587197,0.3043810133549486,0
2026-01-09,6367,1,0.5296242875604708,0.027677234670535178,0.5500732747541691,1
2026-01-13,7011,1,0.49615456748004566,0.07529035713676202,0.5078054392682821,1
2026-01-13,8411,1,0.46575439947760683,0.045489359934901774,0.5371405833611872,1
2026-01-13,4502,1,0.39850504766566436,0.008366521799884286,0.2995238356149259,0
2026-01-13,6146,1,0.40205659339018945,0.04475015031818197,0.5050099707721011,1
2026-01-13,8306,1,0.46486785209895715,0.05463696025613407,0.48601777390996725,1
2026-01-13,6098,0,0.4440757505657139,-0.04371052423043409,0.46639619372997043,0
2026-01-13,7203,0,0.5009273226134393,-0.027465008893662213,0.5332970298241254,0
2026-01-13,8766,0,0.4933508022507691,-0.008614903388662776,0.5277171545048087,0
2026-01-13,6367,0,0.4910260402338837,-0.0017717390707921998,0.5080186344283805,0
2026-01-13,8001,1,0.4957368161780892,0.011927935835691184,0.4992891091489685,0
2026-01-13,5108,1,0.5059201474396383,0.002586270534492563,0.3769087388044852,0
2026-01-13,8058,1,0.5073668271290356,0.027896509159039073,0.5107453263683418,1
2026-01-13,8035,1,0.4337609847189377,0.0012185806595941262,0.5254973712614769,0
2026-01-13,6501,0,0.5078000231305357,-0.024953136567574363,0.5603534227311666,0
2026-01-13,9432,1,0.4873904731210928,0.010088176270747429,0.2955090508766076,0
2026-01-13,6857,0,0.45522153229008205,-0.022742778034624767,0.5105520768147671,0
2026-01-13,4063,1,0.4882651727245036,0.01855248929890263,0.5428437351213498,0
2026-01-13,9984,0,0.4936579927728052,-0.1340229134088391,0.5439664552796016,0
2026-01-13,6758,0,0.5068723860802099,-0.02581483497254289,0.557687746939857,0
2026-01-13,9433,0,0.4704709676031547,-0.0071704622765568216,0.3700838904620963,0
2026-01-14,6501,0,0.4669446828110296,-0.040200017995214776,0.5394397562850548,0
2026-01-14,7011,1,0.470195539355112,0.018046755262311365,0.49253903968465845,0
2026-01-14,9432,0,0.4713008985215847,-0.010691789649476258,0.2675183619270028,0
2026-01-14,5108,0,0.5134815647530003,-0.000286204047629135,0.36570933948433754,0
2026-01-14,9984,0,0.495016256338632,-0.09058904464065942,0.5982885764373115,0
2026-01-14,6857,0,0.4572263964981429,-0.05594100624129028,0.5469839519321196,0
2026-01-14,8766,0,0.4812512541494857,-0.038658513055746746,0.5072387259946225,0
2026-01-14,4063,0,0.4911460798125646,-0.011347326337629582,0.5517460606635585,0
2026-01-14,8001,0,0.4791416217252623,-0.006062091499356992,0.4711583182998102,0
2026-01-14,6146,0,0.33489531210688606,-0.02383339383149241,0.44773834476020535,0
2026-01-14,4502,0,0.434971091630857,-0.03417476342525905,0.39983417571408214,0
2026-01-14,8058,0,0.4880309444270803,-0.002219474760373985,0.4961028201601294,0
2026-01-14,7203,0,0.4778090436152969,-0.019326378097437313,0.5256052853561625,0
2026-01-14,8306,0,0.44889332811939564,-0.016669577207192754,0.42994451697652136,0
2026-01-14,8035,0,0.4513777873230974,-0.02599857068479927,0.5447431413544556,0
2026-01-14,9433,0,0.47362730043907764,-0.024483857917365848,0.35882491442283493,0
2026-01-14,8411,0,0.47172976424651136,-0.025126353960272962,0.5311108177105711,0
2026-01-14,6098,0,0.43983628359245236,-0.0707925148637274,0.47077326671283465,0
2026-01-14,6758,0,0.5119939032434102,-0.038201688113251864,0.5189745067242382,0
2026-01-14,6367,0,0.49607520094637425,-0.0025380223134670032,0.49893648562183224,0
2026-01-15,8001,0,0.48048760837948135,-0.019990481450221087,0.49443082547064104,0
2026-01-15,8058,0,0.4799697115383158,-0.01353313562228764,0.4940711653038652,0
2026-01-15,5108,1,0.49190920361873014,0.01227165208308234,0.3595800232385303,0
2026-01-15,7203,0,0.48253902682912464,-0.035002706921011595,0.5426947324596018,0
2026-01-15,8306,0,0.4250992150270775,-0.049426442330696596,0.4203260950198165,0
2026-01-15,6367,0,0.47263736946279733,-0.01088609580650457,0.4992593367727294,0
2026-01-15,8766,0,0.48519665398816153,-0.03998020451944939,0.4846065596960115,0
2026-01-15,9984,1,0.50007758632174,0.06763757539408055,0.6007340604270125,1
2026-01-15,4502,0,0.40354346206427727,-0.028786726166035836,0.2955707050010027,0
2026-01-15,6758,0,0.48809189648837664,-0.06992826378135542,0.49230866992462985,0
2026-01-15,6501,0,0.46927123645601776,-0.017543875729123526,0.5351040470933449,0
2026-01-15,9432,0,0.48154786976055597,-0.020689720254629562,0.293923990806435,0
2026-01-15,6098,0,0.46042711638436945,-0.08019480247875366,0.48208523047730123,0
2026-01-15,4063,0,0.49173902530308955,-0.0007074007074007183,0.5493037284881885,0
2026-01-15,6146,1,0.35712654020603124,0.16023683446806425,0.4484640050984314,1
2026-01-15,9433,0,0.474355922998249,-0.0041337712743401145,0.41373687466111597,0
2026-01-15,7011,0,0.43335195234732626,-0.021458347424156643,0.444636282710003,0
2026-01-15,8411,0,0.4462282954242465,-0.02320428518871065,0.49428562213026095,0
2026-01-15,8035,0,0.40682814907678966,-0.002113121525594841,0.4565310837200422,0
2026-01-15,6857,1,0.47837966786644487,0.016007074561875,0.543487956493848,0
2026-01-16,8058,0,0.49515513956308993,-0.005918639886025812,0.5353260402135057,0
2026-01-16,6098,0,0.46968402649429536,-0.06560766194884848,0.4995976230269626,0
2026-01-16,7011,0,0.5073712069129259,-0.012660965244526534,0.5278441681572568,0
2026-01-16,8306,0,0.41294949411675796,-0.05167219564641212,0.3977761791454198,0
2026-01-16,7203,0,0.47554548508188726,-0.012534081836916955,0.5221426867837256,0
2026-01-16,8766,0,0.483860616859816,-0.028997525659251955,0.4345139499659596,0
2026-01-16,6367,0,0.48644481863245237,-0.013483122844589968,0.5280004722756253,0
2026-01-16,8001,0,0.4724130499435685,-0.035916879531579404,0.4695877469428398,0
2026-01-16,5108,1,0.46606552277908453,0.0019785129629992237,0.32478299293621504,0
2026-01-16,8035,0,0.39154168800945904,-0.010201644779028074,0.445776026769724,0
2026-01-16,6501,1,0.4772981436942743,0.018255178415619744,0.5419168167514427,0
2026-01-16,4502,1,0.43544608252344863,0.008476241044255373,0.4338872032007116,0
2026-01-16,9432,1,0.4949364225757547,0.0025461000970850023,0.29602343284622334,0
2026-01-16,9984,1,0.5116819923508262,0.06583542184043023,0.6281595383506755,1
2026-01-16,6857,1,0.47032868652496435,0.03201754852487593,0.5452410487914764,1
2026-01-16,4063,0,0.48086191712247434,-0.01036906977354135,0.5281087170504184,0
2026-01-16,6146,1,0.3259370450298102,0.12128719947584332,0.41965245527815914,1
2026-01-16,8411,0,0.44717059744332216,-0.017228764696770815,0.5021176000232466,0
2026-01-16,9433,1,0.5105691866687341,0.00698641633606667,0.4182118867966798,0
2026-01-16,6758,0,0.5060276109697633,-0.06178610493936465,0.5036562246103672,0
2026-01-19,5108,0,0.4911782065846546,-0.00371958805802175,0.35773530415645,0
2026-01-19,6367,0,0.4783699075554235,-0.027183539964787284,0.48772803177836216,0
2026-01-19,9433,0,0.4702209950572644,-0.011194036405419494,0.3592232281718254,0
2026-01-19,6098,0,0.46646127027378487,-0.10626942665148487,0.47448410495078885,0
2026-01-19,9984,1,0.5338580759999695,0.02084378738862891,0.6357367127660524,1
2026-01-19,9432,0,0.46867503239812847,-0.008217460345018135,0.2673659268233788,0
2026-01-19,8411,0,0.41647103656199125,-0.04857059807275943,0.43486745568759977,0
2026-01-19,8306,0,0.39215265371313096,-0.07551641855433133,0.3269451244875637,0
2026-01-19,6501,0,0.47455017987433507,-0.021460071111074286,0.521542304584901,0
2026-01-19,4502,0,0.4379337277351716,-0.003329432455330905,0.4222790015587359,0
2026-01-19,8035,0,0.35089247417870517,-0.025841644667313868,0.4024117542753057,0
2026-01-19,8001,0,0.4586701665982033,-0.06000947289408387,0.47964174621052674,0
2026-01-19,8766,0,0.4488373081332919,-0.06288167885846419,0.32019306780842627,0
2026-01-19,6857,1,0.48632517294288763,0.06385376882816618,0.5624582590025576,1
2026-01-19,8058,0,0.4604738049611465,-0.0505099745461659,0.45240999830921713,0
2026-01-19,6758,0,0.5143067681998565,-0.06190479278096972,0.5131489481741347,0
2026-01-19,7011,0,0.4664598137160537,-0.06577870797625573,0.49819908093761833,0
2026-01-19,6146,1,0.30237724990660114,0.0653637279638195,0.3772623289036593,1
2026-01-19,4063,0,0.4940234882852869,-0.04403510842720115,0.5396629261086641,0
2026-01-19,7203,0,0.48511365525638134,-0.040298077832528256,0.5164422672041312,0
2026-01-20,6146,1,0.3570674407801714,0.14883332835729424,0.4467199353798405,1
2026-01-20,6758,0,0.5184289340506035,-0.06584582033724484,0.5265287457587235,0
2026-01-20,9433,0,0.4710369390335004,-0.030185163568126394,0.36538044678610104,0
2026-01-20,6098,0,0.5053435783216366,-0.029978276498088485,0.5599694385605118,0
2026-01-20,6857,1,0.4911452682901974,0.16150803154778526,0.538140507222244,1
2026-01-20,9984,1,0.5079172262579117,0.0519345485706284,0.6174705994030376,1
2026-01-20,8411,0,0.38077434002653765,-0.03574570841380409,0.4157048431369446,0
2026-01-20,8766,0,0.46563960652007347,-0.057820900218221616,0.3611713830611011,0
2026-01-20,4063,0,0.4674954125042907,-0.012443625204674236,0.513176729249703,0
2026-01-20,8035,1,0.44357594418100876,0.025559911892159004,0.5282562435086325,1
2026-01-20,8058,0,0.4315251243767983,-0.020048899726030633,0.4097383720302994,0
2026-01-20,6367,0,0.47349783127263684,-0.03549697443243993,0.5026699609877284,0
2026-01-20,8001,0,0.47141523805234226,-0.05075774170473335,0.48632356158912493,0
2026-01-20,9432,0,0.46383573023416114,-0.031211018796604262,0.3278070205062577,0
2026-01-20,7011,0,0.4814821232841774,-0.05464365903156032,0.5088826065902199,0
2026-01-20,7203,0,0.47884483492470725,-0.023157280002026437,0.5186788713356134,0
2026-01-20,5108,1,0.5113153944578201,0.0022929135867804096,0.3581703512580178,0
2026-01-20,8306,0,0.39243552187007946,-0.05538513751537277,0.32845176164462253,0
2026-01-20,6501,0,0.48387153879740674,-0.01981909790862668,0.5265626973714491,0
2026-01-20,4502,1,0.44037551633037925,0.013433490433594208,0.4528018519626851,0
2026-01-21,8035,1,0.48308183748522954,0.06284879614681249,0.5375330987197422,1
2026-01-21,6857,1,0.5006821432803537,0.17317407128808338,0.5535138201351747,1
2026-01-21,4502,1,0.47315533770706664,0.021712947477413147,0.4846350267910767,1
2026-01-21,9984,1,0.546010264370247,0.08412897562997013,0.640175215023845,1
2026-01-21,7203,0,0.47199019467673736,-0.0577139832491812,0.5082180226206311,0
2026-01-21,5108,0,0.5024607609656174,-0.008016078674375704,0.34495970898989436,0
2026-01-21,8001,0,0.46036717616616796,-0.04074166474819174,0.4786970686611084,0
2026-01-21,6146,1,0.37263770565840965,0.2033463946373979,0.4775040910542937,1
2026-01-21,6098,1,0.4881067617612994,0.0007097817814574192,0.5430548261881719,0
2026-01-21,8411,1,0.4743310726500782,0.008540451561386941,0.49434040346289526,0
2026-01-21,8766,0,0.5412166889669886,-0.04090046916153545,0.541896706778805,0
2026-01-21,4063,0,0.4507634445012135,-0.11368193060644793,0.4790229361990788,0
2026-01-21,6367,0,0.47095589027179563,-0.06106872985310541,0.49404982329860325,0
2026-01-21,6758,0,0.5141430898834682,-0.08024856018901949,0.5356288024339888,0
2026-01-21,9432,0,0.50819390553655,-0.01716464437210219,0.3007658917747502,0
2026-01-21,8058,1,0.4447049532170272,0.010380628950726667,0.44552712537974287,0
2026-01-21,8306,0,0.46160991140504365,-0.02878330722311595,0.5235579259644151,0
2026-01-21,6501,0,0.4838697430662784,-0.018143231146338312,0.5334214680903834,0
2026-01-21,7011,0,0.4749609657736596,-0.07528674664541457,0.5097381978063412,0
2026-01-21,9433,0,0.49746903767357525,-0.018730140785143345,0.3894332896974274,0
2026-01-22,6857,1,0.4884744687685706,0.17549241451278697,0.5418207736732377,1
2026-01-22,9984,0,0.5021635598749343,-0.013872750290720881,0.5380112829850964,0
2026-01-22,4063,0,0.47586620680403463,-0.13148115092473445,0.5107819435723235,0
2026-01-22,6501,0,0.4734893105851653,-0.03552428176267264,0.517462863677196,0
2026-01-22,4502,1,0.4863337299089901,0.025064613553483994,0.5092890110108883,1
2026-01-22,8306,0,0.4871603545236541,-0.014551959969260952,0.5364848991979817,0
2026-01-22,7203,0,0.4906504949543449,-0.03794641391134146,0.522378600847604,0
2026-01-22,8035,0,0.47057086311909774,-0.027529493599851462,0.518714820697692,0
2026-01-22,8058,0,0.44059481775712334,-0.006124415204457612,0.43821693126577815,0
2026-01-22,5108,0,0.4664159934514308,-0.024809693656483223,0.3329885843006573,0
2026-01-22,8001,0,0.46585385864385787,-0.048081577668433906,0.4757993235701149,0
2026-01-22,9432,0,0.5009034302324152,-0.018565859247926086,0.2980908005891205,0
2026-01-22,6758,0,0.5256421079242871,-0.05480584311076553,0.600425996620289,0
2026-01-22,7011,0,0.4718934583574503,-0.03598041895578186,0.5108409370044035,0
2026-01-22,8411,1,0.47988127921571916,0.009683816294829617,0.5030906746989263,0
2026-01-22,6098,0,0.49529574467909554,-0.03965169011204783,0.5538694840287138,0
2026-01-22,6367,0,0.4657761734752297,-0.06296386984520264,0.48802411578489013,0
2026-01-22,8766,0,0.5310944767928358,-0.027533988616079474,0.5490379754320338,0
2026-01-22,6146,0,0.31249582308168755,-0.017937849676351036,0.4347709162863315,0
2026-01-22,9433,0,0.49697622781209533,-0.022641522841804207,0.3733414975870857,0
2026-01-23,8306,0,0.5089389215345611,-0.010932831849236102,0.5665422099361773,0
2026-01-23,6146,0,0.26835092033273106,-0.025901419272481907,0.37673634940547723,0
2026-01-23,8058,1,0.4492292058207379,0.016373135988520637,0.44485064289817444,0
2026-01-23,9433,0,0.49202530438107134,-0.022501418012136565,0.3720009876187928,0
2026-01-23,8766,0,0.5017884350964165,-0.022696227660663704,0.3887781996224696,0
2026-01-23,5108,0,0.46985245048548835,-0.0169251958206611,0.3225317552431794,0
2026-01-23,7203,0,0.46890218643598347,-0.03311253433326111,0.5077957737882657,0
2026-01-23,8001,0,0.4942702156874837,-0.03382354844629265,0.48528884419118673,0
2026-01-23,9432,0,0.4802175715601951,-0.016507965408091185,0.29263607633604305,0
2026-01-23,6367,0,0.47259380716192956,-0.05922550889236633,0.4578151106055439,0
2026-01-23,6501,1,0.4841641514383216,0.011700317509744984,0.5290477588312242,0
2026-01-23,6857,1,0.49679081937532754,0.08393544534678132,0.5756755129174812,1
2026-01-23,7011,0,0.47011920840545074,-0.01782221189167743,0.5225559845712249,0
2026-01-23,8035,0,0.4521238021300016,-0.009827458119092913,0.5717204493044952,0
2026-01-23,4502,1,0.4735616167190226,0.02462857920804873,0.47176824354342334,1
2026-01-23,6758,0,0.5290328216569127,-0.04427226281599772,0.6035646150501586,0
2026-01-23,4063,0,0.46837216867697806,-0.08914939215806672,0.4935614461919751,0
2026-01-23,9984,0,0.5065979439967077,-0.004913423617930901,0.5438598382728705,0
2026-01-23,8411,1,0.47168192570244843,0.007725403137488929,0.509269504749096,0
2026-01-23,6098,0,0.5237634871554604,-0.0568234420602628,0.571131776511632,0
2026-01-26,8306,1,0.45856103362654727,0.0051282214868169085,0.49595591861903515,0
2026-01-26,9433,1,0.5095668253681763,0.00509436601491986,0.37663562085389624,0
2026-01-26,7203,1,0.501205029581414,0.01668107928221252,0.5289412809118667,0
2026-01-26,9984,1,0.5416368899948628,0.006150044929844167,0.597617042826791,0
2026-01-26,5108,1,0.4944319133323836,0.002297523105982968,0.3648480481175081,0
2026-01-26,6098,0,0.5127047266145237,-0.013145314397676189,0.5688308675695742,0
2026-01-26,6758,0,0.5364107959557585,-0.03863507189981863,0.6273699439013111,0
2026-01-26,8411,1,0.48666718596549874,0.00567225389164383,0.5064691405301842,0
2026-01-26,9432,0,0.4741960023448854,-0.004461478543345221,0.26890609240338753,0
2026-01-26,6367,0,0.5350752724016902,-0.016817525448208803,0.520266782662514,0
2026-01-26,8035,0,0.5665305996580327,-0.03480170534487692,0.6678864946155262,0
2026-01-26,8001,0,0.5172927140857934,-0.0002523148266344588,0.5560273813860221,0
2026-01-26,6146,0,0.291321455486145,-0.06315792707233814,0.38068775494223805,0
2026-01-26,8058,1,0.4814248342226716,0.043733996835805256,0.5201837695203537,1
2026-01-26,6857,1,0.47107190150163814,0.0309650088564013,0.5505117107808777,1
2026-01-26,4502,1,0.4710190045648718,0.049715105944976745,0.43547204468390255,1
2026-01-26,6501,1,0.4839456306852548,0.03563736056092481,0.5367292624979336,1
2026-01-26,7011,0,0.5086562654887639,-0.01184471456545011,0.537956953294097,0
2026-01-26,4063,0,0.4861745262994141,-0.05909335823746842,0.5094482634558251,0
2026-01-26,8766,1,0.49084890416976706,0.013561111299782436,0.5423346966649395,0
2026-01-27,8411,1,0.47599946876240995,0.057581262801807975,0.4971257471671282,1
2026-01-27,7203,1,0.4511705406633788,0.03902859837456463,0.5028548033134695,1
2026-01-27,6098,0,0.5226676944130011,-0.019506455337727435,0.5751022816673507,0
2026-01-27,8766,1,0.5198417549059215,0.055338739148409255,0.5425337358467591,1
2026-01-27,8035,0,0.5226805238075191,-0.013529539482057706,0.6294822546019195,0
2026-01-27,7011,1,0.49905872640340343,0.021538467830106045,0.5402410820876861,1
2026-01-27,8001,1,0.5053153343739721,0.02939680169611636,0.5565306923525826,1
2026-01-27,8306,1,0.45858585637760096,0.04005046853702021,0.5129794234330893,1
2026-01-27,9432,1,0.5372796380353844,0.0070877184773299184,0.3324894142148665,0
2026-01-27,8058,1,0.45467138195329776,0.05014967652343327,0.48549739344918963,1
2026-01-27,6857,1,0.44800427004315846,0.043077552949968956,0.5279267214707404,1
2026-01-27,6758,1,0.4936401532648874,0.004297946880607029,0.600540145153255,0
2026-01-27,9984,1,0.5467078853267838,0.06146633667614809,0.5916328092246583,1
2026-01-27,4502,1,0.4842427205186739,0.056335260734709625,0.4456882643290551,1
2026-01-27,6501,1,0.4752606912232343,0.05634080493722804,0.5211802755021976,1
2026-01-27,9433,1,0.5312685307029932,0.03666213593261958,0.4086873570380509,1
2026-01-27,4063,0,0.4512999040022069,-0.06263692833684209,0.505543520567406,0
2026-01-27,6146,0,0.2849512863825147,-0.029160021410718273,0.41838749489806243,0
2026-01-27,6367,1,0.527967105075244,0.029442768720093104,0.5479685572464088,1
2026-01-27,5108,1,0.4971473335132963,0.015441760089256018,0.36312919225750956,0
2026-01-28,6367,1,0.5414767368064485,0.050135552160742725,0.565066417541924,1
2026-01-28,6098,0,0.5495767734692344,-0.11325215805340338,0.6081879586731558,0
2026-01-28,9984,1,0.5435547928120447,0.0014282461960768433,0.5866477716395766,0
2026-01-28,4502,1,0.4773421875338238,0.07988978777323097,0.4659754128222683,1
2026-01-28,9433,1,0.5218376597720303,0.049818674274789254,0.37727680024782245,1
2026-01-28,6501,1,0.46876845585514193,0.014350298739299827,0.5332528994092085,0
2026-01-28,8306,1,0.45584026182569176,0.07254543827586568,0.5015108164979554,1
2026-01-28,8035,0,0.49568995123711856,-0.0707761934352028,0.5782421755135629,0
2026-01-28,6758,0,0.5165559718323871,-0.017332575006625994,0.5965900603632845,0
2026-01-28,7011,1,0.49481386152683243,0.07262066208431994,0.5658963160331255,1
2026-01-28,8058,1,0.45977566754745897,0.060909998705426904,0.48646770494003677,1
2026-01-28,8766,1,0.5094045074095159,0.05196199096324783,0.5025655871176833,1
2026-01-28,4063,1,0.4956444881350738,0.07276465791244058,0.5463032409234986,1
2026-01-28,6146,0,0.2805130530114398,-0.03320088370109253,0.39416236189856196,0
2026-01-28,8411,1,0.4577376077265833,0.09662790170534419,0.5137150370785049,1
2026-01-28,7203,1,0.49050182700409983,0.11293700104758764,0.5625963724626619,1
2026-01-28,6857,0,0.44006451002878194,-0.0025449690455523477,0.5254572653758518,0
2026-01-28,9432,0,0.5244133060807334,-0.007762118285231656,0.26878002457828737,0
2026-01-28,5108,1,0.5073140542378618,0.046176050521604894,0.3828512062783196,1
2026-01-28,8001,1,0.5097102031946723,0.04120040066073871,0.5259230151289119,1
2026-01-29,7203,1,0.5103593961487549,0.07482600358556368,0.5509495433233145,1
2026-01-29,8306,1,0.4606905298525879,0.037097062116069335,0.5159346854364929,1
2026-01-29,8001,1,0.5228081820409924,0.03749996931077293,0.5588909805625167,1
2026-01-29,6758,0,0.5610796512270083,-0.024475540955846142,0.6440829637116068,0
2026-01-29,6501,1,0.5002531022293671,0.017136113200725056,0.5530022050383328,0
2026-01-29,4063,1,0.5159945720101655,0.05521595525217271,0.6123117341618051,1
2026-01-29,9433,1,0.5191829439417109,0.07528957307332518,0.40157477938939445,1
2026-01-29,7011,1,0.4867500604507249,0.03511482907168317,0.5177001023143531,1
2026-01-29,4502,1,0.47055121558357815,0.08519309845636158,0.48913850854811697,1
2026-01-29,6146,0,0.33729638075569623,-0.032224507240042555,0.4779402343055005,0
2026-01-29,8766,1,0.48704273084290073,0.05645021716412857,0.5021414336511757,1
2026-01-29,9432,1,0.5461879182685138,0.007827739524102428,0.3127668440716182,0
2026-01-29,9984,0,0.5050868107929226,-0.08276677474673111,0.5400037725104838,0
2026-01-29,6098,0,0.5209824366364855,-0.12398922446811034,0.5875460464259826,0
2026-01-29,8411,1,0.4589127114061524,0.06563764688885287,0.5153525024299378,1
2026-01-29,5108,1,0.5044124975259295,0.06128942058393605,0.39416459225134115,1
2026-01-29,6857,0,0.4639640596188263,-0.09717054351337784,0.5258125043654179,0
2026-01-29,6367,0,0.5591696514987812,-0.020213032837807177,0.5670365764320725,0
2026-01-29,8058,1,0.454740203363773,0.1400049566029904,0.4912653913252979,1
2026-01-29,8035,0,0.5483054229870676,-0.03242188353360287,0.6301136045265899,0
2026-01-30,7011,1,0.45377169630288394,0.06616511127063895,0.525167417663784,1
2026-01-30,6367,0,0.5678370183956218,-0.030938916348412726,0.5937463362940152,0
2026-01-30,6758,1,0.5682911326082095,0.015344572191896777,0.624962297832784,0
2026-01-30,9432,0,0.511611412627761,-0.0154938714733448,0.251860684577245,0
2026-01-30,5108,1,0.48623549951431194,0.07317072127460089,0.36405488079657744,1
2026-01-30,8058,1,0.45083630198825747,0.15279473494249407,0.4918216635424961,1
2026-01-30,8306,1,0.45071303631415743,0.05241570516659344,0.5188556430342092,1
2026-01-30,4063,0,0.5172866849793769,-0.004874240410543185,0.608373256629758,0
2026-01-30,8001,1,0.5440688921273846,0.048706279743659264,0.5017608407645403,1
2026-01-30,9984,0,0.4995098802563685,-0.05972255243846747,0.571114703126898,0
2026-01-30,6098,0,0.523275232873441,-0.12814810372246987,0.5768311424972223,0
2026-01-30,8411,1,0.44299628074164843,0.08314911495081434,0.5158594973390019,1
2026-01-30,6857,0,0.48727571965763966,-0.03822784014183167,0.5506404525334412,0
2026-01-30,8766,1,0.48765962247220335,0.05482800466017257,0.48887221739392056,1
2026-01-30,6146,0,0.4211914789175071,-0.005892143784546833,0.5394107825453109,0
2026-01-30,8035,0,0.5017164928688602,-0.006778027150858734,0.6207831521373464,0
2026-01-30,4502,1,0.4826106967715796,0.05246087700595159,0.5058011214409103,1
2026-01-30,6501,1,0.4961036276843042,0.001119226372557014,0.5362706574156058,0
2026-01-30,9433,1,0.5207218446723738,0.07385377902947643,0.3641749786239246,1
2026-01-30,7203,1,0.47512456543270026,0.07876711723353758,0.4991270024232688,1
2026-02-02,6501,1,0.4760036929741331,0.10001896961120282,0.5392894998662898,1
2026-02-02,8306,1,0.449323146697238,0.07780612002016274,0.5042528287438443,1
2026-02-02,5108,1,0.47641276859345905,0.07593121322378615,0.341292117124688,1
2026-02-02,8411,1,0.4602231812277474,0.15228659256190258,0.5071203399305971,1
2026-02-02,4502,1,0.4772038412987522,0.03032572993040139,0.4830732351275878,1
2026-02-02,9432,0,0.4847548903099839,-0.023687598914814312,0.27381294983904414,0
2026-02-02,6758,1,0.5554799824609502,0.013493688525303194,0.5989761507025396,0
2026-02-02,8001,1,0.49011615378803014,0.043664782547764736,0.483468194452759,1
2026-02-02,6098,0,0.5487430195500057,-0.13380960635319272,0.6035276675672192,0
2026-02-02,7203,1,0.4711204115202305,0.05487971902570754,0.4987124333831532,1
2026-02-02,6857,1,0.4444628664476269,0.12548855357724098,0.5379088828707043,1
2026-02-02,6146,1,0.49183083171850506,0.15939009742560906,0.5959650817544019,1
2026-02-02,8766,1,0.50476941246858,0.06481318862107166,0.5043052205110803,1
2026-02-02,8058,1,0.456650551909686,0.20681208715661992,0.4953370240632208,1
2026-02-02,9984,1,0.5400886412526581,0.0393643723074919,0.5998544018807639,1
2026-02-02,8035,1,0.5726346465728553,0.02370150288828854,0.62324007693542,1
2026-02-02,7011,1,0.4299173423394675,0.10321862905956336,0.5098770586099854,1
2026-02-02,4063,1,0.5007901253182495,0.0284766933155034,0.6019150701812304,1
2026-02-02,9433,0,0.4784875900560212,-0.04599208739881799,0.36976470999670696,0
2026-02-02,6367,0,0.5928096329163945,-0.02368427221841074,0.5954203392988926,0
2026-02-03,4502,1,0.466956166591851,0.029894822881688654,0.4810968513235094,1
2026-02-03,6146,1,0.45846870663220857,0.1262701427087063,0.5757040297213932,1
2026-02-03,8001,1,0.49327042258256903,0.05366817978576566,0.501365296735089,1
2026-02-03,9984,1,0.5061918666906632,0.09418605100722921,0.5377655319831293,1
2026-02-03,6501,1,0.4899098085087253,0.04999071386426901,0.5458649723809418,1
2026-02-03,4063,1,0.49799680983520267,0.061562371841212826,0.6003809003179633,1
2026-02-03,6857,1,0.4733449986063603,0.06319630175838697,0.563412252932068,1
2026-02-03,9433,0,0.45191215569516746,-0.049548696366303546,0.36374241336655005,0
2026-02-03,6758,1,0.5326569199827811,0.015691906266308342,0.6106284187819485,0
2026-02-03,6098,0,0.5627031584108283,-0.11792911315635213,0.6118456933464972,0
2026-02-03,9432,0,0.4803644875227801,-0.015994847782429766,0.2717138710210618,0
2026-02-03,6367,0,0.5379262149328171,-0.042134874437979586,0.5298012045738575,0
2026-02-03,8411,1,0.4899607522623155,0.12311448598246888,0.5474620447960024,1
2026-02-03,8766,1,0.5087678949685671,0.05243702805354267,0.5277361148246351,1
2026-02-03,7011,1,0.4524163205645574,0.09875214745112948,0.5273562957155931,1
2026-02-03,8035,0,0.5300856756269351,-0.0014437245322742598,0.6246773522349994,0
2026-02-03,8306,1,0.4814952598888044,0.05255859851103195,0.5452607912922651,1
2026-02-03,7203,1,0.46427958690906584,0.03338900131719669,0.5111419010885102,1
2026-02-03,8058,1,0.47484788087614277,0.2204799601206453,0.5182370518523353,1
2026-02-03,5108,1,0.4681169962378632,0.05998313278739009,0.3354676138762654,1
2026-02-04,9432,0,0.5409068900778349,0.0,0.3038301920126707,0
2026-02-04,4063,1,0.48193955860313165,0.1000191671600017,0.527183486990665,1
2026-02-04,9433,0,0.4768643049097212,-0.03218181498729333,0.4052490381340533,0
2026-02-04,4502,1,0.4800388052089396,0.02204813121573257,0.48364055965743163,1
2026-02-04,6098,0,0.5371189967053012,-0.09278763825451042,0.5593095646552927,0
2026-02-04,8306,1,0.47013148035962854,0.04594003836441951,0.5337638845403523,1
2026-02-04,6146,1,0.46895930373915207,0.06882885658520776,0.5565858740518477,1
2026-02-04,6367,1,0.5249775616852458,0.0012903485690760608,0.5375834888856748,0
2026-02-04,9984,1,0.4788638878924811,0.14499646498627894,0.5615166918399456,1
2026-02-04,8766,1,0.49886983497881876,0.06438427469759267,0.5111692817445259,1
2026-02-04,6758,1,0.5296427069969273,0.07772797713908886,0.5556139289670402,1
2026-02-04,6857,1,0.4439455615398829,0.05240424703260249,0.5296441994456351,1
2026-02-04,8058,1,0.49160694140405814,0.19068478582234527,0.5236298079221008,1
2026-02-04,7011,1,0.4754435388429736,0.0502523365727261,0.5282326581605754,1
2026-02-04,7203,0,0.4831856260678734,-0.0053691194811673615,0.529341853939756,0
2026-02-04,5108,1,0.46207681460599714,0.03558623665576954,0.35948629982894564,1
2026-02-04,8001,1,0.48440007921517,0.09086473820556451,0.47822692405458384,1
2026-02-04,6501,1,0.4523495990808187,0.0804263523469384,0.5200880677204273,1
2026-02-04,8411,1,0.4979153612187413,0.08480418837841319,0.5581280391359674,1
2026-02-04,8035,1,0.5824104512961216,0.014742016408154868,0.677493365724704,0
2026-02-05,7011,1,0.4572321718591509,0.07339449828828948,0.5246634216442172,1
2026-02-05,4502,1,0.47630171914133645,0.003934236725648965,0.47949410613418497,0
2026-02-05,6857,1,0.5805317349367428,0.11876291573202402,0.6139030662038992,1
2026-02-05,8001,1,0.4991706231683195,0.09441844305311009,0.4744409992092201,1
2026-02-05,7203,1,0.46616130307783227,0.018348582756994913,0.5187695131131371,0
2026-02-05,8766,1,0.5001947683388661,0.05477384764971438,0.5397710869332887,1
2026-02-05,8035,1,0.5477403987958018,0.050012442573873495,0.6522637078097685,1
2026-02-05,8306,1,0.47440906026671154,0.04288941412072145,0.5331012119839769,1
2026-02-05,6501,1,0.46146574600223755,0.008714140307435114,0.5251230807262399,0
2026-02-05,6758,1,0.5586669932134639,0.06093196261490674,0.5813698989078552,1
2026-02-05,6146,1,0.48341799644830935,0.12106793129422755,0.6013268799903733,1
2026-02-05,9432,1,0.5403921556931744,0.000647312118034371,0.2943427570738933,0
2026-02-05,9984,1,0.6037368094561991,0.12218819842339501,0.6908404212971373,1
2026-02-05,9433,0,0.48485806566739686,-0.03267499060703005,0.3938093280983106,0
2026-02-05,4063,1,0.5084418907431403,0.06178799578051852,0.5498384822814544,1
2026-02-05,8411,1,0.47442208795857854,0.08015746839276261,0.546523271673855,1
2026-02-05,6098,0,0.5186027428541428,-0.13902100851433197,0.6236982200787808,0
2026-02-05,6367,1,0.5071973102692904,0.08001111204395239,0.5563483532346852,1
2026-02-05,8058,1,0.47599475731023705,0.09362158022944311,0.5063091043787067,1
2026-02-05,5108,1,0.47079386715704347,0.039771193747622835,0.34963141482909643,1
2026-02-06,6501,0,0.48978564909719136,-0.05235697572819131,0.5462836159664579,0
2026-02-06,7011,1,0.4514285927125235,0.02947281080099895,0.5362565182753415,1
2026-02-06,6098,0,0.5293348005579476,-0.09869725790572015,0.6252751820728566,0
2026-02-06,8058,1,0.4554433450437456,0.043404564017587965,0.4831292132112523,1
2026-02-06,4502,1,0.4615799852361083,0.0032626637466308672,0.43948912586350447,0
2026-02-06,4063,1,0.5322705861305497,0.10070539109167997,0.5634788758230884,1
2026-02-06,6857,1,0.5569603868731026,0.10476971984696881,0.5732198208483763,1
2026-02-06,6367,1,0.5558739637720849,0.09883400141605092,0.5949058107620965,1
2026-02-06,9984,1,0.5748140163640977,0.17229303969646415,0.6620481892347315,1
2026-02-06,8411,0,0.5050891515978487,-0.009799978421103805,0.5697636363306735,0
2026-02-06,6146,1,0.3787821027347757,0.0981763146582606,0.562025656898518,1
2026-02-06,8035,1,0.4933047764544167,0.00853035290215054,0.6049559824632629,0
2026-02-06,8766,1,0.4881619140131811,0.03492802785997151,0.5142499586502172,1
2026-02-06,9432,1,0.5589667944262446,0.011147607840679141,0.27706063545140486,0
2026-02-06,6758,1,0.5228866658017145,0.028799505308581885,0.5676235175864162,1
2026-02-06,7203,0,0.47429749028639434,-0.030158776459329184,0.5293106268449503,0
2026-02-06,5108,0,0.48239349361965994,-0.045721918277593865,0.34447022281285405,0
2026-02-06,8306,0,0.4739850772261484,-0.013721763263987552,0.534230943964522,0
2026-02-06,8001,1,0.48982902240141823,0.0377358929819982,0.4908365145344555,1
2026-02-06,9433,0,0.48194809596667243,-0.03769201767199515,0.3858122681377048,0
2026-02-09,6367,1,0.5648641326667683,0.07196772658115957,0.6009466961273606,1
2026-02-09,7011,0,0.49155054678057675,-0.030181040725542285,0.5392326620744272,0
2026-02-09,7203,0,0.46123734023855284,-0.004290661734272838,0.5230105217544941,0
2026-02-09,6857,0,0.3867341833927281,-0.02047155866828554,0.4858832373081476,0
2026-02-09,5108,0,0.4781434092384077,-0.04527296391187963,0.3208382043745011,0
2026-02-09,8766,1,0.4906508832877107,0.01958224638123718,0.537149011737257,0
2026-02-09,8001,1,0.48758565267345694,0.040386901666054076,0.482012727109537,1
2026-02-09,8035,1,0.4713671773856309,0.03817735293754909,0.5843408532093284,1
2026-02-09,8411,0,0.48717837324357194,-0.07395161257653271,0.561038663928927,0
2026-02-09,9984,1,0.5029060896120223,0.04657718031257274,0.5346277287263769,1
2026-02-09,6098,0,0.5738832760576889,-0.1452537518327771,0.6519505268275407,0
2026-02-09,8058,0,0.4685229587592933,-0.007106619919156176,0.5101805530245367,0
2026-02-09,6146,0,0.27072630378561247,-0.0070608795272238956,0.4436053210222372,0
2026-02-09,9433,1,0.4827460180425232,0.05076739287494236,0.49610749521105413,1
2026-02-09,9432,1,0.545146213913417,0.003934503695637304,0.2818543454604735,0
2026-02-09,4063,1,0.4754846689971839,0.028446778861013655,0.534690286338409,1
2026-02-09,4502,1,0.47788462767490253,0.009629327093398254,0.4514958890063308,0
2026-02-09,6501,0,0.4857387707131912,-0.15830181141342647,0.5358780963432556,0
2026-02-09,8306,0,0.47967503289338764,-0.0273880174983675,0.5342904114327293,0
2026-02-09,6758,1,0.5282540843044297,0.009261979256633968,0.5773840387374906,0
2026-02-10,8001,1,0.4988132308937444,0.032476577910691695,0.4948122142268056,1
2026-02-10,7203,1,0.4680089045087584,0.004307990570641573,0.5031224363145331,0
2026-02-10,9432,0,0.5220493342334166,-0.005201662279987973,0.26159272031451175,0
2026-02-10,9433,1,0.5338639657496536,0.03875968024413856,0.5577954149205484,1
2026-02-10,6146,0,0.2366482535405105,-0.046968274348870964,0.4094920857204802,0
2026-02-10,8306,0,0.48144603450216833,-0.02719188008618134,0.5472570281760637,0
2026-02-10,5108,0,0.46611503312379043,-0.02975555483095671,0.2978960827130915,0
2026-02-10,8411,0,0.4757057874725527,-0.10040931086671046,0.5417629403263373,0
2026-02-10,8035,1,0.45422520889696233,0.04554221936019842,0.5570947427938093,1
2026-02-10,8058,0,0.47225446131540544,-0.04613588244473166,0.4959165493950111,0
2026-02-10,6758,0,0.5313386703502694,-0.024438208435685893,0.5435088428543691,0
2026-02-10,8766,1,0.5047456092341808,0.034493756535232345,0.5537593765934905,1
2026-02-10,9984,0,0.48493204009887375,-0.08055268898332124,0.5340522860533514,0
2026-02-10,6367,1,0.5694301733530284,0.07704609926655848,0.5809216604797646,1
2026-02-10,6098,0,0.5393617707669186,-0.14035323629552754,0.5961718285035777,0
2026-02-10,4063,1,0.49041325066118746,0.01908611984048414,0.5389828345917562,0
2026-02-10,6501,0,0.4854709128640425,-0.1306194818874966,0.5534986547924775,0
2026-02-10,7011,0,0.4880613430189527,-0.030350463098219427,0.5540051756058275,0
2026-02-10,6857,0,0.419658863684619,-0.02583556478752913,0.5358820255056582,0
2026-02-10,4502,1,0.439411022201181,0.04085285865775057,0.41941955276132836,1
2026-02-12,6501,0,0.48988313276588735,-0.10457397276588432,0.5416955798124286,0
2026-02-12,9433,0,0.5204643437913427,-0.007702373739499002,0.5434612217599699,0
2026-02-12,8058,0,0.4247542708395134,-0.036212298287280786,0.4329192179648062,0
2026-02-12,4063,1,0.46936297883077743,0.000696803907523913,0.5449015234139051,0
2026-02-12,8035,1,0.4551328354988538,0.08062951551855302,0.5587164692213678,1
2026-02-12,8411,0,0.483217231464764,-0.07118340890960173,0.5545973237446977,0
2026-02-12,5108,0,0.46210454247978533,-0.013585533613202916,0.31702341199408685,0
2026-02-12,9984,0,0.4259239608117318,-0.07826449383269451,0.5298194966148813,0
2026-02-12,6857,0,0.4392575035220493,-0.030399047684424474,0.5485931281690656,0
2026-02-12,6758,0,0.5159980762065595,-0.044382788745765955,0.5419911047753269,0
2026-02-12,8306,0,0.4814148060680511,-0.024635375886497335,0.5361359006794659,0
2026-02-12,7011,0,0.47179071659315525,-0.008608620678668744,0.540881067384399,0
2026-02-12,9432,0,0.5274702455854139,-0.005866978336719342,0.2665586722392791,0
2026-02-12,4502,1,0.42847960951732583,0.03672669837641851,0.2756200015830459,1
2026-02-12,6146,1,0.3539302976382624,0.01702595399951279,0.4824902688394369,0
2026-02-12,7203,1,0.46371614027397445,0.018623447070801324,0.5019911419949646,0
2026-02-12,6367,1,0.5370128870817581,0.029896899047296976,0.5603964415378716,1
2026-02-12,8001,1,0.5104925649727199,0.015226095550496366,0.5130465199950218,0
2026-02-12,8766,1,0.487805832816191,0.02752441167343478,0.5214908366405898,1
2026-02-12,6098,0,0.4623780077718427,-0.06877294810601675,0.5925138136836253,0
2026-02-13,6098,1,0.6875880129852653,0.020792775320775947,0.7714858321154385,1
2026-02-13,6857,0,0.4256169471917957,-0.061002565010335075,0.5592466337607723,0
2026-02-13,7203,0,0.47652818431850724,-0.03683095351878796,0.5071373173265902,0
2026-02-13,8001,0,0.4879918311277016,-0.014828106139283426,0.49422130943177495,0
2026-02-13,6367,1,0.5192341330219904,0.01858540883626003,0.5463329264740127,0
2026-02-13,9984,0,0.49131072420488064,-0.013895229873196024,0.5617595344122873,0
2026-02-13,4502,1,0.43468612296637876,0.03135011085254069,0.2900791176219209,1
2026-02-13,8411,0,0.5022187691552634,-0.06587682972796516,0.567324124317905,0
2026-02-13,6146,1,0.3432046371169292,0.013687423834487511,0.5084114262336403,0
2026-02-13,6758,0,0.4966618745609706,-0.06081082946001748,0.5331523971916557,0
2026-02-13,8058,0,0.4768195045799222,-0.013246320190457905,0.4971605109305883,0
2026-02-13,8766,1,0.4878269787319869,0.028267441910809987,0.5470920657640713,1
2026-02-13,8306,0,0.4811281066599459,-0.02031305551893814,0.5270803105107951,0
2026-02-13,6501,0,0.4693101185379044,-0.053561083270363685,0.5389656250990854,0
2026-02-13,4063,1,0.48392476824748176,0.04564468546913636,0.5688212215032258,1
2026-02-13,7011,0,0.47806665897910466,-0.013118656272109286,0.5319421076440688,0
2026-02-13,5108,0,0.4571359659403919,-0.05161125037361347,0.31250740157744683,0
2026-02-13,9433,0,0.5061442129979105,-0.02895324537648969,0.5093045906669291,0
2026-02-13,9432,0,0.4942170429919946,-0.02328595337027939,0.263613793465993,0
2026-02-13,8035,1,0.4387879042842487,0.046915957141939524,0.5418666998608671,1
2026-02-16,8035,1,0.4657841987086781,0.07249880158804944,0.5637757410152411,1
2026-02-16,7203,0,0.5050707187254451,-0.002727764702972091,0.5318889220452926,0
2026-02-16,6098,0,0.7532160414958898,-0.03173607521602706,0.8406498800964317,0
2026-02-16,4063,1,0.48974170943933576,0.05553574202715894,0.5626586595536166,1
2026-02-16,6857,0,0.42468975316751917,-0.017712180850065762,0.5449908154541626,0
2026-02-16,9432,0,0.48461367883195117,-0.02204931679108768,0.2534952608075205,0
2026-02-16,4502,1,0.42600287313168655,0.05112921188169439,0.28075940788894455,1
2026-02-16,8058,1,0.4370936837329872,0.04139610154131468,0.5106133612824942,1
2026-02-16,6367,1,0.5169349645054993,0.034108124451512234,0.5150097134369258,1
2026-02-16,7011,0,0.46968681803567086,-0.030040295272255713,0.5319811253282387,0
2026-02-16,6501,0,0.5338390831098375,-0.0536767558596567,0.6319172643399402,0
2026-02-16,8001,1,0.49986243508543315,0.022144441156696226,0.5201085931303067,1
2026-02-16,6146,1,0.3872119616950729,0.04649871420126139,0.5256887900186966,1
2026-02-16,8766,1,0.5018102561970609,0.014075448157182313,0.5177536746601433,0
2026-02-16,6758,0,0.5249712701069477,-0.08370284445100207,0.5327759794357882,0
2026-02-16,9433,0,0.509867779180623,-0.027287953620579564,0.5023492314731428,0
2026-02-16,9984,0,0.440807804541719,-0.12627985066609704,0.5091358315712471,0
2026-02-16,8306,0,0.4802081767916689,-0.007901120391675565,0.5163327119802199,0
2026-02-16,8411,0,0.5253078490581989,-0.04742263743915087,0.5694867300335201,0
2026-02-16,5108,1,0.5266857811709512,0.027178467733531386,0.5145804012861496,1
2026-02-17,8411,0,0.582863589688916,-0.050999977774743854,0.6422176770765469,0
2026-02-17,5108,1,0.5209403780296296,0.03960943248247761,0.5641616376632468,1
2026-02-17,7011,0,0.4971144864255853,-0.014107938955167931,0.5451936718449771,0
2026-02-17,6367,1,0.5161442295296559,0.032436468761515735,0.5457399595406401,1
2026-02-17,8766,1,0.4988565997341557,0.02000643275289926,0.5185999140781552,1
2026-02-17,6857,1,0.4437681833789102,0.06792309300347021,0.516463754539723,1
2026-02-17,6758,0,0.5178634829629042,-0.05592201146585074,0.5625573172386908,0
2026-02-17,6146,1,0.39735725089889906,0.1154490601019229,0.5452450464145067,1
2026-02-17,8035,1,0.48120186632036377,0.09679710821816112,0.5575283047165784,1
2026-02-17,6501,0,0.48294961527210095,-0.0034715459987616493,0.5568643924822549,0
2026-02-17,7203,1,0.4828113260678492,0.0018852451522719527,0.5080231934232388,0
2026-02-17,6098,1,0.7313798636486253,0.02878640479162886,0.8061535748530861,1
2026-02-17,9433,0,0.514464551763973,-0.005430753301720714,0.5135227451828572,0
2026-02-17,9432,0,0.5165604159342619,-0.014369772122092783,0.2827629049249976,0
2026-02-17,8058,1,0.44961022757999897,0.0554191972155611,0.5188384478031155,1
2026-02-17,4502,1,0.44385221568956207,0.04408860829654593,0.2741038118205511,1
2026-02-17,9984,0,0.48199671132501215,-0.09260503412958032,0.5587799611230959,0
2026-02-17,8306,0,0.47739563383942163,-0.015817819874745953,0.5141968300583843,0
2026-02-17,8001,1,0.490582319096075,0.022315220632277866,0.49415037970573195,1
2026-02-17,4063,1,0.4732438979950447,0.09422824802108187,0.5592334697406295,1
2026-02-18,4063,1,0.4896640519456721,0.07653522673580992,0.5347168741542105,1
2026-02-18,6501,1,0.4896244216498222,0.0480456164464913,0.5797428528138758,1
2026-02-18,8058,1,0.5487386742405376,0.05326522869413486,0.6061959601423643,1
2026-02-18,6857,1,0.48002487289713425,0.043212150928739534,0.5317192432463324,1
2026-02-18,7203,1,0.484846428249738,0.012332461512207127,0.5061147586234604,0
2026-02-18,5108,1,0.4970598479391059,0.02601313187764487,0.4870254279583938,1
2026-02-18,8411,0,0.5663888738072068,-0.007109329073747173,0.6361450483098369,0
2026-02-18,9432,0,0.5018138166386613,-0.005882316548935451,0.25321529033169904,0
2026-02-18,8001,1,0.49163567548895915,0.006110071985754972,0.5186785391219256,0
2026-02-18,6098,1,0.7139291456418657,0.06685633870337937,0.8311519375810987,1
2026-02-18,7011,0,0.5054533533220461,-0.01029893430078499,0.5333114302283981,0
2026-02-18,9433,0,0.5196971943014419,-0.0016790823469653438,0.520622875447607,0
2026-02-18,8306,0,0.49193519539756053,-0.008978481402897254,0.5198219926974257,0
2026-02-18,6146,1,0.5406354648979016,0.10079347838689667,0.6721843280588898,1
2026-02-18,6367,0,0.5016150020848885,-0.024752487322759364,0.5260695690950419,0
2026-02-18,6758,0,0.5375375806669387,-0.021595136653531855,0.5550608278420752,0
2026-02-18,8035,1,0.48584408246546634,0.04424979636403026,0.5607935576498609,1
2026-02-18,8766,1,0.5168628489357083,0.00046310782232117376,0.542524296083078,0
2026-02-18,9984,0,0.4599703626346574,-0.02958846536101023,0.5584222342803306,0
2026-02-18,4502,0,0.5334541921611152,-0.013427384088026462,0.49866922437294464,0
2026-02-19,6098,1,0.6538552691592415,0.08347793622485589,0.7585462624033892,1
2026-02-19,7203,1,0.47279685223246715,0.013513500205396545,0.5097800351179521,0
2026-02-19,9432,1,0.5151867681062262,0.005246004927516479,0.2630570779212931,0
2026-02-19,5108,1,0.4776588903777542,0.025114763073463164,0.47922006124021505,1
2026-02-19,4063,1,0.5040926897214786,0.07362923077701256,0.5590312044625143,1
2026-02-19,8058,1,0.5398717552860187,0.06288937132123196,0.5485886992844176,1
2026-02-19,8411,0,0.5302886174150708,-0.021349398052918578,0.59223761778394,0
2026-02-19,9984,0,0.46596937689198403,-0.07905404646423753,0.5475063135405559,0
2026-02-19,9433,1,0.5102523863008578,0.011359339802582413,0.5334766200892525,0
2026-02-19,6146,1,0.3686096407430164,0.019306112400087505,0.49742744028926555,0
2026-02-19,6758,1,0.5266631753580115,0.05747460737612453,0.5670001473776188,1
2026-02-19,8766,1,0.46202107255089503,0.016508297072146627,0.49060925569300956,0
2026-02-19,4502,1,0.41095141630971427,0.0006878995714467706,0.4005084998703913,0
2026-02-19,6367,0,0.4941431829857856,-0.0032533187185035395,0.5358766793615249,0
2026-02-19,6501,1,0.49813760743682284,0.046874969257509225,0.6068001539127668,1
2026-02-19,8306,0,0.48155842515842606,-0.013459631977813968,0.5316811896570973,0
2026-02-19,8001,1,0.4793337261716864,0.0013233426784817759,0.5140914773596563,0
2026-02-19,6857,1,0.4852502018628304,0.03289094282303484,0.5322463468579889,1
2026-02-19,8035,0,0.4489655459232283,-0.013892041039872072,0.5592636682738515,0
2026-02-19,7011,1,0.47062892030232856,0.012520158676682991,0.529874758204883,0
2026-02-20,9432,1,0.5545298721566352,0.008609286359352097,0.29199103999220166,0
2026-02-20,7011,1,0.4794311713088789,0.04632425916266181,0.5305779875448237,1
2026-02-20,6857,1,0.5609670744794347,0.012757542510362985,0.6719367453061129,0
2026-02-20,4502,1,0.43152053846998845,0.0006908698190017937,0.4146467157262243,0
2026-02-20,6758,1,0.5157325084709845,0.07703832847330427,0.5758687064821089,1
2026-02-20,5108,1,0.5358379268136677,0.021546964890260867,0.5497592388250928,1
2026-02-20,9984,0,0.47593142806836,-0.06537310094895377,0.5536546330155989,0
2026-02-20,9433,1,0.5148351938272134,0.01796635528040391,0.5235005975032967,0
2026-02-20,6501,1,0.5073321333134841,0.028194705859793556,0.5665864598744217,1
2026-02-20,6098,1,0.6248171166705239,0.06429022133592532,0.7281133309921016,1
2026-02-20,8306,0,0.4650135519089347,-0.04146837763984823,0.5115823028066842,0
2026-02-20,4063,1,0.4945909809376184,0.0996522290320232,0.5549897605775697,1
2026-02-20,8411,0,0.5125521151642775,-0.05087107169683314,0.5951485957737414,0
2026-02-20,7203,1,0.526329203450009,0.08500688251089694,0.5396330851372303,1
2026-02-20,6367,1,0.4929843329468147,0.019006572901266727,0.5387041308939304,0
2026-02-20,8035,0,0.46664399757651337,-0.009781604556258094,0.5448685099399092,0
2026-02-20,8766,0,0.4514118332014597,-0.017606174283785303,0.490825305124295,0
2026-02-20,8001,1,0.4988647486729469,0.01733184102806984,0.5300728991517025,0
2026-02-20,8058,1,0.4345848086870136,0.06672007111813505,0.5055359428004996,1
2026-02-20,6146,1,0.40909933888370065,0.011477168989736386,0.5125235845031805,0
2026-02-24,8035,0,0.4555235195084028,-0.04010821227815431,0.5345513234968969,0
2026-02-24,4063,1,0.49181730678491,0.03153455603278732,0.5566641780589376,1
2026-02-24,4502,0,0.43858855488014764,-0.015641133011067287,0.4290740025016911,0
2026-02-24,9432,1,0.5358523298131325,0.008620704735434748,0.2611419034393632,0
2026-02-24,8411,0,0.5432456032685203,-0.0620490495024173,0.6119982617452692,0
2026-02-24,9433,1,0.5114250111609799,0.019274860110439995,0.5101995254820008,0
2026-02-24,5108,0,0.48673371463441834,-0.02454991106823501,0.4881187240197611,0
2026-02-24,7011,1,0.497323487264149,0.023072093140896532,0.5178794706659603,1
2026-02-24,9984,0,0.5347300278554981,-0.02539060914541824,0.6273224488703213,0
2026-02-24,6367,0,0.5039184697564182,-0.04813096100708303,0.5287066164820587,0
2026-02-24,6098,1,0.5980041008196305,0.10076258836786822,0.7027145313371562,1
2026-02-24,8766,0,0.4758494325444908,-0.03485805920949758,0.4910951183331012,0
2026-02-24,6146,0,0.38454504200203893,-0.03425015917452012,0.5136715655594118,0
2026-02-24,6857,0,0.48619590916292843,-0.03362132770804371,0.5485155569452199,0
2026-02-24,7203,1,0.4693759652126979,0.012582079137544833,0.5064575821314077,0
2026-02-24,6758,1,0.5410670142581804,0.01875372211660653,0.6261435866306625,0
2026-02-24,6501,1,0.521884798379187,0.00041548514778333434,0.6147063658313077,0
2026-02-24,8001,0,0.48022260805112943,-0.01755987379635615,0.5212531098670805,0
2026-02-24,8306,0,0.4672452739549938,-0.03912737105003761,0.5174951033817985,0
2026-02-24,8058,1,0.4599954175840903,0.03565865588422534,0.5125695602928212,1
2026-02-25,6857,0,0.4333336985089748,-0.14380568882503653,0.5465580915534275,0
2026-02-25,6501,0,0.5250544482248606,-0.026639372101558423,0.5789686444693359,0
2026-02-25,7011,0,0.4701951706646764,-0.0263047256445339,0.5323902938960059,0
2026-02-25,4063,0,0.49695344357162047,0.0,0.5583208725128651,0
2026-02-25,5108,0,0.4768840751438008,-0.0649315189031292,0.48622661273378154,0
2026-02-25,8058,0,0.41932162843635296,-0.04030218832351562,0.45482680033529277,0
2026-02-25,8306,0,0.4844405375557792,-0.06587783129745195,0.5112613356602675,0
2026-02-25,8035,0,0.4435745199209007,-0.11983562633622047,0.5855760232011832,0
2026-02-25,4502,0,0.4287651700730371,-0.03343676944376117,0.4281368212810465,0
2026-02-25,7203,0,0.46809306540284445,-0.053763428684849734,0.4957122088569882,0
2026-02-25,8766,0,0.4413094382793636,-0.05491921074091277,0.4571071142643266,0
2026-02-25,9433,0,0.5118673001812233,-0.002259462847815197,0.5186588240676632,0
2026-02-25,8411,0,0.5148808302633704,-0.07872945603420134,0.5731061819905585,0
2026-02-25,9984,0,0.5119657391745795,-0.08199155730762842,0.6072936517277051,0
2026-02-25,6758,1,0.5458157774781712,0.029465343727599347,0.6053213300073973,1
2026-02-25,6367,0,0.48420434667061196,-0.07769121388783717,0.5035278619518158,0
2026-02-25,9432,1,0.542982245284094,0.0019880593042831407,0.24559174270726544,0
2026-02-25,6098,1,0.5767920437458969,0.0747217574811474,0.6300135604703075,1
2026-02-25,8001,0,0.4708964648477556,-0.06025466422055903,0.5112799294057434,0
2026-02-25,6146,0,0.2930130223550376,-0.13800003299899588,0.447475197725474,0
2026-02-26,8766,0,0.44410320291539185,-0.04459189081343884,0.445795493048969,0
2026-02-26,9984,0,0.48237369973892374,-0.07956174121523896,0.5420975707605789,0
2026-02-26,8001,0,0.4689831202984858,-0.051507035080155084,0.506495163783316,0
2026-02-26,6758,0,0.5179077584565324,-0.0052972473370406226,0.5450490394383523,0
2026-02-26,8411,0,0.4741131925552471,-0.06773591104380938,0.575460848806546,0
2026-02-26,6857,0,0.4311255631668731,-0.09208885745109363,0.5572722714716731,0
2026-02-26,4063,1,0.4914689923314446,0.04148537924197737,0.5468558699709668,1
2026-02-26,7011,0,0.46662606065541923,-0.026933263021445608,0.5135446679284918,0
2026-02-26,5108,0,0.48561356609383827,-0.07072322846974821,0.4972392290899486,0
2026-02-26,9433,1,0.5172305130213343,0.0013081288469407593,0.506738064381455,0
2026-02-26,6146,0,0.3196080523279558,-0.09371437713141018,0.4570110893230015,0
2026-02-26,8306,0,0.4702094578850423,-0.06495725579644196,0.5044981467757732,0
2026-02-26,4502,0,0.4495808304177947,-0.017449034601002,0.44900707128504685,0
2026-02-26,8058,0,0.43352976380037367,-0.009106743099232761,0.48935591555170765,0
2026-02-26,6501,0,0.5095108871133752,-0.05594413599570269,0.5268841878118463,0
2026-02-26,8035,0,0.46119561310521917,-0.07923190755782905,0.5447632979952247,0
2026-02-26,9432,0,0.4993020019405148,-0.012491771996671619,0.23568677656624362,0
2026-02-26,6098,1,0.5499124529585425,0.02592594176347829,0.542656184803224,1
2026-02-26,6367,0,0.4603411209494161,-0.0050760446269340065,0.4961454781305509,0
2026-02-26,7203,0,0.4614381919269869,-0.07812498257005884,0.4975395033953276,0
2026-02-27,7011,0,0.46744448157241675,-0.05045868423730593,0.5326882257743504,0
2026-02-27,8306,0,0.4635742358964585,-0.0704059108634747,0.5094059833362877,0
2026-02-27,8001,0,0.4708198988114457,-0.07951543808925177,0.5180479862279255,0
2026-02-27,9432,0,0.47547185694214344,-0.014350923275864291,0.27263939943906385,0
2026-02-27,6758,0,0.4886422742489821,-0.046664860016453646,0.49934086034895264,0
2026-02-27,4502,0,0.42889622112815573,-0.022684312439699705,0.41955569923529584,0
2026-02-27,6146,0,0.44562573796612487,-0.026357571552720893,0.5554618706138607,0
2026-02-27,9433,0,0.5270204417687527,-0.0009360181934477962,0.526000678661051,0
2026-02-27,6367,1,0.459570671584468,0.0027617931397443396,0.5111013702576136,0
2026-02-27,6098,1,0.5529098539932104,0.01980775376293109,0.5209598844151755,0
2026-02-27,6857,0,0.4801699947830537,-0.04245812766043,0.5798121305289937,0
2026-02-27,8035,0,0.4863867373314394,-0.05044309888900744,0.5891681579079868,0
2026-02-27,8766,0,0.4335977217844816,-0.05484906296612457,0.4429502054689966,0
2026-02-27,7203,0,0.45384348718250306,-0.08104569828739927,0.4724437720527853,0
2026-02-27,6501,0,0.5017249076584148,-0.07558366376696979,0.550514909542303,0
2026-02-27,5108,0,0.47254336785378964,-0.08456270478343209,0.4839845250114408,0
2026-02-27,8411,0,0.4856889707006302,-0.08376454428298918,0.5476964658082616,0
2026-02-27,9984,0,0.5596614865677428,-0.03986302107000217,0.634973536234615,0
2026-02-27,8058,0,0.4427304312552724,-0.04102080171980693,0.507246132476199,0
2026-02-27,4063,1,0.499779933056477,0.012808007649908859,0.5588041852190534,0
2026-03-02,6146,0,0.42791653983713984,-0.11226803464127899,0.5542923152660167,0
2026-03-02,9984,0,0.5523208077682613,-0.124814637365397,0.6062022823359003,0
2026-03-02,8411,0,0.5381129496724715,-0.09309840004270264,0.6078439864266167,0
2026-03-02,7203,0,0.48248729459958806,-0.13970587172838034,0.47829865713401154,0
2026-03-02,8035,0,0.496435487487701,-0.10590402194115456,0.6122945193319002,0
2026-03-02,8766,0,0.44007742747095563,-0.05313631235912397,0.47871927104496015,0
2026-03-02,8306,0,0.49508471818506344,-0.05496453290593706,0.5334227701671331,0
2026-03-02,6758,0,0.49481186814726374,-0.06874477688717451,0.5080262330053666,0
2026-03-02,6098,1,0.5252258354708677,0.00179426747305933,0.5429614506771145,0
2026-03-02,6367,0,0.4757084612109624,-0.05272318955529276,0.5120768049830952,0
2026-03-02,9432,1,0.5060188783265813,0.011162144117123018,0.28035659306421973,0
2026-03-02,6857,0,0.4836147412077047,-0.11337207098675495,0.6219151415132024,0
2026-03-02,9433,1,0.5188171275437584,0.006383765849620859,0.5158075703195798,0
2026-03-02,8058,0,0.44532204813732995,-0.07625843629050821,0.48879736058902784,0
2026-03-02,4063,0,0.4850256097444045,-0.055827960172071034,0.5528515131595138,0
2026-03-02,5108,0,0.4688967251406452,-0.08572202147268015,0.5134030372459812,0
2026-03-02,4502,0,0.4552073786277384,-0.03054885459693857,0.44233918187281335,0
2026-03-02,8001,0,0.49332811314409797,-0.09011430435165502,0.5355500786503323,0
2026-03-02,7011,0,0.49028156972501924,-0.1183830057494758,0.5474887896467177,0
2026-03-02,6501,0,0.5124734979047556,-0.06924447946822077,0.5643437750247033,0
2026-03-03,9984,0,0.546404683069876,-0.09018037360821074,0.5998390666152249,0
2026-03-03,8766,0,0.5001840585636705,-0.004902701399083331,0.5264537863658318,0
2026-03-03,9433,1,0.5361660680968857,0.014603968365383135,0.5417936668181613,0
2026-03-03,8306,0,0.5131068929572786,-0.019279311331737548,0.5365944164923317,0
2026-03-03,7203,0,0.4695813692790454,-0.061858423213985936,0.5252585733900664,0
2026-03-03,6501,1,0.5139794320992119,0.02429905036001756,0.5650713209994463,1
2026-03-03,5108,0,0.4684049470252009,-0.04558165509241574,0.5053291703466604,0
2026-03-03,6146,0,0.5299642112285801,-0.044365309988907975,0.6111733412158653,0
2026-03-03,7011,0,0.46845948828888817,-0.05566841182395876,0.5280239588095103,0
2026-03-03,6367,0,0.4916414901543379,-0.013090410284225307,0.5246067526029016,0
2026-03-03,6098,0,0.5154625841943822,-0.02741741160717559,0.5111470879598763,0
2026-03-03,9432,1,0.5028269016775712,0.013149298115098684,0.27228121736318645,0
2026-03-03,8058,0,0.4449867609112684,-0.025964227789476158,0.4940845070218589,0
2026-03-03,8035,0,0.5718451574469684,-0.060328574079567265,0.651569043976386,0
2026-03-03,8001,0,0.4590639769960235,-0.03087273049720951,0.5058600761857261,0
2026-03-03,4063,0,0.4727236960695746,-0.0031060886778011554,0.5460659864979072,0
2026-03-03,8411,0,0.5230256834830277,-0.007538502499562338,0.6171490327955694,0
2026-03-03,6857,0,0.5209276657581278,-0.06413996429944524,0.6110159467432302,0
2026-03-03,4502,0,0.4625641291046005,-0.0017461742692329585,0.4820829217150496,0
2026-03-03,6758,1,0.49587467371737315,0.010391955341997772,0.5548222215495715,0
2026-03-04,4063,1,0.4624406794289174,0.03640044691498434,0.5200922949576382,1
2026-03-04,6146,1,0.417774738774299,0.0494489343390232,0.5353354167590112,1
2026-03-04,5108,0,0.5111549630833796,-0.012338627440692251,0.5500408591772894,0
2026-03-04,8411,1,0.5441356304326762,0.038235266346759555,0.6132232190840466,1
2026-03-04,6098,0,0.542941772401219,-0.03431946008133058,0.5173886064199545,0
2026-03-04,6857,1,0.4898096572148639,0.015714281266731467,0.5955897196667308,0
2026-03-04,9432,1,0.5535251075686934,0.02843925199499342,0.27051158325809627,1
2026-03-04,6367,1,0.520037153189803,0.02455777692774075,0.5918209919554555,1
2026-03-04,8766,0,0.4923184349785179,-0.0011621889348354397,0.56831842422783,0
2026-03-04,7203,0,0.49473599806387053,-0.0028409048914541657,0.5689363266026524,0
2026-03-04,6758,1,0.4900428101260718,0.016819152758403844,0.5383112117977081,0
2026-03-04,8058,1,0.5284815798077419,0.05390667527029924,0.5036526585177814,1
2026-03-04,9984,1,0.607389897603299,0.04910948682066629,0.6557043330982664,1
2026-03-04,8001,1,0.5093939794608157,0.006532764069964836,0.5492945765378805,0
2026-03-04,6501,1,0.5354911562325126,0.024421066126430135,0.6135617370634807,1
2026-03-04,8035,0,0.4677855148435219,-0.003932119105031107,0.5775480229659911,0
2026-03-04,4502,1,0.5178292431638934,0.02603423655182424,0.5349199383528945,1
2026-03-04,9433,1,0.5257877457473976,0.004717881920902167,0.5264386068745924,0
2026-03-04,8306,1,0.5329433999885905,0.015125795039705014,0.5896903626897464,0
2026-03-04,7011,0,0.5132583476321094,-0.00237734889404706,0.5711036382198331,0
2026-03-05,6758,1,0.5042948951080826,0.02337274098962827,0.521452819919954,1
2026-03-05,8411,0,0.5381122095612952,-0.04961599508260062,0.6259408353803632,0
2026-03-05,4502,1,0.47573553143485653,0.006038033079845961,0.5087561945014311,0
2026-03-05,6501,1,0.5369793512575796,0.0135803348626935,0.6253957489837193,0
2026-03-05,5108,0,0.5184724240523434,-0.018954636976008632,0.5595221123204012,0
2026-03-05,8035,0,0.575926645271232,-0.047219581050587656,0.6747773124155437,0
2026-03-05,8306,0,0.5428775078544339,-0.02961602056017376,0.5793125765496205,0
2026-03-05,7203,0,0.506124986005973,-0.004021855238124261,0.5750865672916932,0
2026-03-05,6367,0,0.490204715019273,-0.009183757606959997,0.5452996467702002,0
2026-03-05,8766,0,0.5093695276628873,-0.05071059193632421,0.5702304094768391,0
2026-03-05,9984,0,0.5990774485497428,-0.030020656905802023,0.6732702610273568,0
2026-03-05,7011,1,0.49037876492263877,0.0025162305908787985,0.5593789248823028,0
2026-03-05,9432,1,0.5547068421519603,0.03661778681823735,0.23428388158393523,1
2026-03-05,9433,0,0.513909434584339,-0.019596853160532612,0.5182263382338019,0
2026-03-05,8001,0,0.49981061433882207,-0.025847717786864566,0.5535048410148906,0
2026-03-05,6146,0,0.5325961357330784,-0.0058609915684654235,0.6784923057050948,0
2026-03-05,4063,1,0.4869394130130113,0.028107989829427416,0.5638551115789449,1
2026-03-05,6857,0,0.5593551550091932,-0.04053262566167104,0.622529894745054,0
2026-03-05,8058,1,0.46272625780328225,0.0011732781774018708,0.5578380254398062,0
2026-03-05,6098,0,0.520770268968561,-0.05906137996154914,0.555812101663795,0
2026-03-06,5108,0,0.5285594468396205,-0.035971186502357866,0.5414176829116591,0
2026-03-06,8766,0,0.5055786739001397,-0.04279463406551676,0.5613155130478598,0
2026-03-06,8306,0,0.5269201366361872,-0.037506744455120145,0.5763290940154058,0
2026-03-06,8035,0,0.5592639522489213,-0.08255558052616796,0.655560833594833,0
2026-03-06,7011,0,0.523774140360674,-0.003360645671827811,0.6025237558593701,0
2026-03-06,8001,0,0.5087906957181324,-0.008853707793511467,0.5589843380251042,0
2026-03-06,6857,0,0.530542056084545,-0.08012443986125573,0.6160360868196324,0
2026-03-06,4063,1,0.47233835012288033,0.04546187069418184,0.5423922514116788,1
2026-03-06,4502,0,0.4891810248454051,-0.002461751177676441,0.5317331143578681,0
2026-03-06,7203,0,0.513622573960813,-0.04125182131097738,0.557603544953985,0
2026-03-06,6098,0,0.5378072810208454,-0.06969433014926218,0.5587158812974257,0
2026-03-06,8058,1,0.5429830240166897,0.027202812581478275,0.6150641536015833,1
2026-03-06,9984,0,0.5804347331412165,-0.08863987962001141,0.6324071928976569,0
2026-03-06,6367,0,0.5012025434827652,-0.0458187623401517,0.5478633892322555,0
2026-03-06,9433,0,0.5010163011014116,-0.013678111984504526,0.5063403443981289,0
2026-03-06,6501,1,0.5172093244441573,0.004554019861052527,0.6053770777053057,0
2026-03-06,8411,0,0.5466411560199537,-0.06349206229554394,0.6245601035068715,0
2026-03-06,9432,1,0.5199894088801948,0.023825233898529197,0.32161128065304867,1
2026-03-06,6146,0,0.5104783065074421,-0.05305403328714953,0.6365778790538491,0
2026-03-06,6758,0,0.4823386814372766,-0.004319055559366403,0.5381896556427812,0
2026-03-09,8306,0,0.5315641401759991,-0.011632287475313419,0.5786362606296916,0
2026-03-09,9984,1,0.6570608640441034,0.019203630006655814,0.6971053796371353,0
2026-03-09,9433,0,0.5067881815505374,-0.016044800923666336,0.5215201718583569,0
2026-03-09,6857,1,0.46832986952184363,0.05530057933940258,0.5571398925549971,1
2026-03-09,6501,1,0.5254615667922723,0.017380295330225115,0.6305602399950424,0
2026-03-09,4063,1,0.525365093592288,0.08961472800022374,0.5244114671313311,1
2026-03-09,6098,0,0.5318841710578948,-0.03955221390362773,0.6191724762500688,0
2026-03-09,8058,1,0.4942297628718133,0.05225701922518855,0.5330990528588141,1
2026-03-09,8001,1,0.5253825711770841,0.0012317972335662564,0.5616079287153278,0
2026-03-09,7203,0,0.5025375390124973,-0.016209856279058243,0.5610224666264086,0
2026-03-09,9432,1,0.4804383626304033,0.01103892603383505,0.29366546491911355,0
2026-03-09,6367,0,0.40931389927483425,-0.007613493530843396,0.49781894332916077,0
2026-03-09,6758,1,0.4888758517057773,0.011356865709578834,0.557811985616616,0
2026-03-09,6146,1,0.4238584233829773,0.051428574129118276,0.5195763650290374,1
2026-03-09,4502,1,0.5245687791161779,0.02136373718938156,0.5521150816237216,1
2026-03-09,7011,1,0.48752269609449383,0.046288120246345654,0.5604911747152361,1
2026-03-09,8411,0,0.5603578641829727,-0.013115236015790233,0.6466793542697872,0
2026-03-09,8766,0,0.5102557557716186,-0.021085815813670528,0.5704117836220696,0
2026-03-09,5108,0,0.515124542832036,-0.023070101581606717,0.559031169767454,0
2026-03-09,8035,1,0.46117780310099804,0.00590960806944385,0.5133187159244939,0
2026-03-10,9433,0,0.5106987474206461,-0.017899999670784372,0.5237261851916167,0
2026-03-10,8411,0,0.5610259556400842,-0.04975970585902434,0.6425558826922555,0
2026-03-10,8766,0,0.48464549798391504,-0.023813423739763917,0.5330515444112536,0
2026-03-10,6758,0,0.48976477489294185,-0.022333277371218152,0.5414872340278394,0
2026-03-10,6857,0,0.518940318876179,-0.022014526007858026,0.6012374991313036,0
2026-03-10,6098,0,0.56691360733311,-0.005001559303122738,0.6411412792786453,0
2026-03-10,4502,1,0.48363528330398525,0.018016447616247877,0.4963792110462014,0
2026-03-10,4063,1,0.47312325898161717,0.05493606200905243,0.5374421256526875,1
2026-03-10,6501,0,0.49850447537456466,-0.026561233714501142,0.548876036801866,0
2026-03-10,8058,1,0.4948549775817709,0.02317943354017782,0.5388780428983134,1
2026-03-10,8306,0,0.5399217435503699,-0.02278158778292072,0.6170088890344607,0
2026-03-10,9432,1,0.4707271154250146,0.020765740455432447,0.3103299780883933,1
2026-03-10,6367,0,0.44572732603973536,-0.005981710312542798,0.5004513161965221,0
2026-03-10,6146,0,0.5219074389094482,-0.034962039413083956,0.6358962352098321,0
2026-03-10,7011,1,0.5177456774550304,0.05012912361448785,0.588569673512719,1
2026-03-10,7203,0,0.5362478426850719,-0.027065995981080282,0.6016042588659896,0
2026-03-10,5108,0,0.5424705390178889,-0.03691770045890164,0.5824082705396579,0
2026-03-10,9984,0,0.6267493739413816,-0.024229101133102504,0.6961865487993258,0
2026-03-10,8035,0,0.5620728011262638,-0.031226641160254198,0.6001262404649146,0
2026-03-10,8001,0,0.5302183485069542,-0.011257511943215448,0.526013961348468,0
2026-03-11,6758,0,0.5047864327615291,-0.0464306302314359,0.5278984924967354,0
2026-03-11,6501,1,0.5107681561181941,0.0006165405444793493,0.5749233970659215,0
2026-03-11,6098,1,0.5790523653689578,0.003982775703516905,0.6495523783783325,0
2026-03-11,8058,1,0.4746152322386276,0.0942528768198374,0.5129704096982936,1
2026-03-11,9432,1,0.46560808949425975,0.01607713640583408,0.355189539874796,0
2026-03-11,8306,1,0.5286601315640341,0.017321640242157876,0.6240106160419271,0
2026-03-11,4063,1,0.4697056148554426,0.09268289323195122,0.5414123234101224,1
2026-03-11,7011,1,0.5214011029648851,0.08318898297254496,0.5856853065816767,1
2026-03-11,4502,1,0.4775331498802209,0.020159883851440963,0.4877323938873093,1
2026-03-11,6367,1,0.4827707076093652,0.019587616507449335,0.5210416243052678,0
2026-03-11,9984,0,0.5565918529666248,-0.035493818135903576,0.6501932906299709,0
2026-03-11,9433,1,0.48447869503490787,0.009015782925711813,0.41682322347254647,0
2026-03-11,8766,1,0.5210010556448795,0.009142297684445078,0.544308913195933,0
2026-03-11,8035,0,0.5839390570463083,-0.005921559834058954,0.6182563332965194,0
2026-03-11,6857,1,0.5140094856504489,0.009845328451773216,0.5752290327844753,0
2026-03-11,8001,1,0.5137763923963711,0.0249999911019394,0.5186126202722312,1
2026-03-11,8411,0,0.5859284000029618,-0.00535099082836088,0.6904485429505041,0
2026-03-11,5108,0,0.5317158554497061,-0.025857053641624383,0.5620061713818235,0
2026-03-11,6146,0,0.5175757740557493,-0.02335216985504407,0.5999923799260729,0
2026-03-11,7203,0,0.5337828103788801,-0.030199427786048783,0.5488977824462318,0
2026-03-12,6146,0,0.49733226357222365,-0.023301498756229222,0.6166814030896006,0
2026-03-12,6367,0,0.4649564832321848,-0.0025746158043798983,0.504634742188751,0
2026-03-12,7203,0,0.5368400032786738,-0.040957625399803854,0.5925767173345455,0
2026-03-12,6098,0,0.5888854269128303,-0.028238224875705598,0.6968572011356428,0
2026-03-12,7011,1,0.4637288938687104,0.014013880221559916,0.5238709800915724,0
2026-03-12,8766,1,0.5185244245851203,0.026199384103473777,0.5658017671462383,1
2026-03-12,8058,1,0.4733082940821223,0.054101564944774916,0.5324558705709727,1
2026-03-12,4063,0,0.5053312015294118,-0.004374315659556038,0.5600638469624255,0
2026-03-12,8411,0,0.5663344122145869,-0.005980299298353642,0.6756301748185549,0
2026-03-12,8306,1,0.5341628290178754,0.012057189453941186,0.6063476773467215,0
2026-03-12,6501,0,0.5002146732432121,-0.01563142715007637,0.5597098665223285,0
2026-03-12,9433,1,0.49559866385681334,0.015419745644148941,0.39105757014598874,0
2026-03-12,8001,0,0.5447718933391477,-0.014605673721459156,0.550342844418854,0
2026-03-12,9984,0,0.6135955208406056,-0.05069374852376751,0.7059581709782838,0
2026-03-12,9432,1,0.46396434716240154,0.01862567943496285,0.38633168084328273,0
2026-03-12,4502,1,0.46412560503601175,0.01818182296514048,0.5166813456630416,0
2026-03-12,8035,0,0.5725161962418955,-0.010566048964834929,0.6249662194940151,0
2026-03-12,6758,0,0.5127301411284483,-0.054350938416162564,0.5369092303591353,0
2026-03-12,6857,0,0.5020303075014256,-0.02122448171538016,0.6199652075788872,0
2026-03-12,5108,0,0.5463179867236236,-0.04244732258952766,0.5627840704168572,0
2026-03-13,8058,1,0.4844704547967117,0.011706051857385935,0.5318915927297327,0
2026-03-13,8306,0,0.5498312050902542,-0.03445031298538026,0.6253933799484926,0
2026-03-13,6857,0,0.5183257791743932,-0.03890065620875227,0.6420465527726674,0
2026-03-13,9433,1,0.5030005514966585,0.012158093340740361,0.3807291744106917,0
2026-03-13,7203,0,0.5422435996224878,-0.03531158694693326,0.5979331148586472,0
2026-03-13,6367,0,0.49666802379961933,-0.022303893378699424,0.5340617976842356,0
2026-03-13,8001,0,0.5557149992865241,-0.05383878356590477,0.5427876893171311,0
2026-03-13,4502,0,0.4730468005491733,-0.016922312903497883,0.5279239109100707,0
2026-03-13,9432,1,0.46566932827963253,0.014867425933196232,0.3689995658919065,0
2026-03-13,6146,0,0.5116791748875109,-0.061916432159737744,0.615253869223812,0
2026-03-13,6501,0,0.49940677105007864,-0.010921123387251375,0.581083564366911,0
2026-03-13,8411,0,0.5833952157104705,-0.03373534977974357,0.6911819550719069,0
2026-03-13,6758,0,0.49725188213482874,-0.0769230823752135,0.5325506052392823,0
2026-03-13,8766,0,0.5216428905239416,-0.008128738151746306,0.5560480937291821,0
2026-03-13,5108,0,0.553222531350975,-0.030746249330028896,0.5838088203535123,0
2026-03-13,8035,0,0.5322923638689018,-0.0010432832457966112,0.5985557357907133,0
2026-03-13,6098,0,0.5724006356796267,-0.031163660003250437,0.67495202010629,0
2026-03-13,4063,0,0.4865703238240699,-0.07012713091491785,0.5637323251632065,0
2026-03-13,9984,0,0.6763273965098415,-0.019843443085068135,0.7749983561704761,0
2026-03-13,7011,0,0.47741768770250603,-0.04805060474239897,0.520032901868139,0
2026-03-16,6857,0,0.5656740917381021,-0.07435792942976027,0.6062979392985343,0
2026-03-16,6501,1,0.5041282897538971,0.0020833591242341853,0.5677551806156182,0
2026-03-16,9433,1,0.4999576818846165,0.015358441627266517,0.34666885952025267,0
2026-03-16,6367,1,0.5084689345910877,0.02380948160139451,0.5379239418960827,1
2026-03-16,8035,0,0.580484503923877,-0.0005108993883709001,0.6456199345740511,0
2026-03-16,6758,0,0.5175773840060701,-0.04491727018255842,0.5555306773653514,0
2026-03-16,8001,0,0.5450309009311469,-0.0012302817758781392,0.5785455335332047,0
2026-03-16,5108,0,0.5264152413497687,-0.0045413124035559305,0.5516194930050482,0
2026-03-16,9432,1,0.4621136507673601,0.004495863966603508,0.3509074982052084,0
2026-03-16,6098,1,0.5121387948122301,0.016161570853932883,0.5726186600954735,0
2026-03-16,4502,0,0.48157094498589254,-0.012898733550233188,0.5153075370334187,0
2026-03-16,7011,0,0.4612015514842301,-0.07554254531995808,0.517196727077899,0
2026-03-16,4063,0,0.48239357546191935,-0.06840890259988397,0.5380209637346212,0
2026-03-16,9984,0,0.5965149585026459,-0.02188972121399335,0.7102032080692652,0
2026-03-16,8306,1,0.5302889460581894,0.0018983204549318788,0.6119901567830424,0
2026-03-16,8766,1,0.5325731263683786,0.16299183430372643,0.5486237835114465,1
2026-03-16,6146,0,0.5170849275444269,-0.06478838499726947,0.5975903578033441,0
2026-03-16,8411,1,0.5835281757373192,0.010500384459832812,0.6912835125271768,0
2026-03-16,8058,1,0.4644849070339994,0.04850239134400636,0.5401190849514239,1
2026-03-16,7203,0,0.5311649287065514,-0.020071847571982326,0.6020654662616677,0
2026-03-17,7011,0,0.47681048345241356,-0.06842858312325895,0.5388660111867031,0
2026-03-17,6367,1,0.5266617779377419,0.0342752159372639,0.5426439052078341,1
2026-03-17,6146,1,0.4365717916271719,0.009354090180456742,0.512342339241168,0
2026-03-17,4502,0,0.47757235268281,0.0,0.49025758837734384,0
2026-03-17,8035,1,0.5788332388100194,0.040742681892147026,0.6280435149582834,1
2026-03-17,8058,1,0.4850975236200694,0.04889561426808697,0.5429217561571267,1
2026-03-17,8306,1,0.5324509032622471,0.022184672652934223,0.5957087255536543,1
2026-03-17,5108,1,0.554570616398148,0.016732607897906426,0.5496428799290023,0
2026-03-17,4063,0,0.4563018577768275,-0.02160735805516556,0.5317520383779881,0
2026-03-17,6758,0,0.49986146363944567,-0.018334782271421712,0.5635072857026618,0
2026-03-17,6501,1,0.49534738936023787,0.016663197340876845,0.5443603717829083,0
2026-03-17,7203,0,0.5381703686707154,-0.012133757013655044,0.5881594993740935,0
2026-03-17,9984,1,0.6050666163554168,0.07477426000057541,0.7464204545663408,1
2026-03-17,8411,1,0.5751400453451639,0.04747140487461854,0.6727112477871711,1
2026-03-17,8766,1,0.524612400953115,0.32183708087245577,0.541282692162119,1
2026-03-17,9433,1,0.47835474344551776,0.016723085372237767,0.3459390500291104,0
2026-03-17,6857,0,0.5167859326490473,-0.005096666122308968,0.6219758755713887,0
2026-03-17,9432,1,0.4801175464232241,0.0012713820656999886,0.3838075189111525,0
2026-03-17,6098,0,0.5079387692873335,-0.02269612534566723,0.5924577172977359,0
2026-03-17,8001,1,0.5466725288739449,0.007025195521765948,0.526411177711427,0
2026-03-18,8411,1,0.5672203112581415,0.007594957680189696,0.6364270205605848,0
2026-03-18,6501,0,0.5026492247684797,-0.018484315387918948,0.5377522183522981,0
2026-03-18,8766,1,0.5313624918661964,0.24971168873160998,0.5408315730879353,1
2026-03-18,6857,0,0.5214485743539219,-0.0861520650014308,0.555898358832468,0
2026-03-18,4502,0,0.4839551217254716,-0.013798939531350474,0.514865118456878,0
2026-03-18,6098,0,0.4773605768440223,-0.023649656852272938,0.5525694547388595,0
2026-03-18,6758,0,0.5001097159734961,-0.020693848032539375,0.5503729155671602,0
2026-03-18,8001,0,0.5354120364149445,-0.03283294691153671,0.5449697671004562,0
2026-03-18,6146,0,0.5203222867281129,-0.04513306602667211,0.5758565508605529,0
2026-03-18,8306,0,0.5433888397318628,-0.011168044165983604,0.5877057206683425,0
2026-03-18,9984,1,0.593450908964873,0.019200003442297886,0.6894759041631608,0
2026-03-18,7011,0,0.48402122850728474,-0.0978000406623657,0.5408508499572737,0
2026-03-18,8035,1,0.5996041386127652,0.005956833580527565,0.6029623602633412,0
2026-03-18,8058,0,0.4787085726644249,-0.009979016119862849,0.5347753438635672,0
2026-03-18,5108,0,0.5509017603579209,-0.008947184271094533,0.5276774100291198,0
2026-03-18,9433,1,0.4762350690861888,0.008935224877820946,0.37280047753853135,0
2026-03-18,6367,1,0.5277809852804429,0.036905911318759976,0.5204760070903534,1
2026-03-18,9432,1,0.4789309068665257,0.005063292382423645,0.3512864299720766,0
2026-03-18,4063,0,0.5085705814671027,-0.06383928420914997,0.5716259455225736,0
2026-03-18,7203,0,0.544317939996746,-0.004700316431002993,0.5998507470377833,0
2026-03-19,6857,0,0.5149678768310909,-0.07964973043545709,0.6225532339129447,0
2026-03-19,4063,0,0.47652955300429684,-0.036560490681022184,0.542427404610722,0
2026-03-19,6501,0,0.5022855161996893,-0.027428281602317917,0.5257662678652668,0
2026-03-19,8058,1,0.47773830395312955,0.06763019418680938,0.5348186219185861,1
2026-03-19,8035,0,0.5764636393759931,-0.001017022113138366,0.6275281097509651,0
2026-03-19,6367,1,0.48506317083600725,0.0033556705541435417,0.5374077217179759,0
2026-03-19,9432,1,0.4962253402366214,0.002522019607706927,0.3478212771414185,0
2026-03-19,8766,1,0.5387020824561342,0.24519234246050292,0.5491092594928791,1
2026-03-19,9433,1,0.47232057039960706,0.020997418976860915,0.3859830881834095,1
2026-03-19,8411,1,0.5312185685293702,0.037235796515433295,0.6271080006754343,1
2026-03-19,8001,1,0.5533125141217068,0.019021750395092685,0.5606263806342721,0
2026-03-19,9984,1,0.5952995285998507,0.10905003725970586,0.7091859602112962,1
2026-03-19,7203,1,0.5500087385628597,0.024962466616396117,0.5991745537636841,1
2026-03-19,6098,1,0.4938303915010276,0.02953256066760046,0.5686655889171153,1
2026-03-19,8306,1,0.5516023665716413,0.010796751998181309,0.6120075214626697,0
2026-03-19,7011,0,0.47117357635335266,-0.055899376435785464,0.5379036646124158,0
2026-03-19,5108,1,0.5286855293190059,0.016814454707133608,0.5519215790089974,0
2026-03-19,6146,0,0.4928668644919063,-0.043834476111196286,0.574964977113699,0
2026-03-19,4502,1,0.4428012814358808,0.012482656995265184,0.35637986354048706,0
2026-03-19,6758,0,0.5241431546132838,-0.018954464193189358,0.562205142037327,0
2026-03-23,6758,1,0.5349372466938875,0.0026525121543719,0.646484760399219,0
2026-03-23,5108,1,0.5266857184059421,0.007699391279430312,0.5198332047614528,0
2026-03-23,8766,1,0.5251746340340648,0.2597773495633522,0.5588076426909219,1
2026-03-23,4063,1,0.5253353702433344,0.03262508531936037,0.5536788918084339,1
2026-03-23,8411,1,0.5555926727172052,0.04664000907653132,0.6421057594832439,1
2026-03-23,7203,1,0.5662567435938698,0.006461073431127673,0.5876388023175697,0
2026-03-23,6857,0,0.5190483435090963,-0.07815742654346636,0.6468712259916891,0
2026-03-23,8035,1,0.5826331303351306,0.023582133925964754,0.6347023704546596,1
2026-03-23,6098,1,0.5375648501172492,0.0027149307236469244,0.6024040025623622,0
2026-03-23,4502,1,0.4715040768470043,0.042232315549122434,0.5039291453258002,1
2026-03-23,6501,0,0.5125723178287608,-0.050187131955319986,0.5260858809965478,0
2026-03-23,6146,0,0.46022769900398564,-0.010487282674028209,0.5287909553374487,0
2026-03-23,7011,0,0.5323133011227099,-0.019131249999322475,0.6095769055223077,0
2026-03-23,8306,1,0.5500401255283173,0.04159747337602582,0.580109278082677,1
2026-03-23,9984,1,0.5858583045923543,0.05422097756160116,0.696986149756584,1
2026-03-23,8001,1,0.5419081122277641,0.02909388577545502,0.6080702726045316,1
2026-03-23,6367,1,0.5011331951141114,0.028314642496285014,0.5807725197249985,1
2026-03-23,9432,1,0.47327986601660493,0.012415017455606803,0.3216378545347323,0
2026-03-23,8058,1,0.4817390042626469,0.08566648852931014,0.5419733956839407,1
2026-03-23,9433,1,0.47398507809245016,0.03205240891139005,0.3749018106255122,1
2026-03-24,9432,1,0.4693659210795821,0.02215090782815765,0.28718741073720166,1
2026-03-24,6098,0,0.5233235236254035,-7.070075974513479e-05,0.5654414732996321,0
2026-03-24,7011,0,0.5221907485791162,-0.04401157040926085,0.6188929866882336,0
2026-03-24,7203,0,0.5392777378449547,-0.01892951296482681,0.5705923571332276,0
2026-03-24,4063,1,0.5388415155002522,0.04183131159199438,0.6266639646421991,1
2026-03-24,6857,0,0.499326654180216,-0.08893838813859567,0.6149542063258769,0
2026-03-24,8001,0,0.5441195021128878,-0.016610810925173913,0.5686993462856427,0
2026-03-24,9433,1,0.4764561473733221,0.03234499402087998,0.36036521632267526,1
2026-03-24,6501,0,0.49626485334899045,-0.06658953480133001,0.5047309277431106,0
2026-03-24,5108,0,0.5371334614091551,-0.006386842009816984,0.5251101933908249,0
2026-03-24,6146,0,0.48971743713987487,-0.058142352227812055,0.5447495822126139,0
2026-03-24,8035,0,0.5774828246940165,-0.0396590247846863,0.6389515757689483,0
2026-03-24,6758,0,0.5100048125406762,-0.003233635695952808,0.5424226800889669,0
2026-03-24,6367,0,0.5278857999807947,-0.025593013316775992,0.5361324234557355,0
2026-03-24,9984,1,0.5963728695987502,0.008487798127909674,0.6793209738786247,0
2026-03-24,4502,1,0.46672031089649785,0.01760127503337716,0.5024421216328153,0
2026-03-24,8306,1,0.5286229472421062,0.004082857955312491,0.5842156502762191,0
2026-03-24,8411,0,0.5640298007751468,-0.0003285413238346413,0.6006984413542669,0
2026-03-24,8766,1,0.4740624375322112,0.08197814223688815,0.5510811962785191,1
2026-03-24,8058,0,0.4785520021893212,-0.010644739013095705,0.5376493378430645,0
2026-03-25,5108,1,0.5264798786887899,0.007480527768053635,0.5079265232135194,0
2026-03-25,6367,1,0.5048896886361672,0.005512357258904199,0.516272449130558,0
2026-03-25,8306,1,0.5141968938620751,0.05269695769037197,0.5457547095378839,1
2026-03-25,6146,0,0.5157882441589838,-0.057929700010274754,0.5393896114421173,0
2026-03-25,4063,1,0.49768922007095673,0.04252301362134059,0.5519005698769951,1
2026-03-25,7011,1,0.5069335342419595,0.012332046100032024,0.5417208038953383,0
2026-03-25,6098,1,0.48586947296657734,0.11576167698531092,0.5653905692220736,1
2026-03-25,8035,0,0.5841997330310242,-0.01765829090158122,0.5721911491345459,0
2026-03-25,9432,1,0.4765795429782518,0.00661820110724376,0.31750852177279115,0
2026-03-25,8766,0,0.4470105137062277,-0.03221438926463782,0.5095408424813016,0
2026-03-25,4502,1,0.4829406354048782,0.029309035453841004,0.5103694877909635,1
2026-03-25,8058,0,0.48372489754239245,-0.002356239865306975,0.544369559795511,0
2026-03-25,7203,1,0.5365253162342632,0.006680743422545987,0.5869228530800605,0
2026-03-25,8411,1,0.5345275867862498,0.041111628175297676,0.5543855587448866,1
2026-03-25,9433,0,0.4739293568562267,-0.012288096437191087,0.3821984202214954,0
2026-03-25,6857,0,0.48625752090766317,-0.03818031731199456,0.566428456614821,0
2026-03-25,8001,1,0.5579824796802638,0.006648085981674656,0.5475724909178005,0
2026-03-25,6501,0,0.5067385905723811,-0.024944116931817528,0.5322080290669086,0
2026-03-25,6758,1,0.5015919611537409,0.03649301444524067,0.5337438032344223,1
2026-03-25,9984,0,0.512757613622053,-0.010434843110214032,0.5109553556981667,0
2026-03-26,8001,0,0.5552583562757212,-0.0007379250638653856,0.5445785437911567,0
2026-03-26,8766,0,0.4459382163262639,-0.028281962940768013,0.5248189873910275,0
2026-03-26,8035,0,0.5760430915209654,-0.053157456718700424,0.5793983171859269,0
2026-03-26,6758,1,0.5142168381000898,0.038538841859815154,0.5514832090257487,1
2026-03-26,6367,0,0.5098125779875582,-0.038391538263734315,0.5388307402674032,0
2026-03-26,9984,0,0.4871772292089094,-0.05572205421678578,0.5269103790462788,0
2026-03-26,6146,0,0.521855658852459,-0.05272903737960999,0.5493725502522724,0
2026-03-26,9432,1,0.49277996689477893,0.0054220066808909895,0.36227104037211993,0
2026-03-26,7203,0,0.5287522442838868,-0.02285402946543169,0.5744860065553322,0
2026-03-26,9433,1,0.47906334087492597,0.015283207562661438,0.3687072868033006,0
2026-03-26,8411,1,0.5189378540942736,0.02039114464409808,0.5806793101599884,1
2026-03-26,6857,0,0.5635561429509172,-0.07886981345836264,0.6673083321412722,0
2026-03-26,5108,0,0.535895613563297,-0.001203727877948868,0.5098806131157592,0
2026-03-26,8058,0,0.4719006246388225,-0.036425679574498604,0.5524134506875011,0
2026-03-26,4502,1,0.47340275602033294,0.035172392427919696,0.49499301719331634,1
2026-03-26,6501,0,0.4973975143175158,-0.016128994137200037,0.5378228765235911,0
2026-03-26,4063,1,0.5243039515973148,0.028108425168135165,0.6018608560545922,1
2026-03-26,8306,1,0.516805817480558,0.04159886959633541,0.5146820115544581,1
2026-03-26,6098,1,0.5283326869928157,0.08380971501349799,0.5836505183445894,1
2026-03-26,7011,1,0.5048714907547291,0.04731072237428968,0.5729202083878049,1
2026-03-27,6857,0,0.545387762674599,-0.022005444646097994,0.6446851737608875,0
2026-03-27,8001,1,0.5623555556225146,0.0007351139426610143,0.5582335745130993,0
2026-03-27,8411,1,0.5067538311069595,0.02560849916752561,0.5598454947368693,1
2026-03-27,9433,1,0.4730620553987426,0.023108460678345155,0.39904617625645133,1
2026-03-27,7203,0,0.5171742492885968,-0.030673019654556266,0.5575285364136732,0
2026-03-27,8035,0,0.560558156176302,-0.012999023788727304,0.6236476929788627,0
2026-03-27,6758,1,0.5433970264772041,0.03988737681839516,0.5563336311836458,1
2026-03-27,6501,1,0.5041345519200948,0.02601834079761134,0.5326877955355157,1
2026-03-27,4063,1,0.516988707087635,0.05963528831936915,0.5687938371374059,1
2026-03-27,6146,0,0.5067514332280109,-0.0076185869335188006,0.5488265670367598,0
2026-03-27,9432,1,0.5103432949530696,0.009274044717863195,0.33733654713941985,0
2026-03-27,6367,1,0.4672233679814429,0.02622014537902384,0.5328712283772808,1
2026-03-27,9984,0,0.4956076416044055,-0.08412637990102778,0.5289455033575873,0
2026-03-27,8766,0,0.40996874663227423,-0.021017773873082346,0.5319541997775123,0
2026-03-27,8058,0,0.47177838465489763,-0.04065183108463288,0.5453327282392888,0
2026-03-27,8306,1,0.505080995922542,0.0365990990990992,0.553288775352405,1
2026-03-27,7011,1,0.511541857856247,0.05236634531113049,0.5933179532262967,1
2026-03-27,6098,1,0.5283856073262154,0.066933066933067,0.578240091467053,1
2026-03-27,4502,1,0.4782507204774981,0.010801393728222974,0.5121264014976714,0
2026-03-27,5108,1,0.5378439646651302,0.003307265878256249,0.5123875045681151,0
2026-03-30,8306,1,0.5381538171533373,0.06524227394124371,0.568374381064231,1
2026-03-30,7203,1,0.5268513877591607,0.007133995037220897,0.5986875426617436,0
2026-03-30,8766,1,0.43618295279625935,0.005503577325261411,0.562586413515835,0
2026-03-30,9433,1,0.4713552123496838,0.02011812476928765,0.40453846438627195,1
2026-03-30,8001,1,0.5433963913620945,0.012280701754386003,0.5797874790750078,0
2026-03-30,9984,0,0.5408911574811639,-0.011917659804983716,0.6056498339847256,0
2026-03-30,6758,1,0.5202955136162153,0.03262233375156831,0.5556115706564028,1
2026-03-30,8035,0,0.5350324348892941,-0.012100926879505702,0.5881688359915456,0
2026-03-30,8411,1,0.52200682112621,0.055419722901385526,0.5961478011577758,1
2026-03-30,6146,1,0.4985158851789664,0.04249027237354075,0.5220714886247894,1
2026-03-30,6367,1,0.49600119200875364,0.026336581511719803,0.5207394414652967,1
2026-03-30,6501,1,0.4788553827704694,0.041032428855062975,0.5676557826451356,1
2026-03-30,4063,1,0.495934241210604,0.04921988097152963,0.5647704576769196,1
2026-03-30,7011,1,0.49835948979405126,0.07175192394748753,0.5932115054450846,1
2026-03-30,6098,1,0.5252074661498162,0.09879670677644081,0.6036454190686887,1
2026-03-30,4502,1,0.47544298091596326,0.0071766147383161005,0.5155665936885432,0
2026-03-30,5108,1,0.529209085197831,0.010696789027049736,0.5269030454505638,0
2026-03-30,8058,0,0.472601167272711,-0.046569059798906354,0.5420628659909612,0
2026-03-30,9432,1,0.47689395993704475,0.00511838154918598,0.34835184650920314,0
2026-03-30,6857,1,0.5097415973886835,0.048028673835125435,0.6442351110393718,1
2026-03-31,8001,1,0.5453599966738574,0.035452013167890595,0.5790877902886297,1
2026-03-31,8766,0,0.4115845660330144,-0.004241926655719763,0.5600150593675339,0
2026-03-31,6146,1,0.4043605309393769,0.02645329849771394,0.48277028872762406,1
2026-03-31,9984,1,0.5467045280633609,0.002812939521800173,0.6331790499823835,0
2026-03-31,9432,0,0.4849267537245385,-0.011450401314896053,0.3807570839861863,0
2026-03-31,8058,1,0.5193189052903068,0.020312206131277044,0.5586806959494103,1
2026-03-31,4063,1,0.48084795581499795,0.050327528359162876,0.5507694037091804,1
2026-03-31,5108,1,0.5287178951036678,0.025099479342328035,0.5215677446181475,1
2026-03-31,4502,1,0.46292738404026684,0.023658192090395547,0.5100037726381473,1
2026-03-31,6098,1,0.5357142754042854,0.06910818265399943,0.5675124942900688,1
2026-03-31,6857,1,0.5173203468420928,0.09198229217904585,0.6481179175964662,1
2026-03-31,7011,1,0.5372374179639995,0.13284394979872127,0.6067673237361592,1
2026-03-31,8411,1,0.5251463543877484,0.07425661245276816,0.6000687682128993,1
2026-03-31,6367,1,0.5065413688745869,0.05512443136205514,0.5667618216323759,1
2026-03-31,8035,1,0.4819486288695529,0.032500671501477285,0.5510429953331712,1
2026-03-31,6758,1,0.5227256385991751,0.03178560299158617,0.5481216873889155,1
2026-03-31,7203,1,0.5738178045692839,0.028462998102466885,0.6323593212260494,1
2026-03-31,9433,0,0.46680322509609345,-0.007710666421883561,0.4056491710382296,0
2026-03-31,8306,1,0.5190574560689614,0.08115384615384613,0.5454494249422227,1
2026-03-31,6501,1,0.4834479912464227,0.06720430107526876,0.5430336644343192,1
2026-04-01,9984,1,0.4792350177933835,0.015409139213602652,0.5379243849545176,0
2026-04-01,8035,1,0.5648693598134465,0.07968431771894102,0.5764991236792929,1
2026-04-01,5108,1,0.5040486699909554,0.029700013636146272,0.49118282372595673,1
2026-04-01,8411,1,0.5290830067199467,0.05099107277954307,0.5360389367046722,1
2026-04-01,8306,1,0.5064485711486537,0.027421652421652398,0.526001190716623,1
2026-04-01,4063,0,0.5156081103705918,-0.005380476556494984,0.5500602099238477,0
2026-04-01,6857,1,0.4611091663037109,0.12088888888888882,0.5333374031892725,1
2026-04-01,9432,0,0.4880337996649588,-0.0038485623362175536,0.3193448707274458,0
2026-04-01,7011,1,0.5080025715324208,0.056644880174292034,0.5509671732792568,1
2026-04-01,6367,1,0.5243170255939986,0.034018786494034,0.5782931134366395,1
2026-04-01,6758,1,0.5289593453555554,0.004744958481613271,0.5226281838823738,0
2026-04-01,6501,1,0.49567615003925547,0.03867286559594252,0.5400211673564947,1
2026-04-01,7203,1,0.5277269503809723,0.02204771972213826,0.5568166456815284,1
2026-04-01,9433,1,0.4735168849695861,0.029624003038359215,0.39889481545100786,1
2026-04-01,6098,1,0.5282176667835735,0.02631210636808956,0.5138325410344261,1
2026-04-01,6146,1,0.46526217327967306,0.05920226130653261,0.5132707038985669,1
2026-04-01,8766,0,0.5335161202026778,-0.01602136181575431,0.5854964665848753,0
2026-04-01,8001,1,0.5315894033832438,0.013285024154589431,0.549609739974774,0
2026-04-01,8058,0,0.4864495011010987,-0.00983606557377048,0.5724129047755736,0
2026-04-01,4502,0,0.5080990409614866,-0.016813858695652217,0.5541881281919128,0
2026-04-02,6098,1,0.5320033568196461,0.03712799768852926,0.5590703739491635,1
2026-04-02,6857,1,0.4161980160216903,0.17396449704142003,0.5656757074161719,1
2026-04-02,6367,1,0.5120179689680331,0.03760552570990017,0.5285820414168257,1
2026-04-02,7011,1,0.48137972526307643,0.014858841010401136,0.5379037884289453,0
2026-04-02,4502,0,0.4929720403410677,-0.011714770797962681,0.5261561806230101,0
2026-04-02,4063,1,0.4791379754926952,0.01466001247660631,0.5536924116091179,0
2026-04-02,6501,1,0.5003934134535712,0.035935828877005305,0.5248066911109013,1
2026-04-02,8058,1,0.5128066864413786,0.0029646099685010086,0.5550846212163466,0
2026-04-02,5108,1,0.5235785534763586,0.03555284311359452,0.4684939031298657,1
2026-04-02,8306,1,0.4848999668680325,0.029891304347826164,0.5305306018348345,1
2026-04-02,8411,1,0.5189497229925626,0.04763387297633881,0.5659883222376053,1
2026-04-02,8035,1,0.5572930883381602,0.10967911625460292,0.6295710654680123,1
2026-04-02,8001,1,0.5320822464193027,0.0188864361049792,0.5428116454577556,0
2026-04-02,9984,1,0.5656979463394985,0.0474472807991122,0.6178193599245623,1
2026-04-02,6758,1,0.5214483224912119,0.013817963352358076,0.5173178854591426,0
2026-04-02,8766,0,0.4884885402233006,-0.0016524373450840235,0.5737487486277961,0
2026-04-02,7203,1,0.5234914783309633,0.021152667075413856,0.531393659578354,1
2026-04-02,9433,0,0.48842642991985824,-0.00092216894135011,0.46644572805580575,0
2026-04-02,6146,1,0.4552501178457344,0.01620261129463585,0.5320604357304819,0
2026-04-02,9432,0,0.4708868735055369,-0.015286585327925928,0.31099436949944875,0
2026-04-03,6367,1,0.5083095791008235,0.04401720212496829,0.5469048244480765,1
2026-04-03,8411,1,0.5304918131539617,0.04916512059369205,0.5814117421104559,1
2026-04-03,8058,0,0.5169060165327357,-0.030684931506849367,0.5456371117090419,0
2026-04-03,9984,1,0.5458951700448965,0.04682737600443332,0.6162071190621774,1
2026-04-03,4502,0,0.48453452937374897,-0.01206480523957254,0.5082489512695192,0
2026-04-03,8766,0,0.44231255096543276,-0.02043352202126192,0.5297226625799621,0
2026-04-03,9432,0,0.4773332091988965,-0.02978451747368227,0.4374761729764759,0
2026-04-03,6098,1,0.525325645428368,0.025208873523480335,0.5602791229739914,1
2026-04-03,9433,0,0.48284635274449045,-0.059380692167577465,0.4396888687527697,0
2026-04-03,7011,0,0.5037975756634172,-0.012075785967103903,0.5381953132501964,0
2026-04-03,8306,1,0.49962579550530406,0.0291508238276299,0.5189732866964607,1
2026-04-03,7203,1,0.532711643411525,0.019662058371735736,0.5284117465677106,0
2026-04-03,6501,0,0.5168682535590078,-0.0002078569943878561,0.5174073088519847,0
2026-04-03,6758,1,0.526640580571726,0.00030084235860416975,0.5028766374666035,0
2026-04-03,5108,1,0.4901953848987994,0.030866027580310318,0.4517432595084984,1
2026-04-03,8035,1,0.5361385870242202,0.14627798021863603,0.5894332449894576,1
2026-04-03,8001,0,0.5355473572018452,-0.007835455435847183,0.5320097461026252,0
2026-04-03,6146,1,0.5229449064774621,0.01888804265041899,0.5331813653224579,0
2026-04-03,6857,1,0.4924005676446868,0.1593597773138482,0.5691061330963468,1
2026-04-03,4063,1,0.4858314879905612,0.016434108527131785,0.5470232825984621,0
2026-04-06,8306,1,0.4845900479853874,0.024355300859598916,0.5262318722116779,1
2026-04-06,6367,1,0.5084212171155903,0.03849114703618173,0.5531441661581259,1
2026-04-06,8766,0,0.43298971204334613,-0.04214559386973182,0.5357422429785059,0
2026-04-06,6758,0,0.5157935805677306,-0.012454434993924623,0.5129175821817887,0
2026-04-06,6098,1,0.527961119918598,0.008069164265129602,0.5641680148580817,0
2026-04-06,9984,1,0.485211218074002,0.0317982456140351,0.5532515014741285,1
2026-04-06,7011,1,0.5190728207777995,0.005491024287222812,0.5633146295361444,0
2026-04-06,7203,1,0.5305450765798595,0.02217431475207876,0.5321835156188698,1
2026-04-06,9433,0,0.4864984023037546,-0.051926904288040476,0.4624297146200745,0
2026-04-06,8001,0,0.5363707389447934,-0.007922753156721973,0.5427952847731039,0
2026-04-06,8058,0,0.5076330518655536,-0.02405180388529138,0.5655466934251778,0
2026-04-06,8411,1,0.5366970441981019,0.04015444015444025,0.5834318152034178,1
2026-04-06,6146,1,0.5281187253648704,0.005822633621976658,0.5559563773730087,0
2026-04-06,9432,0,0.4684165719956799,-0.028644174571418435,0.31451744496654754,0
2026-04-06,4502,0,0.47271889487305896,-0.020507473062217563,0.5146399187369316,0
2026-04-06,6857,1,0.5177839342533679,0.1345189238486093,0.5438270138431319,1
2026-04-06,8035,1,0.5476013387795367,0.10659369298931454,0.5906851929969777,1
2026-04-06,6501,1,0.4996651305448311,0.027336300063572683,0.5409061427210697,1
2026-04-06,4063,1,0.4889590425544588,0.021309213552046513,0.5540984605615112,1
2026-04-06,5108,1,0.5089296251176522,0.022679172381047996,0.45645332179898207,1
2026-04-07,6758,0,0.5032543844029251,-0.009362730292962862,0.4900287339071902,0
2026-04-07,6367,1,0.4982602391818454,0.03931016992137959,0.532256669381831,1
2026-04-07,8766,0,0.42358444492687297,-0.04974577435756489,0.5274115246676462,0
2026-04-07,8058,0,0.46583618626193196,-0.042764976958525325,0.5304056826310289,0
2026-04-07,4502,0,0.47849119591738415,-0.03345981372887208,0.5157538702824536,0
2026-04-07,8035,1,0.5540656828962577,0.13683662851196665,0.5848795061023261,1
2026-04-07,6501,1,0.5076775891268817,0.04051217464315693,0.5239716188033173,1
2026-04-07,7011,0,0.5004686961039976,-0.007316053511705722,0.5403618552048619,0
2026-04-07,4063,1,0.4772847172260658,0.01840584119257671,0.536070859727846,0
2026-04-07,9984,1,0.5097301029941727,0.1899018232819074,0.554429783564675,1
2026-04-07,5108,1,0.506657809588889,0.01672143270142823,0.4658770338828444,0
2026-04-07,8306,1,0.479783951934611,0.01387406616862319,0.5211495201265658,0
2026-04-07,6857,1,0.511883464054152,0.21621621621621623,0.520986449099221,1
2026-04-07,9432,0,0.527422470795488,-0.02123544351724327,0.4159323720136509,0
2026-04-07,6146,1,0.5008009341114597,0.1395163856188355,0.5600416170484169,1
2026-04-07,8411,1,0.5185194881434246,0.03838507417036241,0.5676095020637082,1
2026-04-07,6098,1,0.508624766521248,0.007596388132435239,0.5568549170644225,0
2026-04-07,8001,0,0.5319767132633099,-0.029102470041574957,0.5341311220813408,0
2026-04-07,9433,0,0.5063097351460302,-0.03533765032377423,0.4866200870258438,0
2026-04-07,7203,1,0.539635344155981,0.022755227552275548,0.5402714085773346,1
2026-04-08,6367,0,0.5156240779815392,-0.0056469432850478896,0.5316986432252498,0
2026-04-08,8411,1,0.48576726854819613,0.0012957097610135637,0.5707423225570992,0
2026-04-08,6758,0,0.5186976223718179,-0.01416765053128688,0.50786120990314,0
2026-04-08,6501,1,0.5353786794061739,0.06205493387589023,0.5436375013404077,1
2026-04-08,9432,0,0.5152982644173085,-0.00837091452808636,0.3954452779065991,0
2026-04-08,9984,1,0.4848950560413617,0.16274201988487702,0.5191495110403003,1
2026-04-08,8306,1,0.478875957225305,0.009878682842287656,0.5333952258473746,0
2026-04-08,8001,0,0.5309858865861872,-0.049106078665077435,0.530607375273796,0
2026-04-08,8766,0,0.42007154817839687,-0.07245590230664856,0.5150927350477454,0
2026-04-08,8035,1,0.4366171553774373,0.025701485498703214,0.5233271337228476,1
2026-04-08,9433,0,0.4956936500880236,-0.0284028033935817,0.48621284488648714,0
2026-04-08,6098,0,0.5409226953749428,-0.023182871948724926,0.5625441528978061,0
2026-04-08,8058,0,0.4903815642215231,-0.08222958057395147,0.5411934955829707,0
2026-04-08,5108,0,0.5403712238341666,-0.014421646816628386,0.507535673931297,0
2026-04-08,7011,0,0.48151749240867914,-0.05958762886597935,0.5312738538108986,0
2026-04-08,6857,1,0.3975877799285015,0.09377478191911193,0.4812922114280571,1
2026-04-08,4502,0,0.46837612715851096,-0.023320089825531132,0.5066857523783873,0
2026-04-08,6146,1,0.5131262943066818,0.04640474425500374,0.5785613004650088,1
2026-04-08,4063,1,0.5736290492097047,0.052395672333848564,0.5562808559021053,1
2026-04-08,7203,0,0.5264613493017711,-0.0008865248226950229,0.5366995917796541,0
2026-04-09,9432,0,0.4890741799019239,-0.010349327557233834,0.3753596599112924,0
2026-04-09,8035,1,0.48656189975502295,0.08603934581654427,0.5341928791405391,1
2026-04-09,4063,1,0.48643811380377533,0.062096526283430764,0.5475837310209999,1
2026-04-09,8411,1,0.4987348201975054,0.021099554234769613,0.5750711475213393,1
2026-04-09,5108,0,0.525232212444633,-0.007564713722390648,0.48997344061350956,0
2026-04-09,8001,0,0.5220562419936468,-0.03153586904188732,0.5278732221472344,0
2026-04-09,9433,0,0.49279717753541946,-0.030090455971940155,0.4605670977317231,0
2026-04-09,8306,1,0.4757722607895143,0.036587510993843386,0.534722935915325,1
2026-04-09,9984,1,0.4986331885064154,0.23761589403973504,0.5259794662380674,1
2026-04-09,6146,1,0.4989349616665749,0.1304953560371518,0.5717156748365674,1
2026-04-09,6857,1,0.44149480528614976,0.154233870967742,0.5073951268867757,1
2026-04-09,6098,1,0.5148288259847441,0.013372335979941585,0.5750103936041299,0
2026-04-09,8766,0,0.4253132205498869,-0.03834482758620694,0.5539355077104735,0
2026-04-09,7203,1,0.5264873508644156,0.018312818973281297,0.526248662909239,0
2026-04-09,6501,1,0.5258416410992466,0.07784431137724557,0.5476342511212395,1
2026-04-09,7011,0,0.48090487647280317,-0.04392386530014636,0.5347339543384229,0
2026-04-09,8058,0,0.483163141874996,-0.06041012377609456,0.5460043354609624,0
2026-04-09,6367,1,0.4912343810259253,0.0892504930966469,0.5284145647167451,1
2026-04-09,4502,0,0.4798061345822507,-0.030063562961690438,0.515315850374923,0
2026-04-09,6758,1,0.5122385565423818,0.009481481481481424,0.4877367092247188,0
2026-04-10,9984,1,0.5003832540380496,0.1982530439385919,0.5311692284420574,1
2026-04-10,6758,1,0.5139602222520763,0.021052631578947434,0.5083256710713656,1
2026-04-10,8306,1,0.47544188140105476,0.009852216748768461,0.5215003765877173,0
2026-04-10,7203,1,0.5254968545657195,0.00723109370292252,0.5259155707357824,0
2026-04-10,6098,1,0.49667042927583177,0.057187017001545604,0.5629347812935598,1
2026-04-10,9433,1,0.49886139306581323,0.0032920216886134224,0.5536990099320112,0
2026-04-10,8035,0,0.34002962425546707,-0.0006811989100817817,0.4745427364999429,0
2026-04-10,7011,0,0.487235351776759,-0.07881981032665963,0.5266575274257296,0
2026-04-10,9432,1,0.5006412993197273,0.005878470676714764,0.3558341160254287,0
2026-04-10,5108,0,0.5244395037335764,-0.02034884770680312,0.5083942877342501,0
2026-04-10,6501,1,0.5180045864935031,0.07214137214137217,0.5251980331494513,1
2026-04-10,8766,0,0.4423050245540682,-0.02283298097251585,0.5486703623553292,0
2026-04-10,6857,1,0.42185852385218015,0.11524609843937572,0.5157981243024256,1
2026-04-10,8001,0,0.5376696578375589,-0.02764067127344516,0.5403129783726434,0
2026-04-10,8411,0,0.49348545579580094,-0.0026525198938992522,0.5539614769496789,0
2026-04-10,4502,0,0.4882150322900209,-0.025471039776692295,0.5325052746710025,0
2026-04-10,8058,0,0.5154167110478931,-0.06689278311663838,0.572144585346311,0
2026-04-10,6367,1,0.49020440948396043,0.032953719408771454,0.5142505301901914,1
2026-04-10,6146,1,0.5194965245525328,0.08984900583046795,0.5635166054517087,1
2026-04-10,4063,1,0.4951456874402994,0.05353874313605855,0.5455886002997825,1
2026-04-13,6098,1,0.4928030103989158,0.08990851915380227,0.5569967673132452,1
2026-04-13,9984,1,0.46410810300267996,0.26833156216790655,0.4908609259420075,1
2026-04-13,6758,1,0.49033877701659523,0.04091048908028294,0.4963376337903019,1
2026-04-13,8058,0,0.4881182578692641,-0.06919431279620858,0.5488427149712268,0
2026-04-13,7011,0,0.48625259069323645,-0.0535601764335224,0.5291051847207862,0
2026-04-13,7203,1,0.5329565901940136,0.02139198553781263,0.5250245834381985,1
2026-04-13,8035,1,0.46015230788981454,0.04215732454074428,0.5361084961107211,1
2026-04-13,4502,0,0.48422894700821784,-0.010823278921220703,0.5241163985862973,0
2026-04-13,8001,0,0.5366298242841622,-0.013975542800099827,0.5275103493749461,0
2026-04-13,6146,1,0.4916971047891837,0.082826183761318,0.5656160475766893,1
2026-04-13,9433,1,0.5210815208070068,0.0024809160305343525,0.5456932670547399,0
2026-04-13,5108,1,0.5243195091786366,0.0112359946758116,0.501071362454997,0
2026-04-13,8306,1,0.46760891023546747,0.0036713286713285775,0.5184955250076395,0
2026-04-13,6857,1,0.41687170083430186,0.08922829581993574,0.5025205791349432,1
2026-04-13,8766,1,0.5117443236894214,0.02499999999999991,0.5579294506278482,1
2026-04-13,8411,1,0.489911097425212,0.005939123979213035,0.5676824507838891,0
2026-04-13,4063,1,0.49062822613511037,0.016661663164214913,0.5422593111004609,0
2026-04-13,6367,1,0.4934990988416858,0.09908574252532731,0.5244753969358523,1
2026-04-13,6501,1,0.5231300609493286,0.06291254125412538,0.5487077976227529,1
2026-04-13,9432,1,0.49968594895504637,0.00589773172010144,0.3288207501314909,0
2026-04-14,6367,1,0.495713685506879,0.05563689604685207,0.5223082784318204,1
2026-04-14,6098,1,0.4826517499780597,0.11706970128022753,0.5427685091490493,1
2026-04-14,9433,1,0.5255167942658783,0.010164940544687306,0.5088214811231205,0
2026-04-14,8035,1,0.38244163575884893,0.047597254004576595,0.5354677213019297,1
2026-04-14,9432,1,0.51130336182443,0.001314904274928752,0.3764459770152097,0
2026-04-14,8001,0,0.537916904289375,-0.010831234256927003,0.5402483218374392,0
2026-04-14,6501,1,0.5182462020020334,0.046802501513011796,0.5496518809650578,1
2026-04-14,8306,0,0.4619080293051812,-0.006842105263157872,0.5225119247538047,0
2026-04-14,9984,1,0.457834146674291,0.2213578500707214,0.517946841723676,1
2026-04-14,8411,0,0.4804461324156363,-0.021060382916053055,0.5578177912756739,0
2026-04-14,8766,1,0.4878288498283074,0.035285610990600125,0.5452204698404765,1
2026-04-14,6758,1,0.5078515856534782,0.020121951219512102,0.49218719710393244,1
2026-04-14,6146,1,0.4652854368634744,0.036437246963562764,0.5547477986908094,1
2026-04-14,6857,1,0.27614499495609746,0.007407407407407307,0.4640938013419145,0
2026-04-14,7011,0,0.4857735567428246,-0.04779953674457782,0.5287028349712382,0
2026-04-14,4502,0,0.5173459955534885,-0.020699500356887945,0.5506748016904185,0
2026-04-14,8058,0,0.5203625368048873,-0.06720585403427692,0.5699956105770904,0
2026-04-14,7203,0,0.5301999115687314,-0.013830426939266394,0.525127724972947,0
2026-04-14,5108,1,0.513635310420044,0.007048436549514481,0.4735247914127258,0
2026-04-14,4063,1,0.48040759215095524,0.005675877520537664,0.5384113661391801,0
2026-04-15,8306,0,0.48398186856401454,-0.041015960185344036,0.5285852373607717,0
2026-04-15,5108,0,0.4994558069474556,-0.010535598042297312,0.4765790251554431,0
2026-04-15,6857,1,0.311971427916028,0.011419249592169667,0.4903118021480683,0
2026-04-15,8001,0,0.5484763025488147,-0.028578591125595354,0.5750208734577862,0
2026-04-15,7011,0,0.4910906554189861,-0.01162025871519401,0.5732085542433774,0
2026-04-15,6758,1,0.5165592629047158,0.0008982035928144505,0.49639357926886696,0
2026-04-15,8035,1,0.41330975674642184,0.04597701149425282,0.5385964077764867,1
2026-04-15,4063,0,0.49337290019524105,-0.024526362167719196,0.5581176246684126,0
2026-04-15,9432,0,0.4867892525200873,-0.016233766233766267,0.36439031440906267,0
2026-04-15,7203,0,0.5215271652633616,-0.056196391600118356,0.5257697377400293,0
2026-04-15,6146,1,0.47489044783968065,0.0602153584584868,0.5637626763232882,1
2026-04-15,8411,0,0.49279829040474554,-0.04917325664989214,0.5594037421887093,0
2026-04-15,6501,0,0.49687319551646303,-0.03563218390804601,0.5283676915933174,0
2026-04-15,4502,0,0.4793264053759749,-0.05942695436858858,0.5203548070082116,0
2026-04-15,6367,1,0.47907768547503254,0.048641975308642005,0.5189360449374049,1
2026-04-15,9984,1,0.41245135676474987,0.26462646264626466,0.4896518171449599,1
2026-04-15,9433,0,0.524761379696134,-0.007972665148063829,0.5024662074788517,0
2026-04-15,8058,0,0.5344348439370363,-0.048707155742633845,0.5812751029735743,0
2026-04-15,6098,1,0.4666281302792961,0.1102889850621247,0.5537251891827718,1
2026-04-15,8766,1,0.4969189448796951,0.0558806319485079,0.590206184761784,1
2026-04-16,7203,0,0.5220307249731369,-0.07930424528301883,0.5283090172525816,0
2026-04-16,6146,0,0.4320344957913684,-0.014103792961796535,0.5584233122724279,0
2026-04-16,8001,0,0.5409671190986858,-0.04026845637583898,0.5397602457874386,0
2026-04-16,9432,0,0.5089724325636305,-0.010457556232128296,0.32549575159016036,0
2026-04-16,8058,0,0.5298389275875443,-0.05780574125049154,0.5999441429679916,0
2026-04-16,6758,0,0.5104433264572853,-0.04226592309950106,0.5033012923636446,0
2026-04-16,5108,0,0.5224252101795057,-0.028730635325850518,0.4784259017533892,0
2026-04-16,9984,1,0.4045516221111618,0.24935787671232879,0.5006028819477478,1
2026-04-16,8306,0,0.4733303998894568,-0.06601052095706772,0.524575805601474,0
2026-04-16,4502,0,0.49569132521161974,-0.055791710945802375,0.5163970356769031,0
2026-04-16,8411,0,0.4865989267772369,-0.05675203725261935,0.5663102001642057,0
2026-04-16,9433,0,0.5145974341668386,-0.010087552341073502,0.4867476186553182,0
2026-04-16,6857,0,0.3003108640026518,-0.02532751091703056,0.4671637746842971,0
2026-04-16,4063,0,0.504665427164279,-0.03560057887120116,0.5460743106450084,0
2026-04-16,6367,0,0.5044481535539672,-0.045269352648257155,0.5533859830156725,0
2026-04-16,7011,1,0.5097485007053183,0.040035003281557735,0.594203227589197,1
2026-04-16,6501,0,0.49333798511111615,-0.0032567049808429616,0.5301028784769539,0
2026-04-16,6098,1,0.4857269934901184,0.03931271477663234,0.5640272354422765,1
2026-04-16,8766,1,0.46892553896744715,0.014343086632243152,0.5585552648671396,0
2026-04-16,8035,0,0.34534248521829747,-0.007420340462680031,0.5017954550744099,0
2026-04-17,9984,1,0.42486961126397266,0.31720786392754574,0.5117053690690054,1
2026-04-17,8306,0,0.4793712841836815,-0.03989547038327523,0.5337123593618612,0
2026-04-17,4063,0,0.45796710799584645,-0.020124511365281594,0.5258414991523517,0
2026-04-17,6501,1,0.4999090348433848,0.013961605584642323,0.5509618872236911,0
2026-04-17,6857,1,0.3260591078085654,0.056332974524578416,0.48495716632296587,1
2026-04-17,9433,0,0.5092736609746772,-0.009843659525188175,0.5027850429362647,0
2026-04-17,6758,0,0.5004519456990819,-0.055081001472754076,0.4883187357474455,0
2026-04-17,8411,0,0.4840321297137839,-0.050384160756501206,0.5568149798847368,0
2026-04-17,6367,1,0.4934193637146763,0.011728829462819501,0.545291661959527,0
2026-04-17,8001,0,0.5488666315118848,-0.015228426395939132,0.5561252960163776,0
2026-04-17,5108,0,0.5068064693210189,-0.02522254941301394,0.4690300401671856,0
2026-04-17,7203,0,0.5256760479393565,-0.0825605743344302,0.5308707303001745,0
2026-04-17,8058,0,0.5244912802823752,-0.00040387722132473325,0.582559975824138,0
2026-04-17,6146,0,0.43370037644918,-0.016460905349794275,0.5566791219941497,0
2026-04-17,4502,0,0.49043168040416946,-0.044933762978875746,0.5127110960896876,0
2026-04-17,9432,0,0.4705731992253408,-0.016233766233766267,0.2723567400433582,0
2026-04-17,8035,1,0.44692117176047547,0.04180867984548975,0.5172639715807896,1
2026-04-17,8766,1,0.4306422637541032,0.035049762007788754,0.5319594950999719,1
2026-04-17,7011,1,0.49398543356270663,0.08396247998169759,0.5774580354476865,1
2026-04-17,6098,0,0.5063523093495529,-0.028708133971291905,0.5540231193072824,0
2026-04-20,7011,1,0.4913414164897195,0.04061251664447396,0.5626897165798409,1
2026-04-20,4063,1,0.44809215750803405,0.025985530783995348,0.475680815915518,1
2026-04-20,9984,1,0.3994197105040691,0.22413070800167567,0.478386031057696,1
2026-04-20,9433,0,0.520872394855278,-0.041309727774604954,0.48882319626253756,0
2026-04-20,4502,0,0.4831429197539502,-0.0640358744394619,0.5021334335534098,0
2026-04-20,8001,0,0.5502803861405433,-0.02505694760820043,0.5197749017726555,0
2026-04-20,5108,0,0.5034178559271165,-0.03479536076385514,0.4664693932056984,0
2026-04-20,8411,0,0.47824381197075216,-0.02612546125461257,0.5363901761754822,0
2026-04-20,9432,0,0.5150588516283123,-0.014983733236207275,0.37833526957227726,0
2026-04-20,8035,1,0.4611802069909815,0.06440677966101704,0.5326064368584329,1
2026-04-20,6367,0,0.5318667685042182,-0.034397482014388525,0.583104013319607,0
2026-04-20,8766,0,0.4304479709148476,-0.0015331010452961369,0.5374573925743255,0
2026-04-20,8058,0,0.5178770958217204,-0.020366598778004064,0.5698778002227135,0
2026-04-20,6857,1,0.3348695748951871,0.16236162361623618,0.48397362227266383,1
2026-04-20,6758,0,0.4875440187972043,-0.05791962174940901,0.47849446657049616,0
2026-04-20,7203,0,0.5164908597454029,-0.09528023598820057,0.5153389908409396,0
2026-04-20,6146,1,0.38453695070023036,0.042220699108978854,0.5311935460078644,1
2026-04-20,8306,0,0.47442346885717485,-0.02874063751959588,0.512892891854443,0
2026-04-20,6098,0,0.4853611523405052,-0.042360655737704866,0.5527609871951982,0
2026-04-20,6501,1,0.4917761460725911,0.039394527459732265,0.5363467080725899,1
2026-04-21,9432,0,0.5201276767550576,-0.007879165621778594,0.3725898239361639,0
2026-04-21,5108,0,0.5069904763553279,-0.03120441027587262,0.4721614211127516,0
2026-04-21,8411,1,0.478171350261914,0.04347826086956519,0.5534667808344839,1
2026-04-21,6098,0,0.5063172568008505,-0.049535209474086295,0.5564040638938801,0
2026-04-21,8035,0,0.43298142469645323,-0.013761467889908285,0.5560852140808433,0
2026-04-21,8001,0,0.5447510447525593,-0.00254647313470846,0.5118597593929758,0
2026-04-21,7203,0,0.47048390916205535,-0.051219512195122,0.5117256898767754,0
2026-04-21,6857,1,0.3462870589932532,0.09375,0.4947881868383816,1
2026-04-21,8058,1,0.5387127866273503,0.014244426094137008,0.6036274449611,0
2026-04-21,6501,0,0.4842178274641774,-0.02736558103680864,0.5381425946374885,0
2026-04-21,9984,1,0.41537499504741215,0.016792125072379926,0.46788064481809344,0
2026-04-21,4063,1,0.44458177651671726,0.05168572701618901,0.48090965296859234,1
2026-04-21,8306,1,0.4538418405771845,0.015721603956898145,0.5162922749880129,0
2026-04-21,4502,0,0.5279504551359729,-0.03626093294460642,0.5252036695697763,0
2026-04-21,9433,0,0.5194554365799998,-0.020505031327131218,0.4843929042067288,0
2026-04-21,6146,1,0.41718507485260214,0.02963362068965525,0.5398080701656304,1
2026-04-21,6758,0,0.48399665205538794,-0.03347280334728031,0.4952163197661555,0
2026-04-21,7011,1,0.4910897026156054,0.06081379920389218,0.5559156164090944,1
2026-04-21,8766,1,0.4862688899332919,0.011035060762676352,0.5593200130950542,0
2026-04-21,6367,1,0.49275494306239903,0.010864539990753652,0.5371667812785275,0
2026-04-22,6146,0,0.3915120909579263,-0.0109581718562074,0.5346077461416755,0
2026-04-22,8035,0,0.44421415399814085,-0.024395604395604398,0.5406381209770508,0
2026-04-22,5108,0,0.5129511045035136,-0.03430934603983993,0.4756185300887023,0
2026-04-22,8001,1,0.549254971161067,0.0002580645161289752,0.5328147229475437,0
2026-04-22,9432,1,0.5443758160492473,0.0066006600660066805,0.37044594908221307,0
2026-04-22,8058,1,0.5461522267630093,0.05141171512852938,0.5929269882323701,1
2026-04-22,4502,0,0.510356593538708,-0.009025949605114714,0.5418794503750234,0
2026-04-22,8411,1,0.5350061139480293,0.016482685619234827,0.6275985436901798,0
2026-04-22,9433,0,0.5231770944658417,-0.011672407194795231,0.5055031984800964,0
2026-04-22,8306,1,0.4844031558909257,0.008231925554760267,0.5182497924678245,0
2026-04-22,6501,0,0.4954074675591584,-0.030194676201827586,0.5453354327787031,0
2026-04-22,7011,1,0.4944731941478913,0.023735581188997434,0.5355920497537668,1
2026-04-22,7203,0,0.51192731231852,-0.05264807270448135,0.5379333867883039,0
2026-04-22,6367,1,0.4937086903281782,0.034377207440546176,0.5364537483680721,1
2026-04-22,6098,0,0.47501637310538114,-0.08173016471771655,0.5458592930496361,0
2026-04-22,6758,0,0.4969879363853696,-0.0688004786120251,0.47351298560161126,0
2026-04-22,9984,0,0.4539435224319675,-0.07135231316725976,0.4795846411449287,0
2026-04-22,6857,1,0.38559947372453035,0.012903225806451646,0.5072975346893154,0
2026-04-22,4063,1,0.48256702116908945,0.09093646492020468,0.5064613598977061,1
2026-04-22,8766,0,0.46585789567150493,-0.0022166805209199447,0.5053904985541697,0
2026-04-23,6758,0,0.49376434514978984,-0.04167943610174685,0.5097168686975683,0
2026-04-23,6146,1,0.40263211763763795,0.003472222222222321,0.5004056260461723,0
2026-04-23,8035,1,0.43412004729036224,0.043315743183817146,0.5132217151461,1
2026-04-23,4063,1,0.4843574821459354,0.06602641056422565,0.521539885063592,1
2026-04-23,7011,0,0.4816540984716635,-0.03533866217921755,0.5415136796117151,0
2026-04-23,8766,1,0.4578734879168013,0.002969457013574761,0.5094820436909784,0
2026-04-23,8058,1,0.5398418045393778,0.08910684474123531,0.5961992046242068,1
2026-04-23,9433,0,0.5349017856019793,-0.020188425302826385,0.5147611753955482,0
2026-04-23,6857,0,0.3840026885113392,-0.0030465949820788207,0.4796713882249864,0
2026-04-23,7203,0,0.4969265471914157,-0.03938520653218058,0.5450545517275471,0
2026-04-23,9432,1,0.5455836546253218,0.003963052362643271,0.3725718934992467,0
2026-04-23,4502,0,0.5140972037651901,-0.017257550178202963,0.5368905685183143,0
2026-04-23,8411,1,0.5219964060031002,0.03424868867633446,0.6112732424738285,1
2026-04-23,6501,0,0.47603333586447194,-0.0784162982894484,0.5371416036299221,0
2026-04-23,8306,1,0.4867959521273746,0.01671511627906974,0.5467663132752527,0
2026-04-23,5108,0,0.5096931469754196,-0.024750981730973676,0.5095522672748477,0
2026-04-23,6098,0,0.4715732832968311,-0.02645152757571745,0.558220450121959,0
2026-04-23,8001,1,0.5508864616952095,0.029267029267029177,0.5344583251556203,1
2026-04-23,6367,1,0.5567343915515894,0.08368895211000482,0.6186404296778452,1
2026-04-23,9984,0,0.43022769507612846,-0.07075552509850946,0.47324323896179926,0
2026-04-24,9432,0,0.529300707735612,-0.004620441902588701,0.3391156769603919,0
2026-04-24,6857,1,0.3884708792327326,0.009341032608695565,0.48278689738235364,0
2026-04-24,8035,1,0.45891290021672665,0.12802617230098146,0.5533003543666677,1
2026-04-24,5108,1,0.510370165533566,0.006392674724600589,0.4885571484242758,0
2026-04-24,6501,0,0.4657159414451381,-0.07248039778160265,0.5199079794366667,0
2026-04-24,7203,0,0.49931634513059636,-0.029018584936419956,0.5644889356545276,0
2026-04-24,6146,1,0.4473128188208508,0.06820083682008371,0.5515161127317384,1
2026-04-24,8001,1,0.5394344561272475,0.035567010309278446,0.5072377191304949,1
2026-04-24,6098,1,0.48558253318098715,0.02285166940339356,0.5384125367275866,1
2026-04-24,9984,1,0.3984251936655945,0.07731007881938612,0.42052097666855615,1
2026-04-24,6758,0,0.5069193875890359,-0.02431421446384041,0.5257607138489255,0
2026-04-24,8306,1,0.4814659179608565,0.03901288332426067,0.5200996717559522,1
2026-04-24,8766,1,0.4647501384777545,0.004738015607580914,0.5115589298611449,0
2026-04-24,9433,0,0.524308907362357,-0.015594541910331383,0.4866990726429241,0
2026-04-24,4063,1,0.4702665154985342,0.13933215130023635,0.4754765347894519,1
2026-04-24,8411,1,0.4910918246963247,0.07764120118251139,0.6003669958564647,1
2026-04-24,8058,1,0.5397825509998583,0.09050505050505042,0.5689334960756561,1
2026-04-24,6367,1,0.49479743215135447,0.15001159285879906,0.5417074852734605,1
2026-04-24,7011,0,0.5059328865430647,-0.04453355846348672,0.5376986956697067,0
2026-04-24,4502,0,0.5147867963436255,-0.004686035613870709,0.5405311101068515,0
2026-04-27,4063,1,0.47414704206574343,0.07641387249964016,0.5052194890064334,1
2026-04-27,6501,0,0.4877202189041567,-0.07804331590739355,0.5348744578361537,0
2026-04-27,8411,1,0.4847771293008952,0.02622006668687482,0.5300026423375416,1
2026-04-27,6367,1,0.5013097019753873,0.1431897555296857,0.5162379707356441,1
2026-04-27,8035,1,0.4333746596775036,0.11358811040339711,0.5543917021393904,1
2026-04-27,6146,0,0.3770346279958828,-0.013547283966855228,0.5525275930762258,0
2026-04-27,9433,1,0.5393459223159263,0.004169976171564782,0.5340593834939955,0
2026-04-27,9432,0,0.5344154117023774,-0.006613756747245958,0.33045706944686376,0
2026-04-27,8306,1,0.4759506708562405,0.00663558106169293,0.4977224328830081,0
2026-04-27,7011,0,0.4925106705994586,-0.03817445084239712,0.5353882172325259,0
2026-04-27,6098,1,0.4920271157889663,0.0712133662010408,0.5428953628776567,1
2026-04-27,6857,0,0.42093380899317273,-0.05126984126984124,0.5194912799968046,0
2026-04-27,4502,0,0.524402272738769,-0.0009582215408202588,0.5581751512189594,0
2026-04-27,8001,1,0.5412486725071638,0.04361370716510904,0.5307989906236497,1
2026-04-27,7203,0,0.5045873357575303,-0.05021193348549069,0.5514917653243535,0
2026-04-27,5108,0,0.5131014646095443,-0.005149939054977737,0.4955848180557173,0
2026-04-27,8058,1,0.535651998720435,0.09126819126819119,0.5865478912253305,1
2026-04-27,6758,0,0.504875465674151,-0.023212045169385243,0.5260301798745135,0
2026-04-27,8766,0,0.4614554115924576,-0.01870463428252378,0.5077861550289937,0
2026-04-27,9984,1,0.40662740308490924,0.04911019849418197,0.42868896138781065,1
2026-04-28,9984,1,0.4386251734519939,0.09016704631738803,0.5160523999042307,1
2026-04-28,4502,0,0.5174997524857501,-0.02401210058612213,0.5331290351966691,0
2026-04-28,8058,1,0.5428668253428438,0.06900061062487284,0.5557368463089021,1
2026-04-28,6367,1,0.4947452217324633,0.11090784358563921,0.5547511500914887,1
2026-04-28,6758,1,0.5092877351498674,0.042671614100185495,0.5083663397364787,1
2026-04-28,4063,1,0.47617794235183114,0.06962293461375513,0.5238069702554203,1
2026-04-28,9433,0,0.5431272888499906,-0.023260321767784475,0.5149682695701564,0
2026-04-28,6146,0,0.3986657536893512,-0.0400313971742543,0.5410093431118519,0
2026-04-28,8306,0,0.4763070925463882,-0.006434782608695677,0.5206518318558685,0
2026-04-28,7203,0,0.5227159321975489,-0.07776349614395883,0.5562789442280801,0
2026-04-28,6857,0,0.403101079077815,-0.032605042016806696,0.4683096865604685,0
2026-04-28,6098,1,0.5185035074644717,0.03161843515541274,0.5265724700416141,1
2026-04-28,8766,0,0.4634568074346141,-0.012158054711246202,0.5156214636923125,0
2026-04-28,7011,0,0.48143545178512986,-0.08609547633937875,0.5352941245210717,0
2026-04-28,6501,0,0.453538901769635,-0.031702001188825046,0.5072974356786292,0
2026-04-28,8411,0,0.48223909117149016,-0.006632064590542108,0.5506642314735335,0
2026-04-28,5108,0,0.5219544077991598,-0.007224616151367158,0.500944665665677,0
2026-04-28,8001,1,0.5600136505687312,0.012509573653306072,0.5452522402458705,0
2026-04-28,9432,0,0.5333593970633049,-0.017869041018976017,0.35249373203495443,0
2026-04-28,8035,1,0.4414804549997389,0.15348837209302335,0.5254230687743296,1
2026-04-30,8001,1,0.5305608065815834,0.05572755417956654,0.40772432303231393,1
2026-04-30,9433,0,0.53542583440183,-0.020522749273959362,0.5121821261097607,0
2026-04-30,8306,1,0.4874762677848971,0.024494142705005384,0.4883099833159845,1
2026-04-30,4063,1,0.4754795648717462,0.03781396632624889,0.45866275479500357,1
2026-04-30,7203,0,0.522064708160064,-0.05954349983460139,0.5916659397420134,0
2026-04-30,8411,1,0.49784088943558086,0.03689378161261536,0.5569625893015645,1
2026-04-30,9432,0,0.5006212186155873,-0.02032790887551228,0.3909443352637504,0
2026-04-30,6367,1,0.49713986949011557,0.09765536080127468,0.5402174030025693,1
2026-04-30,6857,1,0.3849834810851588,0.015746638358103304,0.5268267087398588,0
2026-04-30,6758,1,0.4902616004597826,0.11917764214583992,0.5257698269854117,1
2026-04-30,5108,1,0.5322855808304848,0.0027565000325300293,0.49256268445680335,0
2026-04-30,6098,1,0.5133400325596849,0.03697110776393253,0.5760256866721556,1
2026-04-30,9984,1,0.552108719229587,0.14715462732324203,0.5989072867586881,1
2026-04-30,4502,0,0.5296742028115522,-0.01935483870967747,0.5843139708129653,0
2026-04-30,6146,0,0.4611625742392176,-0.01634914200783677,0.5322742666653106,0
2026-04-30,8766,0,0.45903447161962335,-0.008608719800055509,0.5009301998068014,0
2026-04-30,8058,1,0.5136704849648925,0.10220440881763526,0.5447384121354731,1
2026-04-30,6501,0,0.46273523428188723,-0.0028676771814829527,0.5362097500716733,0
2026-04-30,8035,1,0.47493217668377036,0.1750394232935346,0.5813865924203213,1
2026-04-30,7011,0,0.48179481584312017,-0.06825568797399784,0.5370726630253279,0
2026-05-01,7203,0,0.5183984725016824,-0.020166666666666666,0.5395948060161467,0
2026-05-01,5108,1,0.5360957916473207,0.023831636500145192,0.47866455818443343,1
2026-05-01,6758,1,0.5253164626485576,0.17045091141669322,0.5255933772515369,1
2026-05-01,9433,0,0.5155047644717852,-0.0029434850863422346,0.482042135693739,0
2026-05-01,8766,1,0.46672630875211796,0.038911602988862315,0.5028650561212491,1
2026-05-01,6857,1,0.38982152640904283,0.017077116663670733,0.5175302801405992,0
2026-05-01,6501,0,0.4595023457083522,-0.009384775808133461,0.5445104893895022,0
2026-05-01,8306,1,0.4745165117305424,0.04592566118656194,0.48370141501747665,1
2026-05-01,8001,1,0.5254151518537978,0.051333668847508784,0.5196038390505655,1
2026-05-01,9984,1,0.5596459410083501,0.1084070796460177,0.6062324536123253,1
2026-05-01,6098,1,0.4786906664306729,0.05963863605488395,0.5102933304380232,1
2026-05-01,7011,0,0.492309776911879,-0.03924989097252507,0.5337657115860446,0
2026-05-01,4502,0,0.5311111712349593,-0.00897117770566902,0.5838950073222896,0
2026-05-01,8035,1,0.4343937277721847,0.08198103266596424,0.5249084899072616,1
2026-05-01,8058,1,0.4915885110303472,0.12358689404100409,0.47892448476426536,1
2026-05-01,6367,1,0.5258705873626817,0.12798074819514338,0.5876441295851005,1
2026-05-01,4063,1,0.4616000249003254,0.044059684684684575,0.44854325899466074,1
2026-05-01,9432,0,0.49046360892112945,-0.013157894736842146,0.3620033351338289,0
2026-05-01,8411,1,0.4940129088974153,0.05161097852028629,0.5325081194304131,1
2026-05-01,6146,1,0.47743345187367475,0.008166089965397916,0.5852256570132995,0
2026-05-07,8306,1,0.4825964476850942,0.004889975550122161,0.4989908429878669,0
2026-05-07,6758,1,0.502792753166349,0.10031948881789132,0.5028689225155817,1
2026-05-07,7203,1,0.5115530234234644,0.010073875083948858,0.5418730578924756,0
2026-05-07,6098,1,0.5518708174924327,0.04080267558528439,0.5391660385728515,1
2026-05-07,6857,0,0.3883576968070867,-0.03701834090526668,0.4882727117132174,0
2026-05-07,9432,0,0.5252161284794602,-0.00795753928353915,0.35703063923077905,0
2026-05-07,5108,1,0.5079036731362301,0.034482805265622085,0.46826799689720927,1
2026-05-07,6501,0,0.4575334233422504,-0.03690721649484541,0.5516007116982132,0
2026-05-07,7011,0,0.4850242932612084,-0.08062734702893748,0.530405675389952,0
2026-05-07,4502,0,0.5060847653153655,-0.01016949152542368,0.4831024547339623,0
2026-05-07,8035,0,0.30245733671022534,-0.010054137664346485,0.46268945100654785,0
2026-05-07,6367,1,0.4343460978304835,0.009072580645161255,0.509954672092288,0
2026-05-07,8411,1,0.5199583760063581,0.008374241986716768,0.5458651027447076,0
2026-05-07,4063,0,0.4724332354617399,-0.03047594345739857,0.5120029725244585,0
2026-05-07,9984,0,0.43202310505185226,-0.10180572851805725,0.4757817038281448,0
2026-05-07,6146,0,0.42595348153474366,-0.08604256430343382,0.5498376112770044,0
2026-05-07,9433,1,0.5147504497806824,0.047722772277227765,0.5315428129444666,1
2026-05-07,8001,1,0.499684783953159,0.017421602787456525,0.5043802773980938,0
2026-05-07,8058,1,0.5172167058253581,0.08966283808818076,0.5160136874133571,1
2026-05-07,8766,1,0.4786214015895961,0.02108183079056869,0.5164364063806457,1
2026-05-08,8058,1,0.49347460378510466,0.11430748714040773,0.5401334086788564,1
2026-05-08,6857,0,0.46457466781995815,-0.11795214990798064,0.5236359933799546,0
2026-05-08,4502,1,0.5034901022174245,0.012276999808171984,0.5463206999421003,0
2026-05-08,7203,1,0.5226726250978819,0.05904565739787171,0.5697255557553721,1
2026-05-08,8001,1,0.5106800061132292,0.02437810945273622,0.4971430564343287,1
2026-05-08,8766,1,0.46958916497881664,0.07652916073968696,0.5130292225102863,1
2026-05-08,5108,1,0.5162180770871828,0.0313641707532224,0.45450970017013853,1
2026-05-08,9432,1,0.5520338116844815,0.010652504234517135,0.3565311278362252,0
2026-05-08,9984,0,0.3864836755183392,-0.06295873430109278,0.4478078740344888,0
2026-05-08,6758,1,0.5201658219304602,0.1483622350674374,0.5036691851532763,1
2026-05-08,6098,1,0.5142874630034256,0.0003835336231143849,0.5544818468101399,0
2026-05-08,6501,0,0.47403898145723905,-0.025516403402187082,0.5478719349116556,0
2026-05-08,6146,0,0.4428680643324181,-0.1346666666666667,0.5094227310685182,0
2026-05-08,7011,0,0.49264865714329636,-0.09534368070953436,0.5377148848476601,0
2026-05-08,6367,1,0.4708868194559117,0.033401221995926766,0.5558794647645338,1
2026-05-08,4063,0,0.527424743750813,-0.050133689839572226,0.561463280415607,0
2026-05-08,9433,1,0.5265196466564915,0.07731856832113904,0.5375688529790508,1
2026-05-08,8035,0,0.32215970578968317,-0.04118207816968544,0.4441667106709654,0
2026-05-08,8306,1,0.4800665327419095,0.0436486727240335,0.48402415738877796,1
2026-05-08,8411,1,0.4957403173004657,0.020824102791315857,0.5528838295972888,1
2026-05-11,9432,1,0.5431064643244761,0.026954179006167367,0.3838435843077829,1
2026-05-11,6146,0,0.5798160793487023,-0.13464159171436363,0.648940830319712,0
2026-05-11,9433,1,0.5258828638114937,0.06707680095256996,0.511242586256084,1
2026-05-11,8058,1,0.500130630008569,0.04722010662604714,0.5355007259059835,1
2026-05-11,6367,0,0.47578976686467406,-0.011115685467270486,0.5471098089325735,0
2026-05-11,9984,0,0.42538068550754143,-0.02611875326484414,0.5048883536665768,0
2026-05-11,4063,0,0.4887071256935138,-0.07406918405069973,0.5627967576291136,0
2026-05-11,8766,1,0.4774870083650876,0.06671328671328669,0.5134377994296462,1
2026-05-11,4502,1,0.5169610761658728,0.016853932584269593,0.5889935332827296,0
2026-05-11,7011,0,0.4916352548611468,-0.06432481751824815,0.5599518462203276,0
2026-05-11,5108,1,0.5137391021985075,0.009702896307127507,0.4518670921267807,0
2026-05-11,8411,0,0.47382971305557553,-0.05297532656023218,0.5485835940262829,0
2026-05-11,8035,0,0.2919334095990154,-0.054147465437788034,0.42201925725083805,0
2026-05-11,8001,1,0.5214112715549852,0.005042864346949116,0.5089764951824707,0
2026-05-11,8306,1,0.47674750685113854,0.048485909329599064,0.4746107572941464,1
2026-05-11,6758,1,0.5237641366383904,0.06642941874258601,0.5242491725127626,1
2026-05-11,7203,1,0.5184817246757254,0.02944250871080145,0.5901859118039967,1
2026-05-11,6098,1,0.4845823237577872,0.18467532467532477,0.5252823789634177,1
2026-05-11,6501,0,0.46873974878259367,-0.016165336607325553,0.5305462673643286,0
2026-05-11,6857,0,0.4679988559119914,-0.09138290479499656,0.5307204638929875,0
2026-05-12,9432,1,0.5265347588747555,0.03949136142108145,0.3037934619131714,1
2026-05-12,6501,1,0.4939912887215707,0.015612161051766549,0.5286858146856558,0
2026-05-12,7011,0,0.47513365009483627,-0.04046511627906979,0.545788033610126,0
2026-05-12,5108,1,0.5196316642177172,0.03207083986890158,0.34236484746086066,1
2026-05-12,6758,1,0.49345083640904164,0.0677382319173363,0.525364039986712,1
2026-05-12,4502,1,0.5299654014444839,0.016834365325077316,0.5893460056732297,0
2026-05-12,8766,1,0.46961595287520286,0.11330532212885158,0.5084983311659531,1
2026-05-12,7203,1,0.5359271314935368,0.04009848751319023,0.5920211118585618,1
2026-05-12,9984,0,0.3859584174156436,-0.10455987973943548,0.48724110920969194,0
2026-05-12,8035,0,0.3864904909839101,-0.09585889570552142,0.5047500452145431,0
2026-05-12,6367,0,0.5223721398775567,-0.0157610949813356,0.589390518956146,0
2026-05-12,8306,1,0.47171052150802034,0.07692307692307687,0.4895508396581087,1
2026-05-12,8411,0,0.49451005459227176,-0.012051649928264019,0.5549031641359284,0
2026-05-12,4063,0,0.45289957624199656,-0.0648936170212766,0.5209381369953491,0
2026-05-12,8058,1,0.5029039733989026,0.003454545454545377,0.5445806446911892,0
2026-05-12,6098,1,0.48600944979088767,0.3001452528720454,0.5437415081585227,1
2026-05-12,6857,0,0.4373509705405054,-0.11896882076293325,0.5298600653148253,0
2026-05-12,9433,1,0.5242241847724538,0.09270606839296303,0.5220013033488757,1
2026-05-12,6146,0,0.5111522881165623,-0.15384615384615385,0.6373834423538747,0
2026-05-12,8001,0,0.5138792356253058,-0.03201368523949166,0.517433413674391,0
2026-05-13,9432,1,0.5185557610266107,0.043333333333333224,0.3179170920675123,1
2026-05-13,6098,1,0.4855312142779104,0.23756410256410265,0.5388106107976348,1
2026-05-13,7011,0,0.49356658056793207,-0.08669995460735358,0.5288757995485166,0
2026-05-13,5108,1,0.4990016979629178,0.003325337182701338,0.3511436091180422,0
2026-05-13,6758,0,0.46069608927374245,-0.014754098360655776,0.509890858989054,0
2026-05-13,6501,1,0.5002696049360933,0.03326315789473688,0.5683076661667918,1
2026-05-13,4502,1,0.5189892261751868,0.012134052388289573,0.5357306749746911,0
2026-05-13,8058,0,0.4681180361764562,-0.072987721691678,0.5152676437381619,0
2026-05-13,8001,0,0.524548547422499,-0.07371948300622311,0.5306185459570262,0
2026-05-13,8306,1,0.47944370249141127,0.03536647872885701,0.5052587054603365,1
2026-05-13,6146,0,0.48927929420827765,-0.1578802855573861,0.6306310890762566,0
2026-05-13,4063,0,0.449531387460471,-0.07712012943238511,0.5198172368974546,0
2026-05-13,9433,1,0.5312690777842133,0.09427278094863212,0.5119362314844471,1
2026-05-13,6857,0,0.43817708746501943,-0.09420289855072461,0.5480122934517947,0
2026-05-13,6367,0,0.4777147144661637,-0.08436772692009309,0.5594444527980961,0
2026-05-13,7203,1,0.5003491197839852,0.0008504847763224355,0.5313807119777708,0
2026-05-13,9984,0,0.3910483988754324,-0.16184298070525616,0.4667680916077857,0
2026-05-13,8766,1,0.5011195132828438,0.06079522323246023,0.5574091502841303,1
2026-05-13,8035,0,0.4133961611931024,-0.10206466692637317,0.5132019015711534,0
2026-05-13,8411,0,0.5064176952979372,-0.009645390070922022,0.5554747001812131,0
2026-05-14,6758,1,0.5140082571363708,0.03193960511033689,0.5539269854789617,1
2026-05-14,9433,1,0.5020410451220843,0.027405027405027482,0.4940327407286652,1
2026-05-14,7203,0,0.5252325363661556,-0.009973404255319118,0.5480997823873585,0
2026-05-14,8306,1,0.4719699871706726,0.06604101494612435,0.48560502561666125,1
2026-05-14,9432,1,0.5303019786054185,0.027406354795798338,0.3472825891301613,1
2026-05-14,8001,0,0.5260077734299147,-0.046477495107632105,0.5264273722632524,0
2026-05-14,6501,1,0.5070772997429044,0.09676728751873265,0.5629526644402731,1
2026-05-14,8411,1,0.4819667079654125,0.04538946162657509,0.5462668285886499,1
2026-05-14,8058,0,0.49413544016592303,-0.08007480448826931,0.5577105936131891,0
2026-05-14,5108,0,0.5131580699281648,-0.027192972132880744,0.5053454486300865,0
2026-05-14,6857,0,0.502753914556868,-0.06535034073038615,0.5353767544745922,0
2026-05-14,9984,1,0.5366748625845452,0.046620450606585706,0.6066696309708466,1
2026-05-14,4063,0,0.49745727297818326,-0.08279828785446763,0.5193430693180139,0
2026-05-14,6146,0,0.5242692414549407,-0.062142857142857166,0.6604283826111459,0
2026-05-14,4502,0,0.49195104302466763,-0.014459665144596623,0.4332878916293176,0
2026-05-14,7011,0,0.4733800907563871,-0.04901489668428638,0.5457001039982263,0
2026-05-14,8766,1,0.4847696992836295,0.04550393914697093,0.5172528295490786,1
2026-05-14,8035,0,0.43484045675166694,-0.046875,0.5018422366933925,0
2026-05-14,6367,0,0.49124509115655157,-0.053946053946053896,0.5628852103520687,0
2026-05-14,6098,1,0.4706463099222277,0.22930591259640098,0.5263989632497439,1
2026-05-15,8001,0,0.5139209919616919,-0.05318115590092276,0.5151067255095235,0
2026-05-15,6857,1,0.5352575944241527,0.01839908952959024,0.6195199924796124,0
2026-05-15,9432,1,0.45590545000930693,0.005270112224471157,0.2802623290576073,0
2026-05-15,4502,0,0.4643288190298467,-0.03183627060830019,0.32364497120329033,0
2026-05-15,9433,0,0.5059944107238044,-0.005323054331864863,0.5120015394881847,0
2026-05-15,8766,0,0.507952159717785,-0.02470930232558144,0.5550673661035183,0
2026-05-15,7011,0,0.48500180559836614,-0.02720588235294119,0.5569798695564753,0
2026-05-15,6146,1,0.35830469547421756,0.014791987673343554,0.44637653183603243,0
2026-05-15,4063,0,0.508279766665669,-0.009992962702322306,0.5526018174260083,0
2026-05-15,6758,0,0.48757920939407723,-0.014261744966442946,0.521790019492405,0
2026-05-15,6098,1,0.4483710457486204,0.2509904153354632,0.5118066546775606,1
2026-05-15,8411,1,0.4905715730222462,0.07884837962962954,0.5514430686233974,1
2026-05-15,7203,0,0.5113550253564845,-0.03176661264181524,0.5327656338384387,0
2026-05-15,6367,0,0.4865745535128787,-0.05143870713441068,0.6007906895977045,0
2026-05-15,5108,0,0.4945544383951929,-0.021848250928134916,0.46034660619381673,0
2026-05-15,9984,1,0.5307518632418317,0.1761531766753699,0.6042108921948254,1
2026-05-15,8035,0,0.5426048474912933,-0.009146947703320696,0.6019153463985571,0
2026-05-15,8058,0,0.4890325100360001,-0.07129423833133874,0.5476090359839834,0
2026-05-15,8306,1,0.4825450147138354,0.05530897917377953,0.5036785424583293,1
2026-05-15,6501,1,0.5019958653180167,0.03948462177888601,0.5383092891348508,1
2026-05-18,5108,1,0.4980633041989871,0.005705688252235941,0.4735400914933229,0
2026-05-18,8766,0,0.4838754081235659,-0.031467156155762455,0.5182248555003408,0
2026-05-18,7011,0,0.4960913160643349,-0.0472940029254022,0.572864854943221,0
2026-05-18,8306,1,0.49305725772868525,0.02370617696160271,0.5090421436183097,1
2026-05-18,9984,1,0.48822532762079596,0.2640801001251565,0.5729925102795239,1
2026-05-18,4063,1,0.5384210443452373,0.00399258519891621,0.5845210708673766,0
2026-05-18,6758,1,0.4792378714399448,0.0005561735261401246,0.5158418163158368,0
2026-05-18,4502,0,0.43331696651179796,-0.027624309392265234,0.3072176895265544,0
2026-05-18,6146,1,0.34612527843281077,0.0988976377952755,0.36668017219370985,1
2026-05-18,8411,1,0.4619901044722601,0.11938697318007674,0.5294544109046986,1
2026-05-18,6367,1,0.4939527582432809,0.01873438800999172,0.5417900287444666,0
2026-05-18,6098,1,0.43454578661374593,0.062047796535847466,0.49906818868560143,1
2026-05-18,8035,1,0.6268337588567076,0.05927730410069021,0.717100436754088,1
2026-05-18,9433,0,0.5057206538099908,-0.020085549562953275,0.48707047072226856,0
2026-05-18,8001,0,0.5357175764491268,-0.021073758153537403,0.521769625779862,0
2026-05-18,6857,1,0.5384341172064735,0.06137667304015304,0.6193344970676019,1
2026-05-18,8058,0,0.5081338455601763,-0.032727272727272716,0.5648358663314594,0
2026-05-18,7203,1,0.5098069772858072,0.024200372313420315,0.5560666307587651,1
2026-05-18,6501,1,0.5086787358768673,0.05116472545757067,0.5319523822113832,1
2026-05-18,9432,0,0.45866895814179165,-0.011154836065130569,0.30738450374117793,0
2026-05-19,6367,0,0.47657308124780245,-0.02507374631268433,0.5509579357160204,0
2026-05-19,7203,1,0.5288537143756412,0.02198173824822458,0.568645022941589,1
2026-05-19,5108,0,0.5121028828015426,-0.005327003769562855,0.47952787398288205,0
2026-05-19,6758,0,0.4851738953689778,-0.04623655913978497,0.5353843005289614,0
2026-05-19,8035,1,0.6075965959459797,0.0903307888040712,0.6920946090622225,1
2026-05-19,4063,0,0.5203801578070346,-0.0014220705346985607,0.589831730495551,0
2026-05-19,6501,1,0.5163552800757681,0.02265372168284796,0.5548140124695787,1
2026-05-19,9984,1,0.5259526532246264,0.4626002611453086,0.5952019424612386,1
2026-05-19,8001,0,0.5540542113437498,-0.03307245645039136,0.519226964906153,0
2026-05-19,8411,1,0.47824194171268924,0.06869009584664543,0.5412413019832173,1
2026-05-19,6098,0,0.4292288199562356,-0.002234409912654889,0.491897342994041,0
2026-05-19,6146,1,0.3690885302958255,0.08620129870129878,0.39220863889706664,1
2026-05-19,8306,0,0.5025566167653907,-0.01512226512226511,0.5101381008485434,0
2026-05-19,7011,0,0.5116485872124222,-0.04411051866214255,0.5667084884674949,0
2026-05-19,6857,1,0.4698673903811021,0.03103993673388694,0.5859601384902414,1
2026-05-19,9432,0,0.46433805498017977,-0.036059278773158066,0.3801852715375491,0
2026-05-19,8058,0,0.47028562833339344,-0.0603370175756478,0.5203972738893946,0
2026-05-19,4502,0,0.4400376283142662,-0.0371075166508088,0.3107178462751427,0
2026-05-19,8766,0,0.4949441781985339,-0.07460057868914327,0.5091869475820066,0
2026-05-19,9433,0,0.5095518343895423,-0.0533646888567294,0.5193600692235641,0
2026-05-20,6146,1,0.38215964879869285,0.1025432018258885,0.3958846219650784,1
2026-05-20,6501,1,0.5095468774768067,0.010594947025264867,0.5384918609478105,0
2026-05-20,6758,0,0.47419239802433416,-0.022462562396006636,0.5274110408456593,0
2026-05-20,8035,1,0.5712086780116955,0.1388286334056399,0.7116062359444131,1
2026-05-20,8306,1,0.4951527386483257,0.0003300330033002563,0.5272525135550098,0
2026-05-20,4063,1,0.551126855362694,0.08195763330898465,0.6058957070023868,1
2026-05-20,8766,0,0.48698137065060704,-0.05756684149929636,0.5330740284987637,0
2026-05-20,7011,0,0.49252168696325027,-0.0313121272365805,0.5394991614895189,0
2026-05-20,8058,0,0.5318192109669749,-0.05739514348785868,0.6014487679389291,0
2026-05-20,6367,0,0.5962310558944988,-0.008472781190425716,0.6506804193830734,0
2026-05-20,9433,0,0.4980829743262556,-0.03255395683453233,0.5163467162283977,0
2026-05-20,9984,1,0.5443095548945369,0.4431434808493748,0.5944825645338977,1
2026-05-20,8001,0,0.5478261656234116,-0.003875968992248069,0.5837407579199002,0
2026-05-20,6098,1,0.44938617891654026,0.02631306329638461,0.489076639186862,1
2026-05-20,9432,0,0.4703964266897099,-0.03514376996805113,0.3736970966947191,0
2026-05-20,8411,1,0.4772113080139685,0.03365797765683176,0.5526786967818176,1
2026-05-20,7203,1,0.5245955418780426,0.022433718558803495,0.5728612735350278,1
2026-05-20,4502,0,0.4340137140029484,-0.02416745956232158,0.31069826429546815,0
2026-05-20,5108,1,0.5117757686016462,0.010244017972581121,0.4794522757988488,0
2026-05-20,6857,1,0.4875616303048145,0.05873170731707322,0.5461632056537884,1
2026-05-21,6501,1,0.5105697904108878,0.009955104430997563,0.5406177988240956,0
2026-05-21,6367,0,0.5875845752962316,-0.008236536430834218,0.6559460666809481,0
2026-05-21,8306,0,0.4899694093906993,-0.02771437887186179,0.5108607252407764,0
2026-05-21,8035,1,0.5918028465080317,0.0721311475409836,0.6907856767684456,1
2026-05-21,6857,0,0.5103641261077064,-0.015143017386427315,0.5918179489860328,0
2026-05-21,8766,0,0.46471954368076857,-0.0659997401585033,0.5236489075729813,0
2026-05-21,8411,0,0.5032255037495478,-0.0323243391316258,0.5596602669020246,0
2026-05-21,9432,0,0.46153334179790295,-0.023422192037771072,0.35096137231239355,0
2026-05-21,6098,1,0.43714596616241597,0.06493099121706392,0.5104783499194294,1
2026-05-21,6146,1,0.44399940348350636,0.010662604722010638,0.47419405907412315,0
2026-05-21,4063,1,0.5303252503309505,0.0710223129648535,0.6003330637666293,1
2026-05-21,7011,0,0.5170627932643127,-0.03890853966649821,0.5732882250785117,0
2026-05-21,6758,0,0.48518565158210286,-0.028981429375351753,0.5275219550021053,0
2026-05-21,5108,1,0.5153776299679136,0.01953706071203687,0.4835749916252447,0
2026-05-21,4502,0,0.4410876537068322,-0.01158301158301156,0.3318199273021399,0
2026-05-21,9433,0,0.4903611945648733,-0.0014716703458425018,0.5007898433983934,0
2026-05-21,9984,1,0.4305988975997286,0.17983109786388485,0.50268953682753,1
2026-05-21,7203,1,0.5185548615765609,0.01746138347884485,0.5644253290451959,0
2026-05-21,8058,0,0.547964462530908,-0.06893365366845317,0.6113518040694008,0
2026-05-21,8001,0,0.540316127242472,-0.009748589020010301,0.5559563121675687,0
2026-05-22,4063,1,0.48363278136716736,0.10292863235712257,0.5740977580085769,1
2026-05-22,6857,0,0.5285599283029223,-0.02514434717824543,0.5672615616524448,0
2026-05-22,9432,0,0.46824572925107,-0.020314587021790453,0.2845575996245202,0
2026-05-22,8411,0,0.4822902204685165,-0.03513477269679499,0.536235748841446,0
2026-05-22,8035,1,0.4974722340835863,0.051976720850893,0.559515250942853,1
2026-05-22,9984,1,0.38695722221255785,0.1086280893887821,0.4619194316207269,1
2026-05-22,6146,0,0.4873410995792284,-0.01169146674764654,0.5124813161797496,0
2026-05-22,8306,0,0.4828963068725478,-0.029763830475574293,0.4953688632345034,0
2026-05-22,6758,0,0.4758627165827537,-0.02297872340425533,0.5048670504068412,0
2026-05-22,8058,0,0.5153760042343589,-0.06756259204712811,0.5659393975387993,0
2026-05-22,6098,1,0.43603399588073977,0.07978343038103985,0.5154662471231575,1
2026-05-22,8001,0,0.554563622561913,-0.007181328545781018,0.5552658588916968,0
2026-05-22,6501,1,0.4924795468051443,0.032786885245901676,0.5377836334100611,1
2026-05-22,7203,1,0.5199991608442615,0.018413123535319764,0.5503416083461397,0
2026-05-22,8766,0,0.48825880694283974,-0.03658040915865057,0.5236666608030187,0
2026-05-22,6367,0,0.5683750021433689,-0.0324122169125286,0.6259526938017684,0
2026-05-22,5108,1,0.493171120938038,0.0392393923748009,0.4625973868306683,1
2026-05-22,7011,0,0.5440543581694327,-0.041068279163517296,0.5724913462207059,0
2026-05-22,9433,1,0.4814702769153771,0.010703081749400267,0.47362691715309857,0
2026-05-22,4502,1,0.4848701426176891,0.0017615971814444187,0.4345178098036973,0
2026-05-25,7203,0,0.5077137250003783,-0.039821546596166546,0.5135290506357904,0
2026-05-25,9432,0,0.5098323821669563,-0.017916370291430672,0.29544378109695735,0
2026-05-25,8411,0,0.5059063144455717,-0.016292442497261805,0.5543603932720867,0
2026-05-25,7011,0,0.529434941057403,-0.06960081883316271,0.598451256890238,0
2026-05-25,6857,0,0.480944570734661,-0.07494145199063229,0.551098227722894,0
2026-05-25,6501,1,0.49402866778475757,0.014246141669964407,0.5308176617552999,0
2026-05-25,6098,1,0.4616378797485186,0.12510322047894307,0.5254160002364238,1
2026-05-25,4063,1,0.4817068053888067,0.10680301093594657,0.5700354269299043,1
2026-05-25,8766,0,0.49613041939401376,-0.037769053743062164,0.5301894456220844,0
2026-05-25,8306,0,0.4931545543707826,-0.014024787997390709,0.49624953786366166,0
2026-05-25,8001,0,0.5386488883508638,-0.036647872885699595,0.5192510757632939,0
2026-05-25,6758,0,0.46987976547826793,-0.015564202334630295,0.5153913294830164,0
2026-05-25,8035,1,0.490884603838601,0.016864699118436244,0.5984204151797721,0
2026-05-25,5108,1,0.5077911724409616,0.020901772330469193,0.465621741589091,1
2026-05-25,6146,0,0.5078109512912062,-0.08627113786185159,0.5593156705269258,0
2026-05-25,9984,1,0.399262543751697,0.20806223479490815,0.47651289767378097,1
2026-05-25,8058,0,0.4942714427163687,-0.07499999999999996,0.5441435740361908,0
2026-05-25,6367,0,0.48490958728191613,-0.034327748263179414,0.5671889828720105,0
2026-05-25,9433,1,0.4811070716016265,0.018789144050104456,0.48741780840768895,0
2026-05-25,4502,0,0.4813124729472059,-0.04369122257053293,0.39490107507358224,0
2026-05-26,8001,0,0.5401273422078217,-0.030026109660574396,0.5471661750921132,0
2026-05-26,7011,0,0.541660621394853,-0.10851926977687631,0.6047172618922019,0
2026-05-26,8058,0,0.49257753744366134,-0.05052063247204008,0.5543532022036389,0
2026-05-26,9433,1,0.5409768937451264,0.017198547678196174,0.5663881559613325,0
2026-05-26,9432,0,0.5477136361602659,-0.012024068727136683,0.3733701885883102,0
2026-05-26,8035,1,0.48741621004539537,0.04453520031116298,0.5875539615347246,1
2026-05-26,8411,0,0.49605989409835766,-0.0017665443674412806,0.5526189783703658,0
2026-05-26,6857,1,0.49154327340465614,0.00939597315436247,0.5971102230188561,0
2026-05-26,6367,0,0.5250397460411571,-0.02053166198400691,0.5598372294931689,0
2026-05-26,7203,0,0.515160148102308,-0.058901389808074134,0.5059998522392629,0
2026-05-26,6501,1,0.49675456050026073,0.005340189873417778,0.5353004602351413,0
2026-05-26,8306,0,0.4863763061572044,-0.004900359359686357,0.4853557063221543,0
2026-05-26,6758,1,0.5251345183112602,0.034103720405862514,0.5678272744409082,1
2026-05-26,9984,1,0.39176734732538115,0.10087998979721968,0.4587925589076986,1
2026-05-26,5108,1,0.5220391635082462,0.012496316916253969,0.46482376409089526,0
2026-05-26,6098,1,0.4454744990405131,0.1039291530944626,0.5076863579461789,1
2026-05-26,4063,1,0.47329593937621256,0.0642267160353176,0.5568528150863413,1
2026-05-26,6146,0,0.48206253512752023,-0.04050216709012111,0.4410799118434462,0
2026-05-26,4502,0,0.4979192940787233,-0.04150197628458496,0.4496477029997083,0
2026-05-26,8766,0,0.5384970996016132,-0.04214246873300709,0.5925118817151962,0
2026-05-27,7203,0,0.5244275562277989,-0.04222074468085102,0.508303173798665,0
2026-05-27,8035,1,0.4459412186975874,0.15999999999999992,0.5493005032365641,1
2026-05-27,6146,1,0.5017438291144679,0.015969244418157613,0.542176270174995,0
2026-05-27,4502,0,0.4888688200807016,-0.07410296411856476,0.3219779126567225,0
2026-05-27,8766,0,0.4967141311411503,-0.036514184878512324,0.5642571412479802,0
2026-05-27,8306,1,0.47449732368867464,0.034971956450016606,0.4890791272197594,1
2026-05-27,8001,0,0.5385599146701373,-0.03579766536964979,0.5257586184510222,0
2026-05-27,9984,1,0.44086968858625825,0.14342684268426842,0.47658203548706907,1
2026-05-27,4063,1,0.49958148969744287,0.05401026194977043,0.5629674812099068,1
2026-05-27,8058,0,0.47820472384751583,-0.0282982045277127,0.5747436351999815,0
2026-05-27,5108,1,0.5065954828016875,0.031016979569892023,0.4663734146934701,1
2026-05-27,6758,1,0.4749072550846025,0.026666666666666616,0.5120659655426141,1
2026-05-27,6367,1,0.5075240100711477,0.016663106173894437,0.5725187575875144,0
2026-05-27,8411,1,0.48384683459562416,0.05764167936815845,0.5555092845949381,1
2026-05-27,6857,1,0.5160669941238357,0.019535569480280124,0.5617959500733741,0
2026-05-27,7011,0,0.5443071266468247,-0.08337609030271931,0.5666074008228663,0
2026-05-27,9433,1,0.5001039970900404,0.006320877486521548,0.5140152425042601,0
2026-05-27,9432,0,0.5462952311059737,-0.02119203276981585,0.36268982000592886,0
2026-05-27,6501,1,0.497020384648428,0.0625,0.5455144433791183,1
2026-05-27,6098,1,0.45802265616027243,0.10225093368325422,0.4922487770534233,1
2026-05-28,7203,0,0.5018648889066026,-0.06320132013201318,0.5022378493231785,0
2026-05-28,7011,0,0.5800334672712414,-0.027076761303890695,0.630796015720397,0
2026-05-28,8766,0,0.5377583962195275,-0.03463624982612323,0.6066329455213139,0
2026-05-28,6367,1,0.5123885251101503,0.011286201022146614,0.5807100331916442,0
2026-05-28,6758,1,0.47668006996207535,0.02578962619530567,0.5091668265744215,1
2026-05-28,8058,0,0.4708642846094475,-0.028185788011115487,0.558975985653722,0
2026-05-28,9433,0,0.48540085002041294,-0.025976418570375803,0.4877876515860111,0
2026-05-28,9984,1,0.4044570112605136,0.035368421052631493,0.45953474563821023,1
2026-05-28,8001,0,0.54128082834369,-0.03911917098445594,0.530306242583889,0
2026-05-28,6146,1,0.46595843872773096,0.08831951770911828,0.5091095352495993,1
2026-05-28,8035,1,0.48969515207780323,0.21674311926605494,0.5944074521321924,1
2026-05-28,6501,1,0.4931292439274721,0.0017394665635872553,0.540911234491089,0
2026-05-28,8306,1,0.48997998648127183,0.06270959087860506,0.49408176305925167,1
2026-05-28,9432,0,0.5123896511335094,-0.021319201045364222,0.2939599731053865,0
2026-05-28,6098,1,0.4476430473688059,0.04221894943544435,0.45330106599662967,1
2026-05-28,8411,1,0.5063907587477412,0.08209483368719028,0.5478869014141705,1
2026-05-28,4502,0,0.44940376049365294,-0.052734375,0.29154348727156965,0
2026-05-28,6857,1,0.5075692540815019,0.0694760820045559,0.6054199775211894,1
2026-05-28,4063,1,0.5064169689015654,0.040441176470588314,0.5726911286151043,1
2026-05-28,5108,1,0.4863658824722156,0.00560147151790602,0.4589485126090793,0
2026-05-29,8035,1,0.48112328773181884,0.13410911865700115,0.5786125870903648,1
2026-05-29,5108,0,0.5308755557455316,-0.01829801263764763,0.4955429181434507,0
2026-05-29,9432,0,0.5222339218003019,-0.02341137123745818,0.3011639587292313,0
2026-05-29,8001,0,0.5418576402538454,-0.03203306639111336,0.5360186848072935,0
2026-05-29,4502,0,0.45277945513133777,-0.0375146541617819,0.34613634769945145,0
2026-05-29,8058,0,0.4557435324600949,-0.040671273445212264,0.5644453712966232,0
2026-05-29,7203,0,0.5033471906101095,-0.06311637080867849,0.5107530321762048,0
2026-05-29,6758,1,0.45218965464401184,0.03339140534262475,0.4976604411683275,1
2026-05-29,4063,0,0.47820266277612644,-0.05259087393658157,0.5433884338526757,0
2026-05-29,6367,1,0.5116879935732654,0.01782263259609196,0.5547709018150362,0
2026-05-29,9433,0,0.48527293918760883,-0.031769216724484184,0.4943905868561155,0
2026-05-29,7011,0,0.5999432758275567,-0.004203888596952199,0.6209351049592673,0
2026-05-29,8766,0,0.508837394025258,-0.016172127689495164,0.5695467416227946,0
2026-05-29,6146,1,0.4934306555615346,0.11507143954524501,0.5055231546572102,1
2026-05-29,6857,1,0.5385474401193961,0.022735957202904,0.6616059782992534,1
2026-05-29,6098,1,0.4836666648108015,0.002365184484389715,0.48880779600597357,0
2026-05-29,6501,1,0.4777251666449821,0.025938830816879532,0.5329263527461262,1
2026-05-29,8411,1,0.5070671224691808,0.07241139680333575,0.5557840419513926,1
2026-05-29,8306,1,0.48507211799513134,0.07335778592864295,0.49598612432855804,1
2026-05-29,9984,0,0.39156256304621473,-0.008677079161660606,0.47144901658481586,0
2026-06-01,8058,0,0.487862011962176,-0.017882544198333683,0.568053942506739,0
2026-06-01,8766,1,0.5182770725489906,0.017445132245357264,0.5738665913357179,0
2026-06-01,6857,0,0.5335833393766757,-0.01713729308666012,0.6317097257844206,0
2026-06-01,8001,0,0.5231222217808438,-0.01888800212822561,0.5524267430638088,0
2026-06-01,6098,0,0.47425924975807526,-0.013302752293578024,0.4847936372909348,0
2026-06-01,4502,1,0.4677344078198186,0.03462405244826883,0.5284767929742924,1
2026-06-01,8411,1,0.4749991230980547,0.052470424495476786,0.5252699774150268,1
2026-06-01,6501,0,0.479267939671951,-0.01853296917674596,0.5222693192830862,0
2026-06-01,6146,1,0.39817968636863554,0.05834378920953576,0.460048610208407,1
2026-06-01,8306,1,0.47995819197987766,0.04796559708898451,0.48077705829695444,1
2026-06-01,7011,1,0.5484570415392137,0.017326732673267342,0.6845357683196779,0
2026-06-01,9432,0,0.5414387489129674,-0.004729709109744462,0.28497593849298025,0
2026-06-01,6367,0,0.5371186366839155,-0.008040626322471489,0.5773081840138495,0
2026-06-01,9433,1,0.5064531167679509,0.014903129657227954,0.48804509510403965,0
2026-06-01,7203,0,0.5151503744727212,-0.028566511787988302,0.5437016619906486,0
2026-06-01,6758,0,0.46213860970237863,-0.009599096555618303,0.5016845883966736,0
2026-06-01,5108,1,0.5157607990644739,0.003217305185176933,0.46588145084174354,0
2026-06-01,8035,1,0.5005062182258064,0.03693931398416894,0.6049927656432103,1
2026-06-01,9984,0,0.3920341063493348,-0.1832338133707997,0.45731999574911725,0
2026-06-01,4063,0,0.48904577662886084,-0.11933786731682283,0.5620028053476163,0
2026-06-02,8306,1,0.4768436284176085,0.04399212081418247,0.4823684281076367,1
2026-06-02,6857,1,0.5068303086564182,0.0003799392097263432,0.6096697147442511,0
2026-06-02,6501,0,0.4892130252209375,-0.039543576627975585,0.529139261565161,0
2026-06-02,6758,0,0.45977242056535195,-0.06159716544017446,0.5186698929739304,0
2026-06-02,4502,1,0.5060784346192678,0.025773195876288568,0.5432738361756623,1
2026-06-02,5108,1,0.49736407248851366,0.009697296153635904,0.4601583431763662,0
2026-06-02,6098,1,0.4124955516101399,0.031350852927616524,0.40665713935241316,1
2026-06-02,8411,1,0.47706034798733343,0.046828205826300096,0.5236395434446715,1
2026-06-02,6146,1,0.4406869820798405,0.11401869158878508,0.496502792661539,1
2026-06-02,6367,1,0.5694230409319274,0.02669902912621369,0.5823104498028399,1
2026-06-02,9984,0,0.3677073234842024,-0.18350324374420757,0.39672318079232677,0
2026-06-02,9432,0,0.5395769058636118,-0.008113569964594225,0.2640174531658296,0
2026-06-02,7203,0,0.5132447175193413,-0.004922644163150469,0.5494211503109919,0
2026-06-02,4063,0,0.5124402506802925,-0.08524019804630001,0.5823030247979399,0
2026-06-02,9433,1,0.4906006058743028,0.022355814390381257,0.49030467508324016,1
2026-06-02,7011,1,0.5636709977466099,0.03213879408418663,0.6831087250850179,1
2026-06-02,8001,0,0.5170732763740182,-0.005114401076716013,0.5294287333784782,0
2026-06-02,8035,1,0.505304170370243,0.11562092720163841,0.6071050237295602,1
2026-06-02,8058,0,0.5106365930288878,-0.024167343623070714,0.5539720325125546,0
2026-06-02,8766,1,0.5142881945046368,0.05166051660516602,0.5567416772400328,1
2026-06-03,6857,0,0.49498347561704675,-0.08767172812725954,0.5633322912808814,0
2026-06-03,5108,0,0.48396695015164504,-0.01157069113750453,0.45180616254732603,0
2026-06-03,8306,1,0.49204476435305416,0.014663691424928293,0.4914956798502445,0
2026-06-03,4502,1,0.5206595006338338,0.0678180286436394,0.5574392095825328,1
2026-06-03,7011,1,0.632451016562033,0.0013993842709207893,0.77543412825025,0
2026-06-03,6367,0,0.5294668095257716,-0.02080268964068077,0.5609630128204101,0
2026-06-03,6501,0,0.5080640909699256,-0.09222011385199236,0.536214113389287,0
2026-06-03,6146,1,0.49250572555617456,0.0196477950807743,0.5634774900050374,0
2026-06-03,6758,0,0.46251887644881984,-0.06465874550980932,0.5127568726644258,0
2026-06-03,7203,0,0.5144046874745911,-0.023255813953488413,0.5230848732410037,0
2026-06-03,8411,0,0.4949653184825627,-0.002489191667758406,0.5526819949701355,0
2026-06-03,8035,1,0.29996482948128966,0.015270935960591148,0.4166612767839056,0
2026-06-03,9433,1,0.4902669372396516,0.01681138001108451,0.4773228028295009,0
2026-06-03,4063,0,0.5098427741626891,-0.1423264155777607,0.579911806715017,0
2026-06-03,8766,1,0.5187843070540087,0.04339250493096647,0.5623978993896885,1
2026-06-03,9432,1,0.5320089921639799,0.008119059022089203,0.24785989021047738,0
2026-06-03,8001,0,0.5372737274246163,-0.0016142050040355294,0.5164769454333461,0
2026-06-03,8058,0,0.5222402397393945,-0.07310704960835512,0.5437835659944908,0
2026-06-03,6098,1,0.41131603657220417,0.0421245421245422,0.3978090399028168,1
2026-06-03,9984,0,0.38188267496448053,-0.2229705351773903,0.4303185105222019,0
2026-06-04,8306,0,0.46413394182879064,-0.008835594824865844,0.485045690282395,0
2026-06-04,6367,0,0.4830060164599806,-0.028427037271004374,0.5499004154386371,0
2026-06-04,8035,0,0.29218269048251744,-0.004084197298146353,0.4267320102378076,0
2026-06-04,9433,1,0.48560027384401844,0.04312464535653482,0.4978300545740277,1
2026-06-04,9984,0,0.4323384026076243,-0.1359631286430798,0.5117834574231568,0
2026-06-04,8411,0,0.49243561442667555,-0.032831916285153695,0.5630760052974249,0
2026-06-04,8766,1,0.5395680207885056,0.0668587896253603,0.575135998159316,1
2026-06-04,6098,1,0.4261771388069541,0.05087140838436177,0.4524889457464438,1
2026-06-04,6146,0,0.49997891641842357,-0.030189724414900976,0.5565979797054015,0
2026-06-04,6501,0,0.47944149329675473,-0.10187150299054604,0.5351247119050716,0
2026-06-04,6857,0,0.47660793971001186,-0.10631877884274055,0.5325581595610299,0
2026-06-04,4063,0,0.5104926268806257,-0.1024734982332155,0.5814937059137951,0
2026-06-04,6758,0,0.440535446743644,-0.04830508474576267,0.5246668330005371,0
2026-06-04,7011,0,0.5987256869843676,-0.05593082950553907,0.6582921036351257,0
2026-06-04,8001,0,0.5110033454673247,-0.015368023726071711,0.49971288784180284,0
2026-06-04,4502,1,0.5072656255710979,0.0377319587628866,0.5486860032383194,1
2026-06-04,8058,0,0.5199175917129016,-0.05943627450980393,0.5665047083570366,0
2026-06-04,9432,1,0.5465490629590383,0.025867959221533843,0.2928037601757834,1
2026-06-04,5108,0,0.48362648374251593,-0.014951654186439178,0.4405378125153818,0
2026-06-04,7203,0,0.5214187786000845,-0.03205918618988901,0.5490177171771468,0
2026-06-05,8058,0,0.5300007073503428,-0.0362214447417164,0.5627125833927381,0
2026-06-05,6098,1,0.41322160054208273,0.018404907975460016,0.46555732558386265,0
2026-06-05,7011,0,0.5627102995275269,-0.06596306068601587,0.633188824428817,0
2026-06-05,4502,1,0.5025153096376723,0.03166869671132755,0.4858681844209176,1
2026-06-05,9433,1,0.49070787199378346,0.044314538940222414,0.4886987797384199,1
2026-06-05,9984,0,0.4411942398982768,-0.12846754645838943,0.5330427414566301,0
2026-06-05,8306,0,0.4534171602137268,-0.017707362534948756,0.46783697336691765,0
2026-06-05,6146,1,0.49100193426575117,0.10085422981537606,0.5611341955872089,1
2026-06-05,9432,1,0.5523469011622613,0.013698630136986356,0.28830322580481915,0
2026-06-05,6857,1,0.47170478629206886,0.020922847001681344,0.5611020074456226,1
2026-06-05,8001,1,0.5253567137164953,0.0016012810248198228,0.5318614995607508,0
2026-06-05,6367,0,0.46704296754762625,-0.028270042194092793,0.5250043945365644,0
2026-06-05,8035,1,0.34336616385367585,0.14381833473507144,0.4702041757935129,1
2026-06-05,6758,0,0.4490148231444458,-0.07502107333520647,0.507270582123487,0
2026-06-05,7203,0,0.5137141070331195,-0.02614035087719302,0.538733220163194,0
2026-06-05,8411,0,0.5008781388563153,-0.01982892690513216,0.5603031225817016,0
2026-06-05,8766,1,0.5404761492591148,0.047026872498570516,0.5711186114019219,1
2026-06-05,5108,1,0.4947503601989406,0.0047337135446172685,0.43815944788221395,0
2026-06-05,4063,0,0.5618117733473731,-0.022040816326530654,0.6316424691549579,0
2026-06-05,6501,0,0.4974704188407933,-0.12132075471698112,0.5477414687683257,0
2026-06-08,4063,1,0.5155158162625411,0.102141920442955,0.5803276159719192,1
2026-06-08,6367,0,0.4682615306817676,-0.0034129692832765013,0.5279472631383852,0
2026-06-08,6758,0,0.480158813724577,-0.05359179019384264,0.5199323622024572,0
2026-06-08,9984,1,0.5817181815291772,0.023365825688073327,0.6340646559000663,1
2026-06-08,8766,1,0.5231796271247364,0.009540929203539772,0.5531132338464987,0
2026-06-08,8058,0,0.5150467174428678,-0.021725636250775948,0.5607254151644413,0
2026-06-08,6098,0,0.39660983117165344,-0.0032543003254300595,0.4628653619372189,0
2026-06-08,7011,0,0.5396241312252799,-0.01081373344147063,0.6227421079639958,0
2026-06-08,8001,1,0.5188755434972985,0.03416485900216926,0.5237553946557862,1
2026-06-08,7203,1,0.5054569067664728,0.02834366696191326,0.5216571677117667,1
2026-06-08,9432,0,0.5393308512334557,-0.004752185565102929,0.2710318372374541,0
2026-06-08,6146,1,0.46824953416909776,0.26333728512151744,0.541700013117373,1
2026-06-08,6501,0,0.47971510394728306,-0.058437686344663065,0.5336142556574401,0
2026-06-08,5108,1,0.47702031008714924,0.02419824954627736,0.45742254971333274,1
2026-06-08,8035,1,0.39341928303100304,0.3224282079243912,0.5316862261201861,1
2026-06-08,4502,1,0.500260751393465,0.0075247524752475314,0.5123032343778191,0
2026-06-08,6857,1,0.4488811119319773,0.1658410937190411,0.5414325461056869,1
2026-06-08,8306,1,0.44991286791952817,0.023358585858585856,0.48169935992746404,1
2026-06-08,9433,0,0.48681638260745774,-0.0022026431718061845,0.5061126352823188,0
2026-06-08,8411,1,0.4721926199508481,0.030547474213171055,0.5429974255942767,1
2026-06-09,8766,0,0.48958925764359745,-0.016464237516869096,0.5328720129380606,0
2026-06-09,6857,1,0.4850204714560222,0.15229775921002653,0.5746782622228439,1
2026-06-09,7203,1,0.511464923814912,0.006183745583038913,0.5126403948217165,0
2026-06-09,8001,1,0.5286888145343832,0.006222943722943741,0.5559701824477234,0
2026-06-09,8035,1,0.28742375403503856,0.18257676902536724,0.4437774884433278,1
2026-06-09,7011,1,0.5528729712752546,0.04987599889776795,0.6362816471860819,1
2026-06-09,6501,0,0.5036585920108072,-0.027652601392871734,0.5552781130614078,0
2026-06-09,9432,0,0.5082536378465144,-0.0054533269829587505,0.25483715660850503,0
2026-06-09,4063,1,0.5499899646424438,0.09040374488004677,0.6395163970732417,1
2026-06-09,9984,1,0.5822002757859588,0.0076617480136209615,0.6276656503304022,0
2026-06-09,4502,1,0.4919004404085999,0.009045226130653283,0.4780862196283174,0
2026-06-09,6367,1,0.5248258974787451,0.013969482054588367,0.5476933749770236,0
2026-06-09,5108,1,0.4914407743103726,0.012223478594487247,0.44401420882103976,0
2026-06-09,6758,0,0.5004199910529138,-0.048794655823409805,0.5788083912372373,0
2026-06-09,6098,0,0.4534618381547704,-0.03889137237371476,0.48613962708426167,0
2026-06-09,8058,0,0.5210494006524644,-0.043704474505723234,0.5517586335210791,0
2026-06-09,8411,1,0.47134722307503374,0.008712613784135348,0.5560649632821435,0
2026-06-09,9433,0,0.48288913444353115,-0.002388827636898183,0.5020328470878174,0
2026-06-09,6146,1,0.44743361663829156,0.14024049217002243,0.5554465566604994,1
2026-06-09,8306,1,0.45568387350194256,0.015094339622641506,0.4902532760333511,0
2026-06-10,8035,1,0.27749809053791974,0.17483422286915729,0.46714632117938076,1
2026-06-10,6857,1,0.4657950547076454,0.1912026946701011,0.5840002191895758,1
2026-06-10,6098,0,0.44346153604387734,-0.07557117750439368,0.43092545068158045,0
2026-06-10,8411,1,0.46910800636301303,0.0514841082216968,0.5298152136577767,1
2026-06-10,4502,0,0.49222681341504165,-0.026035502958579926,0.4710980871433951,0
2026-06-10,9432,0,0.5002560775293485,-0.014094000694735764,0.29628966285646735,0
2026-06-10,6367,1,0.47474401712037495,0.016309012875536544,0.5069823371397171,0
2026-06-10,7203,0,0.5221798842070582,-0.001421464108031234,0.5169209584416935,0
2026-06-10,6146,1,0.47083940578997374,0.19469026548672574,0.5736390521464412,1
2026-06-10,9433,0,0.484685666574728,-0.008720930232558155,0.5063953228578488,0
2026-06-10,8058,0,0.47241753134087583,-0.0010834236186348933,0.5431701603694404,0
2026-06-10,8306,1,0.4530517216562191,0.027961043041156097,0.4727447694383533,1
2026-06-10,8766,0,0.4750228132254945,-0.020793950850661602,0.5347974109696968,0
2026-06-10,6758,0,0.5085084165449767,-0.029246676514032455,0.5768474138398121,0
2026-06-10,8001,1,0.5374373981468337,0.00269469145782808,0.5422391182287899,0
2026-06-10,9984,1,0.6194540888911392,0.06485064231543114,0.6386638620231805,1
2026-06-10,6501,0,0.4831008891245204,-0.017349498327759227,0.5599268227295974,0
2026-06-10,4063,1,0.5038306023458737,0.1275578790141898,0.5714700146866268,1
2026-06-10,7011,1,0.5838765774803556,0.07881498043599766,0.6497117106698956,1
2026-06-10,5108,1,0.4854480138524267,0.025460925597887485,0.43724736714145396,1
2026-06-11,8001,1,0.5145410780383214,0.024644030668127037,0.49861847846061474,1
2026-06-11,6857,1,0.4867492090037159,0.20357497517378342,0.5973526519183519,1
2026-06-11,4502,1,0.477153437668883,0.0007947546195112842,0.45286129232102146,0
2026-06-11,8035,1,0.2794382182582057,0.19999999999999996,0.41981572823663804,1
2026-06-11,8766,0,0.4925349673419322,-0.010804970286331761,0.5450573950178739,0
2026-06-11,6501,1,0.4931229755379395,0.031149301825993625,0.5666657989678665,1
2026-06-11,6146,1,0.4852011076553831,0.21362273311437963,0.5786180035623479,1
2026-06-11,8411,1,0.49404131068096185,0.11563429807952397,0.5418171332289307,1
2026-06-11,9433,0,0.4820526762763192,-0.015231187669990986,0.47273972127790354,0
2026-06-11,4063,1,0.5093491265516368,0.08763487897346156,0.6249920655949918,1
2026-06-11,8306,1,0.4493933901244013,0.07418019738936654,0.4673789632960443,1
2026-06-11,9984,1,0.5730186781226136,0.12786319422654535,0.6107315142573971,1
2026-06-11,5108,1,0.47988191791591756,0.031249979203701095,0.4280965923860323,1
2026-06-11,6758,0,0.5254143348360388,-0.03532205402196498,0.5675595495581784,0
2026-06-11,9432,0,0.48266714417494244,-0.018579980812603925,0.3204584931146926,0
2026-06-11,7011,1,0.5601499647930581,0.13566113337149388,0.6351191527024203,1
2026-06-11,6098,1,0.39093313847689937,0.0008964589870013029,0.47494966015097373,0
2026-06-11,6367,1,0.47891901717085156,0.0314260944950151,0.5191281854891393,1
2026-06-11,8058,0,0.5146592074660159,-0.007600434310532034,0.5784151288100507,0
2026-06-11,7203,1,0.5209524444256616,0.01674249317561416,0.5509079679979524,0
2026-06-12,4502,0,0.49058759634377413,-0.029122392758756388,0.47516468431857717,0
2026-06-12,6098,1,0.4035134818198214,0.006950880444856367,0.4874778209461122,0
2026-06-12,8001,0,0.5230024332547464,-0.015454303224087362,0.550137435785819,0
2026-06-12,9984,1,0.5519291494511555,0.09873300370828186,0.5877869975203198,1
2026-06-12,6146,1,0.2718877066604079,0.06257822277847302,0.46177844355868547,1
2026-06-12,7203,1,0.5170062785144897,0.0003602954422625704,0.53727190880994,0
2026-06-12,8035,1,0.24727946259211486,0.10823529411764699,0.3864218433779887,1
2026-06-12,8766,0,0.45884991155033117,-0.01788395904436857,0.5152043630291143,0
2026-06-12,9433,0,0.4864971092164544,-0.01715420729505235,0.49871326339379357,0
2026-06-12,8411,1,0.4748944579529975,0.042443474811582727,0.5237595273967978,1
2026-06-12,9432,0,0.5217861815721618,-0.024324365564294737,0.29321254350408943,0
2026-06-12,8058,0,0.5349361813104839,-0.030535981208626994,0.5443662388030851,0
2026-06-12,6758,0,0.5372929169610645,-0.04617253948967193,0.5917979745773778,0
2026-06-12,6367,1,0.47735765919983164,0.037342596613113344,0.5207627219715338,1
2026-06-12,4063,1,0.4849638466034379,0.016972732331663964,0.5406556154523708,0
2026-06-12,5108,1,0.48608163387235015,0.008833968922683955,0.371602328388049,0
2026-06-12,7011,1,0.5766985064188868,0.1064971751412429,0.6408959752005378,1
2026-06-12,6857,1,0.4811480213202026,0.16157365050320216,0.5372880730107501,1
2026-06-12,8306,1,0.45885180449595864,0.03668564199873492,0.48311574786150674,1
2026-06-12,6501,1,0.4847931746877932,0.022976164913034225,0.5355075149233306,1
2026-06-15,8035,1,0.27447066572430784,0.06926882902693787,0.40439851655164477,1
2026-06-15,9984,1,0.4049307980426297,0.014707942288835874,0.4893836917509314,0
2026-06-15,6146,1,0.26399898767620444,0.03788856304985333,0.43674959862453955,1
2026-06-15,8001,0,0.5129136351466499,-0.031200839014158377,0.475373743100131,0
2026-06-15,6367,1,0.41611306391187086,0.023330479452054798,0.4854704186323565,1
2026-06-15,4502,0,0.4956542724197042,-0.022209119496855334,0.4795483940203206,0
2026-06-15,7203,0,0.5284908944339682,-0.05546942291128343,0.5344376419928323,0
2026-06-15,8306,1,0.46058106150020456,0.028069093152375046,0.4823827298395173,1
2026-06-15,8411,1,0.4974519907759479,0.032080071859361015,0.5586208281474205,1
2026-06-15,9433,0,0.5034389423947205,-0.030353200883002196,0.48849724891457497,0
2026-06-15,9432,0,0.5551784893909595,-0.017735375138250298,0.277431993035755,0
2026-06-15,6857,1,0.3154868556531491,0.09347382732834797,0.47891028734445645,1
2026-06-15,5108,0,0.49449549834800544,-0.02220324829057807,0.4430268321454938,0
2026-06-15,8766,0,0.45351123138764593,-0.0004109026160800111,0.5008435975806341,0
2026-06-15,7011,1,0.5451290623125362,0.06832467887400928,0.6101031954546112,1
2026-06-15,8058,0,0.514111277881638,-0.025169204737732653,0.5086304722749824,0
2026-06-15,6098,1,0.4616500613972516,0.03078358208955234,0.5168779532792185,1
2026-06-15,6758,0,0.5448718805986633,-0.04126506024096388,0.5809669955440849,0
2026-06-15,4063,0,0.5124395723998807,-0.033976731887889966,0.5658103887385572,0
2026-06-15,6501,1,0.4929182187144014,0.02681021743719647,0.5562739676841424,1
2026-06-16,6501,1,0.5034258939104427,0.0006319780914261219,0.5541751329375707,0
2026-06-16,6857,1,0.3314445376977109,0.03592617007251153,0.521626951694957,1
2026-06-16,8766,0,0.4529454656516946,0.0,0.5050114009523395,0
2026-06-16,8001,0,0.54048166310363,-0.015595590212422739,0.5332056199753923,0
2026-06-16,6758,0,0.5423345090349523,-0.035419847328244325,0.5936705230368,0
2026-06-16,8306,1,0.4724093606969361,0.012081784386617,0.4759383519130606,0
2026-06-16,8411,1,0.4616793953279157,0.008121696532164435,0.520268224925617,0
2026-06-16,5108,0,0.4858395042120977,-0.024151810358917225,0.422167506892138,0
2026-06-16,8035,1,0.24968894149741877,0.029635901778154006,0.3744072951204406,1
2026-06-16,6146,1,0.2868205918468499,0.016186388718577582,0.3977384199071301,0
2026-06-16,7011,0,0.5087515341114288,-0.01784776902887142,0.5420060122842311,0
2026-06-16,8058,0,0.5088549251125312,-0.0008705114254624613,0.5504696733407999,0
2026-06-16,6098,1,0.5661210327326625,0.03395348837209311,0.5930594246087286,1
2026-06-16,9432,0,0.5423981623652118,-0.011651795883201532,0.27892302546761705,0
2026-06-16,4502,0,0.47514290812035914,-0.0017928286852589848,0.47627420989754776,0
2026-06-16,7203,0,0.5306739202203952,-0.04969271290605792,0.5197749714525481,0
2026-06-16,4063,0,0.5188527908644784,-0.02052589213844913,0.5818496045881688,0
2026-06-16,6367,1,0.4388759493976071,0.0016956337431115465,0.5086833213734973,0
2026-06-16,9433,0,0.49610462083609436,-0.018603794437281218,0.46670758547718866,0
2026-06-16,9984,0,0.4302857641790981,-0.08293438468037173,0.4802793890978564,0
2026-06-17,9432,0,0.5186248898670183,-0.012253150903717147,0.26659945399272617,0
2026-06-17,8058,0,0.5193501558859676,-0.017353579175705014,0.5441054250805255,0
2026-06-17,5108,0,0.46819627659551544,-0.03995435789178725,0.35739138491687994,0
2026-06-17,7203,0,0.5102917383465496,-0.044128113879003505,0.5166941133581664,0
2026-06-17,7011,0,0.5250165404013147,-0.030310880829015563,0.5513104043509468,0
2026-06-17,8306,0,0.4622748899519945,-0.020476772616136896,0.3763931235954043,0
2026-06-17,6146,0,0.26045334137044207,-0.047311827956989294,0.38433322405013864,0
2026-06-17,6098,1,0.5993491140267878,0.0670152091254752,0.648906059563783,1
2026-06-17,8035,0,0.2595712783990373,-0.03772026431718056,0.3706385550155885,0
2026-06-17,8411,0,0.5058146532174228,-0.035473394953784654,0.5611690063926267,0
2026-06-17,8766,0,0.46859937308153554,-0.038885824600110364,0.507449930424463,0
2026-06-17,6501,0,0.5215392829141511,-0.0021272069772388935,0.5540891334970383,0
2026-06-17,4063,0,0.5111200022437349,-0.05947807656643267,0.5615038457875946,0
2026-06-17,9984,0,0.4187507437958671,-0.0411337209302326,0.49907377682879756,0
2026-06-17,8001,0,0.5428790892297211,-0.02230583176565437,0.5113110136464587,0
2026-06-17,6857,1,0.34577705863814373,0.03792415169660668,0.522081718162121,1
2026-06-17,4502,1,0.48861790341133565,0.033616848926691034,0.48596535306421657,1
2026-06-17,9433,0,0.489307372493072,-0.01777859237536661,0.4675473969655372,0
2026-06-17,6367,0,0.4472122961213803,-0.008023648648648685,0.49677066036696077,0
2026-06-17,6758,0,0.534258174319721,-0.010955569080949523,0.5500886052875661,0
2026-06-18,8058,0,0.5080832218230986,-0.03719912472647702,0.5242353068745133,0
2026-06-18,4063,0,0.5012630778500976,-0.04142646467354871,0.5711047843642321,0
2026-06-18,8411,0,0.49577314000660727,-0.06352285125469759,0.5702813088289108,0
2026-06-18,6146,1,0.26977474311201444,0.011530768325685337,0.42113931563074636,0
2026-06-18,6501,0,0.5121992358493024,-0.05125000000000002,0.5411725221249577,0
2026-06-18,8035,0,0.26628913999907705,-0.009726603575184067,0.3988799888720232,0
2026-06-18,8766,0,0.4654664567350785,-0.0647187329328236,0.4877954130851515,0
2026-06-18,7011,0,0.5174725212852845,-0.08820564516129037,0.5313114255666741,0
2026-06-18,6857,1,0.34185916503880215,0.18481848184818483,0.5301114282368492,1
2026-06-18,4502,1,0.49502606055357157,0.0033750248163588736,0.5045029673949906,0
2026-06-18,8001,0,0.5325523004513595,-0.030464991982896872,0.5059136753295127,0
2026-06-18,9984,0,0.37502894419398103,-0.009876199749617509,0.47274535093890824,0
2026-06-18,9432,0,0.5169254602748696,-0.027721372643166986,0.2578977801714056,0
2026-06-18,6367,1,0.44402697042708045,0.0023114099600756166,0.526216053550721,0
2026-06-18,6098,1,0.4576252400616381,0.006717420510524041,0.4971813219727007,0
2026-06-18,9433,0,0.48742237508538777,-0.017308046400294597,0.4685527871278598,0
2026-06-18,8306,0,0.46559506936325534,-0.04179016004742142,0.4945638303482041,0
2026-06-18,5108,0,0.47694197077155637,-0.011543976779541665,0.3691091441414694,0
2026-06-18,7203,0,0.518479163076931,-0.03329156971541081,0.5365741580520023,0
2026-06-18,6758,0,0.5269038353937147,-0.016307692307692356,0.556434335434473,0
2026-06-19,6098,1,0.489626606322399,0.016106764841233412,0.5120376773209746,0
2026-06-19,9984,0,0.4611777872416258,-0.12445506961046271,0.5327460020010845,0
2026-06-19,8001,0,0.5349544450261465,-0.007577807848443863,0.5238071990482545,0
2026-06-19,8306,0,0.47786400812381763,-0.010067114093959773,0.48613115629963044,0
2026-06-19,8766,0,0.469530359048704,-0.040450375312760634,0.5062040352569374,0
2026-06-19,6367,1,0.4834658231121677,0.006697362913352878,0.526587616116347,0
2026-06-19,9433,0,0.49615249876549106,-0.014881499173250101,0.4878058527616159,0
2026-06-19,4063,0,0.4880770780354249,-0.06497948016415867,0.5644742935207635,0
2026-06-19,6758,1,0.5340220290790487,0.018789808917197393,0.5702428657166702,0
2026-06-19,8035,0,0.23959006653815249,-0.03237791932059453,0.3595197542378688,0
2026-06-19,8411,0,0.4723211629645606,-0.011415525114155223,0.5489481172419304,0
2026-06-19,6146,0,0.2831724138990033,-0.07526501766784455,0.4346531410725001,0
2026-06-19,7203,0,0.5126839347642361,-0.0030614082477939952,0.5402140875698994,0
2026-06-19,5108,1,0.48096909597351045,0.01050784890626999,0.43897144213010625,0
2026-06-19,6501,0,0.510394423282799,-0.06003358522250213,0.5347180631069687,0
2026-06-19,8058,0,0.5100263581760374,-0.030176211453744495,0.5388038589217787,0
2026-06-19,7011,0,0.517113296449043,-0.089354097523615,0.5306335148914687,0
2026-06-19,9432,0,0.5775658557707251,-0.0006924574027215025,0.36728204152384036,0
2026-06-19,6857,1,0.3224483459225123,0.022054190296156184,0.48528496416911276,1
2026-06-19,4502,1,0.4995719197723036,0.03100932306445081,0.5122695744030483,1
2026-06-22,8766,0,0.47087260756242083,-0.006851192107426685,0.46755095541693303,0
2026-06-22,4063,0,0.516662215063455,-0.04995210072533185,0.5893549166562084,0
2026-06-22,6367,1,0.44729434107237914,0.023216900230077497,0.502141472610628,1
2026-06-22,6098,1,0.4695673709330657,0.022171945701357387,0.5233008093636562,1
2026-06-22,7011,0,0.5381513703566687,-0.06600153491941674,0.5362626558714412,0
2026-06-22,4502,1,0.5029861688785545,0.04040201005025135,0.4982351656379925,1
2026-06-22,6146,0,0.31978315184919637,-0.10092676311030746,0.47399307022703274,0
2026-06-22,8001,1,0.5398883212207904,0.0010825439783490598,0.5150774506119851,0
2026-06-22,8035,0,0.2953482224740189,-0.03984575835475579,0.3995044130390875,0
2026-06-22,8058,0,0.5188247554715856,-0.042308526795400314,0.5494982775698795,0
2026-06-22,9432,1,0.5444268693084326,0.01388888888888884,0.2920852475198408,0
2026-06-22,7203,1,0.5223277064151833,0.011125296370600113,0.5796876396499301,0
2026-06-22,9984,0,0.44499975753522863,-0.18636112644947544,0.5257497924209251,0
2026-06-22,6501,0,0.5113313570135798,-0.07771381578947367,0.5269146890914206,0
2026-06-22,9433,1,0.5309393757949588,0.030923923354202243,0.5244557631041384,1
2026-06-22,8411,0,0.46528364232404806,-0.0486137013552157,0.5354133870473974,0
2026-06-22,5108,1,0.48945316805848493,0.014377852839706717,0.4103642615264838,0
2026-06-22,8306,0,0.4645716875557413,-0.03660366036603657,0.47518556885003066,0
2026-06-22,6857,0,0.34232173355576295,-0.006838669567920452,0.49469762709875154,0
2026-06-22,6758,1,0.5472886453298655,0.036443606660383265,0.5481721137068014,1
2026-06-23,8411,0,0.4833579076196912,-0.009846547314578014,0.5382389440240233,0
2026-06-23,9433,1,0.48809070574420255,0.030405405405405483,0.4915304767987902,1
2026-06-23,4502,1,0.5112952656823597,0.02873677908601069,0.5082017636057327,1
2026-06-23,7203,1,0.5226115413799034,0.007021433850702197,0.5809118424864255,0
2026-06-23,8306,0,0.4622206218685657,-0.018365472910927494,0.48182635147057595,0
2026-06-23,9432,1,0.5527573983247133,0.0055478714888250735,0.2846540825656448,0
2026-06-23,8001,1,0.5226747089580521,0.012838022398251825,0.47990219395339634,0
2026-06-23,8035,1,0.2946169966857643,0.057428728070175517,0.44814119559003884,1
2026-06-23,9984,0,0.6387085956102756,-0.08444649163212037,0.7180621204860269,0
2026-06-23,6501,0,0.5224775149954408,-0.0587368421052632,0.5568341803038966,0
2026-06-23,7011,0,0.5102914458331537,-0.020309994655264618,0.5672239105023944,0
2026-06-23,5108,1,0.4852176267262219,0.022434041820551753,0.45905576137363535,1
2026-06-23,6367,1,0.4112697041488399,0.04464663563267024,0.47534127718759517,1
2026-06-23,6857,1,0.3796567697668379,0.028953229398663627,0.5210408557784801,1
2026-06-23,6146,0,0.3437916423384115,-0.019428019790032613,0.4894111451475596,0
2026-06-23,6758,1,0.5269972030177977,0.03830326052548272,0.5260825089421439,1
2026-06-23,8766,0,0.4777301742444307,-0.011800219538968149,0.4876192476989959,0
2026-06-23,6098,1,0.4568174597238184,0.01934322986954573,0.5097874237875956,0
2026-06-23,8058,0,0.511213492936313,-0.0531474624264866,0.5394457085306709,0
2026-06-23,4063,0,0.4834845158738591,-0.04013148883714557,0.5525147991530533,0
2026-06-24,4502,1,0.5398833965825376,0.009012539184952928,0.5349866139436039,0
2026-06-24,6857,1,0.3954602845512657,0.02564102564102555,0.525612779176485,1
2026-06-24,8766,1,0.4885004828188628,0.020373027259684262,0.5292862112948981,1
2026-06-24,6367,1,0.37700529462610066,0.05555555555555558,0.44615429371555904,1
2026-06-24,8058,0,0.510472073392064,-0.041059602649006655,0.5425880393659136,0
2026-06-24,8306,1,0.46400613796806967,0.013104524180967303,0.4844374002588968,0
2026-06-24,9433,0,0.5037890907523414,-0.009143496921067418,0.48157081447501565,0
2026-06-24,5108,1,0.5343374214864913,0.029131971373119292,0.5171916742118667,1
2026-06-24,9432,0,0.5301921510933331,-0.015851157512129732,0.26188060935272933,0
2026-06-24,6501,0,0.5147382207727271,-0.04156896184182479,0.5491844568838748,0
2026-06-24,6098,1,0.46096499485504455,0.027171492204899783,0.5092272457909974,1
2026-06-24,9984,0,0.5948131751030454,-0.09049567985447926,0.658705011179749,0
2026-06-24,8001,1,0.5212657698008024,0.01814183617372178,0.46720159896889185,0
2026-06-24,4063,1,0.5324211318529424,0.022394366197183047,0.6419257872060065,1
2026-06-24,6758,0,0.5457820831620672,0.0,0.5275187605467765,0
2026-06-24,7203,1,0.5187246063442876,0.014333581533879425,0.5838857341186856,0
2026-06-24,8411,1,0.4799976574576134,0.01191401191401198,0.537559008987533,0
2026-06-24,7011,0,0.503061924244646,-0.0018701576275714782,0.5470052055803021,0
2026-06-24,6146,1,0.528300774413406,0.05994482066716822,0.6247055831755309,1
2026-06-24,8035,1,0.4747038982677409,0.1273247496423462,0.5776385471364314,1
2026-06-25,9433,1,0.4921562122639067,0.020610830054337725,0.4535912765056171,1
2026-06-25,6857,0,0.36946579608445407,-0.19735376044568242,0.4861683719794782,0
2026-06-25,8766,1,0.49135768292316956,0.0964963503649634,0.516088076867096,1
2026-06-25,6098,1,0.4760038307498155,0.034697508896797125,0.5169118042786038,1
2026-06-25,8058,0,0.4961001727337696,-0.003409090909090917,0.5373862719069765,0
2026-06-25,6146,0,0.3380972573277337,-0.10596719785971853,0.47437989636527406,0
2026-06-25,8306,1,0.4850248482569368,0.02257964738632845,0.5128930606285065,1
2026-06-25,6758,1,0.5462396401172698,0.041601501407569685,0.5397509388761093,1
2026-06-25,6501,1,0.5253859256953207,0.025252525252525304,0.582556628807247,1
2026-06-25,6367,1,0.4217823118743665,0.05262054507337521,0.4931388772488495,1
2026-06-25,8001,1,0.53769286817148,0.03969128996692395,0.4795232073970962,1
2026-06-25,7011,1,0.5083779342704748,0.04698728579325584,0.5626483266616636,1
2026-06-25,9984,0,0.42334031951632495,-0.12967125597077833,0.5145358787505512,0
2026-06-25,4502,1,0.527744537353047,0.04352987732489111,0.5168483873564147,1
2026-06-25,7203,1,0.5244301072426587,0.03425291612664316,0.5755988082312816,1
2026-06-25,5108,1,0.48258028336813924,0.041406266377970624,0.4450592733078551,1
2026-06-25,9432,1,0.5513593090312441,0.01599445760046314,0.3120771086680152,0
2026-06-25,8035,0,0.3209910955115133,-0.03185558800106181,0.43634287567478575,0
2026-06-25,8411,1,0.46931262713560656,0.032103559870550136,0.5395666804541196,1
2026-06-25,4063,0,0.5342264539810934,-0.017622377622377616,0.6092402965778551,0
2026-06-26,8306,1,0.46215649288368454,0.024961479198767345,0.47490488455855495,1
2026-06-26,5108,1,0.48365129335430423,0.03321575543797772,0.4493811064018325,1
2026-06-26,8001,1,0.5202530684697549,0.029997272975184064,0.4961266751866726,1
2026-06-26,4063,1,0.5157034416478576,0.017995610826627706,0.6055855773252474,0
2026-06-26,7011,1,0.5319147889498473,0.06307821698906646,0.6021166783062553,1
2026-06-26,9984,0,0.6104739883358989,-0.009155155798265313,0.6806328448582415,0
2026-06-26,6098,1,0.5179017671535778,0.07971014492753614,0.5408962930635892,1
2026-06-26,6501,1,0.47929916050452537,0.030594015185350543,0.5505627480737284,1
2026-06-26,8411,1,0.47713147393441296,0.036438285860918684,0.5398892734013638,1
2026-06-26,8035,1,0.45261390457144157,0.0038398244651673963,0.5756815174103395,0
2026-06-26,7203,1,0.5136074063472961,0.021676300578034713,0.546306146816511,1
2026-06-26,4502,1,0.5259952999920817,0.053469628464714036,0.5140170176374729,1
2026-06-26,9432,1,0.5426987306001698,0.012474033358905734,0.26562589754376487,0
2026-06-26,6367,1,0.4565095182782304,0.06839916839916849,0.5075856885411797,1
2026-06-26,6857,0,0.3955871132923697,-0.0954069050554871,0.5315801166771204,0
2026-06-26,8058,1,0.5215843084505356,0.012264365205541639,0.5445261371923142,0
2026-06-26,9433,1,0.49682793209885723,0.008019395747855373,0.4854956853070304,0
2026-06-26,8766,1,0.4993101416909194,0.09865275966970888,0.5161721918590922,1
2026-06-26,6758,1,0.5568708646660646,0.05658018130665843,0.5400762058245727,1
2026-06-26,6146,0,0.543812819133109,-0.02445548337791359,0.6267447828374944,0
2026-06-29,8035,0,0.45891748184809544,-0.03186077643908969,0.5701280568010088,0
2026-06-29,6857,0,0.3721698348187975,-0.07464788732394367,0.48629167170162346,0
2026-06-29,5108,1,0.47456117261258746,0.053154205607476745,0.44891102072345535,1
2026-06-29,8001,1,0.5096726428955851,0.023790213571235563,0.34256031071049287,1
2026-06-29,4502,1,0.4986683462963937,0.06588098918083451,0.5417988007476404,1
2026-06-29,8306,1,0.4897409743701213,0.049517284335098166,0.5097807433042427,1
2026-06-29,9984,1,0.7054941535514767,0.014421445537835087,0.7433787505701482,0
2026-06-29,4063,1,0.5246317136050971,0.06813598386632091,0.6250887657718114,1
2026-06-29,6758,1,0.5293241156649477,0.03728402546226128,0.5293572441105392,1
2026-06-29,7203,1,0.5067155028780125,0.05447330447330456,0.5126547700012921,1
2026-06-29,8411,1,0.4858406321823541,0.07096184004181905,0.5447132890364627,1
2026-06-29,7011,1,0.5153243101916797,0.12571898110106816,0.5904403907393465,1
2026-06-29,6501,1,0.4974281991317796,0.07111012037449838,0.5762019944832742,1
2026-06-29,9433,1,0.48716848508159954,0.007545086492454889,0.49396859839950563,0
2026-06-29,6146,0,0.491147542358527,-0.019484600879949743,0.6151363807144059,0
2026-06-29,9432,1,0.532422372945952,0.006849315068493178,0.2998328503937676,0
2026-06-29,8766,1,0.5069005662000972,0.07753863134657846,0.536213479392951,1
2026-06-29,6367,1,0.46608729619941613,0.06909239574816017,0.5158118421472401,1
2026-06-29,8058,1,0.517173801488953,0.021069324875396367,0.5546217596047011,1
2026-06-29,6098,1,0.5129329566937342,0.05312084993359889,0.5479164858934704,1
2026-06-30,4502,1,0.4917790894450608,0.05683802133850624,0.5057519012852643,1
2026-06-30,6501,1,0.5069654143949098,0.10534556027734299,0.5775051483147237,1
2026-06-30,8411,1,0.4770336715597033,0.06250807180679319,0.5438299877620829,1
2026-06-30,8766,1,0.49749584539976055,0.07136906414884758,0.5332280007546201,1
2026-06-30,8001,1,0.4999342063258471,0.026968716289104577,0.35333420348424505,1
2026-06-30,4063,1,0.5239917594236361,0.021404109589041154,0.5926492997646956,1
2026-06-30,9984,0,0.7254998070758969,-0.03219855777293312,0.7901510084961604,0
2026-06-30,8306,1,0.4520182689645652,0.07452447770502024,0.47809203003581646,1
2026-06-30,6857,0,0.383964452957299,-0.10636982065553491,0.5402045915264291,0
2026-06-30,8035,0,0.2798916845986323,-0.0995463383020091,0.39536734596739154,0
2026-06-30,5108,1,0.47660292980177676,0.06686217008797657,0.44433180670274597,1
2026-06-30,9433,1,0.4848791794999804,0.012386156648451774,0.47162169980960983,0
2026-06-30,7203,1,0.5011160379243924,0.08110091743119274,0.5179069592653562,1
2026-06-30,6367,1,0.4679858168532767,0.052461008709742796,0.5000908167410796,1
2026-06-30,9432,1,0.5455933667648344,0.020689655172413834,0.27896610663853455,1
2026-06-30,6146,0,0.40552264044982567,-0.11518582328328819,0.5521772728783336,0
2026-06-30,6098,1,0.5102937119420154,0.08561341571050307,0.5396443588911729,1
2026-06-30,6758,1,0.5284557340822971,0.06768292682926824,0.5003569083724569,1
2026-06-30,8058,1,0.5192659719085883,0.035196687370600444,0.6122168152284722,1
2026-06-30,7011,1,0.4717503126488224,0.09356246590289152,0.5356442861230148,1
2026-07-01,7203,1,0.5087078251704277,0.06037805101853544,0.5131023865616445,1
2026-07-01,6367,1,0.46070549547063233,0.026819923371647514,0.3076102955796582,1
2026-07-01,8058,1,0.5333839752833864,0.027624309392265234,0.5793283738003387,1
2026-07-01,8766,1,0.5183934275703636,0.08267716535433078,0.5426908962295893,1
2026-07-01,8411,1,0.4890178731467895,0.05579728692091113,0.5426683283240636,1
2026-07-01,8306,1,0.4708234208994545,0.05728364644287032,0.4736327648667694,1
2026-07-01,9432,1,0.5639481009686489,0.04691874513345606,0.3145193532180021,1
2026-07-01,4502,1,0.49534846579015857,0.058446601941747556,0.4930728824691906,1
2026-07-01,8035,0,0.25191109438679554,-0.14530456852791873,0.3945619586360896,0
2026-07-01,6501,1,0.5348566926231592,0.06272241992882566,0.5685518896659449,1
2026-07-01,9433,1,0.49545742492229916,0.057627118644067776,0.4925093754170608,1
2026-07-01,4063,0,0.5152053417683774,-0.04670064747210356,0.5771303979705419,0
2026-07-01,6098,1,0.5053135817376596,0.056374674761491717,0.5430103049538575,1
2026-07-01,5108,1,0.4759953542169892,0.06290417401528514,0.42055460390400445,1
2026-07-01,8001,1,0.5007089272036284,0.014038876889848728,0.3494155435517002,0
2026-07-01,6758,1,0.5184922048189489,0.06707692307692303,0.49925305830439615,1
2026-07-01,9984,0,0.6912011730480475,-0.03949999999999998,0.800820714306706,0
2026-07-01,6857,0,0.37079918878535356,-0.13921874999999995,0.5243278212861183,0
2026-07-01,6146,0,0.3614548959419477,-0.19273544723142455,0.5104635282360562,0
2026-07-01,7011,1,0.48748632681748966,0.02275160599571735,0.5482168889980511,1
2026-07-02,6146,0,0.5363575410130406,-0.06960707780379916,0.6189216646563509,0
2026-07-02,8411,1,0.47908927826970865,0.030227016179606103,0.5441966472322771,1
2026-07-02,9432,1,0.49690269108010826,0.019849375601186825,0.29229798050139966,0
2026-07-02,6098,1,0.4764259604076664,0.07523645743766116,0.5375075745809382,1
2026-07-02,8058,1,0.5217631230174539,0.005929304446978367,0.5604374719079688,0
2026-07-02,9433,1,0.5031538802751616,0.029924729208738787,0.47997041460484585,1
2026-07-02,4063,0,0.5108687812214133,-0.001993166287015957,0.5852007752201211,0
2026-07-02,4502,1,0.5064363114720004,0.02351156617368222,0.5168690443071609,1
2026-07-02,7011,1,0.5294133526453442,0.004487856388595501,0.5471556982116941,0
2026-07-02,6367,1,0.4629508233928267,0.0027882891854211778,0.30750156854960536,0
2026-07-02,6758,1,0.5195402509063072,0.023723723723723777,0.5004644587044044,1
2026-07-02,5108,1,0.4851909373087342,0.01911554921540648,0.49028282979556176,0
2026-07-02,8001,1,0.4905352630147113,0.002916224814422108,0.3678605328478629,0
2026-07-02,9984,0,0.5878359471167308,-0.07070217917675548,0.6906226130078121,0
2026-07-02,6501,1,0.5030357837087828,0.01906189762261734,0.5182144697432461,0
2026-07-02,8306,1,0.4670916356643705,0.03266787658802173,0.4864359396101681,1
2026-07-02,8766,1,0.524865907720184,0.04779656503794438,0.5418936018045042,1
2026-07-02,7203,1,0.4987216656793558,0.011099176512710418,0.5162153138565506,0
2026-07-02,8035,0,0.4715617335775458,-0.025774609267891435,0.5735922393442212,0
2026-07-02,6857,1,0.5376451546886867,0.011972930765226542,0.640632922273138,0
2026-07-03,9433,1,0.5103519089833454,0.03256244218316384,0.4886686600551877,1
2026-07-03,6098,1,0.4945760560695621,0.02684563758389258,0.5647020628626384,1
2026-07-03,9984,1,0.6501059139897593,0.032582266169557395,0.7284976981561023,1
2026-07-03,4063,1,0.5355293990249272,0.05202644438056914,0.5831637017682462,1
2026-07-03,6501,1,0.49591710233562086,0.018418201516793076,0.5078241675746419,0
2026-07-03,8001,0,0.4937566807201442,-0.002382843526608447,0.36211487303712114,0
2026-07-03,6857,1,0.5358726665017597,0.016527517464644648,0.6617218271282853,0
2026-07-03,8035,0,0.34160222519059197,-0.0035519125683060038,0.494660853753892,0
2026-07-03,7011,1,0.5297347755046553,0.006856540084388296,0.5382417276990963,0
2026-07-03,6758,0,0.5302293126812869,-0.006213017751479311,0.5125164512809139,0
2026-07-03,5108,1,0.47402259940614144,0.015362731152204878,0.45513714662608673,0
2026-07-03,8766,1,0.5121388041304274,0.0032964135021096297,0.5415950134052179,0
2026-07-03,9432,1,0.5102771407714464,0.010266940022830795,0.30353499782118104,0
2026-07-03,8411,1,0.49403837771906955,0.028348601138895813,0.5455701612641043,1
2026-07-03,6367,0,0.4768943602904173,-0.02276707530647981,0.36374622698596765,0
2026-07-03,8306,1,0.45987637057397174,0.04058929645219478,0.46597507259405424,1
2026-07-03,7203,0,0.5081841630827825,-0.0017680339462518013,0.5112387238946831,0
2026-07-03,4502,0,0.5001651134244393,0.0,0.5216842496010148,0
2026-07-03,6146,0,0.4767318271904771,-0.05261783522653085,0.6019925820903006,0
2026-07-03,8058,0,0.520915697479228,-0.01076957594794703,0.5309020274029288,0
2026-07-06,8411,1,0.5054961142039944,0.027089688834655234,0.5672106831568646,1
2026-07-06,6758,0,0.5297092934031715,-0.023670368205727654,0.49904181693272387,0
2026-07-06,6501,0,0.5176711173571532,-0.018522372528615993,0.500637430331334,0
2026-07-06,7203,0,0.5330999331007497,-0.040027369141293234,0.5242072813353378,0
2026-07-06,9432,1,0.49336576832290124,0.014285755806228817,0.284473937863904,0
2026-07-06,4063,0,0.5218042548030116,-0.01011463250168576,0.5365934090234825,0
2026-07-06,8035,0,0.46103342672115083,-0.014103982300884943,0.5926937707442641,0
2026-07-06,8001,0,0.4869954502503787,-0.008449960390810696,0.39734537297430533,0
2026-07-06,6857,0,0.4983348495148059,-0.025198714696431646,0.6480578118410996,0
2026-07-06,5108,0,0.5058049338868073,-0.0074875207986688785,0.4994683201442081,0
2026-07-06,8766,0,0.5106506325030792,-0.02522407170294494,0.5524222246838131,0
2026-07-06,6367,0,0.4556429357527763,-0.04435946462715101,0.35813637721710895,0
2026-07-06,9433,1,0.49946355043115814,0.02630136986301368,0.4670459986189504,1
2026-07-06,8058,0,0.5010798866643251,-0.014865764366540968,0.5030231371331466,0
2026-07-06,8306,1,0.4622836231759825,0.050741839762611374,0.48534262801135186,1
2026-07-06,7011,0,0.47538116549564885,-0.08564476885644767,0.5124212382336971,0
2026-07-06,9984,1,0.6399887552175278,0.06439203880247524,0.7085237584840154,1
2026-07-06,6146,0,0.4613701007152069,-0.09141025641025646,0.6144233409938005,0
2026-07-06,6098,1,0.472081821464845,0.03825136612021862,0.5404825862504629,1
2026-07-06,4502,0,0.5077538918239236,-0.0360703280768534,0.5257726118853352,0
2026-07-07,9433,1,0.4923715686947652,0.02015113350125941,0.4992649876207949,1
2026-07-07,8306,1,0.4743950961004084,0.04468949506674402,0.48934648233928757,1
2026-07-07,9432,1,0.48653250006462584,0.01486484424487955,0.3230052710260341,0
2026-07-07,8058,0,0.5083672990031404,-0.000888888888888939,0.5234365903115666,0
2026-07-07,5108,1,0.48281125090999866,0.002473886750962162,0.48371537268238884,0
2026-07-07,8411,1,0.4929737068408565,0.03075240063206519,0.5556288062082514,1
2026-07-07,6501,0,0.5098312497644992,-0.028328611898016942,0.5133171702799897,0
2026-07-07,6857,1,0.5192889007977554,0.030276816608996615,0.6750113916920822,1
2026-07-07,8035,1,0.5004786574386727,0.02389520656398436,0.6041430180052088,1
2026-07-07,7203,0,0.5132566605383749,-0.0363204344874406,0.5098652718698823,0
2026-07-07,4502,0,0.495414176805823,-0.022209985315712166,0.5265285839456973,0
2026-07-07,6367,0,0.4453427107270834,-0.04157043879907618,0.40299807982043917,0
2026-07-07,7011,0,0.4920399106563415,-0.0656023946121227,0.5371927517142481,0
2026-07-07,4063,1,0.5042655322575849,0.043727298127968606,0.5764861685336704,1
2026-07-07,6146,0,0.45650392111798316,-0.003477051460361591,0.5524659840533268,0
2026-07-07,8766,1,0.4994058245155901,0.0005184033177811909,0.5510889842409199,0
2026-07-07,9984,1,0.6553311293550121,0.13914399584127524,0.7568332091922566,1
2026-07-07,6098,1,0.4922116482405113,0.029268292682926855,0.5308481322606641,1
2026-07-07,8001,0,0.4915397778223128,0.0,0.43209559676921144,0
2026-07-07,6758,0,0.5096420300517328,-0.03398058252427183,0.5043358825115395,0
2026-07-08,6501,1,0.5232409259796101,0.0037672666387609244,0.5353879745864488,0
2026-07-08,6146,1,0.44195186412329224,0.07797156675949002,0.528771212290119,1
2026-07-08,7011,1,0.45767470892861073,0.0018319811567653055,0.5221352578425833,0
2026-07-08,9984,1,0.6199548463148182,0.10359187922956803,0.6819461374211463,1
2026-07-08,8411,1,0.49035846033364955,0.045333333333333226,0.5453682422740984,1
2026-07-08,6098,1,0.4995701750606942,0.03284072249589487,0.5562345747606507,1
2026-07-08,8306,1,0.45828759939456165,0.07690066996795797,0.45931826672901727,1
2026-07-08,6367,0,0.4109767985288071,-0.01846032992930091,0.3354592682525014,0
2026-07-08,8035,1,0.44438420388655503,0.10230141054194508,0.5681795394480793,1
2026-07-08,6857,1,0.49880702897081153,0.1439462697404248,0.6217351786160817,1
2026-07-08,8766,1,0.5009631541030332,0.009350649350649443,0.5485171841745505,0
2026-07-08,8001,1,0.5029005843896607,0.03088391906283272,0.395867007966153,1
2026-07-08,6758,0,0.4941347246418845,-0.02277970011534025,0.4788965974099249,0
2026-07-08,5108,1,0.4752243774055235,0.01742256637168138,0.4490915215646385,0
2026-07-08,9433,1,0.4905923621864348,0.01584757834757844,0.5001274468524602,0
2026-07-08,7203,0,0.5226353355986212,-0.004672897196261627,0.5155159484872062,0
2026-07-08,4502,0,0.4956733033436841,-0.029902770133920398,0.5021954628847753,0
2026-07-08,9432,1,0.47030918210943057,0.0033444816053511683,0.3653194485489246,0
2026-07-08,8058,1,0.4903488915340862,0.027105734767025158,0.4256585047657814,1
2026-07-08,4063,1,0.5027258443299436,0.1112716763005781,0.5867127840350954,1
2026-07-09,8766,0,0.5041225532297561,-0.03430749682337997,0.5503699157006534,0
2026-07-09,8306,1,0.4605925787506712,0.06297598125366144,0.46698891514007523,1
2026-07-09,8058,1,0.48690947797648415,0.026978009521650526,0.412706267429076,1
2026-07-09,7011,1,0.45185652821908845,0.004730617608410093,0.4739011902704186,0
2026-07-09,6857,1,0.43386998040302305,0.016460905349794164,0.5452088636862467,0
2026-07-09,6146,0,0.4844393623242478,-0.01286533351978747,0.5894990667556644,0
2026-07-09,5108,1,0.477653953717092,0.037234042553191404,0.46496171232836625,1
2026-07-09,8001,1,0.5023457131571638,0.01480306634945805,0.40899266697487024,0
2026-07-09,6367,0,0.41710505292417127,-0.012115193644488542,0.3351998275623527,0
2026-07-09,9432,1,0.47171584554598944,0.012751636889156925,0.3245467628355749,0
2026-07-09,9984,1,0.6208622573781152,0.03543512245961433,0.6910791597185284,1
2026-07-09,9433,1,0.4878063854205974,0.013903743315508033,0.4714132621533077,0
2026-07-09,4063,1,0.4955986986320243,0.050071326676176975,0.5726359204921321,1
2026-07-09,4502,0,0.49258593238114307,-0.009818451278251206,0.4746967598504808,0
2026-07-09,8411,1,0.48657530157571116,0.02751400048697339,0.5370988689930821,1
2026-07-09,8035,0,0.4454156781451738,-0.0023923444976076125,0.5756169388654415,0
2026-07-09,7203,1,0.5086057727269788,0.030099150141642994,0.528566930933182,1
2026-07-09,6098,1,0.506854909451294,0.008796481407437051,0.5266031569251541,0
2026-07-09,6501,1,0.5137573868078891,0.014712063892391658,0.5204328144995544,0
2026-07-09,6758,1,0.4984317017074402,0.008506893517160385,0.49949664126486565,0
2026-07-10,6857,0,0.42555773967333105,-0.07794166946027492,0.5421871766931072,0
2026-07-10,8766,0,0.491938519589024,-0.010908135103167349,0.5520685265545758,0
2026-07-10,5108,1,0.47786087105333036,0.04483048472961615,0.4649064771314438,1
2026-07-10,6098,1,0.44709965112154465,0.04738562091503273,0.499889128059819,1
2026-07-10,8001,1,0.5076895215075935,0.009819532908704964,0.4115098490067462,0
2026-07-10,7203,1,0.5109325550581472,0.027098831030818227,0.5161444456301788,1
2026-07-10,8058,1,0.48997468451182713,0.00861873440689509,0.354233407200003,0
2026-07-10,9433,1,0.4995916535794506,0.027772800573373946,0.4924172927026358,1
2026-07-10,9984,0,0.5348437907078295,-0.14850863422291993,0.5425959699781244,0
2026-07-10,4502,1,0.48884630226203674,0.022578839335696932,0.48449090830257796,1
2026-07-10,6758,1,0.4976619599303697,0.033045549270616315,0.4884266580244999,1
2026-07-10,9432,1,0.49747717683136156,0.023712736146808577,0.323433947063308,1
2026-07-10,4063,0,0.5184554774205373,-0.02226775956284155,0.5645661905022221,0
2026-07-10,6146,0,0.46381606745243914,-0.10722160970231531,0.5368227639325417,0
2026-07-10,8306,1,0.4482613752299252,0.0034672060098237534,0.4721243726629684,0
2026-07-10,8035,0,0.4002759955855866,-0.1074856046065259,0.5348841242002291,0
2026-07-10,6501,1,0.5073654567823719,0.0036170212765958,0.5230153382345658,0
2026-07-10,8411,0,0.4652234843560539,-0.04538341158059467,0.5345921110073246,0
2026-07-10,7011,0,0.46648659109213514,-0.03588266107909899,0.48257988699393783,0
2026-07-10,6367,0,0.4421310143990382,-0.024293110314615673,0.39005320556617473,0
2026-07-13,4063,0,0.5010506518665405,-0.018392370572207106,0.5775447809394445,0
2026-07-13,9984,0,0.49968964623485124,-0.09632306725329987,0.5259654143506937,0
2026-07-13,6501,1,0.5009705260506975,0.016115351993214677,0.5161074797374846,0
2026-07-13,6146,0,0.5181705049187855,-0.05686468181176807,0.5562957850857222,0
2026-07-13,6758,1,0.512033535865553,0.035019455252918386,0.47379905394983973,1
2026-07-13,8001,1,0.5046025443507115,0.036750998668442,0.3750575034729759,1
2026-07-13,8035,0,0.45397690354847464,-0.06633941093969142,0.5856974185367225,0
2026-07-13,6857,1,0.5315290616499494,0.028105482303955487,0.5921602078635009,1
2026-07-13,8766,1,0.4917147417118965,0.03428346249835812,0.5224660767210576,1
2026-07-13,4502,1,0.5160484240411274,0.044565626175253836,0.5110539048142281,1
2026-07-13,7011,1,0.49529160924082904,0.025013304949441206,0.5631325262344706,1
2026-07-13,9432,1,0.4703186894651469,0.01743789898252235,0.3415345530977127,0
2026-07-13,8411,0,0.5139896303164792,-0.013662825234644127,0.573485890253796,0
2026-07-13,7203,1,0.5298736701600412,0.04935851746258013,0.508404769842967,1
2026-07-13,5108,1,0.4729846803011909,0.05560212349818383,0.33114803914746627,1
2026-07-13,8058,1,0.45688160318860965,0.05045045045045038,0.3390793457253001,1
2026-07-13,6367,0,0.4664794592593563,-0.01880752300920363,0.45575797662171447,0
2026-07-13,9433,1,0.4894430693578316,0.02562733582487997,0.46882872670871223,1
2026-07-13,8306,1,0.4673746000847584,0.011013837898898649,0.4873247959611562,0
2026-07-13,6098,1,0.45488357702284,0.04615384615384621,0.5109446329470262,1
2026-07-14,5108,1,0.4706752774987359,0.03345215245407185,0.33709065215927575,1
2026-07-14,8035,0,0.4865357206783595,-0.07268381836074789,0.5961931130498043,0
2026-07-14,6857,0,0.4542008312895287,-0.006381192275398795,0.5533329947212509,0
2026-07-14,6367,0,0.4641784733865445,-0.026506024096385583,0.4326403695026917,0
2026-07-14,8001,1,0.49854286427802585,0.03151260504201692,0.422388505064135,1
2026-07-14,8766,1,0.48998838936214645,0.03251295336787563,0.5335240420027769,1
2026-07-14,9432,1,0.4765908232423852,0.011984041866379469,0.30759583118139144,0
2026-07-14,8058,1,0.4305592318627444,0.08718861209964412,0.34002465566250434,1
2026-07-14,8306,1,0.44891426875567186,0.018888888888888955,0.4846964336828894,0
2026-07-14,7011,1,0.496467782146233,0.03897490656700486,0.5555787020331645,1
2026-07-14,6146,0,0.4993715365924488,-0.04270760642009774,0.5450226501959669,0
2026-07-14,4063,0,0.5070763648933855,-0.05300495248293402,0.5506234409088724,0
2026-07-14,6501,1,0.5216446446824003,0.0010412328196585108,0.5510140017804523,0
2026-07-14,8411,1,0.4789886638926857,0.005778301886792514,0.5536815990703227,0
2026-07-14,9433,1,0.49756348742991413,0.014285714285714235,0.4829808357010489,0
2026-07-14,6098,0,0.491578781458201,-0.028041074249605002,0.556530920519056,0
2026-07-14,7203,1,0.5266563509993268,0.03522367030644591,0.5190547003976554,1
2026-07-14,6758,1,0.4947650473966022,0.01803133313626959,0.48548878837037457,0
2026-07-14,4502,1,0.48134660376939675,0.04223765721794637,0.4827104199706173,1
2026-07-14,9984,0,0.48221914450032155,-0.13249163370854888,0.49676575911868254,0
2026-07-15,9433,1,0.49924628121721304,0.0063102541630148945,0.4822566349629705,0
2026-07-15,8766,1,0.4951309356498332,0.023932063818836946,0.5364648001007937,1
2026-07-15,5108,1,0.4584383341679651,0.01848328350095141,0.33191697371260515,0
2026-07-15,9984,0,0.5070966254495268,-0.06949685534591199,0.5363619177951684,0
2026-07-15,4502,1,0.5005311546509966,0.0410363086232981,0.4918437737031401,1
2026-07-15,8306,1,0.4359208478792438,0.014335948065999471,0.4384333773966434,0
2026-07-15,8411,1,0.49283055976334283,0.016465677179962945,0.5480219996493112,0
2026-07-15,9432,0,0.4720371572685409,-0.0020000203450520893,0.31870251123588256,0
2026-07-15,6758,1,0.4837018126522646,0.01652404839185606,0.4816797274933493,0
2026-07-15,7011,1,0.5017420183572734,0.026645768025078453,0.5198218960643258,1
2026-07-15,6857,0,0.4249659534629447,-0.02253252935576011,0.5260356843460807,0
2026-07-15,8058,1,0.4567945612760781,0.07219193020719739,0.36356961089666584,1
2026-07-15,6146,0,0.5381790197423129,-0.05628823929299798,0.5156651007642062,0
2026-07-15,6098,0,0.44608741571927907,-0.0178855325914149,0.4911011717757758,0
2026-07-15,8035,0,0.4800316426817026,-0.11166487068965514,0.5916273149039756,0
2026-07-15,6501,1,0.5199717728945018,0.012093411175980062,0.5358533341658659,0
2026-07-15,8001,1,0.5021255802707261,0.018078512396694224,0.4245181979323202,0
2026-07-15,6367,0,0.40498208909102024,-0.03501400560224088,0.3629928720215265,0
2026-07-15,4063,0,0.500901831057916,-0.09362808842652792,0.5533258827906224,0
2026-07-15,7203,1,0.5170306444529813,0.02590853764562695,0.5011280201239752,1
2026-07-16,6367,0,0.3770389820639312,-0.039806996381182125,0.35066603941658037,0
2026-07-16,4502,1,0.48500426106542055,0.056688493919550886,0.4519370321914616,1
2026-07-16,8306,1,0.4619130088587819,0.034444750620005404,0.43401205479435806,1
2026-07-16,8411,1,0.48825647752286505,0.025118483412322368,0.4993288646625567,1
2026-07-16,9432,1,0.4651886903472435,0.0026508228724504423,0.313271162253275,0
2026-07-16,8766,1,0.5196281584029704,0.06789473684210523,0.5587208337368563,1
2026-07-16,4063,0,0.5034213192858124,-0.08952587963591907,0.5759288391968235,0
2026-07-16,8001,1,0.4974126715726452,0.01979682208908562,0.4094171431062775,0
2026-07-16,6857,0,0.5162488818493765,-0.023448043184885248,0.5915506856629579,0
2026-07-16,8058,1,0.46688608442458274,0.08565121412803522,0.33703075295874335,1
2026-07-16,6146,0,0.49844252915120507,-0.13741323133588323,0.5601371795456654,0
2026-07-16,6098,0,0.43381707295752125,-0.044391597304795916,0.4600721543791732,0
2026-07-16,7203,0,0.508312615168132,-0.004125128910278497,0.5112285699751667,0
2026-07-16,6501,1,0.5198497300293257,0.004556752278376042,0.5489430905713845,0
2026-07-16,8035,0,0.43961097027673846,-0.11609535900691215,0.5634588384226747,0
2026-07-16,9433,1,0.49305117466252846,0.02760196905766521,0.47606640645010045,1
2026-07-16,9984,0,0.6207606257036704,-0.07733601744673713,0.7107194065427681,0
2026-07-16,5108,1,0.45476827950836135,0.0029689608636978004,0.31704706650390635,0
2026-07-16,7011,1,0.5124343684020887,0.031912110907664104,0.5108696366642481,1
2026-07-16,6758,0,0.4887991180579048,-0.008435136707388047,0.48099836643726274,0
2026-07-17,5108,1,0.4261542938129764,0.03459372485921164,0.3187207604627016,1
2026-07-17,8411,1,0.520248909281224,0.08839848675914252,0.5553675559690382,1
2026-07-17,9432,1,0.47470752339683336,0.02117800674375836,0.3337379895909843,1
2026-07-17,8766,1,0.4773216018663328,0.09526973159713004,0.5342833323840986,1
2026-07-17,6367,0,0.39394434646293164,-0.014897959183673426,0.3894486698612786,0
2026-07-17,7011,1,0.5081757392848648,0.05704971475142617,0.5592991115520777,1
2026-07-17,6857,1,0.5101061086015758,0.03181239774586442,0.6177434920882473,1
2026-07-17,8058,1,0.4736729087588947,0.08994827973914998,0.41250661453757703,1
2026-07-17,6758,1,0.4631565803470576,0.029971181556196047,0.48449982025867905,1
2026-07-17,6098,0,0.42138477593471757,-0.024180967238689566,0.45352797034397346,0
2026-07-17,7203,1,0.5066900362327315,0.022762545266425294,0.5115253256640654,1
2026-07-17,6146,0,0.3969534631909341,-0.03288051867860453,0.4914001424255397,0
2026-07-17,6501,1,0.5266987898678572,0.0648717405130379,0.5466047217196032,1
2026-07-17,9433,1,0.49361265371777996,0.029637377963737777,0.4946498379424871,1
2026-07-17,8035,0,0.40006295144837667,-0.03533026113671278,0.49795907598464995,0
2026-07-17,4063,0,0.48780877828054475,-0.1412603045968981,0.5666103900976368,0
2026-07-17,8306,1,0.4697125909377016,0.09386697379786924,0.4765955212244151,1
2026-07-17,4502,1,0.479920106053563,0.05273722627737221,0.44941632021708056,1
2026-07-17,8001,1,0.5025844179303889,0.043101182654402104,0.42375210082993275,1
2026-07-17,9984,0,0.6776596758334612,-0.017146017699115057,0.7479018401212907,0
2026-07-21,4502,1,0.4742356128064827,0.03402340234023393,0.4637855539947866,1
2026-07-21,9433,1,0.4628600849154477,0.038695124067326114,0.34796510296506206,1
2026-07-21,8766,1,0.524332182008098,0.045720091440182964,0.5620880700935101,1
2026-07-21,6501,1,0.520875013278445,0.02045075125208684,0.5392409665924053,1
2026-07-21,7011,0,0.5115406218602326,-0.012201453790238848,0.52361501985103,0
2026-07-21,6367,0,0.37218677850433574,-0.03160685154975529,0.3005964130888734,0
2026-07-21,8001,1,0.4865118485559707,0.026714615977395217,0.4267869998985768,1
2026-07-21,8411,0,0.4880472197384046,-0.01108166706817637,0.5443761080189221,0
2026-07-21,5108,1,0.4286186199577662,0.026469031233456786,0.3082388659262999,1
2026-07-21,8035,0,0.4744928745950026,-0.1599819738621,0.5354338385021669,0
2026-07-21,8058,1,0.5306595531490926,0.02401372212692965,0.5069701302166828,1
2026-07-21,9432,1,0.4819044034522014,0.030982182220120613,0.3532350153899928,1
2026-07-21,9984,0,0.6585942057382186,-0.11406711876195441,0.7507421112999493,0
2026-07-21,6098,0,0.42711582254657554,-0.025154798761609864,0.4416196660810534,0
2026-07-21,6758,1,0.4759703179453971,0.058993637941006316,0.47398721144729244,1
2026-07-21,7203,1,0.5072674009016083,0.021565630837154126,0.5017275045792935,1
2026-07-21,6146,0,0.46708150802952614,-0.17863554757630162,0.5228128699171188,0
2026-07-21,6857,0,0.48426368897474326,-0.13904826189672626,0.5416639823055075,0
2026-07-21,4063,0,0.48512552421983857,-0.18501040943789038,0.5690048113222456,0
2026-07-21,8306,1,0.46889651008710326,0.02262569832402228,0.4949629453837287,1
2026-07-22,9432,1,0.5059828314199256,0.054605283235248825,0.3565801759653691,1
2026-07-22,8766,1,0.4946578296070725,0.05294191443984442,0.5595518589764497,1
2026-07-22,6501,1,0.5144527515245242,0.031204493447056336,0.5330723172409307,1
2026-07-22,6146,0,0.43953411082401794,-0.2517859746318706,0.4871885469012864,0
2026-07-22,6857,0,0.47613712675258113,-0.14821700185905018,0.5430280319519207,0
2026-07-22,7203,1,0.508256890468074,0.09697175910173539,0.5012613835391192,1
2026-07-22,7011,0,0.49013533311887136,-0.039054470709146916,0.5118957326344556,0
2026-07-22,6367,0,0.37408480074595774,-0.016089108910891103,0.3512043207416431,0
2026-07-22,4502,1,0.4630368890687311,0.05313400576368865,0.4280883671084891,1
2026-07-22,9984,0,0.5812534549566036,-0.16868314921970895,0.6695755626756486,0
2026-07-22,8058,0,0.5036147351431065,-0.014116202945990142,0.5343523736015083,0
2026-07-22,8001,1,0.49358464105062855,0.040224032586557934,0.4234840733368299,1
2026-07-22,6758,1,0.4763123713076759,0.10598141695702679,0.4834641622567417,1
2026-07-22,6098,1,0.5406827254069564,0.06460788297440057,0.5555128757318105,1
2026-07-22,8035,0,0.44747540143359255,-0.24196482716798062,0.5207781064716921,0
2026-07-22,8411,0,0.4953904679983923,-0.04889201547660926,0.5684900157095648,0
2026-07-22,4063,0,0.5289340382628616,-0.1957597173144876,0.612001865365833,0
2026-07-22,5108,1,0.39656093718970054,0.09312815070310432,0.33486920182071284,1
2026-07-22,8306,0,0.4528813971603681,-0.005725190839694694,0.4536689782672748,0
2026-07-22,9433,1,0.4927431006421091,0.08085550339071457,0.38297631004850796,1
2026-07-23,5108,1,0.41999792310832457,0.08086469175340283,0.33146771603938274,1
2026-07-23,6146,0,0.36787697139061626,-0.2527013398645729,0.46977891593524806,0
2026-07-23,4063,0,0.5079981328954156,-0.17417503586800576,0.6308162958940741,0
2026-07-23,9433,1,0.4732782414536483,0.06288103117923716,0.3487070409798799,1
2026-07-23,8306,0,0.4568119609106212,-0.06000000000000005,0.43561473458050226,0
2026-07-23,8058,0,0.49425408645670665,-0.02827502034174123,0.5255274519390084,0
2026-07-23,7203,1,0.5014520454335775,0.05966101694915249,0.5089302611197648,1
2026-07-23,6367,0,0.4291226262855025,-0.01969728384822722,0.4102516115575513,0
2026-07-23,8411,0,0.4999098969016842,-0.10814510609171801,0.5587993739477007,0
2026-07-23,6758,1,0.48259721874831585,0.10566037735849054,0.47092847179111963,1
2026-07-23,4502,1,0.47318411717904885,0.03869209809264307,0.4266431654210285,1
2026-07-23,8001,1,0.4872784297043256,0.026636225266362334,0.41205239605452304,1
2026-07-23,6857,0,0.45473143263120575,-0.0930194805194805,0.5411646603459588,0
2026-07-23,9984,0,0.5828008211107376,-0.21899290300777285,0.6623994962694487,0
2026-07-23,7011,0,0.49741005426849494,-0.049363867684478424,0.5194473123483081,0
2026-07-23,8766,1,0.47897562077406963,0.030660970092988293,0.5288840341183404,1
2026-07-23,8035,0,0.4333001502831068,-0.20788476118271415,0.5241326327590723,0
2026-07-23,6098,1,0.49298588768390117,0.04532577903682711,0.5161544946017281,1
2026-07-23,9432,1,0.5008151682626106,0.06212427014927213,0.31934737102491084,1
2026-07-23,6501,1,0.5006901180258314,0.08261227853316844,0.5397283620821535,1
2026-07-24,6501,1,0.49740080393868075,0.08597938144329897,0.5230116274553087,1
2026-07-24,4063,0,0.49868678583171333,-0.13458669054013728,0.5716028824616757,0
2026-07-24,8766,0,0.49352408230171385,-0.0002464268112370993,0.5519855439372233,0
2026-07-24,6857,1,0.48883646392083296,0.12281913974779757,0.6062411648367241,1
2026-07-24,8058,0,0.4821938427215587,-0.02887352582350544,0.5093557732194591,0
2026-07-24,8411,0,0.4613108478951092,-0.0560564031437818,0.5291216946074713,0
2026-07-24,4502,0,0.4864282502097,-0.023902266288951868,0.4967231938763959,0
2026-07-24,7011,0,0.48538232043884694,-0.0458808618504436,0.5148070430888996,0
2026-07-24,9433,0,0.46716186846618113,-0.0005132591958939559,0.3669657235810472,0
2026-07-24,6146,0,0.4480535809485616,-0.03957956971588106,0.5026527988802008,0
2026-07-24,6367,0,0.4386364235387271,-0.02449748743718594,0.48707042695612246,0
2026-07-24,7203,1,0.4799651641295383,0.05868139454608223,0.49733065832617895,1
2026-07-24,8306,0,0.4332229547165994,-0.04874800213106023,0.40320718225781677,0
2026-07-24,6758,1,0.46975228096234695,0.11088295687885008,0.45881852679116875,1
2026-07-24,5108,1,0.43701194557713574,0.0670075349838537,0.3522994972500727,1
2026-07-24,8001,1,0.4879152782201695,0.028863346104725407,0.4257258546221768,1
2026-07-24,8035,0,0.4261977216120855,-0.11426747526332592,0.48619563910854335,0
2026-07-24,6098,1,0.5705475788294216,0.04106180008295324,0.6217352891360158,1
2026-07-24,9432,1,0.46986554045572293,0.00727026320250812,0.30617341019661604,0
2026-07-24,9984,0,0.6161128050607382,-0.043636363636363584,0.7264877220870671,0
2026-07-27,9984,1,0.5633939490838217,0.011630088163571584,0.6618326682641368,0
2026-07-27,8766,0,0.485746995848419,-0.043430789761009336,0.5506100149443175,0
2026-07-27,6367,0,0.3965983854720795,-0.03480422622747048,0.39303521836680955,0
2026-07-27,6098,0,0.5070615673746022,-0.009992006394884068,0.5332274175268537,0
2026-07-27,6857,1,0.5174019526388471,0.10747004933051452,0.6077847883315144,1
2026-07-27,8035,0,0.4859680274058033,-0.12436305732484076,0.5376751500797661,0
2026-07-27,7203,0,0.5020983027559481,-0.0006744225257123704,0.5114681550211032,0
2026-07-27,5108,1,0.4752049934715322,0.014515292897874454,0.4309440260256358,0
2026-07-27,6501,1,0.4817685360821679,0.05534541110889912,0.5204141830929079,1
2026-07-27,8001,1,0.47889386704409287,0.005542957923910352,0.4267966677924537,0
2026-07-27,4502,0,0.4594559303448791,-0.06257583636678798,0.5000383159886406,0
2026-07-27,8306,0,0.4439094326654127,-0.06106870229007633,0.41928851247840276,0
2026-07-27,9432,0,0.46790859030661786,-0.011665606067123857,0.3217710428112586,0
2026-07-27,9433,0,0.44372814523425586,-0.016931933626820217,0.3670785436922422,0
2026-07-27,8411,0,0.4729340223981826,-0.062217587765033056,0.5374199227148209,0
2026-07-27,4063,0,0.4937772403427953,-0.048974943052391806,0.5030288989314418,0
2026-07-27,6146,0,0.4334463756505145,-0.0339984038308061,0.4797115939735569,0
2026-07-27,6758,1,0.49045223357332723,0.004196978175713406,0.4972374736282708,0
2026-07-27,7011,0,0.45740535393351855,-0.023644307375995877,0.5091869184573132,0
2026-07-27,8058,0,0.5118157084314889,-0.012378791004745149,0.5309342130730943,0
2026-07-28,6146,1,0.6863070890940638,0.10910746812386152,0.6940734498276143,1
2026-07-28,8035,1,0.49774148170189475,0.013948497854077146,0.5276398358746522,0
2026-07-28,6758,0,0.46556098149427283,-0.033588203167667974,0.4884048887667306,0
2026-07-28,6501,1,0.48065030464855935,0.10674846625766876,0.5518345463975729,1
2026-07-28,4063,1,0.5916971877928935,0.019584468664850085,0.6685425867329148,0
2026-07-28,8766,0,0.48896075984930404,-0.06376001943162501,0.5473783551026085,0
2026-07-28,9984,1,0.614877134930093,0.02610402355250252,0.6766728442802611,1
2026-07-28,4502,0,0.4756375380611695,-0.07973537604456826,0.4827696355026379,0
2026-07-28,6367,1,0.4165710715619055,0.0008422825858074301,0.4794637551596771,0
2026-07-28,9432,0,0.4668915487862362,-0.03836317285262292,0.33462958630170103,0
2026-07-28,8411,0,0.47792328848283977,-0.00962241169305722,0.5158780274338788,0
2026-07-28,6857,1,0.47805127896567834,0.21520972167777352,0.6325442630218029,1
2026-07-28,9433,0,0.4503204705610301,-0.03992649515536251,0.3668342949383114,0
2026-07-28,8058,0,0.4880835958275728,-0.007956448911222824,0.5269139385478335,0
2026-07-28,5108,1,0.42991420616570347,0.001031459515214106,0.4009156972701385,0
2026-07-28,6098,0,0.49075348921177864,-0.014291385470424744,0.5082451555009933,0
2026-07-28,7203,0,0.5045314708878773,-0.02975398936170215,0.5018254153011102,0
2026-07-28,7011,1,0.45875148208739747,0.07516425755584755,0.5005209238102131,1
2026-07-28,8306,0,0.4560612704670449,-0.05217153783119366,0.5059673177528151,0
2026-07-28,8001,0,0.4763731586500131,-0.009256942707030258,0.42569378507830496,0
2026-07-29,5108,0,0.47233684351470484,-0.04854368932038833,0.4026757169453205,0
2026-07-29,8035,1,0.6232480900454741,0.17100000000000004,0.6373465308143873,1
2026-07-29,6367,0,0.3746879327339453,-0.0664570230607966,0.44780182484069403,0
2026-07-29,4063,1,0.6237526105676429,0.08312829525483312,0.6919373805036129,1
2026-07-29,8411,1,0.49904334132450695,0.0441321499013807,0.5614199485904614,1
2026-07-29,9984,1,0.7081711753371291,0.25669689938831475,0.7559052405383893,1
2026-07-29,8306,0,0.462121359626175,-0.02906498491911158,0.5297118910499587,0
2026-07-29,8766,0,0.4873847392199933,-0.07756463719766471,0.5551646878251562,0
2026-07-29,6098,0,0.5035208547999118,-0.02900763358778624,0.5643660751893081,0
2026-07-29,4502,0,0.4740357464406831,-0.0988541132204549,0.5031893577975697,0
2026-07-29,9432,0,0.4918459097432794,-0.05801623752156149,0.3118739952593737,0
2026-07-29,8001,0,0.46695766866935035,-0.03157121879588842,0.3700627925598829,0
2026-07-29,6501,1,0.48798707314134915,0.10470042364333265,0.536654015007473,1
2026-07-29,6146,1,0.7374472405243748,0.24201091192517543,0.7341809622401396,1
2026-07-29,7203,0,0.534147931345931,-0.09599875930521096,0.5416794484711832,0
2026-07-29,7011,1,0.475672157630742,0.06951871657754016,0.5407757114565387,1
2026-07-29,8058,0,0.4625507699866455,-0.036937123884623335,0.49686164483321127,0
2026-07-29,6857,1,0.5060110968947549,0.338095238095238,0.666771663806788,1
2026-07-29,6758,0,0.4897027629276721,-0.06405880808611186,0.46394544512784236,0
2026-07-29,9433,0,0.4756617079557146,-0.08092020592020588,0.4853562909720392,0
2026-07-30,7203,0,0.5116656000787152,-0.045585412667946246,0.5571193847423045,0
2026-07-30,6857,1,0.425312955848923,0.17880794701986757,0.5539516613923663,1
2026-07-30,6758,0,0.4694491097016345,-0.04804410606458387,0.4454532740935227,0
2026-07-30,9984,1,0.7685998624929796,0.23215058416270007,0.8787872954800527,1
2026-07-30,8035,1,0.66556828363613,0.05915007656967841,0.6344487271041044,1
2026-07-30,8306,1,0.46760931613258216,0.013900709219858198,0.5173046575148665,0
2026-07-30,9432,0,0.4638849347987932,-0.028301886792452824,0.2645879801886077,0
2026-07-30,6146,1,0.7709319431817967,0.18739155581260847,0.7394452096433239,1
2026-07-30,7011,1,0.4911446208017289,0.07012847965738755,0.5628737169941608,1
2026-07-30,4063,1,0.6188279241496913,0.07140375260597631,0.6909640391566029,1
2026-07-30,6367,0,0.3761752494237026,-0.06514382402707275,0.49759986788749716,0
2026-07-30,6501,1,0.5005679965911319,0.04662226450999052,0.5346046189571236,1
2026-07-30,8766,0,0.4698791342395707,-0.0469397707876128,0.5271591950689024,0
2026-07-30,4502,0,0.46633778544070886,-0.05124169289961522,0.4801977559810214,0
2026-07-30,5108,0,0.459436229280441,-0.015061728395061702,0.4134076407768915,0
2026-07-30,6098,0,0.4569145603004803,-0.005420054200542035,0.5137375335425729,0
2026-07-30,9433,0,0.47073423002658105,-0.04916420845624381,0.3741290002751144,0
2026-07-30,8411,1,0.4946340270880764,0.08710667689946283,0.5492972008703865,1
2026-07-30,8058,0,0.4664562676215517,-0.0060707557044169524,0.504411410155958,0
2026-07-30,8001,1,0.46043823381977733,0.005189028910304039,0.3908888015402015,0
2026-07-31,6857,0,0.36945098082889144,-0.009538461538461496,0.4699037795058701,0
2026-07-31,4502,1,0.48658790035710253,0.0048975149646290905,0.4995594357123432,0
2026-07-31,6758,0,0.45066870589821884,-0.01742804330604697,0.46430288390621566,0
2026-07-31,7203,0,0.4940184466505495,-0.028366481904140817,0.5386290345912237,0
2026-07-31,8306,0,0.47968011452409187,-0.001960235228227414,0.5370358052340178,0
2026-07-31,8058,1,0.46646193776693906,0.019262981574539317,0.5134705878505134,0
2026-07-31,6501,1,0.4811269605116931,0.06702107461553064,0.5305866955262212,1
2026-07-31,6367,0,0.3987874153202336,-0.04657651856621592,0.5421939738791575,0
2026-07-31,6146,0,0.40298794719865094,-0.0006839945280437965,0.48159181785317035,0
2026-07-31,7011,1,0.49203028076505334,0.07438894792773643,0.5397782372407065,1
2026-07-31,8766,0,0.4775584146617828,-0.02156766083312789,0.5066297051595245,0
2026-07-31,8001,1,0.4752334822459037,0.03277060575968216,0.4335488829507808,1
2026-07-31,6098,1,0.5005994063311985,0.049003984063745065,0.5384450584316692,1
2026-07-31,9984,1,0.615892284740676,0.05551330798479093,0.6422906331878443,1
2026-07-31,8411,1,0.5130813500642244,0.034161870944042994,0.5992736283243172,1
2026-07-31,9433,1,0.4762101121315752,0.020540910647038668,0.48101924720970024,1
2026-07-31,5108,1,0.47127926851525437,0.05901639344262288,0.47145926302708224,1
2026-07-31,8035,0,0.5126383439802515,-0.018018018018018056,0.611860081698958,0
2026-07-31,9432,1,0.5432748834312522,0.040026288371500574,0.38196899154903324,1
2026-07-31,4063,1,0.572727928252793,0.05448275862068974,0.6450034404335669,1
2026-08-03,5108,1,0.4534032754397256,0.10373019928461935,0.4649960556100249,1
2026-08-03,6098,1,0.5058277463439625,0.3052079127977392,0.5454985417794762,1
2026-08-03,8001,1,0.47825383927853,0.04760711601102474,0.42238332141096996,1
2026-08-03,8035,1,0.5234062785884124,0.03200581923986179,0.5704632971346814,1
2026-08-03,6758,1,0.4795881078935085,0.04876010030649214,0.5189260184844797,1
2026-08-03,7203,1,0.47178905738503446,0.005905179686181983,0.5199015559669976,0
2026-08-03,8058,1,0.4652958283233536,0.012951744307499569,0.5060599739768997,0
2026-08-03,6367,0,0.4167039018803568,-0.04593260356299633,0.5607074540044743,0
2026-08-03,4502,1,0.537744273274793,0.03217455621301779,0.5912273817470721,1
2026-08-03,9984,1,0.5671097967813165,0.0168737251993325,0.6270666314559246,0
2026-08-03,7011,1,0.5023664640124281,0.053961568833903684,0.5093150109564736,1
2026-08-03,9432,1,0.4694076265258559,0.048524550140881084,0.2891501272758836,1
2026-08-03,4063,1,0.5751408145422072,0.07544910179640718,0.6540764317022002,1
2026-08-03,6857,1,0.3872670970115463,0.09004136175628386,0.5014423234932165,1
2026-08-03,9433,0,0.47729427897921284,-0.02514640027557702,0.48495331466323355,0
2026-08-03,6146,1,0.3552314839002457,0.04064771976206205,0.42911745711303656,1
2026-08-03,8766,0,0.5109675863003087,-0.016867469879518038,0.5451258081403546,0
2026-08-03,8411,1,0.5157004781068838,0.018532246108228234,0.5815933026418807,0
2026-08-03,6501,1,0.47734664771102736,0.06017732503301265,0.5302556587421968,1
2026-08-03,8306,0,0.470605866939492,-0.015979814970563444,0.5304442504295828,0
2026-08-04,7203,1,0.5039801635933205,0.027753983210553335,0.5297890682669322,1
2026-08-04,8058,1,0.4636164426214318,0.024905023216547084,0.5035145493942224,1
2026-08-04,9984,1,0.5396727480892234,0.05585309869931132,0.5919338526780565,1
2026-08-04,6146,1,0.37687523734264494,0.03399573000492695,0.46348866097054847,1
2026-08-04,7011,1,0.4805848580442159,0.0007333170373990949,0.5082887150162769,0
2026-08-04,4502,1,0.5221797620897279,0.05221339387060153,0.5852619318607716,1
2026-08-04,5108,1,0.47319612670390837,0.08938691396187526,0.47414364558456634,1
2026-08-04,9433,0,0.5040465281579534,-0.014094310074821648,0.5090108046847934,0
2026-08-04,6501,1,0.4821720326209883,0.047487065779748816,0.5416714509493183,1
2026-08-04,8766,1,0.5512924694286434,0.005448177454922876,0.5934543885709498,0
2026-08-04,6758,1,0.48312969960557645,0.06301215032495056,0.5438630491101253,1
2026-08-04,8411,1,0.463802329703457,0.04562784405362197,0.5376296286337608,1
2026-08-04,8035,1,0.44339676484345053,0.026984126984126888,0.5209015940800821,1
2026-08-04,6098,1,0.4968187697846023,0.34192509061619014,0.5308948734148663,1
2026-08-04,9432,1,0.5111537206113006,0.053191491520313106,0.36242273678475617,1
2026-08-04,4063,1,0.5515714259134012,0.07065308167696682,0.5770546903123881,1
2026-08-04,6857,1,0.4045862814528078,0.11451612903225805,0.5226578406070486,1
2026-08-04,8001,1,0.4834729262497981,0.05858585858585852,0.4210744119926826,1
2026-08-04,8306,1,0.49536885225413674,0.03919308357348705,0.5454620350595716,1
2026-08-04,6367,0,0.3816966352367574,-0.09236271828318954,0.434786968549739,0
2026-08-05,7203,1,0.5161705617451626,0.024189397838394244,0.5717381619534629,1
2026-08-05,4502,1,0.5219787019258859,0.05503890681343715,0.5802733163915293,1
2026-08-05,9432,1,0.5062363848775306,0.0629139072847682,0.3701729038355507,1
2026-08-05,8001,1,0.5224244678896733,0.050290624210260315,0.4249475212180463,1
2026-08-05,9433,0,0.5081227693064873,-0.009277087344652601,0.5704768227763996,0
2026-08-05,6857,1,0.31941689816528307,0.06583629893238441,0.4891333228863516,1
2026-08-05,6501,1,0.4911287851264929,0.041271000730460194,0.5433508381960134,1
2026-08-05,8058,1,0.4606911031252149,0.04115492350786476,0.5310681203582155,1
2026-08-05,7011,1,0.5017728894025105,0.06400000000000006,0.5301200999663159,1
2026-08-05,6758,1,0.5136002351038179,0.03786816269284721,0.589216952650559,1
2026-08-05,9984,0,0.47532733823899626,-0.06428331654917763,0.48740930292682083,0
2026-08-05,6098,1,0.5225036215085619,0.31996855345911945,0.5430837370865341,1
2026-08-05,8306,1,0.473339603832599,0.04744422479525556,0.5238438774548607,1
2026-08-05,6367,0,0.3979776297913617,-0.04042218728946778,0.46429385041281324,0
2026-08-05,8766,0,0.5320354851768104,-0.015499870834409735,0.5970007044556491,0
2026-08-05,6146,1,0.3528635090382158,0.03278945716975201,0.4252689123219161,1
2026-08-05,5108,1,0.5027349132193445,0.053316326530612246,0.5301175011406672,1
2026-08-05,8411,1,0.5046545084451999,0.03600944510035409,0.5542312337848292,1
2026-08-05,8035,1,0.43725146296319994,0.015713065755764255,0.5077531791818034,0
2026-08-05,4063,1,0.5288652621731904,0.03488560765860793,0.5695267246026072,1
2026-08-06,9984,1,0.47459699878869677,0.007726075504828733,0.5489643843444576,0
2026-08-06,9433,0,0.5168490424760859,-0.008100654946570196,0.5414241213846502,0
2026-08-06,8766,0,0.5349926817282817,-0.03543558910067801,0.5966692051250725,0
2026-08-06,8306,1,0.46463170094921463,0.03133743704532743,0.499959120431956,1
2026-08-06,8411,1,0.5089314073853053,0.014236969055182902,0.5654187757010554,0
2026-08-06,4502,1,0.5416352160719398,0.03428571428571425,0.5850860248502084,1
2026-08-06,8001,1,0.4964492908982684,0.014995083579154356,0.43885760619628666,0
2026-08-06,7011,1,0.49201774639016244,0.0640320160080039,0.49475466345987235,1
2026-08-06,7203,1,0.5047454502739873,0.012233953410424103,0.5355712026659433,0
2026-08-06,6367,0,0.42392928938219854,-0.038235294117647034,0.43583332203284386,0
2026-08-06,5108,1,0.4677021245367756,0.03609927300075211,0.472562167530857,1
2026-08-06,6857,1,0.34495835008930253,0.11964773762526582,0.5027860450252369,1
2026-08-06,6098,1,0.48629995274157956,0.28104320747372524,0.5311326158631597,1
2026-08-06,6501,1,0.46896334279349583,0.04854545454545445,0.500298980795381,1
2026-08-06,6758,1,0.49619425422463515,0.07887479316050738,0.5284393245264924,1
2026-08-06,4063,1,0.517761729057736,0.03324144640830218,0.5504578985232005,1
2026-08-06,8058,1,0.47280990814061896,0.0044229149115417865,0.5093351061603226,0
2026-08-06,8035,1,0.40000586586975323,0.06867883607446235,0.4726373409701259,1
2026-08-06,9432,1,0.487819347419913,0.05307441390448009,0.2971420815312423,1
2026-08-06,6146,1,0.3091753160994598,0.06299723981165783,0.40031005711830575,1
2026-08-07,4063,1,0.5093706944791063,0.04398299542184425,0.5569000925210135,1
2026-08-07,8411,1,0.4968458439993561,0.00994553634856743,0.5523060663936864,0
2026-08-07,9984,1,0.5441826155097071,0.060158501440922274,0.5923241303156722,1
2026-08-07,5108,0,0.4998560955232771,-0.024053346034770162,0.5356430454373808,0
2026-08-07,8035,1,0.4078779759690026,0.10256880733944951,0.530876269953009,1
2026-08-07,7203,1,0.4977636256941461,0.011073825503355783,0.4986247934742253,0
2026-08-07,6367,0,0.3870985808655961,-0.03421882035119317,0.4564660647220082,0
2026-08-07,6146,1,0.3076286287946439,0.12782340862423003,0.41004757820666377,1
2026-08-07,9433,0,0.5025393310343186,-0.04948004025494801,0.49617570197808714,0
2026-08-07,8001,0,0.47854436937762024,-0.04254807692307694,0.42967277693419137,0
2026-08-07,4502,0,0.47279593584393226,-0.00487364620938624,0.5055535621567441,0
2026-08-07,6857,1,0.3847350515213666,0.17365641503572538,0.49771706546437683,1
2026-08-07,8306,1,0.46242343527726426,0.023849607182940602,0.49930337823692184,1
2026-08-07,6098,1,0.5123902203575385,0.24420812761109012,0.573033606595985,1
2026-08-07,7011,1,0.4956118132353832,0.07566765578635004,0.50443535392247,1
2026-08-07,8058,0,0.4843120904910085,-0.03266228430566964,0.5302325859069047,0
2026-08-07,6758,1,0.4709602437586184,0.0158559527008868,0.5112190411454595,0
2026-08-07,9432,1,0.4744963742199627,0.018927444794952786,0.3026044138455179,0
2026-08-07,6501,0,0.46376647372244667,-0.008718861209964457,0.46610637740881194,0
2026-08-07,8766,0,0.4952411848246273,-0.057689885375991956,0.5354766437402826,0
2026-08-10,4502,1,0.478641099522129,0.021497671085632497,0.49561205032024575,1
2026-08-10,8411,1,0.4954008828181265,0.034813197476952995,0.5800757602032711,1
2026-08-10,6758,0,0.45803114331263917,-0.01222104144527103,0.5161042667528736,0
2026-08-10,9433,1,0.47896114495040604,0.008480565371024706,0.5211615811370319,0
2026-08-10,5108,0,0.4938210248127752,-0.056944444444444464,0.5245923076485948,0
2026-08-10,7203,1,0.496037830748189,0.013753773901375332,0.504519428366651,0
2026-08-10,9432,1,0.4692005928510546,0.003126954465825005,0.28278737763327333,0
2026-08-10,6098,0,0.37431211026706473,-0.008969996906897593,0.45612255408225094,0
2026-08-10,9984,1,0.5304619229682488,0.06309263311451496,0.5732210687177365,1
2026-08-10,8766,0,0.4756202515409516,-0.04914860681114552,0.5232946238535146,0
2026-08-10,8306,1,0.46767443034727607,0.0410256410256411,0.5084503633391518,1
2026-08-10,8035,0,0.4443786412630354,-0.0065198237885462085,0.5253460054869709,0
2026-08-10,4063,0,0.5464424314516628,-0.006999681832643989,0.5823297331271132,0
2026-08-10,6501,0,0.40534111953774,-0.018861209964412762,0.43040762052791126,0
2026-08-10,7011,1,0.48748907152890103,0.09140859140859137,0.5044672790527206,1
2026-08-10,8001,0,0.46326221283238883,-0.04305190145898108,0.3549902845357363,0
2026-08-10,6857,1,0.3173296015459247,0.04670169293636883,0.49266627826851334,1
2026-08-10,6367,0,0.3894308555896775,-0.04994375703037124,0.475298575857611,0
2026-08-10,8058,0,0.474804582029329,-0.014642194266859199,0.5103518115013499,0
2026-08-10,6146,0,0.3331740288982532,-0.010003175611305148,0.4372655370046167,0
2026-08-12,9984,0,0.5424186143501959,-0.05307971014492752,0.5857238217416503,0
2026-08-12,6367,0,0.3547655830100363,-0.04010199350950394,0.43328616904668615,0
2026-08-12,4063,0,0.5270996991115825,-0.0499219968798752,0.5787027141228815,0
2026-08-12,9433,1,0.4757035398893526,0.002647370278856309,0.5060283735561852,0
2026-08-12,8035,0,0.44179582661858074,-0.06130860381246783,0.49828056031893375,0
2026-08-12,6146,0,0.2985152708925864,-0.0508259212198221,0.4059122923023662,0
2026-08-12,6501,0,0.4088734869053172,-0.07832069147997878,0.43644878851362157,0
2026-08-12,6098,0,0.4158421154831249,-0.055222088835534255,0.4613801616555069,0
2026-08-12,6857,1,0.3253678510810945,0.013603473227207008,0.5106739621231499,0
2026-08-12,7011,1,0.48273484299613006,0.0007327796775769002,0.5075530852283745,0
2026-08-12,8058,0,0.48139553493129106,-0.04283360790774304,0.5196107721409798,0
2026-08-12,6758,0,0.4521299615532497,-0.01940457203615098,0.5126466664034327,0
2026-08-12,7203,0,0.49882147436036806,-0.019503250541756945,0.5154185810324341,0
2026-08-12,8001,0,0.45327984600796695,-0.056774809160305306,0.3790536489161327,0
2026-08-12,5108,0,0.48171134908418617,-0.05154882951052253,0.5320632314263609,0
2026-08-12,8306,0,0.4652711385350402,-0.030782029950083167,0.5074910031645986,0
2026-08-12,8766,0,0.4726032782671008,-0.06579796155334794,0.5279904740959782,0
2026-08-12,8411,0,0.49898909206373626,-0.046342037167725225,0.5623095847791681,0
2026-08-12,4502,1,0.4761475184162098,0.03721682847896446,0.5098195648331049,1
2026-08-12,9432,1,0.46597014428432476,0.006313131556390683,0.29611046178429623,0
2026-08-13,5108,0,0.4590115707793276,-0.00968757568418499,0.5120881934360538,0
2026-08-13,8035,0,0.41287491513168323,-0.09164284513199927,0.49644422243846775,0
2026-08-13,4502,1,0.48254028390639747,0.047850332793667905,0.5131566566775277,1
2026-08-13,4063,0,0.5379581046430228,-0.03402320476638443,0.5772125731058259,0
2026-08-13,9433,1,0.4920593516829009,0.010954063604240227,0.5007502992316561,0
2026-08-13,6146,0,0.3809315040114225,-0.08370044052863435,0.44365885334431737,0
2026-08-13,6501,0,0.3976554815129847,-0.07699052963872322,0.4006068046223658,0
2026-08-13,6857,0,0.3383584239437574,-0.016138007790762354,0.5088552472729617,0
2026-08-13,6098,0,0.4105450709155779,-0.03841572364502677,0.4403384172261986,0
2026-08-13,7011,0,0.4792605406090844,-0.047462406015037595,0.5137205902343588,0
2026-08-13,8058,0,0.4867766033904489,-0.028145695364238388,0.5204414163634757,0
2026-08-13,9432,1,0.46875362498946677,0.005607438607379223,0.29262816864777674,0
2026-08-13,8001,0,0.47350299058792233,-0.03561116458132818,0.3960311210006183,0
2026-08-13,8306,0,0.4790505600142826,-0.06605554057697494,0.5270909500418232,0
2026-08-13,8766,0,0.4892072081392301,-0.05103647336657047,0.5361980109363446,0
2026-08-13,9984,0,0.5467577752100394,-0.033721973094170354,0.6327289527876926,0
2026-08-13,8411,0,0.503231323912453,-0.07863247863247869,0.5759883292132075,0
2026-08-13,6758,1,0.4773208513114224,0.02081081081081071,0.5222111500478408,1
2026-08-13,7203,1,0.4968361048501418,0.02713567839195985,0.5125339505683568,1
2026-08-13,6367,0,0.3869929167633673,-0.023636789141118664,0.4633634071576839,0
2026-08-14,4063,0,0.5329658136957964,-0.05037664783427498,0.5853792254315112,0
2026-08-14,5108,0,0.46391699171961714,-0.0038712799419308164,0.5017750209963943,0
2026-08-14,7203,1,0.4873706584121649,0.03708609271523189,0.5138481393949434,1
2026-08-14,6758,0,0.4876962939391384,-0.03246421267893662,0.5300825730527164,0
2026-08-14,9984,0,0.45963112142847207,-0.08433525004356157,0.5409163710146521,0
2026-08-14,8306,0,0.4552777674881642,-0.04829083016820401,0.4998949617801674,0
2026-08-14,9432,1,0.4693002766361578,0.020897413761814976,0.2925882721342728,1
2026-08-14,7011,0,0.462390171778007,-0.07569346497414198,0.49278529821236033,0
2026-08-14,6857,0,0.3337767842361051,-0.026308652020612944,0.4739829312662903,0
2026-08-14,6367,0,0.3979116696932058,-0.026111503175723305,0.4843184012757318,0
2026-08-14,6146,0,0.3781843229315449,-0.06277684435619368,0.4496791114405737,0
2026-08-14,6501,0,0.39871869205416094,-0.09901161782555923,0.41179897756735345,0
2026-08-14,6098,0,0.41694877747189824,-0.03372835004557884,0.4775068048158314,0
2026-08-14,8058,1,0.4604855447765497,0.0052421891381841945,0.5122005301668805,0
2026-08-14,8001,1,0.48153811839791205,0.0075078711552434285,0.4035861103890524,0
2026-08-14,8766,0,0.524116871521797,-0.025596816976127368,0.5635270493942383,0
2026-08-14,8411,0,0.4973051305702664,-0.05916473317865434,0.5811021111871512,0
2026-08-14,4502,1,0.4756509940405169,0.027267866690429576,0.5148037573340102,1
2026-08-14,8035,0,0.4036086795266456,-0.08185354304075765,0.464562111822062,0
2026-08-14,9433,1,0.46377988320838454,0.013205907906168601,0.5024375544252854,0
