順位,コード,銘柄名,市場,業種,規模,終値,平均売買代金(百万円),AI上昇確率(%),+2%確率(%),予測上昇幅(%),損失リスク(%),期待値(%),上昇幅モデル,テクニカル一致数
1,8105,Ｂｉｔｃｏｉｎ　Ｊａｐａｎ,スタンダード（内国株式）,卸売業,-,77.0,198.1,88.8,86.6,,8.91,,参考値,1
2,3856,Ａｂａｌａｎｃｅ,スタンダード（内国株式）,電気機器,-,228.0,271.4,88.1,90.8,,33.98,,参考値,0
3,3189,ＡＮＡＰホールディングス,スタンダード（内国株式）,小売業,-,104.0,183.3,87.0,87.3,3.81,27.2,,参考値,3
4,4889,レナサイエンス,グロース（内国株式）,医薬品,-,1212.0,624.5,81.4,84.0,,8.98,,参考値,1
5,4593,ヘリオス,グロース（内国株式）,医薬品,-,282.0,632.5,80.5,77.4,,8.89,,参考値,3
6,278A,Ｔｅｒｒａ　Ｄｒｏｎｅ,グロース（内国株式）,精密機器,-,20280.0,72346.9,77.0,83.1,-0.58,17.48,,参考値,3
7,460A,ＢＲＡＮＵ,グロース（内国株式）,情報・通信業,-,1025.0,22.1,76.9,80.3,,6.38,,参考値,4
8,7815,東京ボード工業,スタンダード（内国株式）,その他製品,-,341.0,12.0,76.3,79.9,,7.16,,参考値,2
9,6619,ダブル・スコープ,プライム（内国株式）,電気機器,TOPIX Small 2,161.0,340.2,74.2,68.2,,5.99,,参考値,1
10,2338,クオンタムソリューションズ,スタンダード（内国株式）,情報・通信業,-,128.0,50.7,73.6,73.9,0.96,9.71,,参考値,3
11,6993,大黒屋ホールディングス,スタンダード（内国株式）,小売業,-,85.0,207.1,72.6,55.7,,4.29,,参考値,1
12,438A,インフキュリオン,グロース（内国株式）,情報・通信業,-,1001.0,122.1,71.4,73.5,,4.47,,参考値,3
13,4074,ラキール,グロース（内国株式）,情報・通信業,-,801.0,10.5,70.7,80.5,,4.15,,参考値,1
14,4882,ペルセウスプロテオミクス,グロース（内国株式）,医薬品,-,163.0,128.0,70.2,66.8,,6.84,,参考値,3
15,6177,ＡｐｐＢａｎｋ,グロース（内国株式）,サービス業,-,86.0,34.5,70.1,59.0,,7.1,,参考値,3
16,7776,セルシード,グロース（内国株式）,精密機器,-,227.0,38.1,69.8,67.9,,4.86,,参考値,2
17,4888,ステラファーマ,グロース（内国株式）,医薬品,-,390.0,89.9,68.8,67.0,,5.88,,参考値,4
18,281A,インフォメティス,グロース（内国株式）,情報・通信業,-,420.0,31.1,68.3,71.0,1.43,5.08,,参考値,0
19,431A,ユーソナー,グロース（内国株式）,情報・通信業,-,2728.0,96.5,67.9,74.5,,7.8,,参考値,4
20,4424,Ａｍａｚｉａ,グロース（内国株式）,情報・通信業,-,337.0,152.9,67.9,62.4,,10.24,,参考値,3
21,4592,サンバイオ,グロース（内国株式）,医薬品,-,949.0,846.7,67.4,69.5,,6.6,,参考値,1
22,2901,ウェルディッシュ,スタンダード（内国株式）,食料品,-,149.0,29.7,67.3,68.6,1.0,3.62,,参考値,1
23,9425,ＲｅＹｕｕ　Ｊａｐａｎ,スタンダード（内国株式）,情報・通信業,-,242.0,395.9,67.0,65.7,,16.56,,参考値,3
24,198A,ＰｏｓｔＰｒｉｍｅ,グロース（内国株式）,情報・通信業,-,166.0,14.2,66.6,59.2,0.67,7.1,,参考値,4
25,9229,サンウェルズ,プライム（内国株式）,サービス業,TOPIX Small 2,112.0,28.0,65.5,66.9,,6.89,,参考値,0
26,477A,スタートライン,グロース（内国株式）,サービス業,-,845.0,23.0,65.3,69.9,,6.49,,参考値,4
27,2164,地域新聞社,スタンダード（内国株式）,サービス業,-,118.0,23.2,65.3,58.4,3.68,12.89,,参考値,0
28,5597,ブルーイノベーション,グロース（内国株式）,情報・通信業,-,1417.0,90.3,65.1,72.0,,8.17,,参考値,2
29,7063,Ｂｉｒｄｍａｎ,グロース（内国株式）,サービス業,-,84.0,51.3,65.1,59.5,,10.59,,参考値,1
30,6743,大同信号,スタンダード（内国株式）,電気機器,-,1010.0,28.3,65.0,51.4,,4.32,,参考値,2
31,7148,ＦＰＧ,プライム（内国株式）,証券、商品先物取引業,TOPIX Small 1,1717.0,792.7,64.8,72.3,,2.75,,参考値,3
32,3719,ＡＩストーム,スタンダード（内国株式）,情報・通信業,-,117.0,72.5,64.6,63.2,,6.32,,参考値,0
33,2134,北浜キャピタルパートナーズ,スタンダード（内国株式）,サービス業,-,20.0,36.1,64.6,58.7,1.22,9.11,,参考値,1
34,336A,ダイナミックマッププラットフォーム,グロース（内国株式）,情報・通信業,-,1388.0,9396.4,64.2,68.4,,21.6,,参考値,3
35,2586,フルッタフルッタ,グロース（内国株式）,食料品,-,75.0,83.6,64.2,54.3,2.05,4.71,,参考値,1
36,3853,アステリア,プライム（内国株式）,情報・通信業,TOPIX Small 2,1100.0,454.9,64.1,68.9,,5.5,,参考値,1
37,3134,Ｈａｍｅｅ,スタンダード（内国株式）,小売業,TOPIX Small 2,305.0,13.7,63.9,55.4,0.6,4.22,,参考値,2
38,153A,カウリス,グロース（内国株式）,情報・通信業,-,1561.0,121.6,63.7,64.4,0.84,6.27,,参考値,4
39,8783,ａｂｃ,スタンダード（内国株式）,その他金融業,-,53.0,76.3,63.7,62.0,,10.31,,参考値,1
40,206A,ＰＲＩＳＭ　ＢｉｏＬａｂ,グロース（内国株式）,医薬品,-,179.0,17.1,63.7,51.9,0.74,5.27,,参考値,4
41,4833,Ｄｅｆ　ｃｏｎｓｕｌｔｉｎｇ,グロース（内国株式）,サービス業,-,54.0,326.3,63.7,51.4,,22.82,,参考値,4
42,2342,トランスジェニックグループ,スタンダード（内国株式）,サービス業,-,255.0,42.6,63.5,52.3,0.76,4.16,,参考値,3
43,7383,ネットプロテクションズホールディングス,プライム（内国株式）,その他金融業,TOPIX Small 1,398.0,433.3,63.4,64.4,,7.19,,参考値,2
44,4596,窪田製薬ホールディングス,グロース（内国株式）,医薬品,-,64.0,90.6,63.2,57.5,,6.19,,参考値,1
45,6269,三井海洋開発,プライム（内国株式）,機械,TOPIX Mid400,9451.0,6688.8,63.1,72.5,,5.49,,参考値,0
46,4563,アンジェス,グロース（内国株式）,医薬品,-,38.0,87.7,62.7,59.1,,7.61,,参考値,1
47,2286,林兼産業,スタンダード（内国株式）,食料品,-,902.0,45.3,62.6,52.6,0.61,4.26,,参考値,3
48,5572,Ｒｉｄｇｅ－ｉ,グロース（内国株式）,情報・通信業,-,2834.0,132.9,62.4,66.3,,8.25,,参考値,3
49,7018,内海造船,スタンダード（内国株式）,輸送用機器,-,13370.0,413.3,62.2,68.4,,8.75,,参考値,3
50,2700,木徳神糧,スタンダード（内国株式）,卸売業,-,1738.0,29.2,61.9,61.3,0.49,3.37,,参考値,3
51,5132,ｐｌｕｓｚｅｒｏ,グロース（内国株式）,情報・通信業,-,2121.0,46.8,61.7,68.0,,5.27,,参考値,3
52,8136,サンリオ,プライム（内国株式）,卸売業,TOPIX Mid400,1252.0,30774.2,61.6,65.2,,5.47,,参考値,2
53,4446,Ｌｉｎｋ－Ｕグループ,スタンダード（内国株式）,情報・通信業,-,845.0,34.1,61.4,61.3,,3.82,,参考値,3
54,3070,ジェリービーンズグループ,グロース（内国株式）,卸売業,-,67.0,41.5,61.4,58.1,0.81,5.28,,参考値,1
55,3968,セグエグループ,プライム（内国株式）,情報・通信業,-,625.0,279.5,61.3,59.2,,4.89,,参考値,3
56,9501,東京電力ホールディングス,プライム（内国株式）,電気・ガス業,TOPIX Mid400,556.7,21363.0,61.1,62.4,,6.55,,参考値,3
57,1866,北野建設,スタンダード（内国株式）,建設業,-,1147.0,16.4,61.0,60.2,0.63,2.74,,参考値,2
58,3753,フライトソリューションズ,スタンダード（内国株式）,情報・通信業,-,220.0,76.0,60.9,50.9,,9.3,,参考値,2
59,6656,インスペック,スタンダード（内国株式）,電気機器,-,814.0,51.3,60.6,64.7,,5.23,,参考値,0
60,6085,アーキテクツ・スタジオ・ジャパン,グロース（内国株式）,サービス業,-,170.0,2278.4,60.6,49.4,,35.86,,参考値,2
61,338A,ＺｅｎｍｕＴｅｃｈ,グロース（内国株式）,情報・通信業,-,2390.0,1018.2,60.5,64.1,,15.0,,参考値,3
62,6335,東京機械製作所,スタンダード（内国株式）,機械,-,593.0,35.0,60.3,56.9,,3.78,,参考値,0
63,8011,三陽商会,プライム（内国株式）,繊維製品,TOPIX Small 2,1333.0,272.8,60.3,49.6,,8.9,,参考値,2
64,2208,ブルボン,スタンダード（内国株式）,食料品,-,3100.0,15.2,60.3,48.2,0.18,1.56,,参考値,2
65,254A,ＡＩフュージョンキャピタルグループ,スタンダード（内国株式）,証券、商品先物取引業,-,1194.0,35.2,60.1,54.2,0.75,2.88,,参考値,4
66,9034,南総通運,スタンダード（内国株式）,陸運業,-,1662.0,12.2,60.1,47.1,,2.04,,参考値,3
67,8894,ＲＥＶＯＬＵＴＩＯＮ,スタンダード（内国株式）,不動産業,-,20.0,11.0,60.0,58.0,,11.79,,参考値,1
68,4570,免疫生物研究所,グロース（内国株式）,医薬品,-,1156.0,186.3,60.0,57.9,,7.57,,参考値,3
69,4597,ソレイジア・ファーマ,グロース（内国株式）,医薬品,-,29.0,2075.2,59.9,64.4,,11.45,,参考値,2
70,9601,松竹,プライム（内国株式）,情報・通信業,TOPIX Small 1,11000.0,688.5,59.8,61.0,,3.45,,参考値,2
71,2673,夢みつけ隊,スタンダード（内国株式）,小売業,-,111.0,17.3,59.8,60.3,0.68,4.34,,参考値,3
72,5121,藤倉コンポジット,プライム（内国株式）,ゴム製品,TOPIX Small 2,2646.0,193.2,59.8,55.0,,3.78,,参考値,3
73,4564,オンコセラピー・サイエンス,グロース（内国株式）,医薬品,-,22.0,3909.3,59.7,58.2,,11.2,,参考値,4
74,6969,松尾電機,スタンダード（内国株式）,電気機器,-,980.0,81.6,59.7,54.7,,6.38,,参考値,0
75,7603,ジーイエット,スタンダード（内国株式）,小売業,-,39.0,58.0,59.7,51.2,,13.19,,参考値,1
76,8918,ランド,スタンダード（内国株式）,不動産業,TOPIX Small 2,11.0,3652.2,59.7,46.7,,13.64,,参考値,3
77,2694,焼肉坂井ホールディングス,スタンダード（内国株式）,小売業,-,72.0,25.2,59.7,45.0,0.59,2.23,,参考値,4
78,7095,Ｍａｃｂｅｅ　Ｐｌａｎｅｔ,プライム（内国株式）,サービス業,TOPIX Small 2,1246.0,73.1,59.6,70.0,,3.2,,参考値,3
79,157A,グリーンモンスター,グロース（内国株式）,サービス業,-,774.0,13.8,59.6,61.1,0.83,3.9,,参考値,2
80,7068,フィードフォースグループ,グロース（内国株式）,サービス業,-,595.0,27.5,59.6,54.3,,3.04,,参考値,3
81,6016,ジャパンエンジンコーポレーション,スタンダード（内国株式）,輸送用機器,-,11420.0,1315.2,59.5,66.1,,8.63,,参考値,4
82,3050,ＤＣＭホールディングス,プライム（内国株式）,小売業,TOPIX Small 1,1592.0,359.2,59.5,45.6,0.28,2.13,,参考値,3
83,7003,三井Ｅ＆Ｓ,プライム（内国株式）,機械,TOPIX Mid400,4404.0,8853.2,59.4,67.8,,6.29,,参考値,1
84,366A,ウェルネス・コミュニケーションズ,グロース（内国株式）,サービス業,-,1149.0,48.5,59.4,62.5,,3.86,,参考値,4
85,7841,遠藤製作所,スタンダード（内国株式）,その他製品,-,1076.0,10.9,59.4,48.2,,1.86,,参考値,2
86,5575,Ｇｌｏｂｅｅ,グロース（内国株式）,情報・通信業,-,1120.0,27.4,59.3,67.7,,11.18,,参考値,3
87,9262,シルバーライフ,スタンダード（内国株式）,小売業,TOPIX Small 2,680.0,11.4,59.3,53.4,,2.63,,参考値,3
88,286A,ユカリア,グロース（内国株式）,サービス業,-,808.0,18.6,59.2,54.3,0.4,3.35,,参考値,3
89,9622,スペース,プライム（内国株式）,サービス業,TOPIX Small 2,1408.0,46.9,59.2,54.0,,2.0,,参考値,1
90,6573,ＣＲＡＶＩＡ,グロース（内国株式）,サービス業,-,28.0,23.2,59.2,51.9,,9.18,,参考値,4
91,9625,セレスポ,スタンダード（内国株式）,サービス業,-,949.0,11.5,59.2,48.4,,2.55,,参考値,2
92,5985,サンコール,スタンダード（内国株式）,金属製品,TOPIX Small 2,2121.0,3950.4,59.1,63.5,,12.74,,参考値,3
93,3825,リミックスポイント,スタンダード（内国株式）,小売業,-,226.0,723.1,59.1,62.2,,11.52,,参考値,3
94,3624,アクセルマーク,グロース（内国株式）,情報・通信業,-,85.0,78.1,59.1,56.2,,9.33,,参考値,4
95,3963,シンクロ・フード,プライム（内国株式）,情報・通信業,-,321.0,29.5,59.0,56.0,,6.64,,参考値,1
96,472A,ミラティブ,グロース（内国株式）,情報・通信業,-,535.0,148.3,59.0,55.8,,7.59,,参考値,3
97,6836,ぷらっとホーム,スタンダード（内国株式）,電気機器,-,826.0,16.6,58.9,61.0,,4.54,,参考値,3
98,8624,いちよし証券,プライム（内国株式）,証券、商品先物取引業,TOPIX Small 2,1724.0,240.2,58.9,49.7,,4.91,,参考値,4
99,5967,ＴＯＮＥ,スタンダード（内国株式）,金属製品,-,460.0,10.1,58.8,57.1,,4.17,,参考値,1
100,6986,双葉電子工業,プライム（内国株式）,電気機器,TOPIX Small 2,755.0,344.5,58.8,53.5,,7.48,,参考値,4
101,4263,サスメド,グロース（内国株式）,情報・通信業,-,408.0,89.6,58.7,59.5,,8.9,,参考値,0
102,4075,ブレインズテクノロジー,グロース（内国株式）,情報・通信業,-,1282.0,376.5,58.7,59.0,,18.83,,参考値,3
103,3936,グローバルウェイ,グロース（内国株式）,情報・通信業,-,139.0,145.8,58.7,57.4,,6.17,,参考値,0
104,4026,神島化学工業,スタンダード（内国株式）,ガラス・土石製品,-,1642.0,66.2,58.7,54.4,,3.18,,参考値,1
105,7874,レック,プライム（内国株式）,化学,TOPIX Small 2,956.0,65.8,58.7,51.8,,2.48,,参考値,2
106,7061,日本ホスピスホールディングス,グロース（内国株式）,サービス業,-,468.0,55.9,58.6,63.5,,3.21,,参考値,1
107,4598,Ｄｅｌｔａ－Ｆｌｙ　Ｐｈａｒｍａ,グロース（内国株式）,医薬品,-,127.0,255.6,58.6,61.5,,13.67,,参考値,3
108,4575,キャンバス,グロース（内国株式）,医薬品,-,767.0,212.7,58.6,55.5,,8.48,,参考値,2
109,2330,フォーサイド,スタンダード（内国株式）,情報・通信業,-,130.0,310.4,58.6,48.3,-0.28,10.14,,参考値,4
110,5287,イトーヨーギョー,スタンダード（内国株式）,ガラス・土石製品,-,861.0,18.8,58.5,65.2,,3.58,,参考値,3
111,135A,ＶＲＡＩＮ　Ｓｏｌｕｔｉｏｎ,グロース（内国株式）,情報・通信業,-,4520.0,330.9,58.5,64.0,0.23,8.05,,参考値,4
112,9270,バリュエンスホールディングス,グロース（内国株式）,卸売業,-,2013.0,127.4,58.5,59.9,,5.92,,参考値,2
113,3807,フィスコ,グロース（内国株式）,情報・通信業,-,87.0,28.2,58.5,55.4,,4.93,,参考値,1
114,9509,北海道電力,プライム（内国株式）,電気・ガス業,TOPIX Mid400,1131.0,2465.2,58.5,54.1,,4.23,,参考値,3
115,7212,エフテック,スタンダード（内国株式）,輸送用機器,-,734.0,13.6,58.5,46.2,,3.02,,参考値,4
116,5034,ｕｎｅｒｒｙ,グロース（内国株式）,情報・通信業,-,2286.0,42.3,58.4,63.9,,4.69,,参考値,3
117,462A,ＦＵＮＤＩＮＮＯ,グロース（内国株式）,証券、商品先物取引業,-,277.0,602.1,58.4,57.9,,22.86,,参考値,2
118,3937,Ｕｂｉｃｏｍホールディングス,スタンダード（内国株式）,情報・通信業,TOPIX Small 2,1193.0,114.1,58.4,51.4,,5.13,,参考値,4
119,6151,日東工器,プライム（内国株式）,機械,TOPIX Small 2,1717.0,25.3,58.4,42.7,,2.4,,参考値,2
120,3110,日東紡績,プライム（内国株式）,ガラス・土石製品,TOPIX Small 1,2935.0,18470.8,58.3,64.7,3.35,8.76,,参考値,0
121,6176,ブランジスタ,スタンダード（内国株式）,サービス業,-,1130.0,234.0,58.3,56.4,,6.02,,参考値,3
122,5033,ヌーラボ,グロース（内国株式）,情報・通信業,-,1203.0,77.4,58.3,54.6,,7.67,,参考値,4
123,3865,北越コーポレーション,プライム（内国株式）,パルプ・紙,TOPIX Small 1,903.0,187.0,58.3,54.0,,2.97,,参考値,2
124,5032,ＡＮＹＣＯＬＯＲ,プライム（内国株式）,情報・通信業,TOPIX Small 1,2943.0,1413.2,58.2,63.7,,3.46,,参考値,3
125,3195,ジェネレーションパス,スタンダード（内国株式）,小売業,-,700.0,28.1,58.2,61.2,0.77,5.3,,参考値,3
126,3653,モルフォ,グロース（内国株式）,情報・通信業,-,1315.0,1407.8,58.2,58.8,,17.89,,参考値,4
127,4415,ブロードエンタープライズ,グロース（内国株式）,情報・通信業,-,1393.0,54.1,58.2,55.0,,4.95,,参考値,3
128,4056,ニューラルグループ,グロース（内国株式）,情報・通信業,-,236.0,275.3,58.2,54.5,,18.61,,参考値,4
129,265A,Ｈｍｃｏｍｍ,グロース（内国株式）,情報・通信業,-,720.0,16.1,58.2,54.1,0.83,5.73,,参考値,3
130,9310,日本トランスシティ,プライム（内国株式）,倉庫・運輸関連業,TOPIX Small 2,1363.0,166.5,58.2,51.0,,4.46,,参考値,2
131,7811,中本パックス,スタンダード（内国株式）,その他製品,-,1962.0,35.7,58.2,46.5,,1.52,,参考値,3
132,7094,ＮｅｘＴｏｎｅ,グロース（内国株式）,サービス業,-,1835.0,180.3,58.1,58.5,,5.88,,参考値,3
133,2938,オカムラ食品工業,スタンダード（内国株式）,食料品,-,1246.0,62.1,58.1,55.5,0.62,2.73,,参考値,0
134,3930,はてな,グロース（内国株式）,情報・通信業,-,789.0,14.0,58.1,54.7,,3.06,,参考値,2
135,3321,ミタチ産業,スタンダード（内国株式）,卸売業,-,1658.0,41.7,58.1,54.5,,2.81,,参考値,2
136,5411,ＪＦＥホールディングス,プライム（内国株式）,鉄鋼,TOPIX Mid400,1823.5,15933.3,58.1,49.7,,4.04,,参考値,3
137,8999,グランディハウス,プライム（内国株式）,不動産業,TOPIX Small 2,567.0,33.0,58.1,44.9,,1.8,,参考値,3
138,9561,グラッドキューブ,グロース（内国株式）,サービス業,-,416.0,13.1,58.0,57.8,,4.35,,参考値,2
139,2138,クルーズ,スタンダード（内国株式）,情報・通信業,-,428.0,12.1,58.0,51.6,0.48,3.23,,参考値,2
140,4168,ヤプリ,グロース（内国株式）,情報・通信業,-,767.0,67.9,57.9,55.2,,3.55,,参考値,1
141,2776,新都ホールディングス,スタンダード（内国株式）,卸売業,-,102.0,30.8,57.9,54.9,0.69,7.25,,参考値,2
142,8769,アドバンテッジリスクマネジメント,スタンダード（内国株式）,サービス業,-,496.0,18.4,57.9,53.7,,2.4,,参考値,1
143,4978,リプロセル,グロース（内国株式）,化学,-,149.0,85.8,57.9,52.1,,4.82,,参考値,4
144,6570,共和コーポレーション,スタンダード（内国株式）,サービス業,-,3550.0,445.8,57.9,51.8,,16.69,,参考値,4
145,8622,水戸証券,プライム（内国株式）,証券、商品先物取引業,TOPIX Small 2,957.0,419.0,57.9,50.7,,4.69,,参考値,4
146,5702,大紀アルミニウム工業所,プライム（内国株式）,非鉄金属,TOPIX Small 1,1780.0,524.0,57.9,47.4,,5.36,,参考値,3
147,5248,テクノロジーズ,グロース（内国株式）,情報・通信業,-,502.0,13.2,57.8,62.3,,3.37,,参考値,2
148,5027,ＡｎｙＭｉｎｄ　Ｇｒｏｕｐ,グロース（内国株式）,情報・通信業,-,723.0,420.1,57.8,56.5,,8.2,,参考値,3
149,3121,マーチャント・バンカーズ,スタンダード（内国株式）,サービス業,-,253.0,20.9,57.8,56.5,0.68,5.59,,参考値,3
150,6620,宮越ホールディングス,プライム（内国株式）,不動産業,TOPIX Small 2,702.0,38.3,57.8,55.8,,3.75,,参考値,2
151,9235,売れるネット広告社グループ,グロース（内国株式）,サービス業,-,438.0,26.6,57.7,59.9,,5.7,,参考値,1
152,463A,インテリックスホールディングス,スタンダード（内国株式）,不動産業,-,1026.0,14.5,57.7,54.8,,2.9,,参考値,4
153,3803,イメージ情報開発,グロース（内国株式）,情報・通信業,-,624.0,14.1,57.7,53.8,,7.16,,参考値,3
154,9325,ファイズホールディングス,スタンダード（内国株式）,倉庫・運輸関連業,-,1059.0,10.2,57.7,51.8,,2.73,,参考値,1
155,2798,ワイズテーブルコーポレーション,スタンダード（内国株式）,小売業,-,2998.0,15.1,57.7,46.7,0.25,1.08,,参考値,1
156,1429,日本アクア,プライム（内国株式）,建設業,-,811.0,70.7,57.7,46.6,0.34,2.21,,参考値,3
157,2934,ジェイフロンティア,グロース（内国株式）,食料品,-,2003.0,13.0,57.6,65.5,0.28,3.13,,参考値,2
158,6834,精工技研,スタンダード（内国株式）,電気機器,-,5100.0,7501.5,57.6,62.3,,14.66,,参考値,2
159,3692,ＦＦＲＩセキュリティ,グロース（内国株式）,情報・通信業,-,5960.0,957.9,57.6,58.5,,8.99,,参考値,3
160,475A,ギミック,スタンダード（内国株式）,サービス業,-,677.0,10.3,57.6,57.5,,7.64,,参考値,2
161,4416,Ｔｒｕｅ　Ｄａｔａ,グロース（内国株式）,情報・通信業,-,427.0,14.4,57.6,56.5,,5.75,,参考値,3
162,4594,ブライトパス・バイオ,グロース（内国株式）,医薬品,-,58.0,77.5,57.6,53.1,,7.57,,参考値,4
163,7014,名村造船所,スタンダード（内国株式）,輸送用機器,TOPIX Small 1,4865.0,7764.6,57.5,63.1,,8.04,,参考値,3
164,3747,インタートレード,スタンダード（内国株式）,情報・通信業,-,423.0,27.5,57.5,56.8,,7.98,,参考値,2
165,1847,イチケン,スタンダード（内国株式）,建設業,-,3400.0,108.0,57.5,48.9,0.22,2.79,,参考値,4
166,5129,ＦＩＸＥＲ,グロース（内国株式）,情報・通信業,-,270.0,150.5,57.4,60.6,,16.47,,参考値,2
167,6838,多摩川ホールディングス,スタンダード（内国株式）,電気機器,-,1516.0,301.8,57.4,57.5,,6.52,,参考値,2
168,324A,ブッキングリゾート,グロース（内国株式）,サービス業,-,723.0,11.0,57.4,56.5,0.73,3.25,,参考値,2
169,4933,Ｉ－ｎｅ,プライム（内国株式）,化学,TOPIX Small 2,1434.0,96.8,57.4,55.6,,3.67,,参考値,4
170,4571,ＮＡＮＯホールディングス,グロース（内国株式）,医薬品,-,100.0,57.5,57.4,53.4,,5.89,,参考値,1
171,1514,住石ホールディングス,スタンダード（内国株式）,鉱業,TOPIX Small 2,664.0,330.0,57.4,51.4,0.67,5.86,,参考値,3
172,3962,チェンジホールディングス,プライム（内国株式）,情報・通信業,TOPIX Small 1,985.0,237.1,57.3,55.4,,3.05,,参考値,2
173,6966,三井ハイテック,プライム（内国株式）,電気機器,TOPIX Small 1,903.0,1279.2,57.3,54.9,,4.56,,参考値,1
174,2983,アールプランナー,グロース（内国株式）,不動産業,-,1732.0,49.1,57.3,53.7,0.57,4.83,,参考値,3
175,4060,ｒａｋｕｍｏ,グロース（内国株式）,情報・通信業,-,1210.0,11.5,57.3,53.6,,3.04,,参考値,4
176,5079,ノバック,スタンダード（内国株式）,建設業,-,2606.0,12.2,57.3,43.8,,1.99,,参考値,3
177,5592,くすりの窓口,グロース（内国株式）,情報・通信業,-,2652.0,177.0,57.2,60.9,,4.29,,参考値,4
178,7725,インターアクション,プライム（内国株式）,精密機器,TOPIX Small 2,1713.0,179.7,57.2,54.7,,6.2,,参考値,0
179,3903,ｇｕｍｉ,プライム（内国株式）,情報・通信業,TOPIX Small 2,266.0,136.1,57.2,53.6,,6.69,,参考値,2
180,4100,戸田工業,スタンダード（内国株式）,化学,TOPIX Small 2,1587.0,67.7,57.2,52.8,,6.41,,参考値,2
181,5951,ダイニチ工業,スタンダード（内国株式）,金属製品,-,1170.0,39.3,57.2,52.7,,5.31,,参考値,2
182,7744,ノーリツ鋼機,プライム（内国株式）,精密機器,TOPIX Small 1,1970.0,730.4,57.2,48.8,,4.16,,参考値,3
183,4704,トレンドマイクロ,プライム（内国株式）,情報・通信業,TOPIX Mid400,5798.0,6570.7,57.1,64.4,,5.15,,参考値,0
184,5586,Ｌａｂｏｒｏ．ＡＩ,グロース（内国株式）,情報・通信業,-,933.0,73.8,57.1,53.2,,5.2,,参考値,3
185,8157,都築電気,プライム（内国株式）,情報・通信業,TOPIX Small 2,4100.0,148.1,57.1,50.1,,3.23,,参考値,3
186,4235,ウルトラファブリックス・ホールディングス,スタンダード（内国株式）,化学,-,673.0,17.5,57.1,48.9,,1.94,,参考値,2
187,5131,リンカーズ,グロース（内国株式）,情報・通信業,-,120.0,72.4,57.1,48.3,,10.98,,参考値,0
188,8217,オークワ,プライム（内国株式）,小売業,TOPIX Small 2,799.0,82.7,57.1,44.2,,2.08,,参考値,4
189,3489,フェイスネットワーク,スタンダード（内国株式）,不動産業,-,797.0,60.2,57.1,43.5,,2.72,,参考値,3
190,4055,ティアンドエスグループ,グロース（内国株式）,情報・通信業,-,1677.0,79.9,57.0,57.3,,5.09,,参考値,2
191,276A,ククレブ・アドバイザーズ,グロース（内国株式）,不動産業,-,4165.0,93.4,57.0,56.3,0.53,5.35,,参考値,4
192,2158,ＦＲＯＮＴＥＯ,グロース（内国株式）,サービス業,-,625.0,132.0,57.0,55.4,0.7,4.77,,参考値,1
193,3185,夢展望,グロース（内国株式）,小売業,-,149.0,10.2,57.0,53.3,0.68,3.52,,参考値,1
194,3672,オルトプラス,スタンダード（内国株式）,情報・通信業,-,29.0,11.7,57.0,51.3,,12.93,,参考値,4
195,9564,ＦＣＥ,スタンダード（内国株式）,サービス業,-,558.0,31.8,57.0,51.3,,5.34,,参考値,2
196,4671,ファルコホールディングス,スタンダード（内国株式）,サービス業,TOPIX Small 2,2913.0,47.0,57.0,44.6,,2.38,,参考値,4
197,3196,ホットランドホールディングス,プライム（内国株式）,小売業,TOPIX Small 2,1658.0,162.3,57.0,44.0,0.26,1.73,,参考値,4
198,5631,日本製鋼所,プライム（内国株式）,機械,TOPIX Mid400,7050.0,5764.2,56.9,60.9,,5.95,,参考値,0
199,6037,楽待,スタンダード（内国株式）,サービス業,-,1076.0,35.5,56.9,56.9,,3.77,,参考値,3
200,3900,クラウドワークス,グロース（内国株式）,情報・通信業,-,657.0,66.9,56.9,54.7,,5.38,,参考値,1
201,6533,Ｏｒｃｈｅｓｔｒａ　Ｈｏｌｄｉｎｇｓ,プライム（内国株式）,サービス業,TOPIX Small 2,1123.0,29.2,56.9,54.6,,3.66,,参考値,2
202,6753,シャープ,プライム（内国株式）,電気機器,TOPIX Mid400,625.5,2022.7,56.9,52.0,,4.46,,参考値,3
203,4440,ヴィッツ,スタンダード（内国株式）,情報・通信業,-,2014.0,2501.4,56.9,50.6,,17.31,,参考値,4
204,2935,ピックルスホールディングス,プライム（内国株式）,食料品,TOPIX Small 2,1202.0,30.6,56.9,46.3,0.3,1.91,,参考値,4
205,4094,日本化学産業,スタンダード（内国株式）,化学,-,2271.0,20.8,56.9,42.2,,1.71,,参考値,4
206,4880,セルソース,スタンダード（内国株式）,医薬品,TOPIX Small 2,334.0,14.5,56.8,63.6,,6.0,,参考値,3
207,2585,ライフドリンク　カンパニー,プライム（内国株式）,食料品,TOPIX Small 1,1491.0,1278.9,56.8,63.1,2.25,6.94,,参考値,1
208,2929,ファーマフーズ,プライム（内国株式）,食料品,TOPIX Small 2,595.0,66.7,56.8,58.6,0.6,2.9,,参考値,3
209,2370,メディネット,グロース（内国株式）,サービス業,-,25.0,15.1,56.8,57.0,0.75,7.71,,参考値,0
210,6584,三櫻工業,プライム（内国株式）,輸送用機器,TOPIX Small 2,756.0,387.5,56.8,53.6,,3.81,,参考値,1
211,335A,ミライロ,グロース（内国株式）,情報・通信業,-,325.0,46.4,56.8,53.1,,6.56,,参考値,0
212,4222,児玉化学工業,スタンダード（内国株式）,化学,-,705.0,560.0,56.8,52.3,,6.29,,参考値,3
213,3664,ＷＩＺＥ,グロース（内国株式）,情報・通信業,-,24.0,768.7,56.8,52.3,,16.52,,参考値,2
214,7089,フォースタートアップス,グロース（内国株式）,サービス業,-,1409.0,52.8,56.8,51.4,,5.13,,参考値,2
215,1717,明豊ファシリティワークス,スタンダード（内国株式）,サービス業,-,937.0,10.9,56.8,48.8,0.28,1.15,,参考値,2
216,2354,ＹＥ　ＤＩＧＩＴＡＬ,スタンダード（内国株式）,情報・通信業,-,1448.0,1321.7,56.7,58.7,0.06,12.06,,参考値,4
217,5218,オハラ,スタンダード（内国株式）,ガラス・土石製品,TOPIX Small 2,1625.0,141.3,56.7,57.0,,5.25,,参考値,4
218,5244,ｊｉｇ．ｊｐ,グロース（内国株式）,情報・通信業,-,175.0,52.4,56.7,55.8,,4.29,,参考値,1
219,2998,クリアル,グロース（内国株式）,不動産業,-,562.0,70.0,56.7,55.1,0.71,5.53,,参考値,3
220,5216,倉元製作所,スタンダード（内国株式）,ガラス・土石製品,-,152.0,19.1,56.7,53.9,,4.02,,参考値,1
221,7222,日産車体,スタンダード（内国株式）,輸送用機器,TOPIX Small 2,901.0,85.3,56.7,52.4,,3.22,,参考値,1
222,3443,川田テクノロジーズ,プライム（内国株式）,金属製品,TOPIX Small 2,1347.0,377.4,56.7,52.2,,3.29,,参考値,2
223,8388,阿波銀行,プライム（内国株式）,銀行業,TOPIX Small 1,9830.0,1647.3,56.7,51.7,,4.94,,参考値,3
224,9757,船井総研ホールディングス,プライム（内国株式）,サービス業,TOPIX Small 1,1172.0,348.0,56.7,51.1,,1.75,,参考値,4
225,6035,アイ・アールジャパンホールディングス,スタンダード（内国株式）,サービス業,TOPIX Small 2,721.0,25.1,56.7,50.7,,2.17,,参考値,2
226,3777,環境フレンドリーホールディングス,グロース（内国株式）,情報・通信業,-,46.0,32.1,56.7,49.1,,4.66,,参考値,0
227,3035,ケイティケイ,スタンダード（内国株式）,卸売業,-,771.0,40.9,56.7,48.4,0.64,2.31,,参考値,0
228,155A,情報戦略テクノロジー,グロース（内国株式）,情報・通信業,-,802.0,49.4,56.6,61.2,0.77,4.64,,参考値,1
229,2326,デジタルアーツ,プライム（内国株式）,情報・通信業,TOPIX Small 1,4450.0,519.9,56.6,59.8,0.29,4.08,,参考値,2
230,7974,任天堂,プライム（内国株式）,その他製品,TOPIX Core30,8750.0,78836.7,56.6,59.2,,4.32,,参考値,4
231,2371,カカクコム,プライム（内国株式）,サービス業,TOPIX Mid400,3691.0,849.3,56.6,53.5,0.2,1.29,,参考値,3
232,6547,グリーンズ,スタンダード（内国株式）,サービス業,-,2195.0,188.9,56.6,52.9,,3.94,,参考値,4
233,7615,京都きもの友禅ホールディングス,スタンダード（内国株式）,小売業,-,100.0,65.9,56.6,51.7,,10.18,,参考値,4
234,3150,グリムス,プライム（内国株式）,電気・ガス業,TOPIX Small 2,2415.0,119.6,56.6,50.2,0.24,2.58,,参考値,1
235,9168,ライズ・コンサルティング・グループ,グロース（内国株式）,サービス業,-,420.0,42.0,56.5,53.9,,3.14,,参考値,3
236,6044,三機サービス,スタンダード（内国株式）,サービス業,-,1864.0,10.0,56.5,53.1,,1.97,,参考値,2
237,2612,かどや製油,スタンダード（内国株式）,食料品,-,2295.0,60.2,56.5,47.2,-0.65,5.7,,参考値,4
238,2485,ティア,スタンダード（内国株式）,サービス業,-,449.0,26.7,56.5,44.6,0.33,1.05,,参考値,0
239,6138,ダイジェット工業,スタンダード（内国株式）,機械,-,1971.0,86.4,56.5,44.4,,6.75,,参考値,4
240,3173,Ｃｏｍｉｎｉｘ,スタンダード（内国株式）,卸売業,-,1455.0,36.0,56.5,44.3,1.1,6.24,,参考値,3
241,7347,マーキュリアホールディングス,プライム（内国株式）,証券、商品先物取引業,-,797.0,11.1,56.5,42.6,,2.26,,参考値,3
242,5816,オーナンバ,スタンダード（内国株式）,非鉄金属,-,1440.0,55.2,56.5,39.9,,3.08,,参考値,0
243,9237,笑美面,グロース（内国株式）,サービス業,-,998.0,13.0,56.4,62.2,,5.27,,参考値,3
244,6040,日本スキー場開発,グロース（内国株式）,サービス業,-,462.0,13.0,56.4,55.0,,2.44,,参考値,1
245,4013,勤次郎,グロース（内国株式）,情報・通信業,-,646.0,31.7,56.4,52.1,,4.01,,参考値,2
246,6255,エヌ・ピー・シー,グロース（内国株式）,機械,-,638.0,123.5,56.4,49.8,,4.86,,参考値,1
247,4813,ＡＣＣＥＳＳ,プライム（内国株式）,情報・通信業,-,416.0,323.1,56.3,59.0,,9.14,,参考値,3
248,3486,グローバル・リンク・マネジメント,プライム（内国株式）,不動産業,-,1926.0,103.0,56.3,56.0,,2.73,,参考値,3
249,4584,キッズウェル・バイオ,グロース（内国株式）,医薬品,-,168.0,65.9,56.3,53.6,,6.44,,参考値,3
250,6535,アイモバイル,プライム（内国株式）,サービス業,TOPIX Small 2,510.0,163.0,56.3,53.4,,2.96,,参考値,3
251,253A,ＥＴＳグループ,スタンダード（内国株式）,建設業,-,1050.0,19.7,56.3,52.5,0.39,2.52,,参考値,1
252,3131,シンデン・ハイテックス,スタンダード（内国株式）,卸売業,-,6360.0,429.0,56.3,51.8,1.4,9.55,,参考値,3
253,3392,デリカフーズホールディングス,スタンダード（内国株式）,卸売業,-,812.0,23.7,56.3,51.6,,1.89,,参考値,1
254,7419,ノジマ,プライム（内国株式）,小売業,TOPIX Small 1,1242.0,870.3,56.3,48.9,,2.19,,参考値,1
255,3538,ウイルプラスホールディングス,スタンダード（内国株式）,小売業,-,1007.0,15.4,56.3,44.6,,1.6,,参考値,3
256,9076,セイノーホールディングス,プライム（内国株式）,陸運業,TOPIX Mid400,2672.5,1047.2,56.3,44.2,,2.61,,参考値,2
257,8995,誠建設工業,スタンダード（内国株式）,不動産業,-,2548.0,604.0,56.2,61.2,,14.53,,参考値,3
258,4980,デクセリアルズ,プライム（内国株式）,化学,TOPIX Mid400,2779.5,4419.7,56.2,59.7,,6.47,,参考値,1
259,5026,トリプルアイズ,グロース（内国株式）,情報・通信業,-,615.0,16.1,56.2,56.9,,6.43,,参考値,3
260,6635,大日光・エンジニアリング,スタンダード（内国株式）,電気機器,-,651.0,57.8,56.2,51.6,,4.15,,参考値,0
261,5029,サークレイス,グロース（内国株式）,情報・通信業,-,945.0,33.7,56.2,51.5,,9.21,,参考値,3
262,5258,トランザクション・メディア・ネットワークス,グロース（内国株式）,情報・通信業,-,419.0,47.8,56.2,51.3,,4.55,,参考値,2
263,2884,ヨシムラ・フード・ホールディングス,プライム（内国株式）,食料品,TOPIX Small 2,634.0,48.4,56.2,50.5,0.27,3.45,,参考値,2
264,7860,エイベックス,プライム（内国株式）,情報・通信業,TOPIX Small 1,1249.0,167.7,56.2,50.0,,2.27,,参考値,2
265,7532,パン・パシフィック・インターナショナルホールディングス,プライム（内国株式）,小売業,TOPIX Mid400,777.7,13865.9,56.2,49.6,,3.77,,参考値,0
266,7038,フロンティア・マネジメント,プライム（内国株式）,サービス業,TOPIX Small 2,582.0,10.9,56.2,42.6,,2.69,,参考値,4
267,7245,大同メタル工業,プライム（内国株式）,輸送用機器,TOPIX Small 2,1140.0,466.1,56.1,54.0,,5.03,,参考値,1
268,6047,Ｇｕｎｏｓｙ,スタンダード（内国株式）,サービス業,TOPIX Small 2,388.0,47.4,56.1,51.7,,4.0,,参考値,2
269,5852,アーレスティ,プライム（内国株式）,非鉄金属,-,673.0,77.5,56.1,51.4,,3.07,,参考値,1
270,2752,フジオフードグループ本社,プライム（内国株式）,小売業,TOPIX Small 1,1155.0,106.2,56.1,44.4,0.34,1.65,,参考値,2
271,7630,壱番屋,プライム（内国株式）,小売業,TOPIX Small 1,1087.0,792.0,56.1,43.0,,4.82,,参考値,3
272,5726,大阪チタニウムテクノロジーズ,プライム（内国株式）,非鉄金属,TOPIX Small 1,2654.0,1797.2,56.0,62.9,,7.43,,参考値,2
273,6030,アドベンチャー,グロース（内国株式）,サービス業,-,1670.0,25.3,56.0,58.5,,3.89,,参考値,3
274,4892,サイフューズ,グロース（内国株式）,医薬品,-,611.0,17.8,56.0,55.8,,4.09,,参考値,4
275,6907,ジオマテック,スタンダード（内国株式）,電気機器,-,767.0,27.8,56.0,55.3,,5.55,,参考値,3
276,7066,ピアズ,グロース（内国株式）,サービス業,-,464.0,11.1,56.0,54.6,,5.47,,参考値,4
277,8518,日本アジア投資,スタンダード（内国株式）,証券、商品先物取引業,-,155.0,11.1,56.0,54.6,,3.73,,参考値,3
278,241A,ＲＯＸＸ,グロース（内国株式）,情報・通信業,-,416.0,10.9,56.0,53.6,0.87,3.68,,参考値,2
279,8058,三菱商事,プライム（内国株式）,卸売業,TOPIX Core30,4927.0,35908.4,56.0,51.7,,3.83,,参考値,4
280,6200,インソース,プライム（内国株式）,サービス業,TOPIX Small 1,716.0,266.9,56.0,51.4,,2.92,,参考値,2
281,8920,東祥,スタンダード（内国株式）,サービス業,TOPIX Small 2,705.0,49.4,56.0,48.9,,2.66,,参考値,1
282,2170,リンクアンドモチベーション,プライム（内国株式）,サービス業,TOPIX Small 2,656.0,466.6,56.0,47.8,0.55,6.81,,参考値,2
283,7711,助川電気工業,スタンダード（内国株式）,精密機器,-,5000.0,275.3,55.9,66.4,,6.11,,参考値,2
284,3306,日本製麻,スタンダード（内国株式）,卸売業,-,718.0,43.2,55.9,54.3,,6.22,,参考値,2
285,4249,森六,プライム（内国株式）,化学,TOPIX Small 2,2933.0,85.5,55.9,54.2,,2.58,,参考値,4
286,2910,ロック・フィールド,プライム（内国株式）,食料品,TOPIX Small 2,1401.0,83.6,55.9,52.2,0.31,2.06,,参考値,2
287,4582,シンバイオ製薬,グロース（内国株式）,医薬品,-,60.0,48.8,55.9,50.0,,5.54,,参考値,1
288,4373,シンプレクス・ホールディングス,プライム（内国株式）,情報・通信業,TOPIX Small 1,1140.0,1447.9,55.9,47.8,,5.13,,参考値,2
289,5255,モンスターラボ,グロース（内国株式）,情報・通信業,-,90.0,37.3,55.9,45.4,,6.19,,参考値,1
290,6762,ＴＤＫ,プライム（内国株式）,電気機器,TOPIX Large70,2775.0,24617.9,55.8,59.4,,5.77,,参考値,1
291,9158,シーユーシー,グロース（内国株式）,サービス業,-,757.0,23.3,55.8,55.7,,4.16,,参考値,1
292,4382,ＨＥＲＯＺ,スタンダード（内国株式）,情報・通信業,TOPIX Small 2,764.0,41.2,55.8,54.4,,4.07,,参考値,4
293,6203,豊和工業,スタンダード（内国株式）,機械,-,2148.0,3077.1,55.8,54.4,,7.08,,参考値,3
294,3907,シリコンスタジオ,スタンダード（内国株式）,情報・通信業,-,2085.0,1877.3,55.8,53.2,,23.53,,参考値,4
295,7859,アルメディオ,スタンダード（内国株式）,その他製品,-,274.0,33.1,55.8,53.2,,6.96,,参考値,2
296,4027,テイカ,プライム（内国株式）,化学,TOPIX Small 2,2302.0,139.8,55.8,52.6,,5.83,,参考値,2
297,323A,フライヤー,グロース（内国株式）,情報・通信業,-,373.0,14.9,55.8,52.3,0.67,5.97,,参考値,1
298,4583,カイオム・バイオサイエンス,グロース（内国株式）,医薬品,-,97.0,256.1,55.8,51.9,,10.94,,参考値,3
299,4073,ジィ・シィ企画,グロース（内国株式）,情報・通信業,-,489.0,16.8,55.8,49.3,,4.71,,参考値,1
300,4005,住友化学,プライム（内国株式）,化学,TOPIX Mid400,568.1,7579.7,55.8,46.9,,5.89,,参考値,3
301,9682,ＤＴＳ,プライム（内国株式）,情報・通信業,TOPIX Small 1,1091.0,584.9,55.8,45.6,,3.31,,参考値,2
302,7220,武蔵精密工業,プライム（内国株式）,輸送用機器,TOPIX Small 1,2684.0,2835.1,55.7,65.2,,9.01,,参考値,1
303,2413,エムスリー,プライム（内国株式）,サービス業,TOPIX Mid400,1720.5,8862.2,55.7,61.7,0.32,5.55,,参考値,1
304,464A,ＱＰＳホールディングス,グロース（内国株式）,情報・通信業,-,1720.0,2515.7,55.7,60.5,,7.61,,参考値,0
305,7273,イクヨ,スタンダード（内国株式）,輸送用機器,-,609.0,30.2,55.7,58.8,,4.2,,参考値,1
306,5590,ネットスターズ,グロース（内国株式）,情報・通信業,-,729.0,95.5,55.7,58.5,,4.69,,参考値,3
307,219A,Ｈｅａｒｔｓｅｅｄ,グロース（内国株式）,医薬品,-,2300.0,1207.9,55.7,54.3,-0.02,11.51,,参考値,3
308,145A,Ｌ　ｉｓ　Ｂ,グロース（内国株式）,情報・通信業,-,893.0,13.2,55.7,54.0,0.68,3.7,,参考値,2
309,2436,共同ピーアール,スタンダード（内国株式）,サービス業,-,592.0,36.5,55.7,53.6,0.81,5.28,,参考値,1
310,5587,インバウンドプラットフォーム,グロース（内国株式）,情報・通信業,-,790.0,25.9,55.7,52.7,,3.42,,参考値,1
311,3482,ロードスターキャピタル,プライム（内国株式）,不動産業,TOPIX Small 2,2520.0,226.9,55.7,52.1,,2.44,,参考値,0
312,4996,クミアイ化学工業,プライム（内国株式）,化学,TOPIX Small 1,756.0,295.3,55.7,49.6,,2.79,,参考値,2
313,7374,コンフィデンス・インターワークス,グロース（内国株式）,サービス業,-,1522.0,21.4,55.7,47.1,,1.32,,参考値,1
314,2653,イオン九州,スタンダード（内国株式）,小売業,-,2821.0,82.5,55.7,43.4,0.33,0.84,,参考値,4
315,9765,オオバ,プライム（内国株式）,サービス業,-,1175.0,16.2,55.7,43.3,,1.94,,参考値,4
316,9033,広島電鉄,スタンダード（内国株式）,陸運業,-,635.0,11.2,55.7,42.7,,1.4,,参考値,3
317,5344,ＭＡＲＵＷＡ,プライム（内国株式）,ガラス・土石製品,TOPIX Mid400,56140.0,5762.6,55.6,61.2,,6.25,,参考値,1
318,7694,いつも,グロース（内国株式）,小売業,-,556.0,97.1,55.6,55.9,,18.25,,参考値,4
319,3034,クオールホールディングス,プライム（内国株式）,小売業,TOPIX Small 1,2270.0,382.1,55.6,52.2,0.31,5.36,,参考値,3
320,2926,篠崎屋,スタンダード（内国株式）,食料品,-,126.0,32.9,55.6,49.4,0.82,6.04,,参考値,3
321,5020,ＥＮＥＯＳホールディングス,プライム（内国株式）,石油・石炭製品,TOPIX Large70,1393.5,9720.6,55.6,48.2,,3.8,,参考値,4
322,4116,大日精化工業,プライム（内国株式）,化学,TOPIX Small 2,1284.0,236.2,55.6,46.4,,3.69,,参考値,3
323,7805,プリントネット,スタンダード（内国株式）,その他製品,-,713.0,20.6,55.6,43.1,,2.07,,参考値,1
324,6278,ユニオンツール,プライム（内国株式）,機械,TOPIX Small 1,13000.0,3379.6,55.5,58.0,,8.04,,参考値,1
325,5591,ＡＶＩＬＥＮ,グロース（内国株式）,情報・通信業,-,887.0,21.4,55.5,57.5,,5.71,,参考値,4
326,6310,井関農機,プライム（内国株式）,機械,TOPIX Small 2,1902.0,335.7,55.5,56.9,,5.78,,参考値,4
327,369A,エータイ,グロース（内国株式）,サービス業,-,2607.0,28.6,55.5,54.0,,3.32,,参考値,3
328,3245,ディア・ライフ,プライム（内国株式）,不動産業,TOPIX Small 2,1089.0,413.0,55.5,52.9,0.46,2.22,,参考値,2
329,246A,アスア,グロース（内国株式）,サービス業,-,934.0,20.9,55.5,52.7,1.12,2.81,,参考値,1
330,4599,ステムリム,グロース（内国株式）,医薬品,-,330.0,133.7,55.5,52.2,,7.08,,参考値,3
331,5381,マイポックス,スタンダード（内国株式）,ガラス・土石製品,-,955.0,210.9,55.5,51.8,,7.4,,参考値,3
332,4935,リベルタ,スタンダード（内国株式）,化学,-,202.0,86.3,55.5,50.9,,6.68,,参考値,0
333,3793,ドリコム,グロース（内国株式）,情報・通信業,-,500.0,54.8,55.5,50.3,,5.66,,参考値,3
334,4847,インテリジェント　ウェイブ,プライム（内国株式）,情報・通信業,-,1378.0,148.9,55.5,44.8,,3.58,,参考値,4
335,4998,フマキラー,スタンダード（内国株式）,化学,-,1172.0,20.4,55.5,43.4,,1.79,,参考値,2
336,3923,ラクス,プライム（内国株式）,情報・通信業,TOPIX Mid400,1046.5,2245.2,55.4,56.3,,6.68,,参考値,2
337,6562,ジーニー,グロース（内国株式）,サービス業,-,961.0,67.4,55.4,55.4,,5.32,,参考値,1
338,9305,ヤマタネ,プライム（内国株式）,卸売業,TOPIX Small 2,2064.0,121.2,55.4,54.8,,2.12,,参考値,2
339,4192,スパイダープラス,グロース（内国株式）,情報・通信業,-,288.0,59.5,55.4,52.7,,6.51,,参考値,3
340,3694,オプティム,プライム（内国株式）,情報・通信業,TOPIX Small 2,429.0,83.2,55.4,51.1,,4.7,,参考値,3
341,9438,エムティーアイ,プライム（内国株式）,情報・通信業,TOPIX Small 2,582.0,25.4,55.4,50.6,,3.85,,参考値,1
342,4015,ペイクラウドホールディングス,グロース（内国株式）,情報・通信業,-,511.0,13.7,55.4,49.6,,4.15,,参考値,1
343,3276,ＪＰＭＣ,プライム（内国株式）,不動産業,TOPIX Small 2,2246.0,617.2,55.4,45.7,0.46,1.4,,参考値,2
344,2698,キャンドゥ,スタンダード（内国株式）,小売業,TOPIX Small 2,3365.0,76.0,55.4,43.4,0.45,2.74,,参考値,2
345,414A,オーバーラップホールディングス,グロース（内国株式）,情報・通信業,-,849.0,94.2,55.3,63.0,,3.39,,参考値,2
346,4381,ビープラッツ,グロース（内国株式）,情報・通信業,-,265.0,143.2,55.3,59.9,,14.39,,参考値,2
347,6232,ＡＣＳＬ,グロース（内国株式）,機械,-,1381.0,1352.6,55.3,57.0,,10.79,,参考値,1
348,378A,ヒット,グロース（内国株式）,サービス業,-,937.0,90.2,55.3,55.5,,3.83,,参考値,0
349,4838,スペースシャワーＳＫＩＹＡＫＩホールディングス,スタンダード（内国株式）,情報・通信業,-,692.0,24.3,55.3,55.1,,2.62,,参考値,3
350,6208,石川製作所,スタンダード（内国株式）,機械,-,1666.0,69.0,55.3,54.7,,3.51,,参考値,2
351,3647,アスリナ,スタンダード（内国株式）,情報・通信業,-,117.0,42.5,55.3,53.9,,11.26,,参考値,2
352,3302,帝国繊維,プライム（内国株式）,繊維製品,TOPIX Small 2,3030.0,199.5,55.3,53.5,,3.89,,参考値,0
353,4346,ＮＥＸＹＺ．Ｇｒｏｕｐ,スタンダード（内国株式）,その他金融業,-,1048.0,115.2,55.3,52.0,,7.33,,参考値,3
354,7011,三菱重工業,プライム（内国株式）,機械,TOPIX Core30,3708.0,61680.1,55.3,51.4,,4.46,,参考値,2
355,6778,アルチザネットワークス,スタンダード（内国株式）,電気機器,-,668.0,12.9,55.3,50.0,,3.3,,参考値,4
356,7359,東京通信グループ,グロース（内国株式）,サービス業,-,281.0,50.3,55.3,49.9,,6.83,,参考値,3
357,7527,システムソフト,スタンダード（内国株式）,情報・通信業,TOPIX Small 2,52.0,76.2,55.3,42.7,,5.56,,参考値,2
358,7983,ミロク,スタンダード（内国株式）,その他製品,-,1212.0,27.1,55.2,60.2,,5.38,,参考値,3
359,4483,ＪＭＤＣ,プライム（内国株式）,情報・通信業,TOPIX Small 1,3500.0,1112.9,55.2,60.1,,4.9,,参考値,3
360,8227,しまむら,プライム（内国株式）,小売業,TOPIX Mid400,3296.0,2384.5,55.2,58.9,,2.98,,参考値,2
361,1960,サンテック,スタンダード（内国株式）,建設業,-,1693.0,79.7,55.2,58.3,0.5,3.82,,参考値,3
362,4819,デジタルガレージ,プライム（内国株式）,情報・通信業,TOPIX Small 1,2190.0,608.9,55.2,56.3,,5.11,,参考値,1
363,280A,ＴＭＨ,グロース（内国株式）,卸売業,-,1136.0,62.5,55.2,55.2,2.94,6.66,,参考値,1
364,3661,エムアップホールディングス,プライム（内国株式）,情報・通信業,TOPIX Small 1,813.0,505.4,55.2,53.9,,4.11,,参考値,2
365,6031,ＺＥＴＡ,グロース（内国株式）,サービス業,-,289.0,19.5,55.2,52.7,,5.45,,参考値,3
366,9115,明海グループ,スタンダード（内国株式）,海運業,-,1066.0,129.8,55.2,52.0,,13.85,,参考値,3
367,6240,ヤマシンフィルタ,プライム（内国株式）,機械,TOPIX Small 2,529.0,153.1,55.2,51.7,,2.71,,参考値,1
368,8927,明豊エンタープライズ,スタンダード（内国株式）,不動産業,-,484.0,33.6,55.2,50.5,,1.64,,参考値,3
369,2315,ＣＡＩＣＡ　ＤＩＧＩＴＡＬ,スタンダード（内国株式）,情報・通信業,-,69.0,332.3,55.2,50.4,0.32,7.61,,参考値,4
370,3359,ｃｏｔｔａ,グロース（内国株式）,卸売業,-,528.0,16.7,55.2,49.7,,1.46,,参考値,4
371,9517,イーレックス,プライム（内国株式）,電気・ガス業,TOPIX Small 2,858.0,185.4,55.2,49.5,,3.96,,参考値,2
372,9090,ＡＺ－ＣＯＭ丸和ホールディングス,プライム（内国株式）,陸運業,TOPIX Small 1,902.0,394.5,55.2,45.8,,2.86,,参考値,3
373,2933,紀文食品,プライム（内国株式）,食料品,TOPIX Small 2,1128.0,66.8,55.2,42.9,0.3,1.36,,参考値,3
374,7082,ジモティー,グロース（内国株式）,サービス業,-,1406.0,25.7,55.1,56.9,,0.14,,参考値,2
375,5588,ファーストアカウンティング,グロース（内国株式）,情報・通信業,-,820.0,18.5,55.1,56.1,,4.99,,参考値,3
376,264A,Ｓｃｈｏｏ,グロース（内国株式）,サービス業,-,324.0,77.2,55.1,55.9,0.73,10.28,,参考値,4
377,3687,フィックスターズ,プライム（内国株式）,情報・通信業,TOPIX Small 2,2235.0,1161.7,55.1,55.9,,7.11,,参考値,1
378,8844,コスモスイニシア,スタンダード（内国株式）,不動産業,-,1241.0,70.8,55.1,54.7,,3.06,,参考値,1
379,7375,リファインバースグループ,グロース（内国株式）,サービス業,-,1208.0,54.5,55.1,53.8,,4.73,,参考値,1
380,4896,ケイファーマ,グロース（内国株式）,医薬品,-,815.0,14.0,55.1,51.4,,4.68,,参考値,3
381,3252,地主,プライム（内国株式）,不動産業,TOPIX Small 2,2837.0,400.1,55.1,50.6,0.39,2.57,,参考値,1
382,2385,総医研ホールディングス,グロース（内国株式）,サービス業,-,218.0,10.4,55.1,50.3,0.23,2.46,,参考値,1
383,7004,カナデビア,プライム（内国株式）,機械,TOPIX Small 1,1142.0,1174.5,55.1,48.3,,4.08,,参考値,0
384,1994,高橋カーテンウォール工業,スタンダード（内国株式）,建設業,-,606.0,15.8,55.1,45.4,0.63,3.87,,参考値,3
385,4274,細谷火工,スタンダード（内国株式）,化学,-,1096.0,19.5,55.1,43.3,,2.99,,参考値,3
386,3683,サイバーリンクス,スタンダード（内国株式）,情報・通信業,-,1110.0,53.1,55.1,42.0,,3.01,,参考値,3
387,6699,ダイヤモンドエレクトリックホールディングス,スタンダード（内国株式）,電気機器,TOPIX Small 2,501.0,46.4,55.1,40.9,,2.87,,参考値,3
388,3905,データセクション,グロース（内国株式）,情報・通信業,-,1514.0,10201.1,55.0,63.1,,11.22,,参考値,0
389,5582,グリッド,グロース（内国株式）,情報・通信業,-,2148.0,53.3,55.0,59.9,,5.23,,参考値,3
390,142A,ジンジブ,グロース（内国株式）,サービス業,-,825.0,15.2,55.0,55.9,0.6,4.17,,参考値,3
391,9308,乾汽船,スタンダード（内国株式）,海運業,TOPIX Small 2,2034.0,238.0,55.0,54.9,,4.41,,参考値,2
392,436A,サイバーソリューションズ,グロース（内国株式）,情報・通信業,-,1139.0,57.9,55.0,54.7,,4.77,,参考値,3
393,4418,ＪＤＳＣ,グロース（内国株式）,情報・通信業,-,1095.0,370.0,55.0,54.1,,8.65,,参考値,4
394,195A,ＭＵＳＣＡＴ　ＧＲＯＵＰ,グロース（内国株式）,サービス業,-,719.0,16.3,55.0,54.1,0.69,6.47,,参考値,2
395,5290,ベルテクスコーポレーション,スタンダード（内国株式）,ガラス・土石製品,-,1165.0,82.4,55.0,54.1,,2.98,,参考値,0
396,5889,Ｊａｐａｎ　Ｅｙｅｗｅａｒ　Ｈｏｌｄｉｎｇｓ,プライム（内国株式）,小売業,TOPIX Small 2,2652.0,284.5,55.0,52.4,,4.13,,参考値,4
397,6544,ジャパンエレベーターサービスホールディングス,プライム（内国株式）,サービス業,TOPIX Mid400,1473.0,1113.1,55.0,52.0,,3.81,,参考値,0
398,7013,ＩＨＩ,プライム（内国株式）,機械,TOPIX Mid400,2642.0,32424.6,55.0,50.9,,5.94,,参考値,1
399,5527,ｐｒｏｐｅｒｔｙ　ｔｅｃｈｎｏｌｏｇｉｅｓ,グロース（内国株式）,不動産業,-,740.0,14.5,55.0,49.0,,2.42,,参考値,4
400,3031,ラクーンホールディングス,プライム（内国株式）,情報・通信業,TOPIX Small 2,668.0,65.9,55.0,48.6,0.64,2.68,,参考値,3
401,4174,アピリッツ,スタンダード（内国株式）,情報・通信業,-,872.0,17.6,55.0,44.3,,4.95,,参考値,3
402,1873,日本ハウスホールディングス,プライム（内国株式）,建設業,TOPIX Small 2,308.0,35.6,55.0,41.3,0.25,2.3,,参考値,2
403,8929,青山財産ネットワークス,スタンダード（内国株式）,不動産業,-,1379.0,113.4,54.9,63.5,,3.47,,参考値,3
404,4572,カルナバイオサイエンス,グロース（内国株式）,医薬品,-,448.0,73.6,54.9,59.7,,6.77,,参考値,4
405,3901,マークラインズ,プライム（内国株式）,情報・通信業,TOPIX Small 2,1539.0,159.5,54.9,55.6,,3.59,,参考値,4
406,7794,イーディーピー,グロース（内国株式）,その他製品,-,1051.0,449.2,54.9,55.0,,7.77,,参考値,3
407,6338,タカトリ,スタンダード（内国株式）,機械,-,1690.0,24.0,54.9,54.9,,3.99,,参考値,3
408,7731,ニコン,プライム（内国株式）,精密機器,TOPIX Mid400,1816.0,2999.2,54.9,52.3,,4.39,,参考値,1
409,6191,エアトリ,プライム（内国株式）,サービス業,TOPIX Small 2,785.0,113.8,54.9,52.1,,4.04,,参考値,2
410,5842,インテグラル,グロース（内国株式）,証券、商品先物取引業,-,3035.0,448.3,54.9,51.3,,5.52,,参考値,4
411,7717,ブイ・テクノロジー,プライム（内国株式）,精密機器,TOPIX Small 2,5640.0,1049.1,54.9,51.1,,7.47,,参考値,2
412,4591,リボミック,グロース（内国株式）,医薬品,-,84.0,81.3,54.9,50.4,,8.16,,参考値,3
413,9319,中央倉庫,プライム（内国株式）,倉庫・運輸関連業,TOPIX Small 2,1760.0,39.3,54.9,47.1,,2.92,,参考値,0
414,6863,ニレコ,スタンダード（内国株式）,電気機器,-,985.0,49.9,54.9,45.7,,4.31,,参考値,3
415,5957,日東精工,プライム（内国株式）,金属製品,TOPIX Small 2,760.0,61.2,54.9,44.7,,1.96,,参考値,1
416,5955,ワイズホールディングス,スタンダード（内国株式）,金属製品,-,81.0,73.6,54.9,41.5,,3.17,,参考値,2
417,6080,Ｍ＆Ａキャピタルパートナーズ,プライム（内国株式）,サービス業,TOPIX Small 1,4075.0,345.8,54.9,38.6,,3.3,,参考値,3
418,9024,西武ホールディングス,プライム（内国株式）,陸運業,TOPIX Mid400,3600.0,7110.9,54.8,62.2,,3.27,,参考値,4
419,6580,ライトアップ,グロース（内国株式）,サービス業,-,865.0,37.0,54.8,60.3,,7.01,,参考値,3
420,4516,日本新薬,プライム（内国株式）,医薬品,TOPIX Mid400,3387.0,1325.0,54.8,57.8,,2.66,,参考値,1
421,5621,ヒューマンテクノロジーズ,グロース（内国株式）,情報・通信業,-,1539.0,40.7,54.8,55.9,,5.33,,参考値,2
422,6254,野村マイクロ・サイエンス,プライム（内国株式）,機械,TOPIX Small 1,3340.0,2126.6,54.8,55.8,,6.01,,参考値,1
423,6266,タツモ,プライム（内国株式）,機械,TOPIX Small 2,3475.0,1224.8,54.8,54.3,,7.06,,参考値,0
424,9704,アゴーラ　ホスピタリティー　グループ,スタンダード（内国株式）,サービス業,-,27.0,10.9,54.8,52.6,,6.75,,参考値,0
425,8131,ミツウロコグループホールディングス,スタンダード（内国株式）,卸売業,TOPIX Small 2,2423.0,140.3,54.8,52.1,,4.24,,参考値,3
426,4883,モダリス,グロース（内国株式）,医薬品,-,36.0,19.1,54.8,51.5,,5.95,,参考値,2
427,4884,クリングルファーマ,グロース（内国株式）,医薬品,-,429.0,75.0,54.8,51.1,,6.49,,参考値,3
428,2004,昭和産業,プライム（内国株式）,食料品,TOPIX Small 2,3825.0,195.3,54.8,50.7,0.06,2.17,,参考値,3
429,4434,サーバーワークス,スタンダード（内国株式）,情報・通信業,TOPIX Small 2,2444.0,134.6,54.8,49.8,,5.48,,参考値,3
430,4397,チームスピリット,グロース（内国株式）,情報・通信業,-,399.0,24.2,54.8,49.5,,4.59,,参考値,2
431,3063,ジェイグループホールディングス,グロース（内国株式）,小売業,-,1150.0,73.9,54.8,46.5,0.35,2.52,,参考値,1
432,9368,キムラユニティー,スタンダード（内国株式）,倉庫・運輸関連業,-,960.0,14.4,54.8,43.8,,1.42,,参考値,3
433,4430,東海ソフト,スタンダード（内国株式）,情報・通信業,-,1724.0,38.3,54.8,43.6,,3.15,,参考値,3
434,2735,ワッツ,スタンダード（内国株式）,小売業,-,748.0,64.3,54.8,43.2,0.65,3.25,,参考値,4
435,247A,Ａｉロボティクス,グロース（内国株式）,化学,-,1044.0,1781.9,54.7,60.5,0.48,7.9,,参考値,4
436,5254,Ａｒｅｎｔ,グロース（内国株式）,情報・通信業,-,4075.0,73.3,54.7,55.2,,5.19,,参考値,2
437,8057,内田洋行,プライム（内国株式）,卸売業,TOPIX Small 1,2224.0,392.1,54.7,54.4,,4.01,,参考値,3
438,9010,富士急行,プライム（内国株式）,陸運業,TOPIX Small 1,2593.0,431.9,54.7,53.5,,3.4,,参考値,1
439,6405,鈴茂器工,スタンダード（内国株式）,機械,-,1229.0,33.7,54.7,53.2,,4.04,,参考値,4
440,7844,マーベラス,プライム（内国株式）,情報・通信業,TOPIX Small 2,512.0,85.9,54.7,52.5,,3.66,,参考値,4
441,3921,ネオジャパン,プライム（内国株式）,情報・通信業,TOPIX Small 2,1613.0,24.3,54.7,52.5,,3.0,,参考値,2
442,3696,セレス,プライム（内国株式）,情報・通信業,TOPIX Small 2,2120.0,372.7,54.7,51.6,,5.06,,参考値,3
443,4849,エン,プライム（内国株式）,サービス業,TOPIX Small 1,1564.0,498.0,54.7,50.6,,4.71,,参考値,3
444,288A,ラクサス・テクノロジーズ,グロース（内国株式）,サービス業,-,94.0,11.4,54.7,47.9,0.68,6.38,,参考値,1
445,7915,ＮＩＳＳＨＡ,プライム（内国株式）,その他製品,TOPIX Small 1,1180.0,307.4,54.7,47.5,,3.6,,参考値,1
446,3091,ブロンコビリー,プライム（内国株式）,小売業,TOPIX Small 1,2850.0,203.4,54.7,44.2,0.38,3.74,,参考値,3
447,2418,ツカダ・グローバルホールディング,スタンダード（内国株式）,サービス業,-,602.0,90.2,54.7,43.0,0.48,2.81,,参考値,3
448,7819,粧美堂,スタンダード（内国株式）,その他製品,-,1011.0,44.5,54.7,42.6,,3.84,,参考値,3
449,9130,共栄タンカー,スタンダード（内国株式）,海運業,-,1605.0,113.2,54.7,37.4,,6.95,,参考値,3
450,6231,木村工機,スタンダード（内国株式）,機械,-,12060.0,148.5,54.6,57.3,,4.67,,参考値,2
451,3635,コーエーテクモホールディングス,プライム（内国株式）,情報・通信業,TOPIX Mid400,1649.5,1504.0,54.6,56.2,,3.45,,参考値,3
452,3446,ジェイテックコーポレーション,スタンダード（内国株式）,金属製品,-,1647.0,35.2,54.6,55.5,,4.55,,参考値,3
453,4811,ドリーム・アーツ,グロース（内国株式）,情報・通信業,-,893.0,17.8,54.6,53.9,,6.08,,参考値,4
454,4058,トヨクモ,グロース（内国株式）,情報・通信業,-,2300.0,133.7,54.6,53.4,,6.59,,参考値,2
455,6864,エヌエフホールディングス,スタンダード（内国株式）,電気機器,-,1556.0,59.4,54.6,52.0,,4.17,,参考値,0
456,9348,ｉｓｐａｃｅ,グロース（内国株式）,サービス業,-,410.0,276.1,54.6,51.6,,2.85,,参考値,1
457,7701,島津製作所,プライム（内国株式）,精密機器,TOPIX Mid400,3766.0,3094.9,54.6,50.8,,3.09,,参考値,2
458,7059,コプロ・ホールディングス,プライム（内国株式）,サービス業,-,921.0,163.4,54.6,50.4,,3.39,,参考値,4
459,3679,じげん,プライム（内国株式）,情報・通信業,TOPIX Small 2,439.0,184.2,54.6,49.5,,3.61,,参考値,2
460,5915,駒井ハルテック,スタンダード（内国株式）,金属製品,-,2459.0,15.8,54.6,45.7,,3.19,,参考値,3
461,4923,コタ,プライム（内国株式）,化学,TOPIX Small 2,1221.0,31.6,54.6,39.4,,2.04,,参考値,2
462,7381,ＣＣＩグループ,プライム（内国株式）,銀行業,TOPIX Small 1,1262.0,487.1,54.5,56.1,,4.37,,参考値,4
463,3660,アイスタイル,プライム（内国株式）,情報・通信業,TOPIX Small 1,508.0,1075.5,54.5,55.4,,5.97,,参考値,4
464,3556,リネットジャパングループ,グロース（内国株式）,小売業,-,805.0,68.6,54.5,55.0,,3.37,,参考値,1
465,339A,プログレス・テクノロジーズ　グループ,グロース（内国株式）,サービス業,-,903.0,10.5,54.5,54.9,,3.44,,参考値,1
466,3591,ワコールホールディングス,プライム（内国株式）,繊維製品,TOPIX Mid400,4072.0,455.4,54.5,54.3,,2.26,,参考値,1
467,6222,島精機製作所,プライム（内国株式）,機械,TOPIX Small 1,923.0,144.9,54.5,52.4,,3.95,,参考値,2
468,4478,フリー,グロース（内国株式）,情報・通信業,-,3700.0,3161.7,54.5,52.3,,10.15,,参考値,3
469,2780,コメ兵ホールディングス,スタンダード（内国株式）,小売業,-,4730.0,865.5,54.5,51.1,0.42,5.44,,参考値,1
470,8066,三谷商事,スタンダード（内国株式）,卸売業,-,3450.0,133.1,54.5,50.0,,5.76,,参考値,4
471,8841,テーオーシー,スタンダード（内国株式）,不動産業,TOPIX Small 2,1009.0,166.9,54.5,49.2,,4.13,,参考値,4
472,7412,アトム,スタンダード（内国株式）,小売業,-,377.0,277.4,54.5,49.1,,4.18,,参考値,1
473,6464,ツバキ・ナカシマ,プライム（内国株式）,機械,TOPIX Small 2,342.0,222.9,54.5,48.9,,5.11,,参考値,0
474,4199,ワンダープラネット,グロース（内国株式）,情報・通信業,-,817.0,24.3,54.5,48.3,,8.62,,参考値,3
475,3105,日清紡ホールディングス,プライム（内国株式）,電気機器,TOPIX Mid400,2215.0,1626.1,54.5,48.2,0.69,4.81,,参考値,0
476,2764,ひらまつ,スタンダード（内国株式）,小売業,-,164.0,46.1,54.5,46.2,0.75,6.34,,参考値,4
477,2198,アイ・ケイ・ケイホールディングス,プライム（内国株式）,サービス業,-,777.0,19.0,54.5,41.4,0.28,1.61,,参考値,2
478,9303,住友倉庫,プライム（内国株式）,倉庫・運輸関連業,TOPIX Small 1,4135.0,377.2,54.5,38.2,,2.42,,参考値,2
479,1799,第一建設工業,スタンダード（内国株式）,建設業,-,3320.0,55.0,54.5,35.4,0.25,2.44,,参考値,2
480,5574,ＡＢＥＪＡ,グロース（内国株式）,情報・通信業,-,2968.0,499.1,54.4,61.7,,8.35,,参考値,3
481,6081,アライドアーキテクツ,グロース（内国株式）,サービス業,-,157.0,23.6,54.4,52.9,,7.51,,参考値,0
482,3350,メタプラネット,スタンダード（内国株式）,卸売業,-,244.0,12381.1,54.4,52.5,,21.08,,参考値,2
483,2726,パルグループホールディングス,プライム（内国株式）,小売業,TOPIX Small 1,1544.0,1142.2,54.4,51.5,0.61,4.75,,参考値,4
484,6364,ＡＩＲＭＡＮ,プライム（内国株式）,機械,TOPIX Small 2,2465.0,156.7,54.4,49.5,,4.03,,参考値,3
485,6262,ＰＥＧＡＳＵＳ,スタンダード（内国株式）,機械,TOPIX Small 2,514.0,22.5,54.4,48.5,,2.67,,参考値,1
486,7762,シチズン時計,プライム（内国株式）,精密機器,TOPIX Small 1,2320.0,5431.2,54.4,45.3,,7.11,,参考値,3
487,7128,ユニソルホールディングス,プライム（内国株式）,卸売業,TOPIX Small 1,2797.0,377.0,54.4,44.1,,3.09,,参考値,2
488,6092,エンバイオ・ホールディングス,スタンダード（内国株式）,サービス業,-,825.0,37.9,54.4,41.8,,3.94,,参考値,2
489,2404,鉄人化ホールディングス,スタンダード（内国株式）,サービス業,-,527.0,29.3,54.4,41.7,0.16,1.87,,参考値,1
490,3498,霞ヶ関キャピタル,プライム（内国株式）,不動産業,TOPIX Small 1,7380.0,2545.5,54.3,61.0,,5.29,,参考値,2
491,6226,守谷輸送機工業,スタンダード（内国株式）,機械,-,2220.0,466.4,54.3,59.9,,5.84,,参考値,1
492,5532,リアルゲイト,グロース（内国株式）,不動産業,-,3495.0,111.0,54.3,59.3,,5.53,,参考値,2
493,4393,バンク・オブ・イノベーション,グロース（内国株式）,情報・通信業,-,5640.0,321.2,54.3,58.3,,7.67,,参考値,4
494,6480,日本トムソン,プライム（内国株式）,機械,TOPIX Small 2,1644.0,1642.4,54.3,56.7,,7.24,,参考値,1
495,4258,網屋,グロース（内国株式）,情報・通信業,-,4730.0,301.4,54.3,55.9,,9.0,,参考値,4
496,7320,Ｓｏｌｖｖｙ,グロース（内国株式）,その他金融業,-,1431.0,76.9,54.3,55.2,,4.13,,参考値,1
497,2484,出前館,スタンダード（内国株式）,情報・通信業,-,152.0,172.8,54.3,55.1,0.38,10.22,,参考値,2
498,2767,円谷フィールズホールディングス,プライム（内国株式）,卸売業,TOPIX Small 1,2480.0,1569.7,54.3,54.2,0.62,4.36,,参考値,3
499,9845,パーカーコーポレーション,スタンダード（内国株式）,化学,-,1364.0,14.8,54.3,53.9,,2.71,,参考値,2
500,6526,ソシオネクスト,プライム（内国株式）,電気機器,TOPIX Mid400,1901.5,12476.7,54.3,53.4,,6.46,,参考値,0
501,6707,サンケン電気,プライム（内国株式）,電気機器,TOPIX Mid400,6771.0,1348.5,54.3,52.9,,6.05,,参考値,0
502,4390,ＩＰＳ,プライム（内国株式）,情報・通信業,TOPIX Small 2,4125.0,354.1,54.3,50.6,,5.53,,参考値,4
503,9563,Ａｔｌａｓ　Ｔｅｃｈｎｏｌｏｇｉｅｓ,グロース（内国株式）,サービス業,-,339.0,16.7,54.3,50.4,,6.23,,参考値,2
504,9418,Ｕ－ＮＥＸＴ　ＨＯＬＤＩＮＧＳ,プライム（内国株式）,情報・通信業,TOPIX Small 1,1740.0,1292.0,54.3,48.7,,2.89,,参考値,4
505,6770,アルプスアルパイン,プライム（内国株式）,電気機器,TOPIX Mid400,2069.5,3290.8,54.3,48.0,,4.99,,参考値,3
506,6094,フリークアウト・ホールディングス,グロース（内国株式）,サービス業,-,550.0,11.7,54.3,47.6,,3.82,,参考値,3
507,4886,あすか製薬ホールディングス,プライム（内国株式）,医薬品,TOPIX Small 2,2090.0,148.8,54.3,47.6,,3.15,,参考値,0
508,9619,イチネンホールディングス,プライム（内国株式）,サービス業,TOPIX Small 2,2678.0,93.2,54.3,45.4,,2.2,,参考値,4
509,5820,三ッ星,スタンダード（内国株式）,非鉄金属,-,840.0,24.3,54.3,41.2,,2.93,,参考値,4
510,7080,スポーツフィールド,グロース（内国株式）,サービス業,-,888.0,18.2,54.3,40.2,,4.31,,参考値,3
511,3491,ＧＡ　ｔｅｃｈｎｏｌｏｇｉｅｓ,グロース（内国株式）,不動産業,-,1541.0,259.4,54.2,60.5,,5.19,,参考値,4
512,7115,アルファパーチェス,スタンダード（内国株式）,卸売業,-,1473.0,15.0,54.2,59.3,,2.53,,参考値,1
513,3791,ＩＧポート,スタンダード（内国株式）,情報・通信業,-,1031.0,71.4,54.2,54.9,,3.61,,参考値,0
514,7552,ハピネット,プライム（内国株式）,卸売業,TOPIX Small 1,3750.0,829.0,54.2,54.2,,5.13,,参考値,4
515,4019,スタメン,グロース（内国株式）,情報・通信業,-,632.0,63.0,54.2,54.2,,5.75,,参考値,3
516,9519,レノバ,プライム（内国株式）,電気・ガス業,TOPIX Small 1,882.0,792.1,54.2,52.9,,7.33,,参考値,0
517,4286,ＣＬホールディングス,スタンダード（内国株式）,サービス業,TOPIX Small 2,1252.0,64.2,54.2,51.7,,6.97,,参考値,4
518,6730,アクセル,スタンダード（内国株式）,電気機器,TOPIX Small 2,1141.0,990.6,54.2,51.6,,9.77,,参考値,2
519,3668,コロプラ,プライム（内国株式）,情報・通信業,TOPIX Small 1,426.0,227.4,54.2,50.4,,3.75,,参考値,4
520,4072,電算システムホールディングス,プライム（内国株式）,情報・通信業,TOPIX Small 2,3055.0,125.5,54.2,49.4,,3.26,,参考値,3
521,9533,東邦瓦斯,プライム（内国株式）,電気・ガス業,TOPIX Mid400,1279.5,988.9,54.2,48.4,,3.07,,参考値,3
522,3323,レカム,スタンダード（内国株式）,卸売業,-,93.0,275.0,54.2,48.3,,6.21,,参考値,4
523,2533,オエノンホールディングス,プライム（内国株式）,食料品,TOPIX Small 2,461.0,65.7,54.2,47.8,0.68,3.46,,参考値,1
524,4707,キタック,スタンダード（内国株式）,サービス業,-,341.0,15.2,54.2,47.1,,4.18,,参考値,3
525,7972,イトーキ,プライム（内国株式）,その他製品,TOPIX Small 1,2485.0,425.4,54.2,46.1,,3.1,,参考値,0
526,4463,日華化学,スタンダード（内国株式）,化学,-,1986.0,29.1,54.2,44.8,,3.07,,参考値,3
527,9761,東海リース,スタンダード（内国株式）,サービス業,-,2455.0,11.0,54.2,43.7,,2.05,,参考値,4
528,7571,ヤマノホールディングス,スタンダード（内国株式）,小売業,-,89.0,24.4,54.2,43.3,,4.21,,参考値,4
529,3623,ビリングシステム,グロース（内国株式）,情報・通信業,-,1273.0,52.8,54.2,43.0,,5.33,,参考値,4
530,8737,あかつき本社,スタンダード（内国株式）,証券、商品先物取引業,-,617.0,33.4,54.2,42.7,,1.67,,参考値,3
531,5801,古河電気工業,プライム（内国株式）,非鉄金属,TOPIX Mid400,3666.0,106238.9,54.1,55.5,,9.68,,参考値,0
532,5256,Ｆｕｓｉｃ,グロース（内国株式）,情報・通信業,-,2770.0,14.2,54.1,55.2,,5.5,,参考値,3
533,2982,ＡＤワークスグループ,プライム（内国株式）,不動産業,-,425.0,108.7,54.1,55.1,0.59,2.92,,参考値,4
534,7906,ヨネックス,スタンダード（内国株式）,その他製品,-,2531.0,1469.3,54.1,53.5,,4.82,,参考値,1
535,3300,アンビション　ＤＸ　ホールディングス,グロース（内国株式）,不動産業,-,1811.0,228.5,54.1,52.9,,3.11,,参考値,1
536,4480,メドレー,プライム（内国株式）,情報・通信業,TOPIX Small 1,2470.0,1235.2,54.1,52.8,,6.65,,参考値,2
537,4890,坪田ラボ,グロース（内国株式）,医薬品,-,286.0,13.6,54.1,52.0,,5.13,,参考値,3
538,6332,月島ホールディングス,プライム（内国株式）,機械,TOPIX Small 1,2738.0,265.7,54.1,50.9,,3.46,,参考値,3
539,9343,アイビス,グロース（内国株式）,サービス業,-,780.0,57.7,54.1,50.1,,4.78,,参考値,2
540,4436,ミンカブ・ジ・インフォノイド,グロース（内国株式）,情報・通信業,-,415.0,22.5,54.1,49.8,,2.63,,参考値,0
541,6853,共和電業,スタンダード（内国株式）,電気機器,-,751.0,18.0,54.1,48.7,,2.53,,参考値,1
542,7733,オリンパス,プライム（内国株式）,精密機器,TOPIX Large70,1965.0,9922.0,54.1,45.9,,4.17,,参考値,2
543,3075,銚子丸,スタンダード（内国株式）,小売業,-,1656.0,16.3,54.1,45.1,0.28,1.59,,参考値,1
544,7305,新家工業,スタンダード（内国株式）,鉄鋼,-,2782.0,51.0,54.1,42.3,,1.73,,参考値,4
545,6149,小田原エンジニアリング,スタンダード（内国株式）,機械,-,2217.0,35.7,54.1,42.2,,3.33,,参考値,2
546,7624,ＮａＩＴＯ,スタンダード（内国株式）,卸売業,-,158.0,11.9,54.1,40.0,,2.64,,参考値,3
547,6597,ＨＰＣシステムズ,グロース（内国株式）,電気機器,-,3615.0,370.0,54.0,54.6,,8.11,,参考値,1
548,3993,ＰＫＳＨＡ　Ｔｅｃｈｎｏｌｏｇｙ,プライム（内国株式）,情報・通信業,TOPIX Small 1,3160.0,1543.2,54.0,53.1,,7.53,,参考値,4
549,4479,マクアケ,グロース（内国株式）,情報・通信業,-,962.0,87.3,54.0,52.9,,7.26,,参考値,3
550,7199,プレミアグループ,プライム（内国株式）,その他金融業,TOPIX Small 1,2111.0,454.3,54.0,51.9,,3.0,,参考値,2
551,6644,大崎電気工業,プライム（内国株式）,電気機器,TOPIX Small 2,1437.0,418.6,54.0,51.6,,3.57,,参考値,1
552,410A,ＧＭＯコマース,グロース（内国株式）,サービス業,-,1121.0,15.2,54.0,50.9,,2.67,,参考値,3
553,6088,シグマクシス・ホールディングス,プライム（内国株式）,サービス業,TOPIX Small 1,555.0,237.3,54.0,49.5,,3.57,,参考値,2
554,6229,オーケーエム,スタンダード（内国株式）,機械,-,1500.0,32.0,54.0,47.1,,2.61,,参考値,1
555,5932,三協立山,プライム（内国株式）,金属製品,TOPIX Small 2,641.0,45.7,54.0,44.2,,2.49,,参考値,2
556,8914,エリアリンク,スタンダード（内国株式）,不動産業,-,898.0,87.8,54.0,44.1,,3.83,,参考値,1
557,6091,ウエスコホールディングス,スタンダード（内国株式）,サービス業,-,891.0,24.5,54.0,43.8,,1.76,,参考値,2
558,6099,エラン,プライム（内国株式）,サービス業,TOPIX Small 2,722.0,65.9,54.0,43.5,,2.4,,参考値,1
559,2428,ウェルネット,スタンダード（内国株式）,サービス業,-,630.0,30.2,54.0,38.8,0.28,1.65,,参考値,3
560,5757,ＣＫサンエツ,プライム（内国株式）,非鉄金属,TOPIX Small 2,4890.0,42.3,54.0,31.3,,4.6,,参考値,2
561,5253,カバー,グロース（内国株式）,情報・通信業,-,1667.0,2566.4,53.9,60.4,,6.59,,参考値,4
562,2791,大黒天物産,プライム（内国株式）,小売業,TOPIX Small 1,4820.0,212.3,53.9,57.0,0.64,3.42,,参考値,4
563,5871,ＳＯＬＩＺＥ　Ｈｏｌｄｉｎｇｓ,スタンダード（内国株式）,サービス業,-,1380.0,23.7,53.9,56.4,,6.16,,参考値,3
564,5821,平河ヒューテック,プライム（内国株式）,非鉄金属,TOPIX Small 2,3030.0,166.5,53.9,54.8,,4.9,,参考値,1
565,2502,アサヒグループホールディングス,プライム（内国株式）,食料品,TOPIX Large70,1633.0,11527.5,53.9,54.7,0.55,2.19,,参考値,1
566,9271,和心,グロース（内国株式）,小売業,-,913.0,27.1,53.9,54.2,,4.21,,参考値,2
567,3547,ユニシアホールディングス,スタンダード（内国株式）,小売業,TOPIX Small 2,1901.0,54.5,53.9,53.2,,2.17,,参考値,4
568,3854,アイル,プライム（内国株式）,情報・通信業,TOPIX Small 2,2169.0,339.3,53.9,52.8,,5.42,,参考値,3
569,5612,日本鋳鉄管,スタンダード（内国株式）,鉄鋼,-,1592.0,13.8,53.9,52.2,,2.66,,参考値,3
570,330A,ＴａｌｅｎｔＸ,グロース（内国株式）,情報・通信業,-,555.0,13.6,53.9,51.6,,7.47,,参考値,3
571,3935,エディア,スタンダード（内国株式）,情報・通信業,-,714.0,30.1,53.9,51.2,,3.69,,参考値,3
572,3092,ＺＯＺＯ,プライム（内国株式）,小売業,TOPIX Mid400,1135.0,2719.3,53.9,51.2,0.38,2.81,,参考値,1
573,7512,イオン北海道,スタンダード（内国株式）,小売業,TOPIX Small 1,863.0,116.6,53.9,43.6,,1.85,,参考値,4
574,5284,ヤマウホールディングス,スタンダード（内国株式）,ガラス・土石製品,-,2238.0,16.7,53.9,43.4,,1.05,,参考値,1
575,3333,あさひ,プライム（内国株式）,小売業,TOPIX Small 2,1290.0,136.3,53.9,42.9,,2.18,,参考値,2
576,1431,Ｌｉｂ　Ｗｏｒｋ,グロース（内国株式）,建設業,-,652.0,10.1,53.9,42.7,0.35,1.23,,参考値,4
577,2498,オリエンタルコンサルタンツホールディングス,スタンダード（内国株式）,サービス業,-,3175.0,40.5,53.9,39.7,0.3,3.09,,参考値,2
578,7695,交換できるくん,グロース（内国株式）,小売業,-,923.0,17.6,53.9,39.1,,4.17,,参考値,4
579,3850,エヌ・ティ・ティ・データ・イントラマート,スタンダード（内国株式）,情報・通信業,-,3625.0,152.3,53.9,38.7,,4.91,,参考値,4
580,6637,寺崎電気産業,スタンダード（内国株式）,電気機器,-,4245.0,164.0,53.8,59.7,,5.59,,参考値,4
581,9211,エフ・コード,グロース（内国株式）,サービス業,-,1427.0,224.2,53.8,58.6,,5.99,,参考値,1
582,6361,荏原製作所,プライム（内国株式）,機械,TOPIX Mid400,4397.0,17956.5,53.8,56.5,,5.82,,参考値,1
583,5843,ニッポンインシュア,スタンダード（内国株式）,その他金融業,-,2334.0,20.4,53.8,55.8,,2.53,,参考値,1
584,4345,シーティーエス,プライム（内国株式）,サービス業,TOPIX Small 2,834.0,61.4,53.8,55.7,,1.95,,参考値,1
585,7071,アンビスホールディングス,プライム（内国株式）,サービス業,TOPIX Small 2,392.0,133.7,53.8,54.1,,4.95,,参考値,2
586,3798,ＵＬＳグループ,スタンダード（内国株式）,情報・通信業,-,534.0,146.4,53.8,53.9,,4.45,,参考値,1
587,7266,今仙電機製作所,スタンダード（内国株式）,輸送用機器,-,985.0,31.4,53.8,52.8,,3.18,,参考値,4
588,3927,フーバーブレイン,スタンダード（内国株式）,情報・通信業,-,870.0,29.1,53.8,52.2,,4.08,,参考値,0
589,6071,ＩＢＪ,プライム（内国株式）,サービス業,TOPIX Small 2,853.0,402.3,53.8,51.9,,5.9,,参考値,3
590,6363,酉島製作所,プライム（内国株式）,機械,TOPIX Small 1,2882.0,479.0,53.8,51.6,,5.61,,参考値,2
591,5570,ジェノバ,グロース（内国株式）,情報・通信業,-,640.0,11.5,53.8,50.1,,4.82,,参考値,2
592,4301,アミューズ,プライム（内国株式）,サービス業,TOPIX Small 2,1874.0,63.8,53.8,49.8,,2.51,,参考値,1
593,409A,オリオンビール,プライム（内国株式）,食料品,TOPIX Small 2,1191.0,251.9,53.8,47.1,,1.72,,参考値,2
594,3176,三洋貿易,プライム（内国株式）,卸売業,TOPIX Small 2,1116.0,544.8,53.8,46.1,0.92,4.85,,参考値,2
595,3167,ＴＯＫＡＩホールディングス,プライム（内国株式）,卸売業,TOPIX Small 1,1329.0,334.4,53.8,43.2,0.25,2.19,,参考値,3
596,3946,トーモク,プライム（内国株式）,パルプ・紙,TOPIX Small 2,4260.0,551.0,53.8,42.4,,3.6,,参考値,2
597,6246,テクノスマート,スタンダード（内国株式）,機械,-,1836.0,10.5,53.8,42.2,,1.83,,参考値,2
598,9166,ＧＥＮＤＡ,グロース（内国株式）,サービス業,-,745.0,1475.0,53.7,56.5,,7.81,,参考値,3
599,6166,中村超硬,グロース（内国株式）,機械,-,662.0,117.0,53.7,54.4,,6.47,,参考値,3
600,6069,トレンダーズ,グロース（内国株式）,サービス業,-,675.0,26.1,53.7,54.3,,2.73,,参考値,3
601,9552,クオンツ総研ホールディングス,プライム（内国株式）,サービス業,TOPIX Small 1,1102.0,504.8,53.7,53.3,,8.88,,参考値,3
602,6224,ＪＲＣ,グロース（内国株式）,機械,-,1202.0,46.5,53.7,53.0,,3.91,,参考値,2
603,2991,ランドネット,スタンダード（内国株式）,不動産業,-,529.0,13.1,53.7,52.4,0.83,3.79,,参考値,0
604,4448,ｋｕｂｅｌｌ,グロース（内国株式）,情報・通信業,-,367.0,48.5,53.7,51.8,,6.34,,参考値,4
605,3479,ＴＫＰ,グロース（内国株式）,不動産業,-,1873.0,101.6,53.7,51.1,,2.84,,参考値,3
606,2489,アドウェイズ,スタンダード（内国株式）,サービス業,TOPIX Small 2,411.0,228.0,53.7,50.8,0.41,6.2,,参考値,4
607,4052,フィーチャ,グロース（内国株式）,情報・通信業,-,890.0,1893.5,53.7,50.7,,19.06,,参考値,4
608,4493,サイバーセキュリティクラウド,グロース（内国株式）,情報・通信業,-,1781.0,326.5,53.7,50.1,,7.03,,参考値,1
609,7130,ヤマエグループホールディングス,プライム（内国株式）,卸売業,TOPIX Small 1,2827.0,199.8,53.7,50.0,,2.46,,参考値,1
610,7818,トランザクション,プライム（内国株式）,その他製品,TOPIX Small 2,1146.0,343.0,53.7,49.5,,3.82,,参考値,0
611,261A,日水コン,スタンダード（内国株式）,サービス業,-,2000.0,71.1,53.7,49.3,0.65,2.62,,参考値,2
612,3187,ミラタップ,グロース（内国株式）,小売業,-,364.0,27.5,53.7,49.2,0.69,7.65,,参考値,3
613,8242,エイチ・ツー・オー　リテイリング,プライム（内国株式）,小売業,TOPIX Mid400,2855.0,1091.0,53.7,49.1,,3.24,,参考値,2
614,4071,プラスアルファ・コンサルティング,プライム（内国株式）,情報・通信業,TOPIX Small 1,2037.0,721.3,53.7,49.0,,4.8,,参考値,1
615,4113,田岡化学工業,スタンダード（内国株式）,化学,-,786.0,30.9,53.7,45.9,,4.51,,参考値,3
616,2266,六甲バター,プライム（内国株式）,食料品,TOPIX Small 2,1109.0,100.0,53.7,44.1,0.69,2.99,,参考値,3
617,8595,ジャフコ　グループ,プライム（内国株式）,証券、商品先物取引業,TOPIX Mid400,2280.0,644.0,53.7,43.8,,1.46,,参考値,3
618,9639,三協フロンテア,スタンダード（内国株式）,サービス業,-,2366.0,20.1,53.7,43.6,,1.6,,参考値,3
619,6291,日本エアーテック,スタンダード（内国株式）,機械,TOPIX Small 2,1331.0,51.4,53.7,40.9,,2.67,,参考値,3
620,3676,デジタルハーツホールディングス,プライム（内国株式）,情報・通信業,TOPIX Small 2,1057.0,488.2,53.7,39.9,,0.16,,参考値,3
621,6627,テラプローブ,スタンダード（内国株式）,電気機器,-,10600.0,1723.3,53.6,59.1,,9.87,,参考値,0
622,9554,ＡＶｉＣ,グロース（内国株式）,サービス業,-,1730.0,89.4,53.6,56.3,,7.32,,参考値,3
623,6560,エル・ティー・エス,プライム（内国株式）,サービス業,TOPIX Small 2,1838.0,94.0,53.6,54.7,,3.27,,参考値,4
624,8550,栃木銀行,プライム（内国株式）,銀行業,TOPIX Small 2,1061.0,650.2,53.6,54.1,,5.21,,参考値,3
625,4165,プレイド,グロース（内国株式）,情報・通信業,-,655.0,431.8,53.6,53.6,,8.62,,参考値,2
626,6444,サンデン,スタンダード（内国株式）,機械,-,186.0,28.1,53.6,52.6,,5.36,,参考値,3
627,6551,ツナググループ・ホールディングス,スタンダード（内国株式）,サービス業,-,613.0,11.5,53.6,52.2,,2.53,,参考値,4
628,5273,三谷セキサン,スタンダード（内国株式）,ガラス・土石製品,TOPIX Small 2,2000.0,117.6,53.6,52.2,,4.43,,参考値,3
629,6572,オープングループ,プライム（内国株式）,サービス業,TOPIX Small 2,272.0,74.4,53.6,51.1,,7.01,,参考値,3
630,4316,ビーマップ,グロース（内国株式）,情報・通信業,-,94.0,91.6,53.6,51.0,,37.61,,参考値,2
631,3771,システムリサーチ,プライム（内国株式）,情報・通信業,TOPIX Small 2,1852.0,147.7,53.6,50.6,,3.58,,参考値,2
632,296A,令和アカウンティング・ホールディングス,グロース（内国株式）,サービス業,-,1137.0,134.7,53.6,48.9,0.48,8.36,,参考値,3
633,4193,ファブリカホールディングス,スタンダード（内国株式）,情報・通信業,-,2172.0,33.8,53.6,43.9,,3.12,,参考値,0
634,6384,昭和真空,スタンダード（内国株式）,機械,-,1714.0,18.5,53.6,42.9,,2.89,,参考値,3
635,9535,広島ガス,プライム（内国株式）,電気・ガス業,TOPIX Small 2,435.0,38.9,53.6,42.1,,2.34,,参考値,3
636,2927,ＡＦＣ－ＨＤアムスライフサイエンス,スタンダード（内国株式）,食料品,-,858.0,36.2,53.6,42.1,0.26,1.4,,参考値,2
637,9661,歌舞伎座,スタンダード（内国株式）,サービス業,-,4215.0,40.2,53.6,40.1,,1.66,,参考値,1
638,6788,日本トリム,プライム（内国株式）,電気機器,TOPIX Small 2,4940.0,57.8,53.6,33.9,,2.26,,参考値,4
639,8267,イオン,プライム（内国株式）,小売業,TOPIX Large70,1422.0,14014.9,53.5,57.0,,3.2,,参考値,4
640,5838,楽天銀行,プライム（内国株式）,銀行業,TOPIX Mid400,6523.0,7397.7,53.5,57.0,,4.41,,参考値,3
641,6315,ＴＯＷＡ,プライム（内国株式）,機械,TOPIX Small 1,2187.0,9013.2,53.5,54.9,,6.27,,参考値,0
642,6460,セガサミーホールディングス,プライム（内国株式）,機械,TOPIX Mid400,3132.0,2903.6,53.5,54.5,,3.96,,参考値,3
643,9531,東京瓦斯,プライム（内国株式）,電気・ガス業,TOPIX Mid400,6147.0,5749.0,53.5,54.3,,3.07,,参考値,3
644,7318,セレンディップ・ホールディングス,グロース（内国株式）,輸送用機器,-,1353.0,274.6,53.5,54.3,,6.84,,参考値,0
645,3914,ＪＩＧ－ＳＡＷ,グロース（内国株式）,情報・通信業,-,2377.0,32.0,53.5,52.9,,2.87,,参考値,2
646,6794,フォスター電機,プライム（内国株式）,電気機器,TOPIX Small 2,2902.0,531.0,53.5,52.5,,4.52,,参考値,3
647,6965,浜松ホトニクス,プライム（内国株式）,電気機器,TOPIX Mid400,2225.0,5688.7,53.5,51.8,,4.77,,参考値,1
648,2175,エス・エム・エス,プライム（内国株式）,サービス業,TOPIX Small 1,2532.0,1186.6,53.5,51.0,0.47,4.48,,参考値,3
649,9163,ナレルグループ,グロース（内国株式）,サービス業,-,2330.0,43.5,53.5,49.3,,1.72,,参考値,3
650,3835,ｅＢＡＳＥ,プライム（内国株式）,情報・通信業,TOPIX Small 2,429.0,23.5,53.5,48.9,,2.07,,参考値,2
651,9072,ニッコンホールディングス,プライム（内国株式）,陸運業,TOPIX Mid400,5112.0,1262.7,53.5,47.6,,3.88,,参考値,0
652,9340,アソインターナショナル,スタンダード（内国株式）,サービス業,-,799.0,11.4,53.5,47.5,,3.78,,参考値,4
653,7613,シークス,プライム（内国株式）,卸売業,TOPIX Small 1,1511.0,390.2,53.5,46.1,,4.68,,参考値,3
654,3440,日創グループ,スタンダード（内国株式）,金属製品,-,862.0,26.3,53.5,43.7,,2.24,,参考値,2
655,3984,ユーザーローカル,プライム（内国株式）,情報・通信業,TOPIX Small 2,1535.0,186.5,53.5,43.0,,4.41,,参考値,0
656,2157,コシダカホールディングス,プライム（内国株式）,サービス業,TOPIX Small 1,999.0,1137.8,53.5,42.6,0.34,3.68,,参考値,3
657,8273,イズミ,プライム（内国株式）,小売業,TOPIX Small 1,1002.0,891.2,53.5,42.6,,3.24,,参考値,2
658,7989,立川ブラインド工業,プライム（内国株式）,金属製品,TOPIX Small 2,2660.0,109.6,53.5,42.4,,2.11,,参考値,3
659,1783,ｆａｎｔａｓｉｓｔａ,スタンダード（内国株式）,不動産業,-,67.0,51.8,53.5,41.8,-0.31,6.72,,参考値,3
660,7600,日本エム・ディ・エム,プライム（内国株式）,精密機器,TOPIX Small 2,624.0,265.7,53.5,40.7,,9.56,,参考値,1
661,1443,技研ホールディングス,スタンダード（内国株式）,建設業,-,277.0,20.4,53.5,40.4,0.46,3.56,,参考値,3
662,2491,バリューコマース,プライム（内国株式）,サービス業,TOPIX Small 2,466.0,78.7,53.5,40.4,0.54,3.31,,参考値,2
663,9980,ＭＲＫホールディングス,スタンダード（内国株式）,小売業,-,95.0,10.1,53.5,40.1,,3.16,,参考値,2
664,4413,ボードルア,プライム（内国株式）,情報・通信業,TOPIX Small 2,2964.0,1365.4,53.4,62.7,,1.69,,参考値,3
665,4011,ヘッドウォータース,グロース（内国株式）,情報・通信業,-,2545.0,174.8,53.4,57.8,,8.83,,参考値,3
666,6905,コーセル,プライム（内国株式）,電気機器,TOPIX Small 2,1291.0,168.2,53.4,55.4,,3.46,,参考値,1
667,8111,ゴールドウイン,プライム（内国株式）,繊維製品,TOPIX Mid400,2107.5,1147.4,53.4,54.5,,2.53,,参考値,1
668,277A,グロービング,プライム（内国株式）,サービス業,TOPIX Small 2,1907.0,288.0,53.4,54.4,0.7,6.25,,参考値,2
669,6083,ＥＲＩホールディングス,スタンダード（内国株式）,サービス業,-,1595.0,67.6,53.4,54.0,,3.64,,参考値,3
670,4051,ＧＭＯフィナンシャルゲート,プライム（内国株式）,情報・通信業,TOPIX Small 2,5950.0,227.2,53.4,53.3,,5.62,,参考値,1
671,4816,東映アニメーション,スタンダード（内国株式）,情報・通信業,-,3005.0,1168.8,53.4,52.3,,4.88,,参考値,3
672,3810,サイバーステップホールディングス,スタンダード（内国株式）,情報・通信業,-,174.0,544.1,53.4,52.3,,14.96,,参考値,1
673,7157,ライフネット生命保険,プライム（内国株式）,保険業,TOPIX Small 1,1415.0,516.0,53.4,51.3,,4.28,,参考値,1
674,8698,マネックスグループ,プライム（内国株式）,証券、商品先物取引業,TOPIX Small 1,725.0,1222.8,53.4,50.6,,3.98,,参考値,3
675,6005,三浦工業,プライム（内国株式）,機械,TOPIX Mid400,3184.0,1216.0,53.4,49.5,,3.2,,参考値,3
676,2931,ユーグレナ,プライム（内国株式）,食料品,TOPIX Small 1,347.0,227.2,53.4,49.5,0.23,2.81,,参考値,3
677,3922,ＰＲ　ＴＩＭＥＳ,プライム（内国株式）,情報・通信業,TOPIX Small 2,2186.0,104.9,53.4,48.7,,3.01,,参考値,2
678,1848,富士ピー・エス,スタンダード（内国株式）,建設業,-,755.0,12.5,53.4,47.3,0.64,4.02,,参考値,4
679,4891,ティムス,グロース（内国株式）,医薬品,-,111.0,39.7,53.4,47.3,,5.21,,参考値,3
680,6803,ティアック,スタンダード（内国株式）,電気機器,-,99.0,29.0,53.4,42.9,,2.71,,参考値,4
681,9041,近鉄グループホールディングス,プライム（内国株式）,陸運業,TOPIX Mid400,3425.0,2034.0,53.4,42.9,,1.98,,参考値,1
682,5204,石塚硝子,スタンダード（内国株式）,ガラス・土石製品,-,3050.0,14.6,53.4,42.2,,1.25,,参考値,4
683,7897,ホクシン,スタンダード（内国株式）,その他製品,-,107.0,14.8,53.4,41.3,,2.8,,参考値,4
684,2340,極楽湯ホールディングス,スタンダード（内国株式）,サービス業,-,520.0,18.1,53.4,40.8,0.31,1.28,,参考値,3
685,7119,ハルメクホールディングス,グロース（内国株式）,小売業,-,2016.0,19.5,53.4,40.0,,3.31,,参考値,4
686,1407,ウエストホールディングス,スタンダード（内国株式）,建設業,-,2338.0,1237.6,53.3,55.9,0.75,9.15,,参考値,2
687,4419,Ｆｉｎａｔｅｘｔホールディングス,グロース（内国株式）,情報・通信業,-,1385.0,1082.3,53.3,54.9,,8.01,,参考値,1
688,6055,ジャパンマテリアル,プライム（内国株式）,サービス業,TOPIX Small 1,2196.0,1265.9,53.3,54.8,,6.29,,参考値,2
689,6425,ユニバーサルエンターテインメント,スタンダード（内国株式）,機械,-,710.0,149.8,53.3,54.4,,5.69,,参考値,3
690,4420,イーソル,スタンダード（内国株式）,情報・通信業,TOPIX Small 2,824.0,358.0,53.3,53.4,,8.79,,参考値,3
691,4568,第一三共,プライム（内国株式）,医薬品,TOPIX Core30,2751.0,15597.2,53.3,51.9,,4.21,,参考値,3
692,1888,若築建設,プライム（内国株式）,建設業,TOPIX Small 2,3610.0,76.6,53.3,51.3,0.28,3.25,,参考値,3
693,3103,ユニチカ,スタンダード（内国株式）,繊維製品,TOPIX Small 2,1412.0,31698.7,53.3,51.0,1.36,14.02,,参考値,3
694,3475,グッドコムアセット,プライム（内国株式）,不動産業,TOPIX Small 2,1449.0,147.2,53.3,50.7,,2.39,,参考値,2
695,9514,エフオン,スタンダード（内国株式）,電気・ガス業,TOPIX Small 2,341.0,35.1,53.3,50.0,,3.05,,参考値,3
696,6918,アバールデータ,スタンダード（内国株式）,電気機器,-,3550.0,283.6,53.3,49.6,,5.57,,参考値,3
697,1921,巴コーポレーション,スタンダード（内国株式）,建設業,-,1813.0,30.5,53.3,48.4,0.3,4.79,,参考値,2
698,2222,寿スピリッツ,プライム（内国株式）,食料品,TOPIX Mid400,2462.0,1511.2,53.3,47.9,0.06,4.09,,参考値,2
699,7241,フタバ産業,プライム（内国株式）,輸送用機器,TOPIX Small 1,1079.0,297.1,53.3,46.4,,2.81,,参考値,3
700,2193,クックパッド,スタンダード（内国株式）,サービス業,TOPIX Small 2,129.0,35.3,53.3,45.8,0.69,5.07,,参考値,2
701,9633,東京テアトル,スタンダード（内国株式）,不動産業,-,1905.0,27.7,53.3,45.1,,2.89,,参考値,3
702,6634,ＪＮグループ,スタンダード（内国株式）,電気機器,-,72.0,11.7,53.3,45.0,,6.1,,参考値,4
703,4932,アルマード,スタンダード（内国株式）,化学,-,821.0,17.8,53.3,43.7,,3.3,,参考値,4
704,4979,ＯＡＴアグリオ,スタンダード（内国株式）,化学,TOPIX Small 2,2905.0,86.0,53.3,43.1,,4.59,,参考値,3
705,6390,加藤製作所,プライム（内国株式）,機械,-,1311.0,75.0,53.3,42.5,,2.26,,参考値,3
706,9856,ケーユーホールディングス,スタンダード（内国株式）,小売業,TOPIX Small 2,1211.0,56.5,53.3,42.2,,2.22,,参考値,3
707,2594,キーコーヒー,プライム（内国株式）,食料品,TOPIX Small 2,2026.0,156.0,53.3,41.4,0.34,1.21,,参考値,4
708,9347,日本管財ホールディングス,プライム（内国株式）,サービス業,TOPIX Small 2,2919.0,200.6,53.3,41.0,,1.93,,参考値,4
709,6023,ダイハツインフィニアース,スタンダード（内国株式）,輸送用機器,-,3280.0,532.7,53.2,57.9,,5.39,,参考値,3
710,4628,エスケー化研,スタンダード（内国株式）,化学,-,9700.0,174.5,53.2,57.5,,3.39,,参考値,3
711,4414,フレクト,グロース（内国株式）,情報・通信業,-,1081.0,52.1,53.2,57.4,,9.04,,参考値,2
712,3046,ジンズホールディングス,プライム（内国株式）,小売業,TOPIX Small 1,5680.0,1933.4,53.2,57.1,0.98,4.89,,参考値,0
713,1827,ナカノフドー建設,スタンダード（内国株式）,建設業,-,1342.0,21.1,53.2,56.1,0.84,4.58,,参考値,2
714,146A,コロンビア・ワークス,スタンダード（内国株式）,不動産業,-,3760.0,267.7,53.2,55.7,0.38,5.27,,参考値,4
715,4238,ミライアル,スタンダード（内国株式）,化学,-,1860.0,114.1,53.2,55.4,,6.58,,参考値,4
716,5892,ｙｕｔｏｒｉ,グロース（内国株式）,小売業,-,2411.0,231.9,53.2,55.2,,7.69,,参考値,3
717,215A,タイミー,グロース（内国株式）,サービス業,-,1592.0,2479.8,53.2,55.0,0.43,6.58,,参考値,2
718,6779,日本電波工業,プライム（内国株式）,電気機器,TOPIX Small 2,2519.0,1870.7,53.2,53.7,,8.35,,参考値,1
719,6039,日本動物高度医療センター,グロース（内国株式）,サービス業,-,996.0,95.3,53.2,53.6,,4.14,,参考値,2
720,6616,トレックス・セミコンダクター,プライム（内国株式）,電気機器,TOPIX Small 2,1848.0,235.0,53.2,53.2,,6.28,,参考値,1
721,4443,Ｓａｎｓａｎ,プライム（内国株式）,情報・通信業,TOPIX Small 1,1995.0,2740.1,53.2,53.0,,8.63,,参考値,3
722,4475,ＨＥＮＮＧＥ,グロース（内国株式）,情報・通信業,-,1590.0,1009.8,53.2,52.8,,8.31,,参考値,3
723,6632,ＪＶＣケンウッド,プライム（内国株式）,電気機器,TOPIX Mid400,955.8,1280.1,53.2,51.4,,3.59,,参考値,1
724,8887,シーラホールディングス,スタンダード（内国株式）,不動産業,-,366.0,21.7,53.2,50.7,,1.9,,参考値,1
725,3826,システムインテグレータ,スタンダード（内国株式）,情報・通信業,-,494.0,11.3,53.2,50.5,,1.69,,参考値,4
726,4396,システムサポートホールディングス,プライム（内国株式）,情報・通信業,TOPIX Small 2,1332.0,220.4,53.2,50.0,,5.3,,参考値,3
727,2981,ランディックス,グロース（内国株式）,不動産業,-,2240.0,15.1,53.2,49.9,0.33,1.88,,参考値,3
728,4375,セーフィー,グロース（内国株式）,情報・通信業,-,669.0,145.6,53.2,49.6,,5.59,,参考値,3
729,1332,ニッスイ,プライム（内国株式）,水産・農林業,TOPIX Mid400,1203.0,1941.8,53.2,48.1,0.37,2.78,,参考値,0
730,9560,プログリット,グロース（内国株式）,サービス業,-,872.0,35.1,53.2,42.8,,4.33,,参考値,4
731,8928,穴吹興産,スタンダード（内国株式）,不動産業,-,2312.0,23.8,53.2,42.0,,1.39,,参考値,3
732,2588,プレミアムウォーターホールディングス,スタンダード（内国株式）,食料品,-,3690.0,12.8,53.2,36.4,0.39,2.48,,参考値,1
733,4579,ラクオリア創薬,グロース（内国株式）,医薬品,-,550.0,86.2,53.1,56.7,,5.59,,参考値,4
734,5074,テスホールディングス,プライム（内国株式）,建設業,TOPIX Small 2,594.0,1055.3,53.1,55.3,,6.73,,参考値,0
735,4431,スマレジ,グロース（内国株式）,情報・通信業,-,3420.0,414.9,53.1,54.3,,6.88,,参考値,3
736,6736,サン電子,スタンダード（内国株式）,電気機器,-,9050.0,562.0,53.1,54.1,,8.86,,参考値,1
737,4261,アジアクエスト,グロース（内国株式）,情報・通信業,-,2966.0,21.0,53.1,54.1,,2.6,,参考値,1
738,4370,モビルス,グロース（内国株式）,情報・通信業,-,382.0,65.0,53.1,52.2,,17.73,,参考値,3
739,7438,コンドーテック,プライム（内国株式）,卸売業,TOPIX Small 2,1719.0,90.8,53.1,51.3,,3.07,,参考値,4
740,6196,ストライクグループ,プライム（内国株式）,サービス業,TOPIX Small 1,1394.0,609.3,53.1,50.0,,3.79,,参考値,3
741,6564,ミダックホールディングス,プライム（内国株式）,サービス業,TOPIX Small 2,1941.0,152.2,53.1,49.3,,6.09,,参考値,2
742,4576,デ・ウエスタン・セラピテクス研究所,グロース（内国株式）,医薬品,-,87.0,23.1,53.1,47.3,,5.42,,参考値,3
743,8281,ゼビオホールディングス,プライム（内国株式）,小売業,TOPIX Small 1,1114.0,180.9,53.1,45.9,,2.75,,参考値,2
744,3154,メディアスホールディングス,プライム（内国株式）,卸売業,TOPIX Small 2,780.0,20.2,53.1,45.9,0.33,2.42,,参考値,1
745,3895,ハビックス,スタンダード（内国株式）,パルプ・紙,-,484.0,134.1,53.1,42.8,,6.47,,参考値,3
746,4189,ＫＨネオケム,プライム（内国株式）,化学,TOPIX Small 1,3150.0,380.9,53.1,42.7,,4.32,,参考値,3
747,3457,Ａｎｄ　Ｄｏホールディングス,プライム（内国株式）,不動産業,TOPIX Small 2,925.0,107.5,53.1,42.0,,1.45,,参考値,1
748,1914,日本基礎技術,スタンダード（内国株式）,建設業,-,809.0,35.2,53.1,41.4,0.57,3.43,,参考値,3
749,8091,ニチモウ,プライム（内国株式）,卸売業,-,2377.0,23.4,53.1,41.1,,1.8,,参考値,3
750,6654,不二電機工業,スタンダード（内国株式）,電気機器,-,1077.0,10.4,53.1,40.3,,1.82,,参考値,1
751,4392,ＦＩＧ,プライム（内国株式）,情報・通信業,-,985.0,8575.2,53.1,39.8,,17.28,,参考値,2
752,6915,千代田インテグレ,スタンダード（内国株式）,電気機器,TOPIX Small 2,3330.0,27.9,53.1,39.5,,2.83,,参考値,3
753,7721,東京計器,プライム（内国株式）,精密機器,TOPIX Small 1,6920.0,1933.5,53.0,59.6,,7.25,,参考値,3
754,4960,ケミプロ化成,スタンダード（内国株式）,化学,-,586.0,47.0,53.0,56.6,,8.12,,参考値,2
755,205A,ロゴスホールディングス,グロース（内国株式）,建設業,-,1629.0,82.9,53.0,55.5,0.28,2.17,,参考値,0
756,1491,中外鉱業,スタンダード（内国株式）,非鉄金属,-,715.0,37.0,53.0,55.4,0.88,3.67,,参考値,2
757,4112,保土谷化学工業,プライム（内国株式）,化学,TOPIX Small 2,2094.0,98.6,53.0,55.1,,3.96,,参考値,2
758,5038,ｅＷｅＬＬ,グロース（内国株式）,情報・通信業,-,2151.0,128.0,53.0,54.3,,6.83,,参考値,2
759,7034,プロレド・パートナーズ,プライム（内国株式）,サービス業,TOPIX Small 2,341.0,10.1,53.0,52.7,,4.34,,参考値,1
760,5602,栗本鐵工所,プライム（内国株式）,鉄鋼,TOPIX Small 1,1656.0,495.1,53.0,52.1,,2.89,,参考値,3
761,6758,ソニーグループ,プライム（内国株式）,電気機器,TOPIX Core30,3654.0,55867.7,53.0,51.6,,4.01,,参考値,3
762,6194,アトラエ,プライム（内国株式）,サービス業,TOPIX Small 2,841.0,151.5,53.0,50.9,,3.69,,参考値,3
763,2652,まんだらけ,スタンダード（内国株式）,小売業,-,425.0,112.0,53.0,50.6,0.7,5.22,,参考値,2
764,7388,ＦＰパートナー,プライム（内国株式）,保険業,TOPIX Small 2,2319.0,92.6,53.0,50.5,,2.04,,参考値,3
765,2695,くら寿司,プライム（内国株式）,小売業,TOPIX Small 1,1739.0,656.5,53.0,50.2,0.17,2.87,,参考値,3
766,9145,ビーイングホールディングス,スタンダード（内国株式）,陸運業,-,589.0,10.9,53.0,49.7,,4.26,,参考値,4
767,5909,コロナ,スタンダード（内国株式）,金属製品,TOPIX Small 2,950.0,15.1,53.0,49.3,,2.39,,参考値,2
768,7839,ＳＨＯＥＩ,プライム（内国株式）,その他製品,TOPIX Small 1,2087.0,382.6,53.0,48.9,,2.67,,参考値,4
769,7821,前田工繊,プライム（内国株式）,その他製品,TOPIX Small 1,1953.0,243.7,53.0,48.4,,3.14,,参考値,2
770,6859,エスペック,プライム（内国株式）,電気機器,TOPIX Small 1,3890.0,279.7,53.0,48.4,,4.72,,参考値,1
771,9889,ＪＢＣＣホールディングス,プライム（内国株式）,情報・通信業,TOPIX Small 1,1592.0,329.4,53.0,47.7,,4.48,,参考値,2
772,4343,イオンファンタジー,プライム（内国株式）,サービス業,TOPIX Small 2,2836.0,274.3,53.0,47.1,,2.98,,参考値,3
773,7075,ＱＬＳホールディングス,グロース（内国株式）,サービス業,-,1090.0,12.5,53.0,46.2,,3.51,,参考値,4
774,2307,クロスキャット,プライム（内国株式）,情報・通信業,TOPIX Small 2,1036.0,35.0,53.0,44.7,0.5,2.92,,参考値,3
775,6804,ホシデン,プライム（内国株式）,電気機器,TOPIX Small 1,2542.0,607.5,53.0,44.5,,2.9,,参考値,2
776,4045,東亞合成,プライム（内国株式）,化学,TOPIX Mid400,1786.0,369.4,53.0,44.0,,2.71,,参考値,3
777,2378,ルネサンス,プライム（内国株式）,サービス業,TOPIX Small 2,1045.0,54.5,53.0,42.9,0.26,1.55,,参考値,2
778,2186,ソーバル,スタンダード（内国株式）,サービス業,-,903.0,12.5,53.0,42.1,0.3,1.98,,参考値,3
779,2497,ユナイテッド,グロース（内国株式）,サービス業,-,532.0,14.3,53.0,41.1,0.33,1.75,,参考値,3
780,6181,タメニー,グロース（内国株式）,サービス業,-,92.0,10.5,53.0,38.6,,5.24,,参考値,3
781,4673,川崎地質,スタンダード（内国株式）,サービス業,-,4780.0,13.1,52.9,53.5,,2.82,,参考値,3
782,9684,スクウェア・エニックス・ホールディングス,プライム（内国株式）,情報・通信業,TOPIX Mid400,2866.0,4889.7,52.9,53.0,,5.25,,参考値,2
783,3697,ＳＨＩＦＴ,プライム（内国株式）,情報・通信業,TOPIX Mid400,856.2,4444.1,52.9,52.6,,7.81,,参考値,3
784,7279,ハイレックスコーポレーション,スタンダード（内国株式）,輸送用機器,-,2400.0,249.8,52.9,52.6,,5.38,,参考値,3
785,6849,日本光電工業,プライム（内国株式）,電気機器,TOPIX Mid400,1490.0,1143.5,52.9,51.9,,2.96,,参考値,1
786,7352,ＴＷＯＳＴＯＮＥ＆Ｓｏｎｓ,グロース（内国株式）,サービス業,-,324.0,24.2,52.9,51.9,,5.45,,参考値,1
787,4412,サイエンスアーツ,グロース（内国株式）,情報・通信業,-,1365.0,25.2,52.9,51.3,,5.38,,参考値,4
788,2802,味の素,プライム（内国株式）,食料品,TOPIX Large70,5068.0,16011.4,52.9,51.2,0.38,4.2,,参考値,0
789,4687,ＴＤＣソフト,プライム（内国株式）,情報・通信業,TOPIX Small 2,1075.0,101.6,52.9,51.1,,4.15,,参考値,3
790,4825,ウェザーニューズ,プライム（内国株式）,情報・通信業,TOPIX Small 1,2015.0,476.4,52.9,50.9,,3.36,,参考値,3
791,7679,薬王堂ホールディングス,プライム（内国株式）,小売業,TOPIX Small 2,1661.0,97.2,52.9,50.7,,2.88,,参考値,1
792,3179,シュッピン,プライム（内国株式）,小売業,TOPIX Small 2,1154.0,124.3,52.9,50.1,0.43,3.96,,参考値,2
793,7358,ポピンズ,スタンダード（内国株式）,サービス業,TOPIX Small 2,1812.0,54.2,52.9,49.6,,4.5,,参考値,4
794,6874,協立電機,スタンダード（内国株式）,電気機器,-,2333.0,17.4,52.9,49.6,,1.52,,参考値,0
795,3480,ジェイ・エス・ビー,プライム（内国株式）,不動産業,-,8940.0,560.5,52.9,48.3,,0.68,,参考値,3
796,7356,Ｒｅｔｔｙ,グロース（内国株式）,サービス業,-,115.0,22.7,52.9,45.7,,8.39,,参考値,2
797,4088,エア・ウォーター,プライム（内国株式）,化学,-,3015.0,3108.0,52.9,43.3,,5.11,,参考値,3
798,5578,ＡＲアドバンストテクノロジ,グロース（内国株式）,情報・通信業,-,880.0,36.7,52.8,56.8,,4.02,,参考値,2
799,7453,良品計画,プライム（内国株式）,小売業,TOPIX Mid400,4136.0,11017.4,52.8,55.5,,4.43,,参考値,3
800,6357,三精テクノロジーズ,スタンダード（内国株式）,機械,-,2686.0,115.2,52.8,54.1,,3.81,,参考値,4
801,7545,西松屋チェーン,プライム（内国株式）,小売業,TOPIX Small 1,1995.0,671.9,52.8,54.1,,2.12,,参考値,3
802,4369,トリケミカル研究所,プライム（内国株式）,化学,TOPIX Small 1,3055.0,1703.4,52.8,54.0,,6.33,,参考値,0
803,9627,アインホールディングス,プライム（内国株式）,小売業,TOPIX Mid400,5977.0,742.3,52.8,53.9,,2.71,,参考値,3
804,6182,メタリアル,グロース（内国株式）,サービス業,-,512.0,14.1,52.8,53.5,,3.93,,参考値,2
805,7965,象印マホービン,プライム（内国株式）,電気機器,TOPIX Small 1,1448.0,175.6,52.8,51.9,,1.89,,参考値,3
806,7033,マネジメントソリューションズ,プライム（内国株式）,サービス業,TOPIX Small 2,1597.0,184.6,52.8,51.5,,4.42,,参考値,3
807,2471,エスプール,プライム（内国株式）,サービス業,TOPIX Small 2,274.0,95.9,52.8,50.3,0.66,3.56,,参考値,3
808,3911,Ａｉｍｉｎｇ,グロース（内国株式）,情報・通信業,-,177.0,43.3,52.8,49.3,,3.21,,参考値,1
809,6902,デンソー,プライム（内国株式）,輸送用機器,TOPIX Large70,1879.0,13330.7,52.8,48.5,,2.55,,参考値,1
810,8133,伊藤忠エネクス,プライム（内国株式）,卸売業,TOPIX Small 1,2258.0,270.8,52.8,47.9,,3.18,,参考値,3
811,2678,アスクル,プライム（内国株式）,小売業,TOPIX Small 1,1288.0,425.4,52.8,47.7,0.35,2.65,,参考値,3
812,3175,エー・ピーホールディングス,スタンダード（内国株式）,小売業,-,977.0,12.8,52.8,46.4,0.44,0.94,,参考値,3
813,1435,ｒｏｂｏｔ　ｈｏｍｅ,スタンダード（内国株式）,不動産業,TOPIX Small 2,178.0,91.0,52.8,45.9,0.65,4.27,,参考値,4
814,9997,ベルーナ,プライム（内国株式）,小売業,TOPIX Small 1,1031.0,219.7,52.8,45.0,,2.49,,参考値,3
815,2060,フィード・ワン,プライム（内国株式）,食料品,TOPIX Small 2,1448.0,173.1,52.8,45.0,0.38,2.79,,参考値,3
816,7846,パイロットコーポレーション,プライム（内国株式）,その他製品,TOPIX Mid400,2027.0,756.3,52.8,43.7,,3.54,,参考値,3
817,4848,フルキャストホールディングス,プライム（内国株式）,サービス業,TOPIX Small 2,1807.0,162.8,52.8,42.0,,2.77,,参考値,3
818,4344,ソースネクスト,プライム（内国株式）,情報・通信業,TOPIX Small 2,111.0,135.1,52.8,40.5,,5.41,,参考値,3
819,8848,レオパレス２１,プライム（内国株式）,不動産業,TOPIX Small 1,650.0,648.0,52.8,38.4,,3.31,,参考値,2
820,3727,アプリックス,グロース（内国株式）,情報・通信業,-,170.0,12.9,52.8,38.3,,4.92,,参考値,3
821,7435,ナ・デックス,スタンダード（内国株式）,卸売業,-,1289.0,34.0,52.8,38.2,,4.81,,参考値,3
822,5101,横浜ゴム,プライム（内国株式）,ゴム製品,TOPIX Mid400,6809.0,6967.3,52.7,55.3,,5.65,,参考値,2
823,341A,トヨコー,グロース（内国株式）,建設業,-,2226.0,104.5,52.7,54.6,,4.53,,参考値,4
824,4588,オンコリスバイオファーマ,グロース（内国株式）,医薬品,-,5450.0,7081.4,52.7,54.5,,13.03,,参考値,4
825,5491,日本金属,スタンダード（内国株式）,鉄鋼,-,906.0,20.9,52.7,54.3,,2.8,,参考値,3
826,194A,ＷＯＬＶＥＳ　ＨＡＮＤ,グロース（内国株式）,サービス業,-,1895.0,119.8,52.7,54.0,1.39,9.13,,参考値,3
827,4264,セキュア,グロース（内国株式）,情報・通信業,-,1451.0,23.5,52.7,52.9,,2.55,,参考値,0
828,9706,日本空港ビルデング,プライム（内国株式）,不動産業,TOPIX Mid400,5599.0,4619.0,52.7,51.6,,3.26,,参考値,2
829,6674,ジーエス・ユアサ　コーポレーション,プライム（内国株式）,電気機器,TOPIX Mid400,4981.0,3580.8,52.7,51.1,,4.8,,参考値,0
830,9603,エイチ・アイ・エス,プライム（内国株式）,サービス業,TOPIX Small 1,1210.0,475.9,52.7,50.8,,3.25,,参考値,4
831,4053,Ｓｕｎ　Ａｓｔｅｒｉｓｋ,プライム（内国株式）,情報・通信業,TOPIX Small 2,456.0,45.1,52.7,50.8,,3.99,,参考値,2
832,6465,ホシザキ,プライム（内国株式）,機械,TOPIX Mid400,5450.0,1626.4,52.7,50.7,,2.29,,参考値,1
833,4180,Ａｐｐｉｅｒ　Ｇｒｏｕｐ,プライム（内国株式）,情報・通信業,TOPIX Small 1,1473.0,3091.5,52.7,50.5,,7.94,,参考値,3
834,9628,燦ホールディングス,プライム（内国株式）,サービス業,TOPIX Small 2,1299.0,101.2,52.7,48.7,,2.26,,参考値,0
835,4725,ＣＡＣ　Ｈｏｌｄｉｎｇｓ,プライム（内国株式）,情報・通信業,TOPIX Small 2,1936.0,121.1,52.7,44.3,,1.7,,参考値,3
836,2379,ディップ,プライム（内国株式）,サービス業,TOPIX Small 1,1821.0,594.6,52.7,43.5,0.24,2.22,,参考値,4
837,3232,三重交通グループホールディングス,プライム（内国株式）,不動産業,TOPIX Small 2,588.0,223.5,52.7,42.2,0.63,4.76,,参考値,4
838,2294,柿安本店,プライム（内国株式）,食料品,TOPIX Small 2,2570.0,36.9,52.7,41.7,0.26,1.26,,参考値,1
839,7256,河西工業,スタンダード（内国株式）,輸送用機器,-,425.0,213.7,52.7,41.4,,6.15,,参考値,3
840,8278,フジ,プライム（内国株式）,小売業,TOPIX Small 1,2068.0,295.4,52.7,41.2,,2.57,,参考値,4
841,8008,ヨンドシーホールディングス,プライム（内国株式）,小売業,TOPIX Small 1,2081.0,236.1,52.7,41.2,,2.72,,参考値,3
842,8904,ＡＶＡＮＴＩＡ,スタンダード（内国株式）,不動産業,-,825.0,21.7,52.7,41.0,,1.43,,参考値,1
843,5408,中山製鋼所,プライム（内国株式）,鉄鋼,TOPIX Small 2,640.0,163.7,52.7,40.6,,3.18,,参考値,3
844,6238,フリュー,プライム（内国株式）,機械,TOPIX Small 2,1417.0,141.3,52.7,39.7,,3.67,,参考値,3
845,3675,クロス・マーケティンググループ,スタンダード（内国株式）,情報・通信業,-,600.0,23.2,52.7,36.7,,2.25,,参考値,3
846,6521,オキサイド,グロース（内国株式）,電気機器,-,3120.0,587.5,52.6,59.1,,7.88,,参考値,1
847,4894,クオリプス,グロース（内国株式）,医薬品,-,5420.0,582.2,52.6,54.5,,7.32,,参考値,4
848,3652,ディジタルメディアプロフェッショナル,グロース（内国株式）,情報・通信業,-,2497.0,86.5,52.6,54.4,,7.99,,参考値,3
849,9932,杉本商事,プライム（内国株式）,卸売業,TOPIX Small 2,1281.0,44.3,52.6,53.4,,2.33,,参考値,3
850,4776,サイボウズ,プライム（内国株式）,情報・通信業,TOPIX Small 1,3000.0,981.0,52.6,53.0,,6.96,,参考値,3
851,7373,アイドマ・ホールディングス,グロース（内国株式）,サービス業,-,919.0,91.4,52.6,52.9,,4.41,,参考値,1
852,3099,三越伊勢丹ホールディングス,プライム（内国株式）,小売業,TOPIX Mid400,3118.0,10583.0,52.6,52.5,0.23,4.17,,参考値,1
853,8697,日本取引所グループ,プライム（内国株式）,その他金融業,TOPIX Large70,2203.5,7385.7,52.6,52.5,,3.19,,参考値,1
854,9702,アイ・エス・ビー,プライム（内国株式）,情報・通信業,TOPIX Small 2,2347.0,67.1,52.6,52.1,,3.5,,参考値,1
855,7366,ＬＩＴＡＬＩＣＯ,プライム（内国株式）,サービス業,TOPIX Small 2,1780.0,216.6,52.6,50.5,,4.63,,参考値,2
856,7201,日産自動車,プライム（内国株式）,輸送用機器,TOPIX Mid400,302.5,12676.6,52.6,50.4,,5.61,,参考値,1
857,7803,ブシロード,グロース（内国株式）,その他製品,-,447.0,628.0,52.6,50.0,,6.4,,参考値,3
858,367A,プリモグローバルホールディングス,スタンダード（内国株式）,小売業,-,2961.0,181.8,52.6,48.7,,4.22,,参考値,4
859,6078,バリューＨＲ,プライム（内国株式）,サービス業,TOPIX Small 2,1553.0,52.8,52.6,47.4,,2.94,,参考値,3
860,7211,三菱自動車工業,プライム（内国株式）,輸送用機器,TOPIX Mid400,345.9,3876.7,52.6,47.1,,6.12,,参考値,3
861,9381,エーアイテイー,プライム（内国株式）,倉庫・運輸関連業,TOPIX Small 2,2311.0,82.6,52.6,44.4,,1.8,,参考値,3
862,7421,カッパ・クリエイト,プライム（内国株式）,小売業,TOPIX Small 1,1619.0,124.2,52.6,42.1,,1.97,,参考値,4
863,3113,ＵＮＩＶＡ・Ｏａｋホールディングス,スタンダード（内国株式）,証券、商品先物取引業,-,83.0,11.9,52.6,41.1,0.7,4.65,,参考値,4
864,5301,東海カーボン,プライム（内国株式）,ガラス・土石製品,TOPIX Mid400,1812.0,2517.5,52.6,40.7,,5.45,,参考値,3
865,6082,ライドオンエクスプレスホールディングス,スタンダード（内国株式）,サービス業,TOPIX Small 2,1008.0,27.0,52.6,39.5,,1.66,,参考値,3
866,3418,バルニバービ,グロース（内国株式）,小売業,-,1048.0,18.2,52.6,39.2,,1.17,,参考値,0
867,4212,積水樹脂,プライム（内国株式）,化学,TOPIX Small 1,2919.0,147.1,52.6,39.1,,3.16,,参考値,4
868,8113,ユニ・チャーム,プライム（内国株式）,化学,TOPIX Large70,966.5,4728.4,52.6,38.5,,2.59,,参考値,2
869,197A,タウンズ,スタンダード（内国株式）,医薬品,-,504.0,132.5,52.6,38.3,0.3,2.17,,参考値,3
870,4829,日本エンタープライズ,スタンダード（内国株式）,情報・通信業,-,109.0,17.7,52.6,32.6,,2.26,,参考値,3
871,9227,マイクロ波化学,グロース（内国株式）,サービス業,-,840.0,154.4,52.5,59.0,,5.97,,参考値,1
872,299A,クラシル,グロース（内国株式）,サービス業,-,1291.0,271.6,52.5,57.0,0.48,7.58,,参考値,4
873,8132,シナネンホールディングス,プライム（内国株式）,卸売業,TOPIX Small 2,7420.0,201.2,52.5,55.7,,5.72,,参考値,2
874,4107,伊勢化学工業,スタンダード（内国株式）,化学,-,3940.0,1219.9,52.5,54.7,,7.29,,参考値,2
875,6701,日本電気,プライム（内国株式）,電気機器,TOPIX Large70,4579.0,31892.2,52.5,53.5,,5.33,,参考値,2
876,8142,トーホー,プライム（内国株式）,卸売業,TOPIX Small 2,1426.0,142.3,52.5,53.4,,2.34,,参考値,4
877,160A,アズパートナーズ,スタンダード（内国株式）,サービス業,-,1961.0,24.9,52.5,53.2,0.65,2.14,,参考値,1
878,6417,ＳＡＮＫＹＯ,プライム（内国株式）,機械,TOPIX Mid400,2011.5,1787.0,52.5,52.8,,2.67,,参考値,4
879,7047,ポート,グロース（内国株式）,サービス業,-,2160.0,537.0,52.5,52.4,,5.62,,参考値,2
880,2216,カンロ,スタンダード（内国株式）,食料品,-,1097.0,71.9,52.5,52.3,0.41,2.0,,参考値,1
881,3093,トレジャー・ファクトリー,プライム（内国株式）,小売業,TOPIX Small 2,1850.0,339.4,52.5,52.0,0.5,5.02,,参考値,2
882,7187,ジェイリース,プライム（内国株式）,その他金融業,TOPIX Small 2,1332.0,75.5,52.5,51.3,,2.5,,参考値,2
883,3787,テクノマセマティカル,スタンダード（内国株式）,情報・通信業,-,327.0,10.3,52.5,50.6,,11.34,,参考値,4
884,4914,高砂香料工業,プライム（内国株式）,化学,TOPIX Small 1,1282.0,214.1,52.5,50.6,,2.84,,参考値,3
885,7389,あいちフィナンシャルグループ,プライム（内国株式）,銀行業,TOPIX Small 1,1896.0,1932.3,52.5,50.5,,5.9,,参考値,4
886,5970,ジーテクト,プライム（内国株式）,金属製品,TOPIX Small 1,2173.0,249.5,52.5,50.2,,2.8,,参考値,3
887,7723,愛知時計電機,プライム（内国株式）,精密機器,TOPIX Small 2,2825.0,78.7,52.5,49.5,,2.32,,参考値,0
888,4840,トライアイズ,スタンダード（内国株式）,サービス業,-,686.0,296.0,52.5,49.1,,18.43,,参考値,2
889,7224,新明和工業,プライム（内国株式）,輸送用機器,TOPIX Small 1,1889.0,303.7,52.5,49.0,,2.82,,参考値,1
890,3640,電算,スタンダード（内国株式）,情報・通信業,-,2756.0,20.2,52.5,48.1,,2.6,,参考値,2
891,3776,ブロードバンドタワー,スタンダード（内国株式）,情報・通信業,-,245.0,45.2,52.5,47.9,,4.07,,参考値,0
892,8095,アステナホールディングス,プライム（内国株式）,卸売業,TOPIX Small 2,519.0,53.9,52.5,45.1,,2.44,,参考値,2
893,6156,エーワン精密,スタンダード（内国株式）,機械,-,1846.0,18.7,52.5,44.0,,2.12,,参考値,3
894,1822,大豊建設,スタンダード（内国株式）,建設業,TOPIX Small 2,827.0,136.5,52.5,43.5,0.34,1.76,,参考値,4
895,5659,日本精線,プライム（内国株式）,鉄鋼,TOPIX Small 2,1372.0,69.8,52.5,42.6,,3.39,,参考値,1
896,2009,鳥越製粉,スタンダード（内国株式）,食料品,-,1098.0,15.5,52.5,40.9,0.34,1.03,,参考値,3
897,7371,Ｚｅｎｋｅｎ,グロース（内国株式）,サービス業,-,793.0,22.2,52.5,40.4,,3.54,,参考値,3
898,5285,ヤマックス,スタンダード（内国株式）,ガラス・土石製品,-,1367.0,39.7,52.5,39.9,,2.73,,参考値,2
899,7771,日本精密,スタンダード（内国株式）,精密機器,-,264.0,40.8,52.5,37.4,,3.65,,参考値,1
900,8424,芙蓉総合リース,プライム（内国株式）,その他金融業,TOPIX Mid400,4447.0,745.7,52.5,29.3,,1.71,,参考値,3
901,3182,オイシックス,プライム（内国株式）,小売業,TOPIX Small 1,1622.0,157.3,52.4,54.3,0.43,3.92,,参考値,2
902,6228,ジェイ・イー・ティ,スタンダード（内国株式）,機械,-,533.0,25.6,52.4,53.4,,5.15,,参考値,2
903,6407,ＣＫＤ,プライム（内国株式）,機械,TOPIX Small 1,5050.0,4065.3,52.4,53.1,,7.21,,参考値,0
904,2160,ジーエヌアイグループ,グロース（内国株式）,医薬品,-,2936.0,3413.5,52.4,53.0,0.78,6.13,,参考値,4
905,1961,三機工業,プライム（内国株式）,建設業,TOPIX Small 1,2420.0,1193.5,52.4,52.6,0.63,3.55,,参考値,1
906,7267,本田技研工業,プライム（内国株式）,輸送用機器,TOPIX Core30,1610.5,27435.0,52.4,52.0,,4.38,,参考値,3
907,6351,鶴見製作所,プライム（内国株式）,機械,TOPIX Small 2,2504.0,151.5,52.4,52.0,,5.21,,参考値,3
908,9973,ＫＯＺＯホールディングス,スタンダード（内国株式）,小売業,-,20.0,14.3,52.4,51.6,,8.57,,参考値,1
909,9009,京成電鉄,プライム（内国株式）,陸運業,TOPIX Mid400,1389.5,2169.3,52.4,51.2,,2.83,,参考値,4
910,4826,ＣＩＪ,プライム（内国株式）,情報・通信業,TOPIX Small 2,524.0,130.7,52.4,50.5,,3.97,,参考値,2
911,8704,トレイダーズホールディングス,スタンダード（内国株式）,証券、商品先物取引業,-,1418.0,130.2,52.4,49.8,,4.98,,参考値,3
912,7476,アズワン,プライム（内国株式）,卸売業,TOPIX Mid400,2469.0,299.1,52.4,49.1,,3.22,,参考値,3
913,3580,小松マテーレ,プライム（内国株式）,繊維製品,TOPIX Small 2,748.0,45.9,52.4,48.8,,2.31,,参考値,2
914,2124,ジェイエイシーリクルートメント,プライム（内国株式）,サービス業,TOPIX Small 1,968.0,794.7,52.4,48.2,0.67,3.5,,参考値,2
915,6724,セイコーエプソン,プライム（内国株式）,電気機器,TOPIX Mid400,2972.0,4656.4,52.4,46.8,,4.26,,参考値,3
916,3765,ガンホー・オンライン・エンターテイメント,プライム（内国株式）,情報・通信業,TOPIX Small 1,2484.0,873.3,52.4,45.3,,4.12,,参考値,4
917,2440,ぐるなび,スタンダード（内国株式）,サービス業,TOPIX Small 2,123.0,22.8,52.4,44.2,0.73,4.36,,参考値,2
918,9629,ピー・シー・エー,プライム（内国株式）,情報・通信業,TOPIX Small 2,1530.0,69.2,52.4,43.2,,4.13,,参考値,2
919,6721,ウインテスト,スタンダード（内国株式）,電気機器,-,75.0,28.9,52.4,43.2,,3.71,,参考値,2
920,4331,テイクアンドギヴ・ニーズ,プライム（内国株式）,サービス業,TOPIX Small 2,742.0,60.4,52.4,42.3,,2.44,,参考値,4
921,3028,アルペン,プライム（内国株式）,小売業,TOPIX Small 1,2307.0,206.1,52.4,42.1,0.24,2.0,,参考値,3
922,7177,ＧＭＯフィナンシャルホールディングス,スタンダード（内国株式）,証券、商品先物取引業,-,1160.0,275.8,52.4,41.7,,4.16,,参考値,3
923,9069,センコーグループホールディングス,プライム（内国株式）,陸運業,TOPIX Mid400,2217.0,870.3,52.4,41.4,,2.71,,参考値,3
924,2168,パソナグループ,プライム（内国株式）,サービス業,TOPIX Small 1,1596.0,266.8,52.4,41.3,0.3,3.87,,参考値,2
925,7494,コナカ,スタンダード（内国株式）,小売業,-,245.0,10.5,52.4,41.1,,1.71,,参考値,3
926,4170,Ｋａｉｚｅｎ　Ｐｌａｔｆｏｒｍ,グロース（内国株式）,情報・通信業,-,126.0,542.2,52.4,39.2,,28.06,,参考値,3
927,5262,日本ヒューム,プライム（内国株式）,ガラス・土石製品,TOPIX Small 1,1145.0,263.3,52.3,57.4,,3.23,,参考値,3
928,9663,ナガワ,プライム（内国株式）,サービス業,TOPIX Small 2,5080.0,157.8,52.3,54.4,,2.32,,参考値,1
929,7409,ＡｅｒｏＥｄｇｅ,グロース（内国株式）,輸送用機器,-,1510.0,514.2,52.3,53.7,,7.52,,参考値,0
930,325A,ＴＥＮＴＩＡＬ,グロース（内国株式）,繊維製品,-,1755.0,492.4,52.3,53.2,0.41,7.49,,参考値,3
931,4234,サンエー化研,スタンダード（内国株式）,化学,-,1025.0,48.8,52.3,52.7,,5.32,,参考値,3
932,7760,ＩＭＶ,スタンダード（内国株式）,精密機器,-,2083.0,212.9,52.3,52.3,,5.12,,参考値,2
933,5541,大平洋金属,プライム（内国株式）,鉄鋼,TOPIX Small 2,2539.0,555.7,52.3,52.2,,4.78,,参考値,2
934,4488,ＡＩ　ｉｎｓｉｄｅ,グロース（内国株式）,情報・通信業,-,2196.0,25.3,52.3,52.1,,4.98,,参考値,4
935,1980,ダイダン,プライム（内国株式）,建設業,TOPIX Small 1,2800.0,1515.3,52.3,51.5,0.47,4.24,,参考値,3
936,6141,ＤＭＧ森精機,プライム（内国株式）,機械,TOPIX Mid400,2758.0,6972.3,52.3,50.5,,4.3,,参考値,1
937,5989,エイチワン,プライム（内国株式）,金属製品,TOPIX Small 2,1426.0,211.5,52.3,49.6,,3.61,,参考値,1
938,9468,ＫＡＤＯＫＡＷＡ,プライム（内国株式）,情報・通信業,TOPIX Mid400,3621.0,1518.8,52.3,49.1,,3.48,,参考値,3
939,6237,イワキポンプ,プライム（内国株式）,機械,TOPIX Small 2,3770.0,592.8,52.3,48.3,,7.03,,参考値,2
940,2154,オープンアップグループ,プライム（内国株式）,サービス業,TOPIX Small 1,1941.0,278.9,52.3,45.2,0.44,2.2,,参考値,2
941,6395,タダノ,プライム（内国株式）,機械,TOPIX Small 1,1362.0,473.8,52.3,44.7,,4.92,,参考値,2
942,4422,ＶＡＬＵＥＮＥＸ,グロース（内国株式）,情報・通信業,-,595.0,88.6,52.3,43.6,,9.56,,参考値,3
943,4629,大伸化学,スタンダード（内国株式）,化学,-,2500.0,11.6,52.3,43.5,,3.2,,参考値,4
944,8179,ロイヤルホールディングス,プライム（内国株式）,小売業,TOPIX Small 1,1361.0,412.3,52.3,43.3,,2.94,,参考値,4
945,8203,ＭｒＭａｘＨＤ,プライム（内国株式）,小売業,TOPIX Small 2,750.0,48.7,52.3,43.0,,2.29,,参考値,1
946,9052,山陽電気鉄道,プライム（内国株式）,陸運業,TOPIX Small 2,2009.0,125.2,52.3,41.2,,1.65,,参考値,4
947,6554,エスユーエス,グロース（内国株式）,サービス業,-,1116.0,15.8,52.3,40.9,,1.9,,参考値,4
948,7291,日本プラスト,スタンダード（内国株式）,輸送用機器,-,459.0,21.1,52.3,40.4,,2.8,,参考値,2
949,1968,太平電業,プライム（内国株式）,建設業,TOPIX Small 1,2552.0,394.3,52.3,39.5,0.6,4.3,,参考値,3
950,4218,ニチバン,プライム（内国株式）,化学,TOPIX Small 2,1924.0,33.3,52.3,39.1,,1.57,,参考値,2
951,2664,カワチ薬品,プライム（内国株式）,小売業,TOPIX Small 1,3820.0,378.2,52.3,38.5,0.28,3.39,,参考値,3
952,3553,共和レザー,スタンダード（内国株式）,化学,-,929.0,36.3,52.2,54.6,,1.96,,参考値,3
953,6728,アルバック,プライム（内国株式）,電気機器,TOPIX Mid400,7030.0,5880.4,52.2,54.1,,5.04,,参考値,0
954,4175,ｃｏｌｙ,グロース（内国株式）,情報・通信業,-,2867.0,17.3,52.2,53.3,,5.22,,参考値,4
955,5802,住友電気工業,プライム（内国株式）,非鉄金属,TOPIX Large70,2071.0,42821.5,52.2,52.0,,5.56,,参考値,1
956,6492,岡野バルブ製造,スタンダード（内国株式）,機械,-,14150.0,174.4,52.2,52.0,,7.0,,参考値,0
957,9127,玉井商船,スタンダード（内国株式）,海運業,-,3365.0,15.5,52.2,50.0,,4.27,,参考値,3
958,3932,アカツキ,プライム（内国株式）,情報・通信業,TOPIX Small 2,3480.0,467.0,52.2,49.9,,6.71,,参考値,2
959,8303,ＳＢＩ新生銀行,プライム（内国株式）,銀行業,TOPIX Mid400,1548.0,4415.5,52.2,49.6,,3.28,,参考値,2
960,9251,ＡＢ＆Ｃｏｍｐａｎｙ,グロース（内国株式）,サービス業,-,1543.0,57.5,52.2,48.7,,2.74,,参考値,3
961,5959,岡部,プライム（内国株式）,金属製品,TOPIX Small 2,939.0,74.7,52.2,48.3,,1.75,,参考値,2
962,6645,オムロン,プライム（内国株式）,電気機器,TOPIX Mid400,5980.0,8548.5,52.2,47.2,,5.32,,参考値,3
963,5943,ノーリツ,プライム（内国株式）,金属製品,TOPIX Small 1,2269.0,200.4,52.2,46.6,,2.38,,参考値,1
964,6599,エブレン,スタンダード（内国株式）,電気機器,-,3810.0,27.7,52.2,46.2,,5.85,,参考値,3
965,6473,ジェイテクト,プライム（内国株式）,機械,TOPIX Mid400,2010.5,2401.2,52.2,46.1,,5.06,,参考値,3
966,3199,綿半ホールディングス,プライム（内国株式）,小売業,TOPIX Small 2,1324.0,46.0,52.2,44.3,0.29,1.65,,参考値,2
967,4613,関西ペイント,プライム（内国株式）,化学,TOPIX Mid400,2808.0,1911.3,52.2,42.5,,2.05,,参考値,2
968,9450,ファイバーゲート,スタンダード（内国株式）,情報・通信業,TOPIX Small 2,778.0,48.2,52.2,42.5,,3.26,,参考値,2
969,3452,ビーロット,スタンダード（内国株式）,不動産業,-,1450.0,102.1,52.2,42.2,,2.19,,参考値,2
970,3562,Ｎｏ．１,スタンダード（内国株式）,卸売業,-,1567.0,41.1,52.2,41.9,,2.05,,参考値,3
971,2462,ライク,プライム（内国株式）,サービス業,TOPIX Small 2,1501.0,29.4,52.2,41.9,0.26,1.4,,参考値,3
972,9268,オプティマスグループ,スタンダード（内国株式）,卸売業,-,396.0,149.9,52.2,41.8,,3.79,,参考値,2
973,3109,シキボウ,プライム（内国株式）,繊維製品,TOPIX Small 2,1044.0,51.3,52.2,41.6,0.38,1.47,,参考値,2
974,7716,ナカニシ,スタンダード（内国株式）,精密機器,-,3050.0,924.1,52.2,41.4,,5.16,,参考値,2
975,7692,アースインフィニティ,スタンダード（内国株式）,電気・ガス業,-,81.0,15.3,52.2,38.7,,3.04,,参考値,2
976,9558,ジャパニアス,グロース（内国株式）,サービス業,-,1987.0,11.7,52.2,36.6,,1.79,,参考値,3
977,4337,ぴあ,プライム（内国株式）,サービス業,TOPIX Small 2,2678.0,94.4,52.1,54.8,,3.37,,参考値,1
978,428A,サイプレス・ホールディングス,スタンダード（内国株式）,小売業,-,1580.0,42.7,52.1,53.8,,5.32,,参考値,4
979,4417,グローバルセキュリティエキスパート,グロース（内国株式）,情報・通信業,-,4270.0,227.1,52.1,52.8,,7.79,,参考値,3
980,3193,エターナルホスピタリティグループ,プライム（内国株式）,小売業,TOPIX Small 2,1441.0,171.9,52.1,52.1,0.58,3.55,,参考値,3
981,7236,ティラド,プライム（内国株式）,輸送用機器,TOPIX Small 2,1470.0,433.1,52.1,51.6,,3.98,,参考値,3
982,7184,富山第一銀行,プライム（内国株式）,銀行業,TOPIX Small 1,3265.0,594.4,52.1,49.7,,5.25,,参考値,4
983,6328,荏原実業,プライム（内国株式）,機械,TOPIX Small 2,2376.0,212.3,52.1,49.3,,3.13,,参考値,2
984,7294,ヨロズ,プライム（内国株式）,輸送用機器,TOPIX Small 2,886.0,42.7,52.1,47.8,,2.19,,参考値,3
985,3915,テラスカイ,プライム（内国株式）,情報・通信業,TOPIX Small 2,2314.0,265.3,52.1,47.0,,6.67,,参考値,1
986,6858,小野測器,スタンダード（内国株式）,電気機器,-,841.0,30.5,52.1,46.9,,2.83,,参考値,1
987,6694,ズーム,スタンダード（内国株式）,電気機器,-,810.0,14.6,52.1,44.0,,3.67,,参考値,4
988,2882,イートアンドホールディングス,プライム（内国株式）,食料品,TOPIX Small 2,2036.0,72.4,52.1,42.6,0.29,1.52,,参考値,1
989,6668,アドテック　プラズマ　テクノロジー,スタンダード（内国株式）,電気機器,-,3800.0,320.8,52.1,42.5,,10.37,,参考値,2
990,9414,日本ＢＳ放送,スタンダード（内国株式）,情報・通信業,-,906.0,35.0,52.1,40.8,,1.11,,参考値,3
991,9788,ナック,プライム（内国株式）,サービス業,TOPIX Small 2,515.0,34.8,52.1,40.7,,1.52,,参考値,2
992,7596,魚力,プライム（内国株式）,小売業,TOPIX Small 2,2325.0,59.5,52.1,40.5,,1.71,,参考値,2
993,8163,ＳＲＳホールディングス,プライム（内国株式）,小売業,TOPIX Small 2,1528.0,182.9,52.1,40.3,,3.08,,参考値,3
994,6750,エレコム,プライム（内国株式）,電気機器,TOPIX Small 1,1977.0,412.9,52.1,39.5,,3.11,,参考値,4
995,4714,リソー教育グループ,プライム（内国株式）,サービス業,TOPIX Small 2,210.0,118.4,52.1,33.0,,2.09,,参考値,4
996,6814,古野電気,プライム（内国株式）,電気機器,TOPIX Small 1,7590.0,2016.7,52.0,55.9,,5.64,,参考値,2
997,7172,ジャパンインベストメントアドバイザー,プライム（内国株式）,証券、商品先物取引業,TOPIX Small 1,2102.0,326.8,52.0,54.2,,2.05,,参考値,3
998,3496,アズーム,プライム（内国株式）,不動産業,TOPIX Small 2,4730.0,207.8,52.0,54.1,,3.94,,参考値,3
999,4022,ラサ工業,プライム（内国株式）,化学,TOPIX Small 2,1939.0,2063.0,52.0,54.0,,7.83,,参考値,1
1000,7447,ナガイレーベン,プライム（内国株式）,卸売業,TOPIX Small 2,1667.0,198.5,52.0,53.9,,2.27,,参考値,1
1001,1515,日鉄鉱業,プライム（内国株式）,鉱業,TOPIX Small 1,3530.0,2935.6,52.0,53.4,1.82,11.0,,参考値,3
1002,2395,新日本科学,プライム（内国株式）,サービス業,TOPIX Small 2,1330.0,255.0,52.0,52.3,0.41,3.92,,参考値,1
1003,9412,スカパーＪＳＡＴ,プライム（内国株式）,情報・通信業,TOPIX Small 1,2010.0,4239.6,52.0,52.3,,4.93,,参考値,0
1004,4751,サイバーエージェント,プライム（内国株式）,サービス業,TOPIX Mid400,1237.0,8664.4,52.0,51.5,,4.3,,参考値,0
1005,3399,丸千代山岡家,スタンダード（内国株式）,小売業,-,4115.0,341.8,52.0,51.4,,4.73,,参考値,4
1006,4377,ワンキャリア,グロース（内国株式）,情報・通信業,-,2279.0,291.9,52.0,50.7,,6.01,,参考値,2
1007,3422,Ｊ－ＭＡＸ,スタンダード（内国株式）,金属製品,-,609.0,49.7,52.0,50.7,,5.17,,参考値,2
1008,1381,アクシーズ,スタンダード（内国株式）,水産・農林業,-,3580.0,12.6,52.0,50.6,0.28,2.17,,参考値,3
1009,417A,ブルーゾーンホールディングス,プライム（内国株式）,小売業,TOPIX Mid400,1924.0,465.4,52.0,50.5,,2.51,,参考値,3
1010,1663,Ｋ＆Ｏエナジーグループ,プライム（内国株式）,鉱業,TOPIX Small 1,1942.0,479.2,52.0,49.1,0.34,3.23,,参考値,3
1011,4318,クイック,プライム（内国株式）,サービス業,TOPIX Small 2,817.0,98.2,52.0,47.2,,2.77,,参考値,3
1012,4709,ＩＤホールディングス,プライム（内国株式）,情報・通信業,TOPIX Small 2,1047.0,59.9,52.0,46.9,,2.71,,参考値,1
1013,3686,ディー・エル・イー,スタンダード（内国株式）,情報・通信業,-,61.0,13.5,52.0,45.9,,4.22,,参考値,2
1014,3135,マーケットエンタープライズ,スタンダード（内国株式）,小売業,-,1167.0,12.9,52.0,45.1,0.7,3.4,,参考値,2
1015,8185,チヨダ,プライム（内国株式）,小売業,TOPIX Small 2,999.0,237.0,52.0,44.9,,2.36,,参考値,3
1016,6157,日進工具,スタンダード（内国株式）,機械,TOPIX Small 2,813.0,69.9,52.0,44.3,,2.99,,参考値,1
1017,2429,ワールドホールディングス,プライム（内国株式）,サービス業,TOPIX Small 2,2755.0,128.1,52.0,44.0,0.25,2.89,,参考値,2
1018,2127,日本Ｍ＆Ａセンターホールディングス,プライム（内国株式）,サービス業,TOPIX Mid400,640.0,1947.1,52.0,43.9,0.66,3.22,,参考値,2
1019,6199,セラク,スタンダード（内国株式）,情報・通信業,TOPIX Small 2,1319.0,27.6,52.0,43.1,,3.62,,参考値,2
1020,190A,Ｃｈｏｒｄｉａ　Ｔｈｅｒａｐｅｕｔｉｃｓ,グロース（内国株式）,医薬品,-,73.0,29.6,52.0,41.8,0.76,6.75,,参考値,0
1021,6897,ツインバード,スタンダード（内国株式）,電気機器,-,689.0,200.3,52.0,41.6,,8.81,,参考値,3
1022,1430,ファーストコーポレーション,スタンダード（内国株式）,建設業,-,1021.0,15.6,52.0,41.3,0.28,2.06,,参考値,3
1023,262A,インターメスティック,プライム（内国株式）,小売業,TOPIX Small 2,1749.0,449.4,52.0,40.2,0.78,4.42,,参考値,0
1024,3242,アーバネットコーポレーション,スタンダード（内国株式）,不動産業,-,522.0,29.2,52.0,39.4,0.36,1.4,,参考値,3
1025,4433,ヒト・コミュニケーションズ・ホールディングス,プライム（内国株式）,サービス業,TOPIX Small 2,844.0,41.4,52.0,39.4,,1.33,,参考値,1
1026,9474,ゼンリン,プライム（内国株式）,情報・通信業,TOPIX Small 2,906.0,183.7,52.0,38.9,,2.41,,参考値,3
1027,2120,ＬＩＦＵＬＬ,プライム（内国株式）,サービス業,TOPIX Small 2,224.0,273.1,52.0,38.5,0.7,4.35,,参考値,3
1028,6862,ミナトホールディングス,スタンダード（内国株式）,電気機器,-,4350.0,2004.8,51.9,57.2,,10.57,,参考値,3
1029,268A,リガク・ホールディングス,プライム（内国株式）,精密機器,TOPIX Small 1,1607.0,4984.1,51.9,55.4,4.21,7.97,,参考値,0
1030,4461,第一工業製薬,プライム（内国株式）,化学,TOPIX Small 2,12130.0,2560.9,51.9,54.7,,10.18,,参考値,3
1031,5282,ジオスター,スタンダード（内国株式）,ガラス・土石製品,-,418.0,26.2,51.9,54.1,,4.05,,参考値,2
1032,6027,弁護士ドットコム,プライム（内国株式）,サービス業,TOPIX Small 2,4955.0,2571.9,51.9,52.3,,13.44,,参考値,3
1033,6976,太陽誘電,プライム（内国株式）,電気機器,TOPIX Mid400,9046.0,250010.4,51.9,51.8,,9.68,,参考値,0
1034,4839,ＷＯＷＯＷ,プライム（内国株式）,情報・通信業,TOPIX Small 2,1012.0,76.3,51.9,51.6,,1.74,,参考値,2
1035,4176,ココナラ,グロース（内国株式）,情報・通信業,-,272.0,33.2,51.9,50.9,,4.53,,参考値,2
1036,5929,三和ホールディングス,プライム（内国株式）,金属製品,TOPIX Mid400,3510.0,2052.6,51.9,49.8,,2.88,,参考値,0
1037,6912,菊水ホールディングス,スタンダード（内国株式）,電気機器,-,2461.0,30.6,51.9,49.3,,4.54,,参考値,4
1038,3445,ＲＳ　Ｔｅｃｈｎｏｌｏｇｉｅｓ,プライム（内国株式）,金属製品,TOPIX Small 1,5530.0,1573.3,51.9,48.7,,7.87,,参考値,0
1039,4374,ＲＯＢＯＴ　ＰＡＹＭＥＮＴ,グロース（内国株式）,情報・通信業,-,2440.0,24.3,51.9,48.0,,3.34,,参考値,3
1040,5195,バンドー化学,プライム（内国株式）,ゴム製品,TOPIX Small 2,2385.0,127.1,51.9,47.1,,2.72,,参考値,3
1041,6630,ヤーマン,プライム（内国株式）,電気機器,TOPIX Small 1,801.0,127.0,51.9,46.5,,3.57,,参考値,3
1042,4586,メドレックス,グロース（内国株式）,医薬品,-,61.0,64.4,51.9,45.5,,6.67,,参考値,2
1043,7970,信越ポリマー,プライム（内国株式）,化学,TOPIX Small 1,2150.0,259.5,51.9,44.7,,3.08,,参考値,0
1044,3863,日本製紙,プライム（内国株式）,パルプ・紙,TOPIX Small 1,1278.0,921.9,51.9,43.9,,4.48,,参考値,1
1045,4559,ゼリア新薬工業,プライム（内国株式）,医薬品,TOPIX Small 1,1980.0,289.0,51.9,43.0,,2.39,,参考値,0
1046,8789,フィンテック　グローバル,スタンダード（内国株式）,その他金融業,-,163.0,350.2,51.9,42.7,,4.73,,参考値,4
1047,3222,ユナイテッド・スーパーマーケット・ホールディングス,スタンダード（内国株式）,小売業,TOPIX Small 1,848.0,667.1,51.9,42.7,0.28,2.82,,参考値,3
1048,287A,黒田グループ,スタンダード（内国株式）,卸売業,-,1138.0,526.8,51.9,42.6,0.6,2.52,,参考値,3
1049,6904,原田工業,スタンダード（内国株式）,電気機器,-,613.0,46.3,51.9,42.3,,5.79,,参考値,3
1050,9441,ベルパーク,スタンダード（内国株式）,情報・通信業,-,2950.0,11.8,51.9,42.1,,2.67,,参考値,2
1051,7247,ミクニ,スタンダード（内国株式）,輸送用機器,-,365.0,17.8,51.9,41.3,,2.5,,参考値,3
1052,4809,パラカ,プライム（内国株式）,不動産業,TOPIX Small 2,2016.0,33.4,51.9,41.3,,1.4,,参考値,1
1053,4237,フジプレアム,スタンダード（内国株式）,化学,-,350.0,19.0,51.9,40.2,,3.7,,参考値,4
1054,4206,アイカ工業,プライム（内国株式）,化学,TOPIX Mid400,4173.0,1053.1,51.9,37.0,,2.58,,参考値,3
1055,6227,ＡＩメカテック,スタンダード（内国株式）,機械,-,6500.0,5470.0,51.8,55.3,,10.29,,参考値,1
1056,3994,マネーフォワード,プライム（内国株式）,情報・通信業,TOPIX Mid400,6045.0,4139.3,51.8,55.2,,9.48,,参考値,3
1057,8338,筑波銀行,プライム（内国株式）,銀行業,TOPIX Small 2,739.0,1513.6,51.8,54.6,,6.23,,参考値,4
1058,7505,扶桑電通,スタンダード（内国株式）,卸売業,-,2169.0,39.2,51.8,54.6,,2.74,,参考値,4
1059,6522,アスタリスク,グロース（内国株式）,電気機器,-,1611.0,5015.4,51.8,53.4,,21.78,,参考値,1
1060,7937,ツツミ,スタンダード（内国株式）,その他製品,TOPIX Small 2,2580.0,42.0,51.8,52.0,,3.22,,参考値,2
1061,4718,早稲田アカデミー,プライム（内国株式）,サービス業,TOPIX Small 2,2632.0,102.1,51.8,50.9,,3.54,,参考値,3
1062,6524,湖北工業,スタンダード（内国株式）,電気機器,-,4630.0,1218.5,51.8,50.7,,8.35,,参考値,0
1063,5189,櫻護謨,スタンダード（内国株式）,ゴム製品,-,3465.0,15.8,51.8,50.6,,3.91,,参考値,3
1064,4911,資生堂,プライム（内国株式）,化学,TOPIX Mid400,3350.0,9271.8,51.8,50.4,,5.24,,参考値,2
1065,4544,Ｈ．Ｕ．グループホールディングス,プライム（内国株式）,サービス業,TOPIX Mid400,3476.0,891.1,51.8,49.7,,3.28,,参考値,3
1066,8070,東京産業,プライム（内国株式）,卸売業,TOPIX Small 2,956.0,151.0,51.8,49.4,,3.38,,参考値,3
1067,8511,日本証券金融,プライム（内国株式）,その他金融業,TOPIX Small 1,2457.0,584.6,51.8,49.0,,2.9,,参考値,2
1068,8081,カナデン,プライム（内国株式）,卸売業,TOPIX Small 2,2441.0,129.3,51.8,49.0,,3.09,,参考値,2
1069,8344,山形銀行,プライム（内国株式）,銀行業,TOPIX Small 2,4610.0,634.3,51.8,48.7,,5.68,,参考値,3
1070,8276,平和堂,プライム（内国株式）,小売業,TOPIX Small 1,2689.0,741.9,51.8,47.9,,2.45,,参考値,3
1071,6459,だいわ,プライム（内国株式）,機械,TOPIX Small 2,1638.0,249.8,51.8,47.4,,4.16,,参考値,2
1072,8254,さいか屋,スタンダード（内国株式）,小売業,-,249.0,33.5,51.8,43.5,,9.42,,参考値,1
1073,6140,旭ダイヤモンド工業,プライム（内国株式）,機械,TOPIX Small 1,1134.0,715.6,51.8,41.9,,5.03,,参考値,1
1074,2531,宝ホールディングス,プライム（内国株式）,食料品,TOPIX Mid400,2435.0,1045.9,51.8,41.8,0.71,4.97,,参考値,2
1075,7590,タカショー,スタンダード（内国株式）,卸売業,TOPIX Small 2,395.0,16.8,51.8,41.6,,1.93,,参考値,3
1076,8835,太平洋興発,スタンダード（内国株式）,卸売業,-,800.0,18.5,51.8,41.2,,1.62,,参考値,3
1077,7994,オカムラ,プライム（内国株式）,その他製品,TOPIX Small 1,2350.0,391.3,51.8,40.9,,1.75,,参考値,4
1078,8029,ルックホールディングス,スタンダード（内国株式）,繊維製品,TOPIX Small 2,2653.0,25.9,51.8,40.5,,1.5,,参考値,2
1079,4224,ロンシール工業,スタンダード（内国株式）,化学,-,2086.0,16.7,51.8,39.8,,1.62,,参考値,2
1080,3548,バロックジャパンリミテッド,プライム（内国株式）,小売業,TOPIX Small 2,694.0,85.6,51.8,39.1,,1.51,,参考値,0
1081,9936,王将フードサービス,プライム（内国株式）,小売業,TOPIX Small 1,2971.0,703.8,51.8,38.0,,1.96,,参考値,3
1082,9739,ＮＳＷ,プライム（内国株式）,情報・通信業,TOPIX Small 2,2653.0,103.3,51.8,36.5,,2.79,,参考値,2
1083,6368,オルガノ,プライム（内国株式）,機械,TOPIX Mid400,12415.0,2997.7,51.7,53.2,,5.69,,参考値,1
1084,3913,ＧｒｅｅｎＢｅｅ,スタンダード（内国株式）,情報・通信業,-,1093.0,27.8,51.7,53.1,,4.86,,参考値,2
1085,269A,Ｓａｐｅｅｔ,グロース（内国株式）,情報・通信業,-,2890.0,37.8,51.7,52.3,0.72,7.4,,参考値,3
1086,6277,ホソカワミクロン,プライム（内国株式）,機械,TOPIX Small 1,5470.0,175.8,51.7,51.6,,4.43,,参考値,4
1087,6855,日本電子材料,スタンダード（内国株式）,電気機器,TOPIX Small 2,6480.0,4197.9,51.7,51.6,,7.89,,参考値,1
1088,7363,ベビーカレンダー,グロース（内国株式）,サービス業,-,1293.0,15.6,51.7,51.3,,6.64,,参考値,4
1089,8725,ＭＳ＆ＡＤインシュアランスグループホールディングス,プライム（内国株式）,保険業,TOPIX Large70,5078.0,19752.4,51.7,51.3,,3.26,,参考値,3
1090,4755,楽天グループ,プライム（内国株式）,サービス業,TOPIX Mid400,736.0,15947.4,51.7,50.9,,3.96,,参考値,2
1091,3083,スターシーズ,スタンダード（内国株式）,小売業,-,1243.0,371.7,51.7,50.6,0.3,8.73,,参考値,4
1092,9697,カプコン,プライム（内国株式）,情報・通信業,TOPIX Mid400,4363.0,9863.2,51.7,50.0,,4.75,,参考値,3
1093,6963,ローム,プライム（内国株式）,電気機器,TOPIX Mid400,4875.0,15555.0,51.7,48.8,,7.39,,参考値,2
1094,3657,ポールトゥウィンホールディングス,プライム（内国株式）,情報・通信業,TOPIX Small 2,358.0,54.8,51.7,48.4,,3.38,,参考値,4
1095,4092,日本化学工業,プライム（内国株式）,化学,TOPIX Small 2,5100.0,974.3,51.7,48.4,,6.87,,参考値,2
1096,6626,ＳＥＭＩＴＥＣ,スタンダード（内国株式）,電気機器,-,2360.0,33.8,51.7,46.3,,4.62,,参考値,3
1097,5461,中部鋼鈑,プライム（内国株式）,鉄鋼,TOPIX Small 1,2129.0,209.2,51.7,44.2,,2.67,,参考値,4
1098,3918,ＰＣＩホールディングス,スタンダード（内国株式）,情報・通信業,-,1171.0,15.4,51.7,43.6,,3.09,,参考値,0
1099,3355,クリヤマホールディングス,スタンダード（内国株式）,卸売業,-,1760.0,38.3,51.7,43.2,,2.73,,参考値,3
1100,2602,日清オイリオグループ,プライム（内国株式）,食料品,TOPIX Small 1,2061.0,427.0,51.7,41.5,0.21,2.32,,参考値,4
1101,4031,片倉コープアグリ,スタンダード（内国株式）,化学,-,1116.0,22.3,51.7,41.4,,3.13,,参考値,3
1102,8291,日産東京販売ホールディングス,スタンダード（内国株式）,小売業,-,546.0,63.8,51.7,41.4,,1.59,,参考値,1
1103,3238,セントラル総合開発,スタンダード（内国株式）,不動産業,-,385.0,12.9,51.7,41.3,0.33,2.0,,参考値,3
1104,1375,ユキグニファクトリー,プライム（内国株式）,水産・農林業,TOPIX Small 2,1178.0,45.5,51.7,41.1,0.3,1.64,,参考値,3
1105,7713,シグマ光機,スタンダード（内国株式）,精密機器,-,2370.0,63.8,51.7,39.4,,6.14,,参考値,4
1106,3054,ハイパー,スタンダード（内国株式）,卸売業,-,363.0,68.3,51.7,36.7,1.19,7.98,,参考値,4
1107,2437,Ｓｈｉｎｗａ　Ｗｉｓｅ　Ｈｏｌｄｉｎｇｓ,スタンダード（内国株式）,サービス業,-,619.0,69.0,51.6,56.4,0.86,8.62,,参考値,3
1108,5016,ＪＸ金属,プライム（内国株式）,非鉄金属,TOPIX Mid400,3726.0,65762.2,51.6,56.3,,6.87,,参考値,1
1109,6824,新コスモス電機,スタンダード（内国株式）,電気機器,-,4360.0,51.5,51.6,56.1,,3.45,,参考値,0
1110,1812,鹿島建設,プライム（内国株式）,建設業,TOPIX Mid400,5062.0,10551.8,51.6,54.1,0.65,3.48,,参考値,2
1111,9880,イノテック,プライム（内国株式）,電気機器,TOPIX Small 2,3275.0,614.5,51.6,53.0,,6.48,,参考値,1
1112,186A,アストロスケールホールディングス,グロース（内国株式）,サービス業,-,1054.0,4962.4,51.6,52.5,2.78,10.43,,参考値,0
1113,2438,アスカネット,グロース（内国株式）,サービス業,-,350.0,15.9,51.6,51.1,0.63,3.77,,参考値,3
1114,6613,ＱＤレーザ,グロース（内国株式）,電気機器,-,1933.0,7699.0,51.6,50.6,,14.64,,参考値,1
1115,2325,ＮＪＳ,プライム（内国株式）,サービス業,TOPIX Small 2,4725.0,157.0,51.6,50.2,0.29,3.78,,参考値,3
1116,9556,ＩＮＴＬＯＯＰ,グロース（内国株式）,サービス業,-,2450.0,118.3,51.6,50.2,,5.99,,参考値,3
1117,4685,菱友システムズ,スタンダード（内国株式）,情報・通信業,-,2646.0,61.9,51.6,50.0,,2.58,,参考値,0
1118,3665,エニグモ,プライム（内国株式）,情報・通信業,TOPIX Small 2,420.0,64.7,51.6,49.6,,2.68,,参考値,3
1119,5139,オープンワーク,グロース（内国株式）,情報・通信業,-,935.0,15.4,51.6,49.5,,3.12,,参考値,3
1120,5845,全保連,スタンダード（内国株式）,その他金融業,-,1200.0,53.4,51.6,49.0,,2.04,,参考値,3
1121,9610,ウィルソン・ラーニング　ワールドワイド,スタンダード（内国株式）,サービス業,-,122.0,142.9,51.6,48.9,,18.79,,参考値,3
1122,2282,日本ハム,プライム（内国株式）,食料品,TOPIX Mid400,6209.0,3368.2,51.6,48.9,-0.2,2.64,,参考値,2
1123,1879,新日本建設,プライム（内国株式）,建設業,TOPIX Small 2,2277.0,453.4,51.6,48.7,0.36,3.13,,参考値,3
1124,7039,ブリッジインターナショナルグループ,グロース（内国株式）,サービス業,-,1371.0,63.1,51.6,46.8,,4.27,,参考値,0
1125,4644,イマジニア,スタンダード（内国株式）,情報・通信業,-,1051.0,12.1,51.6,43.3,,0.96,,参考値,3
1126,9759,ＮＳＤ,プライム（内国株式）,情報・通信業,TOPIX Mid400,2808.0,617.4,51.6,42.6,,2.95,,参考値,2
1127,6737,ＥＩＺＯ,プライム（内国株式）,電気機器,TOPIX Small 1,2997.0,500.6,51.6,42.5,,3.65,,参考値,3
1128,7313,テイ・エス　テック,プライム（内国株式）,輸送用機器,TOPIX Mid400,1795.5,507.0,51.6,42.0,,1.87,,参考値,3
1129,6775,ＴＢグループ,スタンダード（内国株式）,電気機器,-,131.0,79.1,51.6,41.2,,9.16,,参考値,2
1130,4631,ＤＩＣ,プライム（内国株式）,化学,TOPIX Mid400,4608.0,4318.6,51.6,40.5,,5.18,,参考値,2
1131,6706,電気興業,プライム（内国株式）,電気機器,TOPIX Small 2,3220.0,97.4,51.6,39.8,,2.84,,参考値,3
1132,3417,大木ヘルスケアホールディングス,スタンダード（内国株式）,卸売業,-,1012.0,10.3,51.6,37.8,,2.47,,参考値,0
1133,7707,プレシジョン・システム・サイエンス,グロース（内国株式）,精密機器,-,205.0,43.7,51.6,37.5,,5.17,,参考値,2
1134,3053,ペッパーフードサービス,スタンダード（内国株式）,小売業,TOPIX Small 2,202.0,70.1,51.6,36.3,0.66,3.39,,参考値,2
1135,7516,コーナン商事,プライム（内国株式）,小売業,TOPIX Small 1,4410.0,375.3,51.6,29.6,,2.51,,参考値,4
1136,5803,フジクラ,プライム（内国株式）,非鉄金属,TOPIX Large70,5083.0,290738.9,51.5,55.9,,8.3,,参考値,3
1137,7722,国際計測器,スタンダード（内国株式）,精密機器,-,769.0,24.8,51.5,55.1,,2.33,,参考値,2
1138,4674,クレスコ,プライム（内国株式）,情報・通信業,TOPIX Small 2,1780.0,512.8,51.5,54.2,,5.0,,参考値,3
1139,7271,安永,スタンダード（内国株式）,輸送用機器,-,803.0,59.8,51.5,53.5,,2.31,,参考値,1
1140,7608,エスケイジャパン,スタンダード（内国株式）,卸売業,-,864.0,51.3,51.5,53.4,,4.21,,参考値,4
1141,3558,ジェイドグループ,グロース（内国株式）,小売業,-,1835.0,169.5,51.5,50.8,,3.28,,参考値,4
1142,6538,ディスラプターズ,スタンダード（内国株式）,サービス業,-,252.0,18.7,51.5,50.8,,3.27,,参考値,4
1143,6869,シスメックス,プライム（内国株式）,電気機器,TOPIX Mid400,1845.0,5162.6,51.5,50.4,,4.13,,参考値,2
1144,7734,理研計器,プライム（内国株式）,精密機器,TOPIX Small 1,3295.0,355.3,51.5,49.6,,4.26,,参考値,1
1145,8365,富山銀行,スタンダード（内国株式）,銀行業,-,2356.0,17.3,51.5,49.3,,3.1,,参考値,3
1146,7280,ミツバ,プライム（内国株式）,電気機器,TOPIX Small 1,1285.0,280.0,51.5,49.2,,4.32,,参考値,4
1147,1967,ヤマト,スタンダード（内国株式）,建設業,-,2083.0,34.5,51.5,49.0,0.62,2.43,,参考値,4
1148,3633,ＧＭＯペパボ,スタンダード（内国株式）,情報・通信業,TOPIX Small 2,2525.0,95.8,51.5,48.8,,5.57,,参考値,3
1149,2173,博展,グロース（内国株式）,サービス業,-,718.0,12.3,51.5,48.7,0.64,3.79,,参考値,4
1150,6988,日東電工,プライム（内国株式）,化学,TOPIX Mid400,3179.0,8354.4,51.5,48.5,,4.72,,参考値,2
1151,3433,トーカロ,プライム（内国株式）,金属製品,TOPIX Small 1,2756.0,599.5,51.5,48.2,,3.23,,参考値,1
1152,3916,デジタル・インフォメーション・テクノロジー,プライム（内国株式）,情報・通信業,TOPIX Small 2,938.0,101.1,51.5,48.0,,2.62,,参考値,3
1153,2593,伊藤園,プライム（内国株式）,食料品,TOPIX Mid400,3200.0,1431.4,51.5,47.9,0.51,3.92,,参考値,4
1154,5991,日本発條,プライム（内国株式）,金属製品,TOPIX Mid400,3261.0,2226.2,51.5,47.3,,4.83,,参考値,1
1155,9369,キユーソー流通システム,スタンダード（内国株式）,倉庫・運輸関連業,TOPIX Small 2,2956.0,114.0,51.5,46.9,,4.49,,参考値,0
1156,8713,フィデアホールディングス,プライム（内国株式）,銀行業,TOPIX Small 2,2725.0,274.6,51.5,46.2,,5.05,,参考値,4
1157,8037,カメイ,プライム（内国株式）,卸売業,TOPIX Small 2,4365.0,217.3,51.5,45.6,,3.41,,参考値,4
1158,7561,ハークスレイホールディングス,スタンダード（内国株式）,小売業,-,710.0,11.5,51.5,43.5,,2.25,,参考値,3
1159,6326,クボタ,プライム（内国株式）,機械,TOPIX Large70,2789.5,13422.9,51.5,42.2,,5.7,,参考値,3
1160,1878,大東建託,プライム（内国株式）,不動産業,TOPIX Mid400,3290.0,4874.3,51.5,41.3,0.13,2.37,,参考値,3
1161,8086,ニプロ,プライム（内国株式）,精密機器,TOPIX Mid400,1460.0,1165.6,51.5,40.8,,2.77,,参考値,1
1162,8255,アクシアル　リテイリング,プライム（内国株式）,小売業,TOPIX Small 2,1281.0,208.4,51.5,40.3,,2.65,,参考値,3
1163,9306,東陽倉庫,スタンダード（内国株式）,倉庫・運輸関連業,-,1997.0,10.9,51.5,39.8,,1.41,,参考値,1
1164,4901,富士フイルムホールディングス,プライム（内国株式）,化学,TOPIX Large70,3197.0,16885.6,51.5,38.5,,3.4,,参考値,1
1165,7774,ジャパン・ティッシュエンジニアリング,グロース（内国株式）,精密機器,-,912.0,98.7,51.4,54.0,,6.12,,参考値,4
1166,6994,指月電機製作所,スタンダード（内国株式）,電気機器,-,1143.0,216.5,51.4,53.3,,7.17,,参考値,2
1167,7292,村上開明堂,スタンダード（内国株式）,輸送用機器,-,6850.0,27.4,51.4,52.6,,2.66,,参考値,4
1168,7161,じもとホールディングス,スタンダード（内国株式）,銀行業,-,598.0,72.4,51.4,52.0,,4.5,,参考値,3
1169,6787,メイコー,プライム（内国株式）,電気機器,TOPIX Small 1,18820.0,9237.9,51.4,51.8,,9.44,,参考値,0
1170,5036,日本ビジネスシステムズ,プライム（内国株式）,情報・通信業,TOPIX Small 2,1505.0,193.3,51.4,50.8,,4.74,,参考値,2
1171,9264,ポエック,スタンダード（内国株式）,卸売業,-,1602.0,49.5,51.4,50.3,,2.32,,参考値,1
1172,256A,飛島ホールディングス,プライム（内国株式）,建設業,TOPIX Small 2,2213.0,502.1,51.4,50.0,0.59,2.74,,参考値,3
1173,9726,ＫＮＴ－ＣＴホールディングス,スタンダード（内国株式）,サービス業,TOPIX Small 2,1922.0,55.0,51.4,49.4,,3.76,,参考値,2
1174,4635,東京インキ,スタンダード（内国株式）,化学,-,2124.0,70.4,51.4,49.0,,4.31,,参考値,3
1175,4481,ベース,プライム（内国株式）,情報・通信業,TOPIX Small 2,3305.0,310.7,51.4,48.8,,3.36,,参考値,3
1176,8614,東洋証券,プライム（内国株式）,証券、商品先物取引業,TOPIX Small 2,736.0,498.5,51.4,48.5,,3.45,,参考値,4
1177,6505,東洋電機製造,スタンダード（内国株式）,電気機器,-,2400.0,96.1,51.4,48.5,,2.75,,参考値,3
1178,1938,日本リーテック,プライム（内国株式）,建設業,TOPIX Small 2,2583.0,247.6,51.4,48.4,0.63,3.56,,参考値,3
1179,7955,クリナップ,プライム（内国株式）,その他製品,TOPIX Small 2,963.0,43.9,51.4,47.8,,2.84,,参考値,3
1180,4320,ＣＥホールディングス,スタンダード（内国株式）,情報・通信業,-,1648.0,259.2,51.4,47.6,,0.71,,参考値,1
1181,8308,りそなホールディングス,プライム（内国株式）,銀行業,TOPIX Large70,2491.0,22548.7,51.4,46.7,,3.82,,参考値,4
1182,2753,あみやき亭,プライム（内国株式）,小売業,TOPIX Small 2,1387.0,43.0,51.4,46.7,0.29,1.63,,参考値,3
1183,6193,バーチャレクス・ホールディングス,グロース（内国株式）,サービス業,-,1193.0,10.2,51.4,43.0,,2.97,,参考値,3
1184,3183,ウイン・パートナーズ,プライム（内国株式）,卸売業,TOPIX Small 2,1253.0,23.2,51.4,42.6,0.29,1.9,,参考値,1
1185,9850,グルメ杵屋,プライム（内国株式）,小売業,TOPIX Small 2,986.0,31.8,51.4,42.4,,1.06,,参考値,3
1186,7984,コクヨ,プライム（内国株式）,その他製品,TOPIX Mid400,912.9,776.4,51.4,41.7,,2.4,,参考値,3
1187,9769,学究社,プライム（内国株式）,サービス業,TOPIX Small 2,2565.0,38.3,51.4,40.7,,1.83,,参考値,2
1188,416A,富士ユナイトホールディングス,スタンダード（内国株式）,卸売業,-,1285.0,11.9,51.4,38.1,,2.35,,参考値,3
1189,5233,太平洋セメント,プライム（内国株式）,ガラス・土石製品,TOPIX Mid400,4150.0,1718.5,51.4,33.6,,3.43,,参考値,2
1190,5706,三井金属,プライム（内国株式）,非鉄金属,TOPIX Mid400,24905.0,45696.8,51.3,57.3,,8.32,,参考値,0
1191,2986,ＬＡホールディングス,グロース（内国株式）,不動産業,-,2803.0,434.1,51.3,55.0,0.24,2.6,,参考値,4
1192,4498,サイバートラスト,グロース（内国株式）,情報・通信業,-,1266.0,60.0,51.3,54.4,,4.74,,参考値,2
1193,6490,ＰＩＬＬＡＲ,プライム（内国株式）,機械,TOPIX Small 1,9160.0,1160.7,51.3,53.9,,7.26,,参考値,2
1194,6367,ダイキン工業,プライム（内国株式）,機械,TOPIX Core30,20460.0,23971.4,51.3,52.5,,2.53,,参考値,0
1195,3837,アドソル日進,プライム（内国株式）,情報・通信業,TOPIX Small 2,1380.0,149.1,51.3,51.3,,3.61,,参考値,1
1196,8399,琉球銀行,プライム（内国株式）,銀行業,TOPIX Small 1,3170.0,455.8,51.3,51.0,,4.14,,参考値,3
1197,1813,不動テトラ,プライム（内国株式）,建設業,TOPIX Small 2,2848.0,158.4,51.3,50.1,0.52,2.6,,参考値,4
1198,2488,ＪＴＰ,スタンダード（内国株式）,サービス業,-,1410.0,23.9,51.3,50.0,0.62,3.0,,参考値,3
1199,4259,エクサウィザーズ,グロース（内国株式）,情報・通信業,-,850.0,1513.5,51.3,49.7,,7.11,,参考値,2
1200,4310,ドリームインキュベータ,プライム（内国株式）,サービス業,TOPIX Small 2,2471.0,41.0,51.3,49.4,,2.1,,参考値,0
1201,6036,ＫｅｅＰｅｒ技研,プライム（内国株式）,サービス業,TOPIX Small 1,3590.0,608.5,51.3,49.3,,5.15,,参考値,3
1202,7976,三菱鉛筆,プライム（内国株式）,その他製品,TOPIX Small 1,3090.0,294.2,51.3,48.4,,3.22,,参考値,3
1203,6235,オプトラン,プライム（内国株式）,機械,TOPIX Small 1,2450.0,1189.8,51.3,48.3,,6.71,,参考値,0
1204,4651,サニックスホールディングス,スタンダード（内国株式）,サービス業,TOPIX Small 2,271.0,94.8,51.3,47.9,,4.11,,参考値,2
1205,2667,イメージ　ワン,スタンダード（内国株式）,卸売業,-,123.0,58.9,51.3,47.6,0.35,8.36,,参考値,2
1206,7832,バンダイナムコホールディングス,プライム（内国株式）,その他製品,TOPIX Large70,5353.0,14519.8,51.3,44.7,,4.26,,参考値,2
1207,4800,オリコン,スタンダード（内国株式）,情報・通信業,-,1357.0,34.0,51.3,42.7,,0.15,,参考値,3
1208,7150,島根銀行,スタンダード（内国株式）,銀行業,-,516.0,20.5,51.3,42.4,,4.11,,参考値,2
1209,5410,合同製鐵,プライム（内国株式）,鉄鋼,TOPIX Small 1,3100.0,228.9,51.3,41.3,,3.11,,参考値,4
1210,4712,ＫｅｙＨｏｌｄｅｒ,スタンダード（内国株式）,サービス業,-,825.0,12.4,51.3,39.9,,1.97,,参考値,3
1211,1786,オリエンタル白石,プライム（内国株式）,建設業,TOPIX Small 2,355.0,218.3,51.3,39.7,0.28,2.47,,参考値,1
1212,2751,テンポスホールディングス,スタンダード（内国株式）,卸売業,-,3775.0,16.3,51.3,37.1,0.21,1.38,,参考値,4
1213,7709,クボテック,スタンダード（内国株式）,精密機器,-,45.0,73.8,51.3,35.6,,39.52,,参考値,1
1214,212A,フィットイージー,プライム（内国株式）,サービス業,TOPIX Small 2,2938.0,302.4,51.2,54.3,0.47,4.63,,参考値,3
1215,6323,ローツェ,プライム（内国株式）,機械,TOPIX Mid400,3655.0,5950.5,51.2,53.2,,6.45,,参考値,0
1216,1447,ＳＡＡＦホールディングス,グロース（内国株式）,建設業,-,375.0,63.4,51.2,52.7,0.59,5.77,,参考値,3
1217,2301,学情,プライム（内国株式）,サービス業,TOPIX Small 2,1658.0,166.0,51.2,52.0,0.39,2.48,,参考値,3
1218,3691,デジタルプラス,グロース（内国株式）,情報・通信業,-,1866.0,49.1,51.2,51.8,,6.23,,参考値,3
1219,4046,大阪ソーダ,プライム（内国株式）,化学,TOPIX Small 1,1939.0,652.0,51.2,51.4,,4.29,,参考値,3
1220,8226,理経,スタンダード（内国株式）,卸売業,-,384.0,47.6,51.2,51.3,,3.93,,参考値,3
1221,6493,ＮＩＴＴＡＮ,スタンダード（内国株式）,輸送用機器,-,482.0,27.5,51.2,51.2,,2.96,,参考値,3
1222,4662,フォーカスシステムズ,プライム（内国株式）,情報・通信業,TOPIX Small 2,1621.0,89.7,51.2,50.5,,3.03,,参考値,1
1223,3038,神戸物産,プライム（内国株式）,卸売業,TOPIX Mid400,3108.0,5541.3,51.2,50.2,0.7,4.5,,参考値,4
1224,4406,新日本理化,スタンダード（内国株式）,化学,-,242.0,90.6,51.2,50.2,,3.5,,参考値,3
1225,7065,ユーピーアール,スタンダード（内国株式）,サービス業,-,966.0,15.3,51.2,49.8,,2.75,,参考値,1
1226,6832,アオイ電子,スタンダード（内国株式）,電気機器,-,2331.0,72.5,51.2,49.6,,4.31,,参考値,2
1227,6498,キッツ,プライム（内国株式）,機械,TOPIX Small 1,1896.0,936.3,51.2,48.7,,4.01,,参考値,0
1228,407A,ＵＮＩＣＯＮホールディングス,スタンダード（内国株式）,建設業,-,932.0,21.8,51.2,48.6,,3.36,,参考値,4
1229,6844,新電元工業,プライム（内国株式）,電気機器,TOPIX Small 2,2907.0,327.7,51.2,48.3,,4.25,,参考値,1
1230,9602,東宝,プライム（内国株式）,情報・通信業,TOPIX Mid400,1602.0,5280.5,51.2,47.0,,3.43,,参考値,3
1231,3107,ダイワボウホールディングス,プライム（内国株式）,卸売業,TOPIX Mid400,3683.0,869.4,51.2,46.6,0.36,3.25,,参考値,2
1232,8609,岡三証券グループ,プライム（内国株式）,証券、商品先物取引業,TOPIX Small 1,1231.0,644.9,51.2,44.3,,4.06,,参考値,4
1233,6539,ＭＳ－Ｊａｐａｎ,プライム（内国株式）,サービス業,TOPIX Small 2,997.0,48.8,51.2,44.0,,1.52,,参考値,3
1234,7987,ナカバヤシ,スタンダード（内国株式）,その他製品,TOPIX Small 2,553.0,28.5,51.2,43.8,,1.86,,参考値,1
1235,3925,ダブルスタンダード,プライム（内国株式）,情報・通信業,TOPIX Small 2,1294.0,74.9,51.2,43.6,,2.6,,参考値,2
1236,6466,ＴＶＥ,スタンダード（内国株式）,機械,-,3715.0,42.3,51.2,42.8,,4.25,,参考値,0
1237,2292,Ｓ　Ｆｏｏｄｓ,プライム（内国株式）,食料品,TOPIX Small 1,2770.0,872.8,51.2,42.7,0.34,2.91,,参考値,2
1238,9272,ブティックス,グロース（内国株式）,サービス業,-,1419.0,11.3,51.2,41.8,,3.1,,参考値,0
1239,3834,朝日ネット,プライム（内国株式）,情報・通信業,TOPIX Small 2,607.0,28.6,51.2,41.4,,1.45,,参考値,2
1240,6118,アイダエンジニアリング,プライム（内国株式）,機械,TOPIX Small 1,1279.0,295.8,51.2,40.8,,4.94,,参考値,4
1241,255A,ジーエルテクノホールディングス,スタンダード（内国株式）,精密機器,-,5070.0,315.8,51.2,40.8,0.7,6.14,,参考値,0
1242,6919,ケル,スタンダード（内国株式）,電気機器,-,1417.0,15.9,51.2,40.7,,2.19,,参考値,2
1243,2811,カゴメ,プライム（内国株式）,食料品,TOPIX Mid400,2736.5,741.2,51.2,39.3,0.31,1.8,,参考値,3
1244,4931,新日本製薬,プライム（内国株式）,化学,TOPIX Small 2,2022.0,113.4,51.2,38.4,,2.03,,参考値,2
1245,2702,日本マクドナルドホールディングス,スタンダード（内国株式）,小売業,-,8260.0,4436.7,51.2,36.0,-0.17,2.56,,参考値,4
1246,4004,レゾナック・ホールディングス,プライム（内国株式）,化学,TOPIX Mid400,15675.0,32514.7,51.1,57.7,,7.67,,参考値,2
1247,8522,名古屋銀行,プライム（内国株式）,銀行業,TOPIX Small 1,6980.0,1000.2,51.1,54.4,,4.36,,参考値,4
1248,5599,Ｓ＆Ｊ,グロース（内国株式）,情報・通信業,-,995.0,28.0,51.1,52.8,,3.41,,参考値,1
1249,4495,アイキューブドシステムズ,グロース（内国株式）,情報・通信業,-,2012.0,18.0,51.1,52.3,,4.81,,参考値,3
1250,2820,やまみ,スタンダード（内国株式）,食料品,-,6570.0,157.6,51.1,51.5,0.84,5.82,,参考値,4
1251,9740,セントラル警備保障,プライム（内国株式）,サービス業,TOPIX Small 2,2674.0,67.6,51.1,50.8,,3.12,,参考値,2
1252,3186,ネクステージ,プライム（内国株式）,小売業,TOPIX Small 1,3050.0,1189.9,51.1,50.8,0.12,5.74,,参考値,1
1253,6638,ミマキエンジニアリング,プライム（内国株式）,電気機器,TOPIX Small 2,1840.0,186.3,51.1,50.6,,5.49,,参考値,1
1254,8864,空港施設,スタンダード（内国株式）,不動産業,TOPIX Small 2,976.0,72.7,51.1,50.3,,1.91,,参考値,4
1255,6947,図研,プライム（内国株式）,電気機器,TOPIX Small 1,4760.0,218.2,51.1,50.2,,3.42,,参考値,2
1256,5982,マルゼン,スタンダード（内国株式）,金属製品,-,4160.0,15.1,51.1,49.9,,2.19,,参考値,3
1257,3964,オークネット,プライム（内国株式）,情報・通信業,TOPIX Small 2,1325.0,1016.8,51.1,49.3,,4.18,,参考値,1
1258,4231,タイガースポリマー,スタンダード（内国株式）,化学,-,1036.0,18.9,51.1,49.1,,2.35,,参考値,3
1259,7628,オーハシテクニカ,プライム（内国株式）,卸売業,TOPIX Small 2,1128.0,29.8,51.1,48.9,,2.55,,参考値,3
1260,3388,明治電機工業,プライム（内国株式）,卸売業,TOPIX Small 2,2063.0,62.3,51.1,48.3,,2.09,,参考値,0
1261,6272,レオン自動機,プライム（内国株式）,機械,TOPIX Small 2,1500.0,101.6,51.1,47.6,,2.26,,参考値,3
1262,6807,日本航空電子工業,プライム（内国株式）,電気機器,TOPIX Small 1,2433.0,597.5,51.1,47.3,,3.37,,参考値,3
1263,6962,大真空,プライム（内国株式）,電気機器,TOPIX Small 2,734.0,244.6,51.1,46.6,,4.58,,参考値,1
1264,2303,ドーン,スタンダード（内国株式）,情報・通信業,-,1370.0,19.7,51.1,44.1,0.61,4.11,,参考値,3
1265,9006,京浜急行電鉄,プライム（内国株式）,陸運業,TOPIX Mid400,1561.5,1028.9,51.1,43.9,,2.02,,参考値,3
1266,2209,井村屋グループ,プライム（内国株式）,食料品,TOPIX Small 2,2391.0,48.8,51.1,43.5,0.35,1.29,,参考値,3
1267,3772,ウェルス・マネジメント,スタンダード（内国株式）,不動産業,-,1100.0,19.5,51.1,42.7,,1.39,,参考値,3
1268,3299,ムゲンエステート,スタンダード（内国株式）,不動産業,-,1694.0,212.9,51.1,42.5,,2.17,,参考値,0
1269,7276,小糸製作所,プライム（内国株式）,電気機器,TOPIX Mid400,2559.0,2182.2,51.1,42.1,,2.99,,参考値,3
1270,2163,アルトナー,プライム（内国株式）,サービス業,-,959.0,21.9,51.1,42.0,0.27,1.45,,参考値,3
1271,5184,ニチリン,スタンダード（内国株式）,ゴム製品,-,4075.0,45.0,51.1,41.9,,1.24,,参考値,3
1272,6345,アイチ　コーポレーション,プライム（内国株式）,機械,TOPIX Small 2,1444.0,309.1,51.1,41.8,,2.52,,参考値,3
1273,1972,三晃金属工業,スタンダード（内国株式）,建設業,-,1324.0,37.4,51.1,41.1,0.28,1.93,,参考値,3
1274,8416,高知銀行,スタンダード（内国株式）,銀行業,-,1112.0,45.8,51.1,40.9,,4.42,,参考値,0
1275,4093,東邦アセチレン,スタンダード（内国株式）,化学,-,424.0,10.2,51.1,40.7,,2.07,,参考値,4
1276,7567,栄電子,スタンダード（内国株式）,卸売業,-,616.0,16.5,51.1,40.2,,2.77,,参考値,4
1277,2475,ＷＤＢホールディングス,プライム（内国株式）,サービス業,TOPIX Small 2,1748.0,32.3,51.1,40.2,0.44,2.31,,参考値,1
1278,7134,アップガレージグループ,スタンダード（内国株式）,小売業,-,1415.0,12.0,51.1,38.8,,4.14,,参考値,3
1279,5011,ニチレキグループ,プライム（内国株式）,石油・石炭製品,TOPIX Small 2,2306.0,165.6,51.1,38.1,,3.3,,参考値,4
1280,3529,アツギ,スタンダード（内国株式）,繊維製品,-,993.0,33.9,51.1,37.8,,3.73,,参考値,1
1281,3010,ポラリス・ホールディングス,スタンダード（内国株式）,サービス業,-,188.0,35.5,51.1,36.1,0.25,1.82,,参考値,2
1282,7735,ＳＣＲＥＥＮホールディングス,プライム（内国株式）,電気機器,TOPIX Mid400,13270.0,28063.3,51.0,58.7,,5.63,,参考値,1
1283,5729,日本精鉱,スタンダード（内国株式）,非鉄金属,-,1719.0,36.0,51.0,56.0,,4.99,,参考値,2
1284,4275,カーリット,プライム（内国株式）,化学,TOPIX Small 2,1883.0,442.7,51.0,55.8,,5.84,,参考値,0
1285,2334,イオレ,グロース（内国株式）,サービス業,-,575.0,697.2,51.0,53.2,0.74,7.94,,参考値,2
1286,7826,フルヤ金属,プライム（内国株式）,その他製品,TOPIX Small 1,10430.0,4835.5,51.0,52.4,,7.88,,参考値,4
1287,6594,ニデック,プライム（内国株式）,電気機器,-,2722.0,10153.7,51.0,51.1,,5.24,,参考値,2
1288,2323,ｆｏｎｆｕｎ,スタンダード（内国株式）,情報・通信業,-,331.0,49.5,51.0,49.7,0.97,6.67,,参考値,4
1289,3569,セーレン,プライム（内国株式）,繊維製品,TOPIX Small 1,3265.0,645.4,51.0,49.1,,3.48,,参考値,3
1290,4047,関東電化工業,プライム（内国株式）,化学,TOPIX Small 1,2134.0,2056.8,51.0,48.6,,6.36,,参考値,1
1291,2674,ハードオフコーポレーション,プライム（内国株式）,小売業,TOPIX Small 2,2583.0,187.0,51.0,48.6,0.52,3.95,,参考値,1
1292,9143,ＳＧホールディングス,プライム（内国株式）,陸運業,TOPIX Mid400,1469.5,2341.7,51.0,48.5,,2.88,,参考値,2
1293,4401,ＡＤＥＫＡ,プライム（内国株式）,化学,TOPIX Mid400,4369.0,1467.3,51.0,48.2,,3.84,,参考値,3
1294,7649,スギホールディングス,プライム（内国株式）,小売業,TOPIX Mid400,1323.0,3011.6,51.0,48.2,,3.31,,参考値,0
1295,8818,京阪神ビルディング,プライム（内国株式）,不動産業,TOPIX Small 2,1115.0,375.5,51.0,48.0,,2.91,,参考値,3
1296,3221,ヨシックスホールディングス,プライム（内国株式）,小売業,TOPIX Small 2,3250.0,95.1,51.0,48.0,0.2,2.29,,参考値,2
1297,9621,建設技術研究所,プライム（内国株式）,サービス業,TOPIX Small 1,3205.0,258.9,51.0,47.8,,2.67,,参考値,4
1298,4540,ツムラ,プライム（内国株式）,医薬品,TOPIX Mid400,3684.0,1725.0,51.0,47.1,,1.63,,参考値,0
1299,1870,矢作建設工業,プライム（内国株式）,建設業,TOPIX Small 1,2120.0,316.5,51.0,46.5,0.39,2.39,,参考値,3
1300,2742,ハローズ,プライム（内国株式）,小売業,TOPIX Small 2,3980.0,200.7,51.0,46.1,0.31,3.82,,参考値,3
1301,7283,愛三工業,プライム（内国株式）,輸送用機器,TOPIX Small 1,2214.0,267.9,51.0,45.5,,4.02,,参考値,3
1302,3405,クラレ,プライム（内国株式）,化学,TOPIX Mid400,1761.0,2992.6,51.0,45.4,,3.65,,参考値,3
1303,6445,ジャノメ,プライム（内国株式）,機械,TOPIX Small 2,1340.0,60.3,51.0,43.0,,3.32,,参考値,3
1304,274A,ガーデン,スタンダード（内国株式）,小売業,-,2259.0,24.9,51.0,41.2,0.21,1.53,,参考値,3
1305,3678,メディアドゥ,プライム（内国株式）,情報・通信業,TOPIX Small 2,1260.0,39.7,51.0,40.3,,2.59,,参考値,1
1306,9031,西日本鉄道,プライム（内国株式）,陸運業,TOPIX Mid400,3080.0,584.0,51.0,39.8,,2.71,,参考値,4
1307,5930,文化シヤッター,プライム（内国株式）,金属製品,TOPIX Small 1,1894.0,247.4,51.0,39.8,,1.87,,参考値,3
1308,7414,小野建,プライム（内国株式）,卸売業,TOPIX Small 2,1410.0,71.4,51.0,39.8,,2.13,,参考値,2
1309,2359,コア,プライム（内国株式）,情報・通信業,TOPIX Small 2,2102.0,39.9,51.0,38.7,0.33,2.47,,参考値,2
1310,6820,アイコム,プライム（内国株式）,電気機器,TOPIX Small 2,3375.0,58.6,51.0,38.1,,3.62,,参考値,3
1311,9744,メイテックグループホールディングス,プライム（内国株式）,サービス業,TOPIX Mid400,3298.0,1108.6,51.0,34.0,,1.73,,参考値,2
1312,6961,エンプラス,プライム（内国株式）,電気機器,TOPIX Small 2,9740.0,1692.5,50.9,55.8,,8.73,,参考値,1
1313,4970,東洋合成工業,スタンダード（内国株式）,化学,-,9880.0,1076.1,50.9,55.1,,8.45,,参考値,1
1314,4082,第一稀元素化学工業,プライム（内国株式）,化学,TOPIX Small 2,2464.0,4487.4,50.9,53.2,,13.02,,参考値,3
1315,7806,ＭＴＧ,グロース（内国株式）,その他製品,-,8230.0,1402.8,50.9,53.2,,7.46,,参考値,2
1316,3349,コスモス薬品,プライム（内国株式）,小売業,TOPIX Mid400,6818.0,2636.4,50.9,52.1,,3.86,,参考値,4
1317,1434,ＪＥＳＣＯホールディングス,スタンダード（内国株式）,建設業,-,1600.0,88.1,50.9,52.1,0.71,3.5,,参考値,0
1318,7378,アシロ,グロース（内国株式）,サービス業,-,1551.0,23.4,50.9,52.0,,4.66,,参考値,3
1319,3465,ケイアイスター不動産,プライム（内国株式）,不動産業,TOPIX Small 1,3250.0,771.2,50.9,51.9,,4.86,,参考値,0
1320,6387,サムコ,プライム（内国株式）,機械,TOPIX Small 2,8550.0,878.8,50.9,51.6,,8.11,,参考値,0
1321,6247,日阪製作所,プライム（内国株式）,機械,TOPIX Small 2,1687.0,88.1,50.9,50.8,,4.26,,参考値,2
1322,4554,富士製薬工業,プライム（内国株式）,医薬品,TOPIX Small 2,1748.0,180.9,50.9,50.8,,3.23,,参考値,0
1323,5834,ＳＢＩリーシングサービス,グロース（内国株式）,証券、商品先物取引業,-,2809.0,156.9,50.9,50.1,,2.88,,参考値,4
1324,4689,ＬＩＮＥヤフー,プライム（内国株式）,情報・通信業,TOPIX Large70,526.9,10573.4,50.9,50.0,,4.26,,参考値,3
1325,1982,日比谷総合設備,プライム（内国株式）,建設業,TOPIX Small 2,3145.0,293.7,50.9,49.2,0.69,4.17,,参考値,2
1326,4326,インテージホールディングス,プライム（内国株式）,情報・通信業,TOPIX Small 2,1981.0,61.6,50.9,48.8,,4.45,,参考値,3
1327,4360,マナック・ケミカル・パートナーズ,スタンダード（内国株式）,化学,-,966.0,11.3,50.9,48.6,,6.31,,参考値,3
1328,6137,小池酸素工業,スタンダード（内国株式）,機械,-,1527.0,49.8,50.9,48.5,,2.71,,参考値,2
1329,9534,北海道瓦斯,プライム（内国株式）,電気・ガス業,TOPIX Small 2,941.0,195.6,50.9,47.2,,3.88,,参考値,3
1330,6648,かわでん,スタンダード（内国株式）,電気機器,-,1639.0,85.0,50.9,46.5,,3.71,,参考値,0
1331,6763,帝国通信工業,プライム（内国株式）,電気機器,TOPIX Small 2,2756.0,55.1,50.9,46.2,,2.81,,参考値,1
1332,7752,リコー,プライム（内国株式）,電気機器,TOPIX Mid400,1567.0,4030.2,50.9,45.2,,3.68,,参考値,2
1333,3561,力の源ホールディングス,プライム（内国株式）,小売業,TOPIX Small 2,1526.0,104.4,50.9,45.2,,2.16,,参考値,1
1334,2871,ニチレイ,プライム（内国株式）,食料品,TOPIX Mid400,2150.0,2607.9,50.9,45.0,0.24,2.81,,参考値,2
1335,5946,長府製作所,プライム（内国株式）,金属製品,TOPIX Small 2,2056.0,112.8,50.9,44.8,,2.35,,参考値,3
1336,5589,オートサーバー,スタンダード（内国株式）,情報・通信業,-,2956.0,11.3,50.9,41.7,,1.88,,参考値,3
1337,6337,テセック,スタンダード（内国株式）,機械,-,3470.0,187.4,50.9,41.6,,7.32,,参考値,3
1338,8931,和田興産,スタンダード（内国株式）,不動産業,-,1325.0,17.9,50.9,41.6,,2.01,,参考値,1
1339,2153,Ｅ・Ｊホールディングス,プライム（内国株式）,サービス業,TOPIX Small 2,1837.0,118.0,50.9,41.5,0.32,2.38,,参考値,4
1340,4732,ユー・エス・エス,プライム（内国株式）,サービス業,TOPIX Mid400,1947.5,1910.5,50.9,40.9,,2.07,,参考値,1
1341,2053,中部飼料,プライム（内国株式）,食料品,TOPIX Small 2,2001.0,112.2,50.9,40.1,0.25,2.43,,参考値,4
1342,2685,アンドエスティＨＤ,プライム（内国株式）,小売業,TOPIX Small 1,3205.0,1224.2,50.9,39.9,0.51,3.31,,参考値,2
1343,2335,キューブシステム,プライム（内国株式）,情報・通信業,TOPIX Small 2,1088.0,42.3,50.9,39.5,0.29,1.54,,参考値,3
1344,250A,シマダヤ,スタンダード（内国株式）,食料品,TOPIX Small 2,1590.0,58.4,50.9,38.4,0.26,1.42,,参考値,1
1345,2305,スタジオアリス,スタンダード（内国株式）,サービス業,TOPIX Small 2,1834.0,106.2,50.9,37.9,0.4,1.92,,参考値,1
1346,1904,大成温調,スタンダード（内国株式）,建設業,-,5060.0,41.6,50.9,27.6,-0.06,1.57,,参考値,2
1347,3741,セック,プライム（内国株式）,情報・通信業,TOPIX Small 2,3260.0,269.3,50.8,54.8,,5.27,,参考値,2
1348,3843,フリービット,プライム（内国株式）,情報・通信業,TOPIX Small 2,1651.0,78.8,50.8,52.4,,3.83,,参考値,3
1349,7022,サノヤスホールディングス,スタンダード（内国株式）,機械,-,349.0,19.4,50.8,50.7,,3.47,,参考値,4
1350,7102,日本車輌製造,プライム（内国株式）,輸送用機器,TOPIX Small 2,3530.0,138.8,50.8,49.7,,3.99,,参考値,3
1351,4783,ＮＣＤ,スタンダード（内国株式）,情報・通信業,-,2624.0,26.2,50.8,49.7,,2.77,,参考値,3
1352,6586,マキタ,プライム（内国株式）,機械,TOPIX Mid400,5201.0,4154.6,50.8,49.7,,3.12,,参考値,1
1353,7198,ＳＢＩアルヒ,プライム（内国株式）,その他金融業,TOPIX Small 2,840.0,111.2,50.8,49.3,,1.86,,参考値,4
1354,1911,住友林業,プライム（内国株式）,建設業,TOPIX Mid400,1272.5,5305.2,50.8,49.3,0.4,2.96,,参考値,2
1355,5632,三菱製鋼,プライム（内国株式）,鉄鋼,TOPIX Small 2,2247.0,304.0,50.8,48.8,,4.62,,参考値,3
1356,2734,サーラコーポレーション,プライム（内国株式）,小売業,TOPIX Small 2,1197.0,169.2,50.8,48.4,0.28,2.39,,参考値,2
1357,8150,三信電気,プライム（内国株式）,卸売業,TOPIX Small 2,3180.0,179.8,50.8,48.1,,3.77,,参考値,4
1358,5482,愛知製鋼,プライム（内国株式）,鉄鋼,TOPIX Small 1,3205.0,441.0,50.8,47.9,,3.79,,参考値,3
1359,7520,エコス,プライム（内国株式）,小売業,TOPIX Small 2,2525.0,63.4,50.8,47.8,,3.46,,参考値,2
1360,2229,カルビー,プライム（内国株式）,食料品,TOPIX Mid400,3059.0,728.1,50.8,47.5,0.08,2.19,,参考値,3
1361,5105,ＴＯＹＯ　ＴＩＲＥ,プライム（内国株式）,ゴム製品,TOPIX Mid400,3528.0,5473.1,50.8,47.5,,4.14,,参考値,1
1362,9301,三菱倉庫,プライム（内国株式）,倉庫・運輸関連業,TOPIX Mid400,1536.5,1468.0,50.8,47.4,,2.2,,参考値,3
1363,3983,オロ,プライム（内国株式）,情報・通信業,TOPIX Small 2,1935.0,112.0,50.8,47.4,,3.64,,参考値,1
1364,8934,サンフロンティア不動産,プライム（内国株式）,不動産業,TOPIX Small 1,2424.0,279.1,50.8,47.3,,2.26,,参考値,1
1365,3231,野村不動産ホールディングス,プライム（内国株式）,不動産業,TOPIX Mid400,915.8,3486.9,50.8,47.2,0.4,1.95,,参考値,1
1366,1808,長谷工コーポレーション,プライム（内国株式）,建設業,TOPIX Mid400,2800.0,2360.2,50.8,47.1,0.38,2.76,,参考値,3
1367,8022,美津濃,プライム（内国株式）,その他製品,TOPIX Small 1,4045.0,1006.3,50.8,46.8,,4.13,,参考値,2
1368,7167,めぶきフィナンシャルグループ,プライム（内国株式）,銀行業,TOPIX Mid400,1672.5,4268.3,50.8,46.5,,3.57,,参考値,4
1369,7513,コジマ,プライム（内国株式）,小売業,TOPIX Small 1,1413.0,571.1,50.8,45.8,,4.35,,参考値,4
1370,3030,ハブ,スタンダード（内国株式）,小売業,-,858.0,11.0,50.8,45.1,0.32,2.26,,参考値,3
1371,2666,オートウェーブ,スタンダード（内国株式）,小売業,-,186.0,23.1,50.8,44.6,0.72,2.88,,参考値,3
1372,6413,理想科学工業,プライム（内国株式）,機械,TOPIX Small 2,1049.0,101.1,50.8,44.5,,3.1,,参考値,2
1373,1860,戸田建設,プライム（内国株式）,建設業,TOPIX Mid400,1513.5,1379.5,50.8,44.2,0.32,2.68,,参考値,3
1374,7995,バルカー,プライム（内国株式）,化学,TOPIX Small 1,6260.0,397.4,50.8,44.2,,5.17,,参考値,1
1375,2676,高千穂交易,プライム（内国株式）,卸売業,TOPIX Small 2,2056.0,34.6,50.8,44.0,0.3,1.33,,参考値,0
1376,4290,プレステージ・インターナショナル,プライム（内国株式）,サービス業,TOPIX Small 1,684.0,401.4,50.8,43.9,,2.6,,参考値,2
1377,6113,アマダ,プライム（内国株式）,機械,TOPIX Mid400,2397.0,5287.0,50.8,43.5,,4.88,,参考値,1
1378,7269,スズキ,プライム（内国株式）,輸送用機器,TOPIX Large70,1980.0,12968.7,50.8,42.0,,4.5,,参考値,3
1379,6257,藤商事,スタンダード（内国株式）,機械,-,1018.0,35.6,50.8,41.6,,1.55,,参考値,3
1380,3632,グリーホールディングス,プライム（内国株式）,情報・通信業,TOPIX Small 2,411.0,258.9,50.8,40.9,,3.21,,参考値,2
1381,8876,リログループ,プライム（内国株式）,サービス業,TOPIX Mid400,2247.5,1022.2,50.8,40.7,,2.74,,参考値,4
1382,2483,翻訳センター,スタンダード（内国株式）,サービス業,-,2166.0,11.3,50.8,40.5,0.26,2.24,,参考値,1
1383,5542,新報国マテリアル,スタンダード（内国株式）,鉄鋼,-,926.0,21.3,50.8,39.7,,3.46,,参考値,2
1384,4543,テルモ,プライム（内国株式）,精密機器,TOPIX Large70,2326.5,11761.4,50.8,39.5,,3.88,,参考値,2
1385,7979,松風,プライム（内国株式）,精密機器,TOPIX Small 2,2240.0,189.1,50.8,39.0,,2.51,,参考値,3
1386,2220,亀田製菓,プライム（内国株式）,食料品,TOPIX Small 1,1342.0,349.8,50.8,38.8,0.28,3.55,,参考値,3
1387,3951,朝日印刷,スタンダード（内国株式）,パルプ・紙,-,907.0,20.0,50.8,37.8,,1.16,,参考値,3
1388,4691,ワシントンホテル,スタンダード（内国株式）,サービス業,-,2195.0,167.7,50.8,37.3,,8.23,,参考値,1
1389,4722,フューチャー,プライム（内国株式）,情報・通信業,TOPIX Small 1,2446.0,2096.0,50.8,37.2,,0.26,,参考値,3
1390,9869,加藤産業,プライム（内国株式）,卸売業,TOPIX Small 1,6730.0,186.2,50.8,36.3,,2.52,,参考値,4
1391,6046,リンクバル,スタンダード（内国株式）,サービス業,-,153.0,84.0,50.8,34.8,,8.96,,参考値,4
1392,5805,ＳＷＣＣ,プライム（内国株式）,非鉄金属,TOPIX Small 1,13610.0,5421.4,50.7,55.0,,7.57,,参考値,2
1393,7729,東京精密,プライム（内国株式）,精密機器,TOPIX Mid400,16685.0,6523.3,50.7,53.9,,6.59,,参考値,0
1394,5741,ＵＡＣＪ,プライム（内国株式）,非鉄金属,TOPIX Small 1,2211.0,2492.8,50.7,52.3,,5.95,,参考値,1
1395,5817,ＪＭＡＣＳ,スタンダード（内国株式）,非鉄金属,-,1061.0,52.3,50.7,52.1,,6.23,,参考値,3
1396,5310,東洋炭素,プライム（内国株式）,ガラス・土石製品,TOPIX Small 1,6800.0,583.4,50.7,52.1,,5.58,,参考値,1
1397,9467,アルファポリス,グロース（内国株式）,情報・通信業,-,1108.0,244.8,50.7,51.8,,4.92,,参考値,3
1398,9252,ラストワンマイル,グロース（内国株式）,サービス業,-,3975.0,27.4,50.7,51.4,,2.39,,参考値,4
1399,4021,日産化学,プライム（内国株式）,化学,TOPIX Mid400,7822.0,4892.1,50.7,50.9,,4.53,,参考値,2
1400,1969,高砂熱学工業,プライム（内国株式）,建設業,TOPIX Mid400,4390.0,2397.5,50.7,50.3,0.52,3.34,,参考値,1
1401,9632,スバル興業,スタンダード（内国株式）,サービス業,TOPIX Small 2,3555.0,49.9,50.7,49.8,,2.92,,参考値,3
1402,7350,おきなわフィナンシャルグループ,プライム（内国株式）,銀行業,TOPIX Small 1,7640.0,925.7,50.7,49.7,,4.91,,参考値,3
1403,5975,東プレ,プライム（内国株式）,金属製品,TOPIX Small 1,3220.0,451.3,50.7,48.5,,4.51,,参考値,3
1404,3088,マツキヨココカラ＆カンパニー,プライム（内国株式）,小売業,TOPIX Mid400,2604.0,3869.5,50.7,48.4,0.22,2.82,,参考値,3
1405,8065,佐藤商事,プライム（内国株式）,卸売業,TOPIX Small 2,3315.0,286.8,50.7,48.3,,5.33,,参考値,3
1406,6309,巴工業,プライム（内国株式）,機械,TOPIX Small 2,2000.0,183.2,50.7,48.2,,2.53,,参考値,4
1407,6651,日東工業,プライム（内国株式）,電気機器,TOPIX Small 1,4265.0,278.1,50.7,48.0,,2.91,,参考値,0
1408,4061,デンカ,プライム（内国株式）,化学,TOPIX Mid400,3219.0,2456.8,50.7,47.9,,4.61,,参考値,1
1409,1518,三井松島ホールディングス,プライム（内国株式）,その他製品,TOPIX Small 1,2291.0,840.9,50.7,47.8,0.43,2.74,,参考値,3
1410,4681,リゾートトラスト,プライム（内国株式）,サービス業,TOPIX Mid400,1795.0,1127.0,50.7,47.6,,2.62,,参考値,3
1411,7606,ユナイテッドアローズ,プライム（内国株式）,小売業,TOPIX Small 1,2356.0,525.2,50.7,47.6,,3.35,,参考値,2
1412,3708,特種東海製紙,プライム（内国株式）,パルプ・紙,TOPIX Small 2,2122.0,113.1,50.7,47.3,,2.55,,参考値,3
1413,9336,大栄環境,プライム（内国株式）,サービス業,TOPIX Small 1,3765.0,572.2,50.7,46.3,,3.77,,参考値,2
1414,9934,因幡電機産業,プライム（内国株式）,卸売業,TOPIX Mid400,2988.5,626.9,50.7,42.9,,3.15,,参考値,3
1415,2288,丸大食品,プライム（内国株式）,食料品,TOPIX Small 2,2254.0,232.5,50.7,42.6,0.31,1.84,,参考値,2
1416,4442,バルテス・ホールディングス,グロース（内国株式）,情報・通信業,-,400.0,12.4,50.7,42.4,,1.71,,参考値,2
1417,7337,ひろぎんホールディングス,プライム（内国株式）,銀行業,TOPIX Mid400,2335.5,1366.9,50.7,41.0,,3.17,,参考値,3
1418,5988,パイオラックス,プライム（内国株式）,金属製品,TOPIX Small 1,1663.0,137.2,50.7,40.9,,2.27,,参考値,2
1419,6245,ヒラノテクシード,スタンダード（内国株式）,機械,-,1858.0,124.9,50.7,40.2,,4.41,,参考値,2
1420,7840,フランスベッドホールディングス,プライム（内国株式）,その他製品,TOPIX Small 2,1296.0,44.6,50.7,40.0,,2.03,,参考値,3
1421,7175,今村証券,スタンダード（内国株式）,証券、商品先物取引業,-,1937.0,20.9,50.7,38.8,,6.18,,参考値,3
1422,8803,平和不動産,プライム（内国株式）,不動産業,TOPIX Small 1,2358.0,343.9,50.7,38.8,,1.62,,参考値,2
1423,6382,トリニティ工業,スタンダード（内国株式）,機械,-,1222.0,24.1,50.7,38.6,,1.55,,参考値,2
1424,6249,ゲームカードホールディングス,スタンダード（内国株式）,機械,-,2839.0,15.7,50.7,38.5,,2.51,,参考値,3
1425,7990,グローブライド,プライム（内国株式）,その他製品,TOPIX Small 1,2358.0,245.0,50.7,38.2,,2.87,,参考値,2
1426,3086,Ｊ．フロント　リテイリング,プライム（内国株式）,小売業,TOPIX Mid400,2614.5,4711.6,50.7,37.6,0.21,5.11,,参考値,2
1427,9201,日本航空,プライム（内国株式）,空運業,TOPIX Mid400,3000.0,5509.5,50.7,37.5,,2.45,,参考値,3
1428,2750,石光商事,スタンダード（内国株式）,卸売業,-,1358.0,13.6,50.7,35.6,0.27,1.96,,参考値,3
1429,4661,オリエンタルランド,プライム（内国株式）,サービス業,TOPIX Large70,3188.0,13780.2,50.7,34.5,,3.24,,参考値,4
1430,9245,リベロ,グロース（内国株式）,サービス業,-,1953.0,28.8,50.6,54.7,,1.62,,参考値,1
1431,6590,芝浦メカトロニクス,プライム（内国株式）,電気機器,TOPIX Small 1,3910.0,6186.0,50.6,54.5,,7.43,,参考値,0
1432,6777,ｓａｎｔｅｃ　Ｈｏｌｄｉｎｇｓ,スタンダード（内国株式）,電気機器,-,19010.0,2544.6,50.6,54.5,,8.9,,参考値,0
1433,4371,コアコンセプト・テクノロジー,グロース（内国株式）,情報・通信業,-,1479.0,39.2,50.6,53.8,,5.74,,参考値,4
1434,4587,ペプチドリーム,プライム（内国株式）,医薬品,TOPIX Mid400,1096.0,1117.7,50.6,51.7,,5.67,,参考値,4
1435,8877,エスリード,プライム（内国株式）,不動産業,TOPIX Small 2,5200.0,160.4,50.6,51.5,,2.53,,参考値,2
1436,6914,オプテックスグループ,プライム（内国株式）,電気機器,TOPIX Small 1,3000.0,531.5,50.6,50.6,,4.48,,参考値,1
1437,3662,エイチームホールディングス,プライム（内国株式）,情報・通信業,TOPIX Small 2,937.0,96.1,50.6,50.1,,3.53,,参考値,0
1438,9503,関西電力,プライム（内国株式）,電気・ガス業,TOPIX Mid400,2939.5,11738.6,50.6,49.2,,5.0,,参考値,3
1439,8362,福井銀行,プライム（内国株式）,銀行業,TOPIX Small 2,7190.0,586.0,50.6,48.6,,6.45,,参考値,4
1440,8387,四国銀行,プライム（内国株式）,銀行業,TOPIX Small 2,3745.0,528.1,50.6,48.6,,4.79,,参考値,4
1441,7554,幸楽苑,プライム（内国株式）,小売業,TOPIX Small 2,1189.0,69.8,50.6,48.5,,2.28,,参考値,3
1442,4251,恵和,プライム（内国株式）,化学,TOPIX Small 2,1151.0,148.6,50.6,48.3,,2.13,,参考値,1
1443,8059,第一実業,プライム（内国株式）,卸売業,TOPIX Small 2,3605.0,455.1,50.6,48.1,,3.55,,参考値,2
1444,4182,三菱瓦斯化学,プライム（内国株式）,化学,TOPIX Mid400,3735.0,7668.1,50.6,48.0,,4.41,,参考値,0
1445,3723,日本ファルコム,グロース（内国株式）,情報・通信業,-,2660.0,57.9,50.6,47.6,,3.29,,参考値,1
1446,7936,アシックス,プライム（内国株式）,その他製品,TOPIX Large70,4049.0,31266.0,50.6,46.8,,6.54,,参考値,1
1447,8151,東陽テクニカ,プライム（内国株式）,卸売業,TOPIX Small 2,1877.0,471.2,50.6,46.6,,3.09,,参考値,1
1448,3774,インターネットイニシアティブ,プライム（内国株式）,情報・通信業,TOPIX Mid400,3213.0,1898.3,50.6,46.0,,4.18,,参考値,1
1449,8613,丸三証券,プライム（内国株式）,証券、商品先物取引業,TOPIX Small 1,1304.0,294.5,50.6,43.8,,2.77,,参考値,4
1450,6823,リオン,プライム（内国株式）,電気機器,TOPIX Small 2,3210.0,147.6,50.6,43.2,,3.3,,参考値,1
1451,9830,トラスコ中山,プライム（内国株式）,卸売業,TOPIX Small 1,2337.0,253.9,50.6,43.1,,2.58,,参考値,2
1452,8093,極東貿易,プライム（内国株式）,卸売業,TOPIX Small 2,1774.0,69.3,50.6,42.9,,2.14,,参考値,2
1453,6740,ジャパンディスプレイ,プライム（内国株式）,電気機器,TOPIX Small 2,46.0,428.5,50.6,41.4,,6.06,,参考値,0
1454,9039,サカイ引越センター,プライム（内国株式）,陸運業,TOPIX Small 1,2992.0,240.7,50.6,41.3,,1.93,,参考値,3
1455,8439,東京センチュリー,プライム（内国株式）,その他金融業,TOPIX Mid400,2667.0,1798.0,50.6,41.2,,3.43,,参考値,3
1456,7638,ＮＥＷ　ＡＲＴ　ＨＯＬＤＩＮＧＳ,スタンダード（内国株式）,小売業,-,1392.0,24.7,50.6,41.1,,1.36,,参考値,3
1457,6316,丸山製作所,スタンダード（内国株式）,機械,-,2944.0,29.3,50.6,40.5,,3.26,,参考値,4
1458,9037,ハマキョウレックス,プライム（内国株式）,陸運業,TOPIX Small 1,1833.0,218.2,50.6,40.2,,2.33,,参考値,2
1459,9044,ＮＡＮＫＡＩ,プライム（内国株式）,陸運業,TOPIX Mid400,3133.0,672.3,50.6,40.1,,2.64,,参考値,4
1460,2613,Ｊ－オイルミルズ,プライム（内国株式）,食料品,TOPIX Small 2,2225.0,208.3,50.6,40.1,0.28,2.87,,参考値,3
1461,4114,日本触媒,プライム（内国株式）,化学,TOPIX Mid400,2491.5,2384.9,50.6,39.2,,3.15,,参考値,3
1462,2201,森永製菓,プライム（内国株式）,食料品,TOPIX Mid400,2504.0,776.5,50.6,38.9,0.23,1.97,,参考値,0
1463,5714,ＤＯＷＡホールディングス,プライム（内国株式）,非鉄金属,TOPIX Mid400,9001.0,5401.5,50.5,54.7,,7.31,,参考値,3
1464,4395,アクリート,グロース（内国株式）,情報・通信業,-,763.0,21.6,50.5,53.4,,4.61,,参考値,2
1465,6508,明電舎,プライム（内国株式）,電気機器,TOPIX Small 1,10410.0,3612.1,50.5,53.1,,8.05,,参考値,3
1466,4971,メック,プライム（内国株式）,化学,TOPIX Small 1,6110.0,3535.2,50.5,53.1,,6.93,,参考値,1
1467,5998,アドバネクス,スタンダード（内国株式）,金属製品,-,2649.0,56.7,50.5,53.0,,8.09,,参考値,2
1468,4179,ジーネクスト,グロース（内国株式）,情報・通信業,-,363.0,21.4,50.5,52.8,,5.81,,参考値,1
1469,4680,ラウンドワン,プライム（内国株式）,サービス業,TOPIX Mid400,1198.0,3373.2,50.5,52.6,,6.49,,参考値,1
1470,4667,アイサンテクノロジー,スタンダード（内国株式）,情報・通信業,-,3400.0,2023.9,50.5,51.7,,16.58,,参考値,4
1471,6703,沖電気工業,プライム（内国株式）,電気機器,TOPIX Small 1,2636.0,1794.8,50.5,51.5,,5.35,,参考値,1
1472,3288,オープンハウスグループ,プライム（内国株式）,不動産業,TOPIX Mid400,7596.0,2926.3,50.5,50.5,0.53,2.9,,参考値,1
1473,9337,トリドリ,グロース（内国株式）,サービス業,-,1438.0,71.9,50.5,50.5,,4.88,,参考値,0
1474,8237,松屋,プライム（内国株式）,小売業,TOPIX Small 1,2237.0,1584.2,50.5,50.4,,13.57,,参考値,2
1475,8050,セイコーグループ,プライム（内国株式）,精密機器,TOPIX Small 1,9280.0,5807.0,50.5,50.3,,10.83,,参考値,3
1476,6742,京三製作所,プライム（内国株式）,電気機器,TOPIX Small 2,960.0,281.7,50.5,50.1,,5.59,,参考値,3
1477,3441,山王,スタンダード（内国株式）,金属製品,-,2775.0,121.0,50.5,49.8,,6.12,,参考値,3
1478,3845,アイフリークモバイル,スタンダード（内国株式）,情報・通信業,-,293.0,30.1,50.5,49.6,,8.01,,参考値,4
1479,7282,豊田合成,プライム（内国株式）,輸送用機器,TOPIX Mid400,5053.0,2301.8,50.5,49.2,,4.84,,参考値,3
1480,6376,日機装,プライム（内国株式）,精密機器,TOPIX Small 1,3405.0,2831.9,50.5,48.5,,8.18,,参考値,2
1481,6103,オークマ,プライム（内国株式）,機械,TOPIX Small 1,4320.0,1986.3,50.5,48.5,,5.31,,参考値,1
1482,7287,日本精機,スタンダード（内国株式）,輸送用機器,-,2570.0,488.1,50.5,48.1,,5.35,,参考値,3
1483,9692,シーイーシー,プライム（内国株式）,情報・通信業,TOPIX Small 1,2307.0,292.1,50.5,48.1,,4.23,,参考値,3
1484,7570,橋本総業ホールディングス,スタンダード（内国株式）,卸売業,TOPIX Small 2,1393.0,13.6,50.5,48.1,,2.4,,参考値,2
1485,3277,サンセイランディック,スタンダード（内国株式）,不動産業,-,819.0,60.6,50.5,47.7,0.49,4.01,,参考値,3
1486,9511,沖縄電力,プライム（内国株式）,電気・ガス業,TOPIX Small 1,1197.0,289.1,50.5,47.6,,3.04,,参考値,3
1487,7326,ＳＢＩインシュアランスグループ,グロース（内国株式）,保険業,-,2169.0,47.6,50.5,47.1,,1.75,,参考値,3
1488,3023,ラサ商事,スタンダード（内国株式）,卸売業,TOPIX Small 2,2008.0,56.8,50.5,47.1,0.28,2.66,,参考値,2
1489,8850,スターツコーポレーション,プライム（内国株式）,不動産業,TOPIX Small 1,4680.0,244.3,50.5,45.9,,2.06,,参考値,2
1490,9409,テレビ朝日ホールディングス,プライム（内国株式）,情報・通信業,TOPIX Small 1,3090.0,538.4,50.5,45.8,,2.29,,参考値,0
1491,5464,モリ工業,スタンダード（内国株式）,鉄鋼,TOPIX Small 2,931.0,19.4,50.5,45.5,,1.78,,参考値,0
1492,9478,ＳＥホールディングス・アンド・インキュベーションズ,スタンダード（内国株式）,情報・通信業,-,512.0,12.4,50.5,45.2,,4.31,,参考値,2
1493,3612,ワールド,プライム（内国株式）,繊維製品,TOPIX Small 1,1580.0,896.6,50.5,44.7,,2.63,,参考値,2
1494,2730,エディオン,プライム（内国株式）,小売業,TOPIX Small 1,2477.0,589.2,50.5,43.1,0.21,2.52,,参考値,2
1495,4527,ロート製薬,プライム（内国株式）,医薬品,TOPIX Mid400,2876.5,3392.0,50.5,43.0,,3.64,,参考値,3
1496,4801,セントラルスポーツ,プライム（内国株式）,サービス業,TOPIX Small 2,2433.0,28.3,50.5,43.0,,1.38,,参考値,2
1497,7085,カーブスホールディングス,プライム（内国株式）,サービス業,TOPIX Small 1,905.0,631.2,50.5,42.9,,3.08,,参考値,1
1498,2819,エバラ食品工業,スタンダード（内国株式）,食料品,TOPIX Small 2,2500.0,32.5,50.5,41.9,0.27,2.14,,参考値,2
1499,3004,神栄,スタンダード（内国株式）,卸売業,-,2089.0,10.4,50.5,40.8,0.26,1.7,,参考値,2
1500,7678,あさくま,スタンダード（内国株式）,小売業,-,3295.0,27.9,50.5,40.6,,2.5,,参考値,3
1501,8418,山口フィナンシャルグループ,プライム（内国株式）,銀行業,TOPIX Mid400,3144.0,1415.6,50.5,40.3,,3.37,,参考値,4
1502,4958,長谷川香料,プライム（内国株式）,化学,TOPIX Small 1,3235.0,154.0,50.5,39.6,,2.15,,参考値,1
1503,3087,ドトール・日レスホールディングス,プライム（内国株式）,小売業,TOPIX Small 1,3305.0,384.5,50.5,39.4,0.27,2.84,,参考値,3
1504,3940,ノムラシステムコーポレーション,スタンダード（内国株式）,情報・通信業,-,130.0,30.6,50.5,39.0,,3.05,,参考値,3
1505,2999,ホームポジション,スタンダード（内国株式）,不動産業,-,515.0,24.2,50.5,39.0,0.99,4.17,,参考値,1
1506,9341,ＧＥＮＯＶＡ,プライム（内国株式）,サービス業,TOPIX Small 2,612.0,57.8,50.5,38.3,,3.8,,参考値,2
1507,2804,ブルドックソース,プライム（内国株式）,食料品,TOPIX Small 2,1864.0,35.5,50.5,37.6,0.35,1.55,,参考値,4
1508,6050,イー・ガーディアン,プライム（内国株式）,サービス業,TOPIX Small 2,1795.0,30.7,50.5,37.5,,1.22,,参考値,4
1509,8275,フォーバル,スタンダード（内国株式）,卸売業,TOPIX Small 2,1009.0,25.6,50.5,36.3,,1.56,,参考値,2
1510,7231,トピー工業,プライム（内国株式）,輸送用機器,TOPIX Small 2,3030.0,160.6,50.5,36.1,,3.4,,参考値,4
1511,6871,日本マイクロニクス,プライム（内国株式）,電気機器,TOPIX Small 1,12310.0,18647.3,50.4,57.0,,8.63,,参考値,0
1512,4425,Ｋｕｄａｎ,グロース（内国株式）,情報・通信業,-,1546.0,482.5,50.4,53.7,,9.6,,参考値,1
1513,6744,能美防災,プライム（内国株式）,電気機器,TOPIX Small 1,4020.0,372.2,50.4,52.0,,3.33,,参考値,1
1514,9279,ギフトホールディングス,プライム（内国株式）,小売業,TOPIX Small 2,2289.0,499.9,50.4,51.9,,5.57,,参考値,2
1515,343A,ＩＡＣＥトラベル,スタンダード（内国株式）,サービス業,-,1307.0,11.1,50.4,51.7,,2.66,,参考値,2
1516,6800,ヨコオ,プライム（内国株式）,電気機器,TOPIX Small 2,3710.0,601.8,50.4,51.5,,6.12,,参考値,0
1517,6258,平田機工,プライム（内国株式）,機械,TOPIX Small 1,3585.0,1295.1,50.4,51.4,,5.99,,参考値,3
1518,5351,品川リフラ,プライム（内国株式）,ガラス・土石製品,TOPIX Small 1,2021.0,239.9,50.4,51.3,,2.03,,参考値,3
1519,1944,きんでん,プライム（内国株式）,建設業,TOPIX Mid400,7123.0,4606.4,50.4,51.3,0.58,3.56,,参考値,1
1520,3106,倉敷紡績,プライム（内国株式）,繊維製品,TOPIX Small 1,10820.0,289.7,50.4,51.2,0.25,4.53,,参考値,3
1521,5884,クラダシ,グロース（内国株式）,小売業,-,627.0,20.7,50.4,50.8,,4.87,,参考値,3
1522,2108,日本甜菜製糖,プライム（内国株式）,食料品,TOPIX Small 2,5290.0,227.8,50.4,49.8,0.31,4.37,,参考値,2
1523,7856,萩原工業,プライム（内国株式）,その他製品,TOPIX Small 2,1998.0,188.8,50.4,49.6,,3.21,,参考値,4
1524,9823,マミーマートホールディングス,スタンダード（内国株式）,小売業,-,1018.0,64.9,50.4,49.1,,1.92,,参考値,1
1525,9267,Ｇｅｎｋｙ　ＤｒｕｇＳｔｏｒｅｓ,プライム（内国株式）,小売業,TOPIX Small 1,3580.0,260.8,50.4,48.9,,4.4,,参考値,1
1526,6125,岡本工作機械製作所,スタンダード（内国株式）,機械,-,4700.0,224.3,50.4,48.5,,5.33,,参考値,0
1527,6932,遠藤照明,スタンダード（内国株式）,電気機器,-,2487.0,73.5,50.4,48.3,,2.96,,参考値,2
1528,3036,アルコニックス,プライム（内国株式）,卸売業,TOPIX Small 1,3330.0,489.9,50.4,48.1,0.14,5.57,,参考値,2
1529,8801,三井不動産,プライム（内国株式）,不動産業,TOPIX Large70,1505.5,13603.5,50.4,48.1,,3.2,,参考値,1
1530,7715,長野計器,プライム（内国株式）,精密機器,TOPIX Small 2,3905.0,593.3,50.4,47.9,,7.04,,参考値,2
1531,8558,東和銀行,プライム（内国株式）,銀行業,TOPIX Small 2,1468.0,261.4,50.4,47.8,,4.37,,参考値,3
1532,3992,ニーズウェル,プライム（内国株式）,情報・通信業,-,471.0,24.8,50.4,47.4,,2.5,,参考値,3
1533,1736,オーテック,スタンダード（内国株式）,建設業,-,2403.0,11.3,50.4,47.4,0.52,2.58,,参考値,2
1534,6617,東光高岳,プライム（内国株式）,電気機器,TOPIX Small 2,6500.0,713.7,50.4,47.2,,6.38,,参考値,1
1535,9742,アイネス,プライム（内国株式）,情報・通信業,TOPIX Small 2,2070.0,81.2,50.4,47.0,,5.48,,参考値,1
1536,6086,シンメンテホールディングス,グロース（内国株式）,サービス業,-,1010.0,21.1,50.4,46.9,,3.27,,参考値,2
1537,9404,日本テレビホールディングス,プライム（内国株式）,情報・通信業,TOPIX Mid400,2994.0,1274.8,50.4,46.7,,2.93,,参考値,3
1538,3382,セブン＆アイ・ホールディングス,プライム（内国株式）,小売業,TOPIX Core30,2059.5,18032.4,50.4,45.6,,2.33,,参考値,3
1539,7599,ＩＤＯＭ,プライム（内国株式）,卸売業,TOPIX Small 1,1231.0,1455.1,50.4,45.1,,2.1,,参考値,1
1540,9882,イエローハット,プライム（内国株式）,卸売業,TOPIX Small 1,1745.0,272.8,50.4,43.2,,1.9,,参考値,2
1541,3360,シップヘルスケアホールディングス,プライム（内国株式）,卸売業,TOPIX Mid400,2385.0,611.3,50.4,40.9,,2.62,,参考値,3
1542,2792,ハニーズホールディングス,プライム（内国株式）,小売業,TOPIX Small 2,1447.0,70.3,50.4,40.6,0.32,1.6,,参考値,4
1543,7637,白銅,プライム（内国株式）,卸売業,TOPIX Small 2,3555.0,161.5,50.4,40.4,,4.81,,参考値,3
1544,5363,東京窯業,スタンダード（内国株式）,ガラス・土石製品,-,677.0,31.5,50.4,40.4,,1.88,,参考値,2
1545,7522,ワタミ,プライム（内国株式）,小売業,TOPIX Small 2,927.0,110.0,50.4,40.2,,2.16,,参考値,1
1546,208A,構造計画研究所ホールディングス,スタンダード（内国株式）,情報・通信業,-,2875.0,35.8,50.4,39.2,0.4,1.85,,参考値,2
1547,2226,湖池屋,スタンダード（内国株式）,食料品,-,4900.0,10.8,50.4,37.7,0.04,0.83,,参考値,3
1548,2281,プリマハム,プライム（内国株式）,食料品,TOPIX Small 1,2427.0,297.2,50.4,37.5,0.29,1.77,,参考値,3
1549,7611,ハイデイ日高,プライム（内国株式）,小売業,TOPIX Small 1,3050.0,857.8,50.4,34.3,,2.92,,参考値,3
1550,3542,ベガコーポレーション,グロース（内国株式）,小売業,-,1554.0,30.6,50.3,53.4,,5.31,,参考値,4
1551,1436,グリーンエナジー＆カンパニー,グロース（内国株式）,建設業,-,1923.0,80.3,50.3,53.1,0.29,6.05,,参考値,4
1552,3778,さくらインターネット,プライム（内国株式）,情報・通信業,TOPIX Small 1,3700.0,5299.8,50.3,52.7,,8.69,,参考値,4
1553,218A,Ｌｉｂｅｒａｗａｒｅ,グロース（内国株式）,精密機器,-,1180.0,263.7,50.3,52.6,0.69,7.43,,参考値,3
1554,441A,ＮＥ,グロース（内国株式）,情報・通信業,TOPIX Small 2,269.0,10.1,50.3,52.1,,6.73,,参考値,3
1555,4828,ビジネスエンジニアリング,プライム（内国株式）,情報・通信業,TOPIX Small 2,1391.0,214.3,50.3,51.5,,5.05,,参考値,4
1556,6289,技研製作所,プライム（内国株式）,機械,TOPIX Small 2,1847.0,152.8,50.3,51.3,,3.12,,参考値,1
1557,3763,プロシップ,プライム（内国株式）,情報・通信業,TOPIX Small 2,1944.0,176.4,50.3,50.7,,7.67,,参考値,2
1558,1893,五洋建設,プライム（内国株式）,建設業,TOPIX Mid400,1456.0,2852.9,50.3,49.3,0.69,3.87,,参考値,2
1559,4658,日本空調サービス,プライム（内国株式）,サービス業,TOPIX Small 2,1565.0,145.6,50.3,48.9,,2.44,,参考値,3
1560,8377,ほくほくフィナンシャルグループ,プライム（内国株式）,銀行業,TOPIX Mid400,8076.0,3250.1,50.3,48.3,,4.14,,参考値,3
1561,9302,三井倉庫ホールディングス,プライム（内国株式）,倉庫・運輸関連業,TOPIX Mid400,3342.0,703.1,50.3,48.3,,2.28,,参考値,2
1562,7912,大日本印刷,プライム（内国株式）,その他製品,TOPIX Mid400,3035.0,4352.5,50.3,48.0,,3.52,,参考値,2
1563,5851,リョービ,プライム（内国株式）,非鉄金属,TOPIX Small 1,2704.0,338.8,50.3,48.0,,3.38,,参考値,2
1564,7609,ダイトロン,プライム（内国株式）,卸売業,TOPIX Small 2,3875.0,551.6,50.3,47.9,,6.77,,参考値,3
1565,2749,ＪＰホールディングス,プライム（内国株式）,サービス業,TOPIX Small 1,660.0,185.2,50.3,47.6,0.42,2.52,,参考値,3
1566,3201,日本毛織,プライム（内国株式）,繊維製品,TOPIX Small 1,1975.0,134.9,50.3,47.4,0.26,2.05,,参考値,3
1567,9218,メンタルヘルステクノロジーズ,グロース（内国株式）,サービス業,-,782.0,17.1,50.3,47.3,,2.43,,参考値,3
1568,8334,群馬銀行,プライム（内国株式）,銀行業,TOPIX Mid400,2859.0,2894.4,50.3,47.1,,3.45,,参考値,4
1569,1964,中外炉工業,プライム（内国株式）,建設業,TOPIX Small 2,3920.0,99.4,50.3,47.1,0.35,2.31,,参考値,1
1570,3844,コムチュア,プライム（内国株式）,情報・通信業,TOPIX Small 1,1290.0,368.7,50.3,47.0,,3.25,,参考値,1
1571,5161,西川ゴム工業,スタンダード（内国株式）,ゴム製品,-,3460.0,476.5,50.3,45.9,,3.84,,参考値,3
1572,8158,ソーダニッカ,プライム（内国株式）,卸売業,TOPIX Small 2,1305.0,91.2,50.3,44.3,,3.83,,参考値,2
1573,5331,ノリタケ,プライム（内国株式）,ガラス・土石製品,TOPIX Small 1,3480.0,752.9,50.3,43.3,,4.37,,参考値,1
1574,4196,ネオマーケティング,スタンダード（内国株式）,情報・通信業,-,2165.0,32.0,50.3,41.1,,2.94,,参考値,3
1575,9001,東武鉄道,プライム（内国株式）,陸運業,TOPIX Mid400,2903.5,1870.5,50.3,40.3,,1.95,,参考値,2
1576,9709,ＮＣＳ＆Ａ,スタンダード（内国株式）,情報・通信業,-,1223.0,10.3,50.3,40.2,,4.07,,参考値,1
1577,3878,巴川コーポレーション,スタンダード（内国株式）,化学,-,840.0,42.5,50.3,40.1,,3.24,,参考値,3
1578,5304,ＳＥＣカーボン,スタンダード（内国株式）,ガラス・土石製品,-,2549.0,55.4,50.3,39.7,,2.95,,参考値,3
1579,7525,リックス,プライム（内国株式）,卸売業,TOPIX Small 2,3560.0,51.7,50.3,39.7,,1.97,,参考値,2
1580,4619,日本特殊塗料,スタンダード（内国株式）,化学,-,2640.0,80.2,50.3,39.6,,2.19,,参考値,3
1581,9780,ハリマビステム,スタンダード（内国株式）,サービス業,-,1126.0,13.1,50.3,38.8,,4.61,,参考値,4
1582,5753,日本伸銅,スタンダード（内国株式）,非鉄金属,-,2530.0,10.0,50.3,37.7,,4.29,,参考値,4
1583,2670,エービーシー・マート,プライム（内国株式）,小売業,TOPIX Mid400,2710.5,1455.3,50.3,37.5,0.23,2.54,,参考値,2
1584,8117,中央自動車工業,スタンダード（内国株式）,卸売業,-,2139.0,511.4,50.3,37.3,,4.37,,参考値,3
1585,9994,やまや,スタンダード（内国株式）,小売業,-,2044.0,26.7,50.3,37.3,,1.37,,参考値,1
1586,4064,日本カーバイド工業,プライム（内国株式）,化学,TOPIX Small 2,3445.0,236.3,50.3,35.4,,4.2,,参考値,2
1587,6495,宮入バルブ製作所,スタンダード（内国株式）,機械,-,111.0,44.9,50.3,34.9,,4.05,,参考値,0
1588,4746,東計電算,スタンダード（内国株式）,情報・通信業,TOPIX Small 2,6980.0,554.2,50.3,27.7,,3.76,,参考値,4
1589,5986,モリテック　スチール,スタンダード（内国株式）,金属製品,-,258.0,10.8,50.3,22.4,,1.91,,参考値,3
1590,2737,トーメンデバイス,プライム（内国株式）,卸売業,TOPIX Small 2,32000.0,3590.0,50.2,52.8,1.2,9.33,,参考値,4
1591,7261,マツダ,プライム（内国株式）,輸送用機器,TOPIX Mid400,1098.5,8277.7,50.2,52.7,,5.31,,参考値,3
1592,6469,放電精密加工研究所,スタンダード（内国株式）,機械,-,2869.0,156.1,50.2,52.3,,6.32,,参考値,2
1593,6264,マルマエ,プライム（内国株式）,機械,TOPIX Small 2,1933.0,1113.8,50.2,52.3,,7.73,,参考値,0
1594,4499,Ｓｐｅｅｅ,スタンダード（内国株式）,情報・通信業,-,2477.0,377.7,50.2,51.9,,8.78,,参考値,3
1595,6997,日本ケミコン,プライム（内国株式）,電気機器,TOPIX Small 2,2628.0,2350.6,50.2,51.6,,8.5,,参考値,1
1596,5136,ｔｒｉｐｌａ,グロース（内国株式）,情報・通信業,-,2001.0,58.0,50.2,51.3,,5.9,,参考値,4
1597,6951,日本電子,プライム（内国株式）,電気機器,TOPIX Mid400,6829.0,2680.5,50.2,51.0,,4.81,,参考値,2
1598,2353,日本駐車場開発,プライム（内国株式）,不動産業,TOPIX Small 1,269.0,482.1,50.2,50.9,0.27,2.59,,参考値,4
1599,7242,カヤバ,プライム（内国株式）,輸送用機器,TOPIX Small 1,4655.0,444.2,50.2,50.7,,3.06,,参考値,2
1600,9843,ニトリホールディングス,プライム（内国株式）,小売業,TOPIX Mid400,3392.0,10939.4,50.2,50.4,,4.68,,参考値,4
1601,7867,タカラトミー,プライム（内国株式）,その他製品,TOPIX Mid400,3533.0,1537.0,50.2,49.3,,3.32,,参考値,3
1602,6033,エクストリーム,グロース（内国株式）,サービス業,-,1693.0,64.9,50.2,48.5,,4.58,,参考値,4
1603,6143,ソディック,プライム（内国株式）,機械,TOPIX Small 1,1623.0,814.7,50.2,48.1,,7.52,,参考値,1
1604,6455,モリタホールディングス,プライム（内国株式）,輸送用機器,TOPIX Small 2,2454.0,164.7,50.2,47.7,,2.62,,参考値,3
1605,4977,新田ゼラチン,スタンダード（内国株式）,化学,-,1196.0,45.3,50.2,47.6,,1.76,,参考値,1
1606,9274,ＫＰＰグループホールディングス,プライム（内国株式）,卸売業,TOPIX Small 1,1053.0,280.4,50.2,46.9,,3.24,,参考値,1
1607,2897,日清食品ホールディングス,プライム（内国株式）,食料品,TOPIX Mid400,2967.5,3344.8,50.2,46.8,0.12,2.85,,参考値,2
1608,4820,イーエムシステムズ,プライム（内国株式）,情報・通信業,TOPIX Small 2,581.0,72.0,50.2,46.4,,2.84,,参考値,3
1609,2002,日清製粉グループ本社,プライム（内国株式）,食料品,TOPIX Mid400,2044.5,1912.6,50.2,44.1,0.24,2.5,,参考値,4
1610,4462,石原ケミカル,プライム（内国株式）,化学,TOPIX Small 2,2877.0,93.0,50.2,44.0,,4.73,,参考値,1
1611,4951,エステー,プライム（内国株式）,化学,TOPIX Small 2,1509.0,40.9,50.2,42.3,,1.65,,参考値,2
1612,9946,ミニストップ,プライム（内国株式）,小売業,TOPIX Small 2,1817.0,182.5,50.2,42.0,,2.01,,参考値,2
1613,9557,エアークローゼット,グロース（内国株式）,サービス業,-,255.0,28.9,50.2,41.7,,9.29,,参考値,3
1614,6571,キュービーネットホールディングス,プライム（内国株式）,サービス業,TOPIX Small 2,1282.0,55.6,50.2,41.4,,2.09,,参考値,3
1615,7792,コラントッテ,グロース（内国株式）,その他製品,-,1478.0,26.6,50.2,40.3,,1.15,,参考値,4
1616,8771,イー・ギャランティ,プライム（内国株式）,その他金融業,TOPIX Small 1,1718.0,251.7,50.2,40.2,,2.3,,参考値,1
1617,3178,チムニー,スタンダード（内国株式）,小売業,-,1203.0,15.9,50.2,39.1,0.32,1.43,,参考値,3
1618,8075,神鋼商事,プライム（内国株式）,卸売業,TOPIX Small 2,3045.0,171.9,50.2,38.8,,3.05,,参考値,4
1619,8007,高島,プライム（内国株式）,卸売業,-,798.0,80.0,50.2,38.6,,1.73,,参考値,2
1620,9346,ココルポート,グロース（内国株式）,サービス業,-,1900.0,16.2,50.2,38.1,,2.54,,参考値,3
1621,7164,全国保証,プライム（内国株式）,その他金融業,TOPIX Mid400,3162.0,951.5,50.2,36.0,,1.47,,参考値,3
1622,8041,ＯＵＧホールディングス,スタンダード（内国株式）,卸売業,-,4610.0,18.9,50.2,33.3,,2.24,,参考値,3
1623,9401,ＴＢＳホールディングス,プライム（内国株式）,情報・通信業,TOPIX Mid400,5819.0,1840.0,50.1,54.4,,2.75,,参考値,0
1624,6532,ベイカレント,プライム（内国株式）,サービス業,TOPIX Mid400,7335.0,8142.1,50.1,54.0,,5.22,,参考値,2
1625,6366,千代田化工建設,スタンダード（内国株式）,建設業,-,713.0,1329.7,50.1,53.1,,5.05,,参考値,2
1626,5698,エンビプロ・ホールディングス,スタンダード（内国株式）,鉄鋼,TOPIX Small 2,728.0,209.6,50.1,52.9,,5.34,,参考値,1
1627,3104,富士紡ホールディングス,プライム（内国株式）,繊維製品,TOPIX Small 2,3280.0,414.7,50.1,51.0,0.69,4.75,,参考値,1
1628,6378,木村化工機,スタンダード（内国株式）,機械,TOPIX Small 2,1173.0,139.5,50.1,50.3,,3.41,,参考値,2
1629,4368,扶桑化学工業,プライム（内国株式）,化学,TOPIX Small 1,2815.0,2912.5,50.1,49.9,,5.79,,参考値,1
1630,8393,宮崎銀行,プライム（内国株式）,銀行業,TOPIX Small 2,2562.0,681.9,50.1,48.9,,5.09,,参考値,3
1631,6785,鈴木,プライム（内国株式）,電気機器,TOPIX Small 2,3035.0,295.6,50.1,48.2,,5.75,,参考値,2
1632,3788,ＧＭＯグローバルサイン・ホールディングス,プライム（内国株式）,情報・通信業,TOPIX Small 2,1930.0,102.7,50.1,48.2,,4.9,,参考値,2
1633,1963,日揮ホールディングス,プライム（内国株式）,建設業,TOPIX Mid400,2367.0,3316.7,50.1,47.8,0.56,4.4,,参考値,2
1634,4968,荒川化学工業,プライム（内国株式）,化学,TOPIX Small 2,2016.0,543.5,50.1,47.6,,7.91,,参考値,1
1635,1945,東京エネシス,プライム（内国株式）,建設業,TOPIX Small 2,2130.0,344.0,50.1,47.5,0.68,3.59,,参考値,2
1636,2384,ＳＢＳホールディングス,プライム（内国株式）,陸運業,TOPIX Small 1,4975.0,345.0,50.1,47.1,0.32,4.37,,参考値,4
1637,365A,伊澤タオル,スタンダード（内国株式）,繊維製品,-,788.0,46.8,50.1,46.2,,2.0,,参考値,3
1638,7971,東リ,スタンダード（内国株式）,化学,-,705.0,73.2,50.1,45.3,,2.25,,参考値,4
1639,2597,ユニカフェ,スタンダード（内国株式）,食料品,-,1318.0,10.4,50.1,44.7,0.14,2.24,,参考値,4
1640,7463,アドヴァングループ,スタンダード（内国株式）,小売業,TOPIX Small 2,960.0,29.2,50.1,42.7,,2.17,,参考値,3
1641,8101,ＧＳＩクレオス,プライム（内国株式）,卸売業,TOPIX Small 2,2610.0,93.7,50.1,42.4,,2.7,,参考値,2
1642,9763,丸建リース,スタンダード（内国株式）,卸売業,-,1282.0,14.5,50.1,42.2,,1.94,,参考値,3
1643,9990,サックスバー　ホールディングス,プライム（内国株式）,小売業,TOPIX Small 2,752.0,42.7,50.1,41.4,,1.48,,参考値,2
1644,5440,共英製鋼,プライム（内国株式）,鉄鋼,TOPIX Small 1,1986.0,293.5,50.1,41.3,,3.38,,参考値,3
1645,9046,神戸電鉄,スタンダード（内国株式）,陸運業,TOPIX Small 2,2473.0,18.9,50.1,41.3,,1.74,,参考値,3
1646,4792,山田コンサルティンググループ,プライム（内国株式）,サービス業,TOPIX Small 2,1762.0,47.4,50.1,39.2,,1.85,,参考値,3
1647,7927,ムトー精工,スタンダード（内国株式）,化学,-,2252.0,30.6,50.1,39.2,,1.67,,参考値,2
1648,2211,不二家,プライム（内国株式）,食料品,TOPIX Small 2,2505.0,70.3,50.1,39.1,0.29,1.45,,参考値,4
1649,7459,メディパルホールディングス,プライム（内国株式）,卸売業,TOPIX Mid400,2932.0,1452.8,50.1,38.9,,2.5,,参考値,3
1650,167A,リョーサン菱洋ホールディングス,プライム（内国株式）,卸売業,TOPIX Small 1,3115.0,464.3,50.1,38.8,0.3,2.65,,参考値,2
1651,8244,近鉄百貨店,スタンダード（内国株式）,小売業,TOPIX Small 2,1854.0,161.9,50.1,37.8,,3.01,,参考値,2
1652,6929,日本セラミック,プライム（内国株式）,電気機器,TOPIX Small 1,3610.0,405.3,50.1,36.4,,2.67,,参考値,1
1653,2268,Ｂ－Ｒ　サーティワン　アイスクリーム,スタンダード（内国株式）,食料品,-,4075.0,23.0,50.1,36.2,0.06,0.51,,参考値,2
1654,8129,東邦ホールディングス,プライム（内国株式）,卸売業,TOPIX Mid400,3987.0,495.7,50.1,35.2,,2.81,,参考値,3
1655,8912,エリアクエスト,スタンダード（内国株式）,不動産業,-,159.0,44.7,50.1,32.7,,4.31,,参考値,3
1656,4194,ビジョナル,プライム（内国株式）,情報・通信業,TOPIX Mid400,8920.0,1771.4,50.0,53.7,,4.07,,参考値,2
1657,7952,河合楽器製作所,プライム（内国株式）,その他製品,TOPIX Small 2,3265.0,74.1,50.0,51.7,,4.73,,参考値,3
1658,6653,正興電機製作所,プライム（内国株式）,電気機器,-,2073.0,175.8,50.0,51.6,,4.99,,参考値,1
1659,7781,平山ホールディングス,スタンダード（内国株式）,精密機器,-,874.0,20.5,50.0,51.5,,2.38,,参考値,4
1660,7564,ワークマン,スタンダード（内国株式）,小売業,-,5990.0,2536.0,50.0,51.1,,4.78,,参考値,0
1661,2782,セリア,スタンダード（内国株式）,小売業,-,4750.0,1463.5,50.0,50.6,0.72,4.67,,参考値,4
1662,9887,松屋フーズホールディングス,プライム（内国株式）,小売業,TOPIX Small 1,5380.0,464.2,50.0,50.6,,3.52,,参考値,4
1663,6615,ユー・エム・シー・エレクトロニクス,プライム（内国株式）,電気機器,TOPIX Small 2,236.0,15.3,50.0,50.1,,5.58,,参考値,2
1664,6250,やまびこ,プライム（内国株式）,機械,TOPIX Small 1,4310.0,510.5,50.0,48.9,,4.28,,参考値,3
1665,8562,福島銀行,スタンダード（内国株式）,銀行業,-,381.0,122.4,50.0,48.7,,4.58,,参考値,3
1666,4595,ミズホメディー,スタンダード（内国株式）,医薬品,-,1708.0,160.3,50.0,48.2,,1.57,,参考値,3
1667,3762,テクマトリックス,プライム（内国株式）,情報・通信業,TOPIX Small 1,2333.0,434.8,50.0,47.9,,4.25,,参考値,2
1668,5406,神戸製鋼所,プライム（内国株式）,鉄鋼,TOPIX Mid400,2001.0,3437.0,50.0,47.5,,2.65,,参考値,3
1669,6134,ＦＵＪＩ,プライム（内国株式）,機械,TOPIX Mid400,6690.0,4917.0,50.0,46.7,,5.91,,参考値,0
1670,3539,ＪＭホールディングス,プライム（内国株式）,小売業,TOPIX Small 2,1351.0,205.9,50.0,46.4,,3.95,,参考値,2
1671,8367,南都銀行,プライム（内国株式）,銀行業,TOPIX Small 1,1897.0,766.4,50.0,45.6,,4.02,,参考値,3
1672,8600,トモニホールディングス,プライム（内国株式）,銀行業,TOPIX Small 1,1105.0,591.8,50.0,44.7,,4.02,,参考値,4
1673,6925,ウシオ電機,プライム（内国株式）,電気機器,TOPIX Mid400,3623.0,1604.7,50.0,44.0,,5.25,,参考値,0
1674,4633,サカタインクス,プライム（内国株式）,化学,TOPIX Small 1,2486.0,396.3,50.0,43.4,,3.23,,参考値,3
1675,6371,椿本チエイン,プライム（内国株式）,機械,TOPIX Small 1,2624.0,408.3,50.0,43.2,,2.61,,参考値,3
1676,5949,ユニプレス,プライム（内国株式）,輸送用機器,TOPIX Small 1,1306.0,195.7,50.0,43.0,,2.94,,参考値,3
1677,7740,タムロン,プライム（内国株式）,精密機器,TOPIX Small 1,1355.0,626.3,50.0,41.8,,2.81,,参考値,3
1678,6282,オイレス工業,プライム（内国株式）,機械,TOPIX Small 1,2842.0,263.9,50.0,41.6,,2.39,,参考値,3
1679,3116,トヨタ紡織,プライム（内国株式）,輸送用機器,TOPIX Mid400,2201.0,1256.8,50.0,41.5,0.14,3.3,,参考値,3
1680,8194,ライフコーポレーション,プライム（内国株式）,小売業,TOPIX Small 1,2738.0,506.6,50.0,41.4,,3.11,,参考値,4
1681,1828,田辺工業,スタンダード（内国株式）,建設業,-,2500.0,31.1,50.0,41.0,0.24,2.3,,参考値,4
1682,8341,七十七銀行,プライム（内国株式）,銀行業,TOPIX Mid400,3885.0,2358.0,50.0,41.0,,3.73,,参考値,3
1683,3191,ジョイフル本田,プライム（内国株式）,小売業,TOPIX Small 1,2245.0,341.8,50.0,40.6,0.27,2.22,,参考値,2
1684,3560,ほぼ日,スタンダード（内国株式）,小売業,-,4220.0,15.6,50.0,40.3,,3.34,,参考値,3
1685,8935,ＦＪネクストホールディングス,プライム（内国株式）,不動産業,TOPIX Small 2,1970.0,120.0,50.0,39.5,,2.97,,参考値,3
1686,6588,東芝テック,プライム（内国株式）,電気機器,TOPIX Small 1,2801.0,417.7,50.0,39.5,,4.81,,参考値,2
1687,3395,サンマルクホールディングス,プライム（内国株式）,小売業,TOPIX Small 1,2457.0,234.1,50.0,39.0,,2.16,,参考値,1
1688,9795,ステップ,プライム（内国株式）,サービス業,TOPIX Small 2,2290.0,35.5,50.0,38.6,,1.58,,参考値,3
1689,8141,新光商事,プライム（内国株式）,卸売業,TOPIX Small 2,1567.0,174.8,50.0,38.3,,0.29,,参考値,1
1690,5210,日本山村硝子,スタンダード（内国株式）,ガラス・土石製品,-,2890.0,134.5,50.0,36.0,,1.96,,参考値,3
1691,2659,サンエー,プライム（内国株式）,小売業,TOPIX Small 1,3345.0,412.3,50.0,35.0,0.1,2.19,,参考値,4
1692,6494,ＮＦＫホールディングス,スタンダード（内国株式）,機械,-,96.0,29.2,50.0,31.9,,3.35,,参考値,2
1693,3069,ＪＦＬＡホールディングス,スタンダード（内国株式）,食料品,-,168.0,17.5,50.0,30.7,0.62,1.72,,参考値,3
1694,5713,住友金属鉱山,プライム（内国株式）,非鉄金属,TOPIX Mid400,9767.0,35911.6,49.9,57.5,,9.89,,参考値,2
1695,319A,技術承継機構,グロース（内国株式）,金属製品,-,21660.0,955.0,49.9,57.2,0.03,10.05,,参考値,4
1696,6370,栗田工業,プライム（内国株式）,機械,TOPIX Mid400,7499.0,4692.0,49.9,51.7,,4.65,,参考値,0
1697,7726,黒田精工,スタンダード（内国株式）,機械,-,1410.0,18.1,49.9,51.1,,3.96,,参考値,2
1698,6470,大豊工業,スタンダード（内国株式）,機械,TOPIX Small 2,1042.0,91.9,49.9,50.6,,4.43,,参考値,2
1699,7259,アイシン,プライム（内国株式）,輸送用機器,TOPIX Mid400,2171.0,4743.9,49.9,50.6,,3.5,,参考値,1
1700,1376,カネコ種苗,スタンダード（内国株式）,水産・農林業,TOPIX Small 2,1600.0,23.3,49.9,50.3,0.19,2.15,,参考値,2
1701,6287,サトー,プライム（内国株式）,機械,TOPIX Small 1,2685.0,468.0,49.9,49.5,,3.2,,参考値,3
1702,3663,セルシス,プライム（内国株式）,情報・通信業,TOPIX Small 2,1768.0,393.4,49.9,49.4,,5.94,,参考値,1
1703,4973,日本高純度化学,プライム（内国株式）,化学,TOPIX Small 2,4735.0,288.3,49.9,48.9,,3.35,,参考値,2
1704,8345,岩手銀行,プライム（内国株式）,銀行業,TOPIX Small 2,2510.0,752.1,49.9,48.3,,4.96,,参考値,3
1705,6998,日本タングステン,スタンダード（内国株式）,電気機器,-,3425.0,437.3,49.9,48.2,,9.19,,参考値,4
1706,1810,松井建設,スタンダード（内国株式）,建設業,TOPIX Small 2,1443.0,52.5,49.9,48.0,0.26,2.47,,参考値,2
1707,6145,ＮＩＴＴＯＫＵ,スタンダード（内国株式）,機械,-,2462.0,298.5,49.9,47.7,,4.15,,参考値,1
1708,9506,東北電力,プライム（内国株式）,電気・ガス業,TOPIX Mid400,1376.5,4343.4,49.9,47.1,,3.75,,参考値,3
1709,9304,澁澤倉庫,プライム（内国株式）,倉庫・運輸関連業,TOPIX Small 2,2040.0,462.7,49.9,47.0,,4.68,,参考値,3
1710,6209,リケンＮＰＲ,プライム（内国株式）,機械,TOPIX Small 1,3800.0,385.4,49.9,46.8,,2.59,,参考値,2
1711,8923,トーセイ,プライム（内国株式）,不動産業,TOPIX Small 1,1699.0,299.3,49.9,46.4,,3.25,,参考値,1
1712,5076,インフロニア・ホールディングス,プライム（内国株式）,建設業,TOPIX Mid400,2748.5,4058.5,49.9,46.3,,3.53,,参考値,4
1713,4611,大日本塗料,プライム（内国株式）,化学,TOPIX Small 2,1519.0,136.8,49.9,45.3,,3.69,,参考値,4
1714,4307,野村総合研究所,プライム（内国株式）,情報・通信業,TOPIX Large70,4969.0,11413.7,49.9,44.0,,4.75,,参考値,2
1715,9216,ビーウィズ,プライム（内国株式）,サービス業,TOPIX Small 2,1641.0,35.3,49.9,42.6,,2.29,,参考値,3
1716,9991,ジェコス,プライム（内国株式）,卸売業,TOPIX Small 2,1776.0,69.7,49.9,42.4,,1.97,,参考値,4
1717,7239,タチエス,プライム（内国株式）,輸送用機器,TOPIX Small 1,2294.0,177.8,49.9,42.1,,2.42,,参考値,3
1718,6070,キャリアリンク,プライム（内国株式）,サービス業,TOPIX Small 2,2525.0,111.9,49.9,41.9,,2.67,,参考値,2
1719,1780,ヤマウラ,プライム（内国株式）,建設業,TOPIX Small 2,1492.0,44.0,49.9,41.1,0.28,1.78,,参考値,3
1720,4208,ＵＢＥ,プライム（内国株式）,化学,TOPIX Mid400,3392.0,3004.6,49.9,40.6,,2.67,,参考値,3
1721,4204,積水化学工業,プライム（内国株式）,化学,TOPIX Mid400,2504.0,3551.8,49.9,40.3,,2.32,,参考値,1
1722,6769,ザインエレクトロニクス,スタンダード（内国株式）,電気機器,-,1193.0,156.6,49.9,39.7,,9.03,,参考値,3
1723,2915,ケンコーマヨネーズ,プライム（内国株式）,食料品,TOPIX Small 2,2058.0,67.4,49.9,39.6,0.29,2.49,,参考値,3
1724,7885,タカノ,スタンダード（内国株式）,その他製品,-,1142.0,12.6,49.9,39.1,,2.47,,参考値,3
1725,7185,ヒロセ通商,スタンダード（内国株式）,証券、商品先物取引業,-,3945.0,19.5,49.9,37.4,,0.86,,参考値,3
1726,6294,オカダアイヨン,プライム（内国株式）,機械,-,1959.0,62.7,49.9,37.3,,1.48,,参考値,1
1727,6518,三相電機,スタンダード（内国株式）,電気機器,-,1685.0,21.3,49.9,37.0,,4.13,,参考値,1
1728,6391,加地テック,スタンダード（内国株式）,機械,-,4690.0,11.0,49.9,34.8,,3.86,,参考値,4
1729,4023,クレハ,プライム（内国株式）,化学,TOPIX Small 1,4410.0,1051.5,49.9,34.8,,3.06,,参考値,2
1730,9142,九州旅客鉄道,プライム（内国株式）,陸運業,TOPIX Mid400,3544.0,2566.7,49.9,27.3,,2.37,,参考値,3
1731,6875,メガチップス,プライム（内国株式）,電気機器,TOPIX Small 1,10530.0,1222.0,49.8,53.3,,5.75,,参考値,2
1732,8699,ＨＳホールディングス,スタンダード（内国株式）,証券、商品先物取引業,-,1112.0,57.4,49.8,51.1,,2.61,,参考値,0
1733,3236,プロパスト,スタンダード（内国株式）,不動産業,-,285.0,23.3,49.8,50.9,0.29,2.67,,参考値,2
1734,196A,ＭＦＳ,グロース（内国株式）,その他金融業,-,343.0,61.9,49.8,49.3,0.51,11.87,,参考値,4
1735,3097,物語コーポレーション,プライム（内国株式）,小売業,TOPIX Small 1,5890.0,1080.3,49.8,49.0,0.56,4.44,,参考値,4
1736,372A,レント,スタンダード（内国株式）,サービス業,-,5540.0,24.0,49.8,48.8,,2.59,,参考値,2
1737,8386,百十四銀行,プライム（内国株式）,銀行業,TOPIX Small 1,3000.0,875.3,49.8,48.5,,4.51,,参考値,2
1738,4665,ダスキン,プライム（内国株式）,サービス業,TOPIX Mid400,4640.0,513.9,49.8,48.2,,2.03,,参考値,3
1739,5832,ちゅうぎんフィナンシャルグループ,プライム（内国株式）,銀行業,TOPIX Mid400,3438.0,1025.3,49.8,47.9,,3.3,,参考値,3
1740,4220,リケンテクノス,プライム（内国株式）,化学,TOPIX Small 2,2365.0,367.9,49.8,47.7,,4.81,,参考値,3
1741,300A,ＭＩＣ,スタンダード（内国株式）,サービス業,-,3185.0,38.6,49.8,47.7,0.31,3.25,,参考値,2
1742,3402,東レ,プライム（内国株式）,繊維製品,TOPIX Mid400,1212.5,5676.7,49.8,47.4,,3.61,,参考値,2
1743,3989,シェアリングテクノロジー,グロース（内国株式）,情報・通信業,-,1498.0,305.9,49.8,47.3,,4.82,,参考値,3
1744,9678,カナモト,プライム（内国株式）,サービス業,TOPIX Small 1,5350.0,438.6,49.8,47.3,,3.28,,参考値,2
1745,8253,クレディセゾン,プライム（内国株式）,その他金融業,TOPIX Mid400,4574.0,3275.6,49.8,46.9,,3.11,,参考値,3
1746,6485,前澤給装工業,スタンダード（内国株式）,機械,TOPIX Small 2,1610.0,43.3,49.8,45.8,,2.54,,参考値,3
1747,8370,紀陽銀行,プライム（内国株式）,銀行業,TOPIX Small 1,5050.0,644.8,49.8,45.6,,3.24,,参考値,4
1748,423A,ライオン事務器,スタンダード（内国株式）,卸売業,-,322.0,11.4,49.8,45.3,,1.7,,参考値,4
1749,2337,いちご,プライム（内国株式）,不動産業,TOPIX Small 1,391.0,290.9,49.8,45.2,0.17,2.6,,参考値,1
1750,4205,日本ゼオン,プライム（内国株式）,化学,TOPIX Mid400,2354.0,2253.5,49.8,44.5,,4.21,,参考値,3
1751,9324,安田倉庫,プライム（内国株式）,倉庫・運輸関連業,TOPIX Small 2,2560.0,211.4,49.8,43.3,,2.3,,参考値,3
1752,1835,東鉄工業,プライム（内国株式）,建設業,TOPIX Small 1,3940.0,279.0,49.8,43.1,0.03,2.16,,参考値,1
1753,7380,十六フィナンシャルグループ,プライム（内国株式）,銀行業,TOPIX Small 1,2572.0,1176.5,49.8,42.9,,4.24,,参考値,3
1754,4641,アルプス技研,プライム（内国株式）,サービス業,TOPIX Small 2,857.0,87.5,49.8,41.6,,2.45,,参考値,3
1755,2148,アイティメディア,プライム（内国株式）,サービス業,TOPIX Small 2,1156.0,52.7,49.8,41.5,0.3,2.28,,参考値,2
1756,9312,ケイヒン,スタンダード（内国株式）,倉庫・運輸関連業,-,2841.0,18.9,49.8,40.5,,2.17,,参考値,3
1757,4536,参天製薬,プライム（内国株式）,医薬品,TOPIX Mid400,1766.5,2262.8,49.8,40.4,,3.95,,参考値,0
1758,1882,東亜道路工業,プライム（内国株式）,建設業,TOPIX Small 1,1612.0,600.3,49.8,40.0,0.26,1.61,,参考値,2
1759,8200,リンガーハット,プライム（内国株式）,小売業,TOPIX Small 1,2343.0,329.4,49.8,39.6,,2.31,,参考値,3
1760,6718,アイホン,プライム（内国株式）,電気機器,TOPIX Small 2,2849.0,62.5,49.8,39.3,,1.41,,参考値,3
1761,7480,スズデン,スタンダード（内国株式）,卸売業,TOPIX Small 2,3370.0,256.0,49.8,38.9,,4.96,,参考値,3
1762,7084,Ｓｍｉｌｅ　Ｈｏｌｄｉｎｇｓ,グロース（内国株式）,サービス業,-,2985.0,11.3,49.8,38.8,,3.33,,参考値,3
1763,6822,大井電気,スタンダード（内国株式）,電気機器,-,5000.0,43.4,49.8,38.8,,2.93,,参考値,2
1764,5699,イボキン,スタンダード（内国株式）,鉄鋼,-,1618.0,12.3,49.8,37.7,,4.17,,参考値,3
1765,1833,奥村組,プライム（内国株式）,建設業,TOPIX Small 1,5790.0,758.8,49.8,37.5,-0.05,2.18,,参考値,3
1766,9064,ヤマトホールディングス,プライム（内国株式）,陸運業,TOPIX Mid400,1948.5,2245.1,49.8,37.3,,2.78,,参考値,3
1767,7931,未来工業,プライム（内国株式）,化学,TOPIX Small 2,3595.0,80.5,49.8,37.2,,2.86,,参考値,3
1768,7466,ＳＰＫ,プライム（内国株式）,卸売業,TOPIX Small 2,1436.0,58.0,49.8,37.2,,2.89,,参考値,3
1769,3611,マツオカコーポレーション,スタンダード（内国株式）,繊維製品,-,2413.0,63.8,49.8,36.9,,2.7,,参考値,1
1770,3139,ラクト・ジャパン,プライム（内国株式）,卸売業,TOPIX Small 2,3410.0,96.9,49.8,36.5,0.22,1.81,,参考値,4
1771,3543,コメダホールディングス,プライム（内国株式）,卸売業,TOPIX Small 1,2878.0,1102.5,49.8,36.4,,1.88,,参考値,2
1772,3148,クリエイトＳＤホールディングス,プライム（内国株式）,小売業,TOPIX Small 1,3405.0,237.0,49.8,35.0,0.2,2.03,,参考値,4
1773,7433,伯東,プライム（内国株式）,卸売業,TOPIX Small 1,5190.0,489.8,49.8,32.2,,3.27,,参考値,3
1774,3769,ＧＭＯペイメントゲートウェイ,プライム（内国株式）,情報・通信業,TOPIX Mid400,8679.0,3448.7,49.7,54.5,,5.22,,参考値,1
1775,4565,ネクセラファーマ,プライム（内国株式）,医薬品,TOPIX Small 1,1234.0,1530.7,49.7,52.9,,6.58,,参考値,4
1776,5535,ミガロホールディングス,プライム（内国株式）,不動産業,-,286.0,54.1,49.7,50.9,,4.98,,参考値,4
1777,6101,ツガミ,プライム（内国株式）,機械,TOPIX Small 1,4850.0,1875.4,49.7,50.7,,7.12,,参考値,1
1778,5870,ナルネットコミュニケーションズ,グロース（内国株式）,サービス業,-,884.0,19.7,49.7,50.6,,3.66,,参考値,3
1779,350A,デジタルグリッド,グロース（内国株式）,電気・ガス業,-,826.0,260.2,49.7,50.1,,5.45,,参考値,2
1780,1942,関電工,プライム（内国株式）,建設業,TOPIX Mid400,5636.0,4332.7,49.7,49.8,0.54,3.69,,参考値,1
1781,1384,ホクリヨウ,スタンダード（内国株式）,水産・農林業,-,2195.0,42.6,49.7,49.6,0.3,2.16,,参考値,4
1782,6369,トーヨーカネツ,プライム（内国株式）,機械,TOPIX Small 2,2443.0,198.2,49.7,48.6,,2.07,,参考値,2
1783,6517,デンヨー,プライム（内国株式）,電気機器,TOPIX Small 2,3910.0,195.9,49.7,48.0,,4.15,,参考値,3
1784,6999,ＫＯＡ,プライム（内国株式）,電気機器,TOPIX Small 1,2109.0,1298.4,49.7,47.7,,6.83,,参考値,1
1785,6543,日宣,スタンダード（内国株式）,サービス業,-,1221.0,11.6,49.7,47.5,,4.86,,参考値,4
1786,141A,トライアルホールディングス,グロース（内国株式）,小売業,-,4230.0,3447.2,49.7,47.3,0.63,5.99,,参考値,4
1787,2432,ディー・エヌ・エー,プライム（内国株式）,情報・通信業,TOPIX Mid400,2610.5,2886.9,49.7,47.1,0.48,3.23,,参考値,3
1788,3156,レスター,プライム（内国株式）,卸売業,TOPIX Small 2,5070.0,672.5,49.7,46.8,0.86,7.06,,参考値,4
1789,4992,北興化学工業,スタンダード（内国株式）,化学,TOPIX Small 2,1895.0,156.9,49.7,46.5,,4.12,,参考値,2
1790,7730,マニー,プライム（内国株式）,精密機器,TOPIX Small 1,1444.0,502.3,49.7,46.5,,2.79,,参考値,1
1791,5658,日亜鋼業,スタンダード（内国株式）,鉄鋼,-,400.0,15.8,49.7,46.4,,2.14,,参考値,4
1792,6625,ＪＡＬＣＯホールディングス,スタンダード（内国株式）,不動産業,-,377.0,81.8,49.7,46.3,,3.15,,参考値,4
1793,4893,ノイルイミューン・バイオテック,グロース（内国株式）,医薬品,-,146.0,19.4,49.7,46.0,,6.46,,参考値,4
1794,7508,Ｇ‐７ホールディングス,プライム（内国株式）,小売業,TOPIX Small 2,1424.0,74.9,49.7,44.3,,1.92,,参考値,2
1795,1852,淺沼組,プライム（内国株式）,建設業,TOPIX Small 1,888.0,445.9,49.7,42.6,0.33,2.34,,参考値,3
1796,7888,三光合成,プライム（内国株式）,化学,TOPIX Small 2,888.0,96.2,49.7,42.1,,2.97,,参考値,2
1797,1719,安藤・間,プライム（内国株式）,建設業,TOPIX Mid400,1911.0,1234.2,49.7,41.2,0.28,2.0,,参考値,3
1798,9233,アジア航測,スタンダード（内国株式）,空運業,-,1157.0,12.9,49.7,41.2,,2.32,,参考値,3
1799,5445,東京鐵鋼,プライム（内国株式）,鉄鋼,TOPIX Small 1,2016.0,198.4,49.7,40.5,,2.4,,参考値,2
1800,2784,アルフレッサ　ホールディングス,プライム（内国株式）,卸売業,TOPIX Mid400,2284.5,964.2,49.7,39.4,0.26,1.99,,参考値,4
1801,5703,日本軽金属ホールディングス,プライム（内国株式）,非鉄金属,TOPIX Small 1,2930.0,704.6,49.7,39.1,,3.99,,参考値,3
1802,9003,相鉄ホールディングス,プライム（内国株式）,陸運業,TOPIX Mid400,2615.0,693.8,49.7,39.0,,2.07,,参考値,3
1803,4394,エクスモーション,グロース（内国株式）,情報・通信業,-,629.0,52.5,49.7,39.0,,12.21,,参考値,3
1804,8304,あおぞら銀行,プライム（内国株式）,銀行業,TOPIX Mid400,3381.0,5094.1,49.7,38.3,,3.68,,参考値,3
1805,9729,トーカイ,プライム（内国株式）,サービス業,TOPIX Small 2,2470.0,91.1,49.7,38.3,,3.05,,参考値,2
1806,2810,ハウス食品グループ本社,プライム（内国株式）,食料品,TOPIX Mid400,3854.0,954.1,49.7,38.1,0.41,2.7,,参考値,3
1807,7981,タカラスタンダード,プライム（内国株式）,その他製品,TOPIX Small 1,3075.0,343.6,49.7,37.2,,2.66,,参考値,3
1808,5947,リンナイ,プライム（内国株式）,金属製品,TOPIX Mid400,3491.0,1087.6,49.7,37.0,,2.28,,参考値,1
1809,8860,フジ住宅,プライム（内国株式）,不動産業,TOPIX Small 2,738.0,40.6,49.7,36.4,,1.89,,参考値,1
1810,5232,住友大阪セメント,プライム（内国株式）,ガラス・土石製品,TOPIX Mid400,5497.0,1048.9,49.7,36.3,,4.54,,参考値,2
1811,3021,パシフィックネット,スタンダード（内国株式）,サービス業,-,1596.0,18.5,49.7,36.1,0.26,2.32,,参考値,1
1812,8052,椿本興業,プライム（内国株式）,卸売業,TOPIX Small 2,2888.0,173.3,49.7,34.9,,2.47,,参考値,3
1813,9081,神奈川中央交通,プライム（内国株式）,陸運業,TOPIX Small 2,3990.0,45.5,49.7,34.8,,2.04,,参考値,3
1814,6273,ＳＭＣ,プライム（内国株式）,機械,TOPIX Large70,65650.0,19312.3,49.6,54.1,,4.99,,参考値,1
1815,446A,ノースサンド,グロース（内国株式）,サービス業,-,2149.0,1107.2,49.6,53.0,,8.71,,参考値,3
1816,421A,ムービン・ストラテジック・キャリア,グロース（内国株式）,サービス業,-,3815.0,445.1,49.6,52.6,,9.21,,参考値,2
1817,8392,大分銀行,プライム（内国株式）,銀行業,TOPIX Small 2,2952.0,792.7,49.6,52.1,,5.29,,参考値,4
1818,9068,丸全昭和運輸,プライム（内国株式）,陸運業,TOPIX Small 1,7280.0,188.4,49.6,51.0,,2.43,,参考値,1
1819,9962,ミスミグループ本社,プライム（内国株式）,卸売業,TOPIX Mid400,3534.0,4437.7,49.6,50.9,,4.88,,参考値,1
1820,471A,ＮＳグループ,プライム（内国株式）,その他金融業,TOPIX Small 2,1537.0,312.6,49.6,50.4,,2.7,,参考値,2
1821,9532,大阪瓦斯,プライム（内国株式）,電気・ガス業,TOPIX Mid400,5856.0,4878.4,49.6,48.7,,2.91,,参考値,4
1822,9247,ＴＲＥホールディングス,プライム（内国株式）,サービス業,TOPIX Small 1,1810.0,536.5,49.6,48.7,,5.08,,参考値,1
1823,5334,日本特殊陶業,プライム（内国株式）,ガラス・土石製品,TOPIX Mid400,7444.0,8610.7,49.6,48.6,,5.06,,参考値,1
1824,3987,エコモット,グロース（内国株式）,情報・通信業,-,666.0,21.4,49.6,48.5,,5.68,,参考値,3
1825,6317,北川鉄工所,スタンダード（内国株式）,機械,TOPIX Small 2,1728.0,51.4,49.6,47.9,,3.23,,参考値,3
1826,1720,東急建設,プライム（内国株式）,建設業,TOPIX Small 1,1182.0,339.5,49.6,47.4,0.4,2.88,,参考値,3
1827,4743,アイティフォー,プライム（内国株式）,情報・通信業,TOPIX Small 2,1602.0,161.1,49.6,47.2,,2.12,,参考値,1
1828,7048,ベルトラ,グロース（内国株式）,サービス業,-,158.0,26.7,49.6,47.1,,5.22,,参考値,4
1829,6104,芝浦機械,プライム（内国株式）,機械,TOPIX Small 1,4225.0,551.2,49.6,46.5,,4.32,,参考値,1
1830,1979,大氣社,プライム（内国株式）,建設業,TOPIX Small 1,3810.0,1052.5,49.6,46.4,0.62,3.6,,参考値,0
1831,2317,システナ,プライム（内国株式）,情報・通信業,TOPIX Small 1,434.0,469.8,49.6,46.0,0.5,3.41,,参考値,2
1832,1887,日本国土開発,プライム（内国株式）,建設業,TOPIX Small 2,552.0,157.8,49.6,44.0,0.31,2.14,,参考値,4
1833,8337,千葉興業銀行,プライム（内国株式）,銀行業,TOPIX Small 1,2684.0,470.4,49.6,43.5,,4.63,,参考値,2
1834,8016,オンワードホールディングス,プライム（内国株式）,繊維製品,TOPIX Small 1,708.0,609.6,49.6,43.3,,2.57,,参考値,1
1835,9273,コーア商事ホールディングス,プライム（内国株式）,卸売業,TOPIX Small 2,755.0,36.7,49.6,42.9,,2.1,,参考値,2
1836,7747,朝日インテック,プライム（内国株式）,精密機器,TOPIX Mid400,3313.0,5817.7,49.6,42.8,,6.17,,参考値,2
1837,9107,川崎汽船,プライム（内国株式）,海運業,TOPIX Mid400,3427.0,18079.7,49.6,42.6,,5.01,,参考値,3
1838,5021,コスモエネルギーホールディングス,プライム（内国株式）,石油・石炭製品,TOPIX Mid400,4435.0,2354.1,49.6,42.1,,3.38,,参考値,4
1839,3667,ｅｎｉｓｈ,スタンダード（内国株式）,情報・通信業,-,27.0,11.6,49.6,42.1,,9.52,,参考値,1
1840,9842,アークランズ,プライム（内国株式）,小売業,TOPIX Small 1,1881.0,796.0,49.6,42.0,,2.37,,参考値,3
1841,4492,ゼネテック,スタンダード（内国株式）,情報・通信業,-,393.0,16.0,49.6,41.5,,6.11,,参考値,3
1842,8596,九州リースサービス,スタンダード（内国株式）,その他金融業,-,1551.0,42.6,49.6,41.2,,2.31,,参考値,3
1843,7921,ＴＡＫＡＲＡ　＆　ＣＯＭＰＡＮＹ,プライム（内国株式）,その他製品,TOPIX Small 2,4050.0,94.7,49.6,41.2,,3.04,,参考値,2
1844,9708,帝国ホテル,スタンダード（内国株式）,サービス業,-,967.0,136.8,49.6,41.2,,1.7,,参考値,0
1845,5902,ホッカンホールディングス,プライム（内国株式）,金属製品,TOPIX Small 2,2666.0,73.0,49.6,40.9,,3.21,,参考値,4
1846,7593,ＶＴホールディングス,プライム（内国株式）,小売業,TOPIX Small 1,527.0,254.2,49.6,40.6,,2.34,,参考値,3
1847,5901,東洋製罐グループホールディングス,プライム（内国株式）,金属製品,TOPIX Mid400,4508.0,1180.7,49.6,40.3,,2.64,,参考値,4
1848,9204,スカイマーク,グロース（内国株式）,空運業,-,420.0,36.5,49.6,39.8,,3.11,,参考値,3
1849,3773,アドバンスト・メディア,グロース（内国株式）,情報・通信業,-,1024.0,47.8,49.6,39.7,,3.92,,参考値,0
1850,6837,京写,スタンダード（内国株式）,電気機器,-,361.0,19.4,49.6,39.1,,3.32,,参考値,3
1851,4526,理研ビタミン,プライム（内国株式）,食料品,TOPIX Small 2,3270.0,209.5,49.6,37.8,,2.49,,参考値,2
1852,4452,花王,プライム（内国株式）,化学,TOPIX Large70,3443.0,11174.2,49.6,37.3,,2.63,,参考値,3
1853,4476,ＡＩ　ＣＲＯＳＳ,グロース（内国株式）,情報・通信業,-,1087.0,30.3,49.6,37.3,,4.17,,参考値,2
1854,2114,フジ日本,スタンダード（内国株式）,食料品,-,681.0,10.2,49.6,36.6,0.33,1.89,,参考値,4
1855,7475,アルビス,プライム（内国株式）,小売業,TOPIX Small 2,2500.0,30.9,49.6,36.6,,1.56,,参考値,1
1856,6899,ＡＳＴＩ,スタンダード（内国株式）,電気機器,-,2285.0,12.0,49.6,35.8,,3.22,,参考値,2
1857,7988,ニフコ,プライム（内国株式）,化学,TOPIX Mid400,4929.0,1312.3,49.6,35.2,,3.18,,参考値,2
1858,4025,多木化学,プライム（内国株式）,化学,TOPIX Small 2,5600.0,164.3,49.5,53.4,,5.78,,参考値,2
1859,6958,日本シイエムケイ,プライム（内国株式）,電気機器,TOPIX Small 2,716.0,748.6,49.5,51.7,,8.05,,参考値,3
1860,1975,朝日工業社,プライム（内国株式）,建設業,TOPIX Small 1,3905.0,299.5,49.5,49.7,0.54,4.07,,参考値,1
1861,4719,アルファシステムズ,プライム（内国株式）,情報・通信業,TOPIX Small 2,3310.0,38.5,49.5,49.0,,2.48,,参考値,2
1862,8551,北日本銀行,プライム（内国株式）,銀行業,TOPIX Small 2,8070.0,380.5,49.5,47.8,,5.32,,参考値,3
1863,1762,高松コンストラクショングループ,プライム（内国株式）,建設業,TOPIX Small 2,4095.0,160.5,49.5,47.6,0.31,3.0,,参考値,4
1864,9025,鴻池運輸,プライム（内国株式）,陸運業,TOPIX Small 1,2855.0,239.0,49.5,47.6,,2.39,,参考値,2
1865,7537,丸文,プライム（内国株式）,卸売業,TOPIX Small 2,1729.0,189.0,49.5,47.5,,4.62,,参考値,3
1866,3608,ＴＳＩホールディングス,プライム（内国株式）,繊維製品,TOPIX Small 1,1238.0,320.8,49.5,47.4,,2.69,,参考値,3
1867,8346,東邦銀行,プライム（内国株式）,銀行業,TOPIX Small 1,976.0,869.7,49.5,46.6,,3.9,,参考値,3
1868,9449,ＧＭＯインターネットグループ,プライム（内国株式）,情報・通信業,TOPIX Mid400,3859.0,1494.4,49.5,46.4,,4.26,,参考値,1
1869,6675,サクサ,スタンダード（内国株式）,電気機器,-,2151.0,80.6,49.5,45.4,,2.32,,参考値,4
1870,1939,四電工,プライム（内国株式）,建設業,TOPIX Small 2,2317.0,242.2,49.5,44.6,0.58,3.94,,参考値,4
1871,5423,東京製鐵,プライム（内国株式）,鉄鋼,TOPIX Small 1,1685.0,531.6,49.5,44.0,,3.59,,参考値,0
1872,5451,ヨドコウ,プライム（内国株式）,鉄鋼,TOPIX Small 1,1398.0,328.8,49.5,43.4,,2.32,,参考値,2
1873,1929,日特建設,プライム（内国株式）,建設業,TOPIX Small 2,1214.0,93.8,49.5,42.7,0.29,2.07,,参考値,4
1874,8125,ワキタ,プライム（内国株式）,卸売業,TOPIX Small 1,1963.0,319.5,49.5,42.2,,2.01,,参考値,3
1875,8336,武蔵野銀行,プライム（内国株式）,銀行業,TOPIX Small 1,2734.0,711.4,49.5,41.6,,3.52,,参考値,3
1876,3291,飯田グループホールディングス,プライム（内国株式）,不動産業,TOPIX Mid400,2255.0,1197.8,49.5,41.4,0.42,2.51,,参考値,3
1877,9644,タナベコンサルティンググループ,プライム（内国株式）,サービス業,TOPIX Small 2,752.0,52.5,49.5,41.3,,1.74,,参考値,1
1878,7458,第一興商,プライム（内国株式）,卸売業,TOPIX Mid400,1829.0,405.7,49.5,41.0,,2.32,,参考値,2
1879,8358,スルガ銀行,プライム（内国株式）,銀行業,TOPIX Small 1,2908.0,2326.1,49.5,40.7,,3.46,,参考値,3
1880,9755,応用地質,プライム（内国株式）,サービス業,TOPIX Small 2,2848.0,203.3,49.5,40.6,,2.13,,参考値,3
1881,2001,ニップン,プライム（内国株式）,食料品,TOPIX Small 1,2952.0,406.9,49.5,40.1,0.2,2.22,,参考値,3
1882,5357,ヨータイ,プライム（内国株式）,ガラス・土石製品,TOPIX Small 2,1753.0,71.5,49.5,40.0,,1.46,,参考値,2
1883,9979,大庄,スタンダード（内国株式）,小売業,TOPIX Small 2,1055.0,82.2,49.5,39.9,,1.96,,参考値,1
1884,4668,明光ネットワークジャパン,プライム（内国株式）,サービス業,TOPIX Small 2,768.0,132.7,49.5,37.8,,2.19,,参考値,4
1885,7962,キングジム,プライム（内国株式）,その他製品,TOPIX Small 2,794.0,20.8,49.5,37.6,,1.44,,参考値,2
1886,2117,ウェルネオシュガー,プライム（内国株式）,食料品,TOPIX Small 2,2823.0,70.1,49.5,36.7,0.21,1.91,,参考値,3
1887,8051,山善,プライム（内国株式）,卸売業,TOPIX Small 1,1902.0,409.6,49.5,36.5,,2.96,,参考値,2
1888,2669,カネ美食品,スタンダード（内国株式）,小売業,-,3950.0,48.1,49.5,35.9,0.22,1.05,,参考値,1
1889,2195,アミタホールディングス,グロース（内国株式）,サービス業,-,361.0,36.2,49.5,35.5,0.74,10.21,,参考値,3
1890,9045,京阪ホールディングス,プライム（内国株式）,陸運業,TOPIX Mid400,3183.0,883.8,49.5,35.4,,1.96,,参考値,2
1891,6798,ＳＭＫ,プライム（内国株式）,電気機器,TOPIX Small 2,3220.0,39.4,49.5,35.0,,3.84,,参考値,3
1892,8154,加賀電子,プライム（内国株式）,卸売業,TOPIX Small 1,4725.0,726.2,49.5,34.7,,3.99,,参考値,2
1893,5885,ジーデップ・アドバンス,スタンダード（内国株式）,卸売業,-,3455.0,185.3,49.4,53.6,,7.86,,参考値,3
1894,4997,日本農薬,プライム（内国株式）,化学,TOPIX Small 2,1200.0,332.7,49.4,51.0,,4.66,,参考値,2
1895,8360,山梨中央銀行,プライム（内国株式）,銀行業,TOPIX Small 1,7000.0,978.7,49.4,50.8,,4.59,,参考値,2
1896,6184,鎌倉新書,プライム（内国株式）,サービス業,TOPIX Small 2,570.0,91.6,49.4,50.8,,3.12,,参考値,2
1897,9722,藤田観光,プライム（内国株式）,サービス業,TOPIX Small 1,2817.0,1076.2,49.4,50.1,,6.78,,参考値,3
1898,8056,ＢＩＰＲＯＧＹ,プライム（内国株式）,情報・通信業,TOPIX Mid400,4657.0,2026.5,49.4,49.3,,3.33,,参考値,4
1899,6676,ＢＵＦＦＡＬＯ,スタンダード（内国株式）,電気機器,TOPIX Small 2,3045.0,130.3,49.4,48.5,,3.85,,参考値,3
1900,6430,ダイコク電機,プライム（内国株式）,機械,TOPIX Small 2,2438.0,107.3,49.4,48.4,,2.26,,参考値,2
1901,7244,市光工業,プライム（内国株式）,電気機器,TOPIX Small 2,563.0,130.0,49.4,47.9,,4.93,,参考値,3
1902,1899,福田組,プライム（内国株式）,建設業,TOPIX Small 2,4590.0,398.5,49.4,47.8,0.16,5.42,,参考値,3
1903,2501,サッポロビール,プライム（内国株式）,食料品,TOPIX Mid400,1876.0,2438.8,49.4,47.4,0.68,2.83,,参考値,2
1904,9854,愛眼,スタンダード（内国株式）,小売業,-,285.0,16.3,49.4,45.8,,4.1,,参考値,3
1905,8012,長瀬産業,プライム（内国株式）,卸売業,TOPIX Mid400,1112.5,1222.4,49.4,45.5,,3.96,,参考値,2
1906,8706,極東証券,プライム（内国株式）,証券、商品先物取引業,TOPIX Small 1,1930.0,308.8,49.4,43.3,,2.79,,参考値,4
1907,8585,オリエントコーポレーション,プライム（内国株式）,その他金融業,TOPIX Small 1,847.0,334.8,49.4,43.2,,1.91,,参考値,1
1908,3551,ダイニック,スタンダード（内国株式）,繊維製品,-,1559.0,52.8,49.4,43.1,,3.69,,参考値,4
1909,6971,京セラ,プライム（内国株式）,電気機器,TOPIX Large70,3397.0,15074.1,49.4,42.7,,4.01,,参考値,2
1910,4097,高圧ガス工業,プライム（内国株式）,化学,TOPIX Small 2,1183.0,65.2,49.4,42.4,,3.04,,参考値,4
1911,3101,東洋紡,プライム（内国株式）,化学,TOPIX Small 1,1581.0,853.6,49.4,42.3,0.32,5.55,,参考値,2
1912,7575,日本ライフライン,プライム（内国株式）,卸売業,TOPIX Small 1,1497.0,313.6,49.4,42.2,,3.1,,参考値,3
1913,150A,ＪＳＨ,グロース（内国株式）,サービス業,-,707.0,434.0,49.4,42.0,0.97,13.78,,参考値,4
1914,7949,小松ウオール工業,プライム（内国株式）,その他製品,TOPIX Small 2,2823.0,138.2,49.4,41.9,,1.82,,参考値,3
1915,7482,シモジマ,プライム（内国株式）,卸売業,TOPIX Small 2,1504.0,52.8,49.4,41.9,,3.02,,参考値,3
1916,6089,ウィルグループ,プライム（内国株式）,サービス業,TOPIX Small 2,1140.0,75.4,49.4,41.9,,2.45,,参考値,2
1917,6845,アズビル,プライム（内国株式）,電気機器,TOPIX Mid400,1451.0,2107.8,49.4,41.6,,3.2,,参考値,1
1918,3374,内外テック,スタンダード（内国株式）,卸売業,-,3990.0,226.5,49.4,41.3,,6.42,,参考値,3
1919,5185,フコク,プライム（内国株式）,ゴム製品,TOPIX Small 2,1961.0,112.9,49.4,41.0,,2.12,,参考値,3
1920,8020,兼松,プライム（内国株式）,卸売業,TOPIX Mid400,2251.0,1196.5,49.4,40.7,,3.17,,参考値,3
1921,3864,三菱製紙,プライム（内国株式）,パルプ・紙,-,1164.0,196.2,49.4,40.3,,4.33,,参考値,3
1922,6279,瑞光,プライム（内国株式）,機械,TOPIX Small 2,914.0,17.5,49.4,40.3,,1.71,,参考値,2
1923,2329,東北新社,スタンダード（内国株式）,情報・通信業,-,498.0,96.9,49.4,40.3,0.31,2.41,,参考値,1
1924,6183,ベルシステム２４ホールディングス,プライム（内国株式）,サービス業,TOPIX Small 2,1359.0,434.7,49.4,40.0,,2.2,,参考値,3
1925,7947,エフピコ,プライム（内国株式）,化学,TOPIX Small 1,2813.0,516.4,49.4,38.2,,2.38,,参考値,3
1926,3544,サツドラホールディングス,スタンダード（内国株式）,小売業,-,1249.0,22.2,49.4,37.9,,0.25,,参考値,3
1927,6877,ＯＢＡＲＡ　ＧＲＯＵＰ,スタンダード（内国株式）,電気機器,TOPIX Small 2,5380.0,182.2,49.4,37.1,,3.78,,参考値,0
1928,3877,中越パルプ工業,プライム（内国株式）,パルプ・紙,-,2191.0,90.4,49.4,36.5,,2.15,,参考値,3
1929,8174,日本瓦斯,プライム（内国株式）,小売業,TOPIX Mid400,3081.0,638.4,49.4,36.2,,2.85,,参考値,4
1930,8098,稲畑産業,プライム（内国株式）,卸売業,TOPIX Small 1,4455.0,460.5,49.4,35.0,,2.53,,参考値,3
1931,2705,大戸屋ホールディングス,スタンダード（内国株式）,小売業,-,9060.0,242.4,49.4,34.8,0.14,5.88,,参考値,3
1932,7357,ジオコード,スタンダード（内国株式）,サービス業,-,1705.0,16.1,49.4,34.5,,4.8,,参考値,2
1933,6960,フクダ電子,スタンダード（内国株式）,電気機器,-,11860.0,686.7,49.4,34.2,,4.25,,参考値,2
1934,9042,阪急阪神ホールディングス,プライム（内国株式）,陸運業,TOPIX Mid400,4709.0,3308.8,49.4,29.0,,2.55,,参考値,4
1935,5214,日本電気硝子,プライム（内国株式）,ガラス・土石製品,TOPIX Mid400,4686.0,3154.4,49.3,53.5,,4.04,,参考値,1
1936,3180,ビューティガレージ,プライム（内国株式）,卸売業,TOPIX Small 2,1625.0,48.1,49.3,51.6,0.51,3.84,,参考値,3
1937,6810,マクセル,プライム（内国株式）,電気機器,TOPIX Small 1,2461.0,709.3,49.3,50.8,,5.49,,参考値,4
1938,3153,八洲電機,プライム（内国株式）,卸売業,TOPIX Small 2,3020.0,223.5,49.3,50.5,0.46,4.58,,参考値,3
1939,4676,フジ・メディア・ホールディングス,プライム（内国株式）,情報・通信業,TOPIX Mid400,4062.0,2202.3,49.3,50.0,,3.15,,参考値,2
1940,3133,海帆,グロース（内国株式）,小売業,-,62.0,39.5,49.3,49.6,5.84,8.99,,参考値,1
1941,429A,テクセンドフォトマスク,プライム（内国株式）,その他製品,TOPIX Small 2,3755.0,2621.4,49.3,49.5,,6.93,,参考値,0
1942,3132,マクニカホールディングス,プライム（内国株式）,卸売業,TOPIX Mid400,3445.0,2876.1,49.3,49.3,0.47,6.09,,参考値,3
1943,4228,積水化成品工業,プライム（内国株式）,化学,TOPIX Small 2,559.0,183.6,49.3,49.2,,6.27,,参考値,3
1944,2962,テクニスコ,スタンダード（内国株式）,金属製品,-,1565.0,849.5,49.3,49.0,0.31,16.17,,参考値,3
1945,5401,日本製鉄,プライム（内国株式）,鉄鋼,TOPIX Large70,677.9,27826.3,49.3,49.0,,4.03,,参考値,2
1946,4686,ジャストシステム,プライム（内国株式）,情報・通信業,TOPIX Small 1,4220.0,356.0,49.3,48.9,,3.3,,参考値,4
1947,8708,アイザワ証券グループ,プライム（内国株式）,証券、商品先物取引業,TOPIX Small 2,1790.0,272.4,49.3,48.5,,3.78,,参考値,4
1948,6741,日本信号,プライム（内国株式）,電気機器,TOPIX Small 2,1762.0,309.8,49.3,48.2,,4.26,,参考値,2
1949,8001,伊藤忠商事,プライム（内国株式）,卸売業,TOPIX Core30,2277.0,28022.5,49.3,48.1,,3.64,,参考値,3
1950,5384,フジミインコーポレーテッド,プライム（内国株式）,ガラス・土石製品,TOPIX Small 1,3285.0,1145.3,49.3,48.0,,5.79,,参考値,1
1951,7189,西日本フィナンシャルホールディングス,プライム（内国株式）,銀行業,TOPIX Mid400,4815.0,2050.4,49.3,47.7,,3.85,,参考値,4
1952,8368,百五銀行,プライム（内国株式）,銀行業,TOPIX Small 1,2300.0,1925.7,49.3,47.3,,4.95,,参考値,3
1953,8343,秋田銀行,プライム（内国株式）,銀行業,TOPIX Small 2,9000.0,1231.1,49.3,47.3,,5.01,,参考値,3
1954,8804,東京建物,プライム（内国株式）,不動産業,TOPIX Mid400,3344.0,2347.8,49.3,47.3,,2.65,,参考値,2
1955,2445,タカミヤ,スタンダード（内国株式）,サービス業,TOPIX Small 2,395.0,29.8,49.3,46.5,0.28,2.47,,参考値,2
1956,9956,バローホールディングス,プライム（内国株式）,小売業,TOPIX Small 1,3225.0,551.3,49.3,46.5,,2.48,,参考値,0
1957,5108,ブリヂストン,プライム（内国株式）,ゴム製品,TOPIX Large70,3797.0,13594.7,49.3,45.8,,2.9,,参考値,3
1958,1951,エクシオグループ,プライム（内国株式）,建設業,TOPIX Mid400,2606.5,1209.3,49.3,45.7,0.3,2.35,,参考値,0
1959,3744,サイオス,スタンダード（内国株式）,情報・通信業,-,456.0,14.0,49.3,45.5,,3.17,,参考値,0
1960,8542,トマト銀行,スタンダード（内国株式）,銀行業,-,1935.0,58.3,49.3,45.1,,3.41,,参考値,3
1961,8252,丸井グループ,プライム（内国株式）,小売業,TOPIX Mid400,2898.0,2914.6,49.3,44.9,,2.13,,参考値,1
1962,9470,学研ホールディングス,プライム（内国株式）,情報・通信業,TOPIX Small 2,1024.0,128.5,49.3,44.0,,2.18,,参考値,2
1963,2264,森永乳業,プライム（内国株式）,食料品,TOPIX Mid400,1116.5,1807.8,49.3,43.8,0.29,2.88,,参考値,0
1964,8383,鳥取銀行,スタンダード（内国株式）,銀行業,-,1901.0,62.2,49.3,43.2,,3.79,,参考値,3
1965,6381,アネスト岩田,プライム（内国株式）,機械,TOPIX Small 2,1952.0,168.0,49.3,42.9,,2.5,,参考値,4
1966,6339,新東工業,プライム（内国株式）,機械,TOPIX Small 2,1151.0,137.1,49.3,42.3,,3.01,,参考値,2
1967,6058,ベクトル,プライム（内国株式）,サービス業,TOPIX Small 2,2017.0,995.0,49.3,42.1,,6.93,,参考値,3
1968,4246,ダイキョーニシカワ,プライム（内国株式）,化学,TOPIX Small 2,1062.0,259.6,49.3,41.7,,3.04,,参考値,3
1969,7504,高速,プライム（内国株式）,卸売業,TOPIX Small 2,4400.0,402.1,49.3,41.6,,7.46,,参考値,3
1970,9902,日伝,プライム（内国株式）,卸売業,TOPIX Small 2,3025.0,170.2,49.3,41.5,,2.41,,参考値,2
1971,7030,スプリックス,スタンダード（内国株式）,サービス業,-,975.0,19.0,49.3,41.0,,2.27,,参考値,1
1972,7049,識学,グロース（内国株式）,サービス業,-,786.0,22.5,49.3,40.5,,2.63,,参考値,1
1973,9424,日本通信,プライム（内国株式）,情報・通信業,TOPIX Small 2,121.0,268.7,49.3,40.4,,4.87,,参考値,4
1974,9793,ダイセキ,プライム（内国株式）,サービス業,TOPIX Small 1,3630.0,418.2,49.3,40.2,,2.28,,参考値,0
1975,9987,スズケン,プライム（内国株式）,卸売業,TOPIX Mid400,5187.0,830.5,49.3,40.0,,2.65,,参考値,2
1976,2590,ダイドーグループホールディングス,プライム（内国株式）,食料品,TOPIX Small 1,3035.0,355.7,49.3,39.7,0.15,5.07,,参考値,3
1977,8097,三愛オブリ,プライム（内国株式）,卸売業,TOPIX Small 1,2400.0,218.6,49.3,39.6,,2.33,,参考値,4
1978,3421,稲葉製作所,スタンダード（内国株式）,金属製品,TOPIX Small 2,1729.0,49.5,49.3,39.2,,2.08,,参考値,4
1979,9202,ＡＮＡホールディングス,プライム（内国株式）,空運業,TOPIX Large70,2991.5,6064.1,49.3,38.5,,2.1,,参考値,1
1980,1867,植木組,スタンダード（内国株式）,建設業,-,2723.0,16.7,49.3,37.9,0.22,3.02,,参考値,2
1981,2121,ＭＩＸＩ,プライム（内国株式）,情報・通信業,TOPIX Small 1,3525.0,1359.9,49.3,37.8,0.24,4.1,,参考値,3
1982,9147,ＮＩＰＰＯＮ　ＥＸＰＲＥＳＳホールディングス,プライム（内国株式）,陸運業,TOPIX Mid400,5399.0,6567.0,49.3,36.5,,3.94,,参考値,3
1983,2607,不二製油,プライム（内国株式）,食料品,TOPIX Mid400,4396.0,1317.2,49.3,34.7,0.29,3.51,,参考値,3
1984,3512,日本フエルト,スタンダード（内国株式）,繊維製品,-,994.0,13.2,49.2,56.6,,4.26,,参考値,3
1985,4403,日油,プライム（内国株式）,化学,TOPIX Mid400,2590.0,2313.0,49.2,55.5,,2.77,,参考値,2
1986,6496,中北製作所,スタンダード（内国株式）,機械,-,5490.0,24.7,49.2,50.7,,4.37,,参考値,2
1987,1662,石油資源開発,プライム（内国株式）,鉱業,TOPIX Small 1,1895.0,2281.5,49.2,50.6,0.52,4.07,,参考値,4
1988,1909,日本ドライケミカル,スタンダード（内国株式）,機械,-,3700.0,338.0,49.2,49.8,0.26,0.28,,参考値,1
1989,7322,三十三フィナンシャルグループ,プライム（内国株式）,銀行業,TOPIX Small 2,2093.0,770.9,49.2,48.2,,5.32,,参考値,3
1990,4366,ダイトーケミックス,スタンダード（内国株式）,化学,-,438.0,33.7,49.2,47.7,,4.82,,参考値,1
1991,4323,日本システム技術,プライム（内国株式）,情報・通信業,TOPIX Small 2,1876.0,126.2,49.2,47.6,,4.76,,参考値,2
1992,7483,ドウシシャ,プライム（内国株式）,卸売業,TOPIX Small 2,3010.0,171.3,49.2,47.4,,2.16,,参考値,4
1993,6349,小森コーポレーション,プライム（内国株式）,機械,TOPIX Small 1,1989.0,323.4,49.2,47.3,,2.77,,参考値,4
1994,6678,テクノメディカ,スタンダード（内国株式）,電気機器,TOPIX Small 2,2023.0,22.6,49.2,46.9,,2.48,,参考値,2
1995,8032,日本紙パルプ商事,プライム（内国株式）,卸売業,TOPIX Small 2,1208.0,275.8,49.2,45.9,,2.85,,参考値,3
1996,8395,佐賀銀行,プライム（内国株式）,銀行業,TOPIX Small 2,6400.0,426.3,49.2,44.2,,4.77,,参考値,4
1997,8219,青山商事,プライム（内国株式）,小売業,TOPIX Small 1,759.0,423.7,49.2,43.3,,2.27,,参考値,3
1998,6358,酒井重工業,プライム（内国株式）,機械,TOPIX Small 2,2131.0,49.4,49.2,43.2,,1.85,,参考値,2
1999,5976,高周波熱錬,プライム（内国株式）,金属製品,TOPIX Small 2,1469.0,129.3,49.2,42.4,,2.73,,参考値,3
2000,8173,Ｊｏｓｈｉｎ,プライム（内国株式）,小売業,TOPIX Small 1,4120.0,697.9,49.2,41.3,,5.8,,参考値,2
2001,9928,ミロク情報サービス,プライム（内国株式）,情報・通信業,TOPIX Small 2,2010.0,86.4,49.2,40.8,,3.4,,参考値,4
2002,6952,カシオ計算機,プライム（内国株式）,電気機器,TOPIX Mid400,2108.5,4072.5,49.2,40.7,,7.03,,参考値,3
2003,6748,星和電機,スタンダード（内国株式）,電気機器,-,774.0,17.5,49.2,40.7,,2.31,,参考値,3
2004,9332,ＮＩＳＳＯホールディングス,プライム（内国株式）,サービス業,TOPIX Small 2,662.0,70.9,49.2,40.2,,2.15,,参考値,4
2005,5269,日本コンクリート工業,プライム（内国株式）,ガラス・土石製品,TOPIX Small 2,361.0,103.1,49.2,39.7,,2.85,,参考値,3
2006,8917,ファースト住建,スタンダード（内国株式）,不動産業,-,1138.0,44.8,49.2,39.7,,1.37,,参考値,2
2007,4994,大成ラミックグループ,スタンダード（内国株式）,化学,TOPIX Small 2,2729.0,62.3,49.2,39.3,,3.74,,参考値,3
2008,6412,平和,プライム（内国株式）,機械,TOPIX Small 1,2138.0,565.8,49.2,39.1,,2.05,,参考値,2
2009,7510,たけびし,プライム（内国株式）,卸売業,TOPIX Small 2,2682.0,121.2,49.2,37.6,,3.45,,参考値,2
2010,9658,ビジネスブレイン太田昭和,プライム（内国株式）,情報・通信業,TOPIX Small 2,1067.0,100.2,49.2,37.4,,2.96,,参考値,2
2011,9790,福井コンピュータホールディングス,プライム（内国株式）,情報・通信業,TOPIX Small 2,2970.0,97.2,49.2,36.0,,2.5,,参考値,0
2012,3645,メディカルネット,グロース（内国株式）,情報・通信業,-,272.0,46.0,49.2,35.9,,6.18,,参考値,4
2013,9436,沖縄セルラー電話,スタンダード（内国株式）,情報・通信業,-,4165.0,508.4,49.2,35.1,,2.5,,参考値,4
2014,9605,東映,プライム（内国株式）,情報・通信業,TOPIX Small 1,5990.0,369.1,49.2,32.7,,3.52,,参考値,4
2015,4521,科研製薬,プライム（内国株式）,医薬品,TOPIX Small 1,3905.0,467.1,49.2,31.9,,1.69,,参考値,2
2016,5010,日本精蝋,スタンダード（内国株式）,石油・石炭製品,-,284.0,145.0,49.2,29.6,,7.66,,参考値,3
2017,6946,日本アビオニクス,スタンダード（内国株式）,電気機器,-,6110.0,907.2,49.1,56.4,,8.21,,参考値,4
2018,6857,アドバンテスト,プライム（内国株式）,電気機器,TOPIX Core30,33800.0,288042.1,49.1,55.7,,7.46,,参考値,3
2019,6856,堀場製作所,プライム（内国株式）,電気機器,TOPIX Mid400,21610.0,4851.2,49.1,54.2,,5.02,,参考値,0
2020,7595,アルゴグラフィックス,プライム（内国株式）,情報・通信業,TOPIX Small 1,1279.0,273.5,49.1,52.3,,2.41,,参考値,1
2021,402A,アクセルスペースホールディングス,グロース（内国株式）,輸送用機器,-,552.0,725.0,49.1,52.1,,6.17,,参考値,2
2022,8604,野村ホールディングス,プライム（内国株式）,証券、商品先物取引業,TOPIX Large70,1648.5,14075.8,49.1,49.7,,3.41,,参考値,4
2023,6474,不二越,プライム（内国株式）,機械,TOPIX Small 1,5200.0,443.5,49.1,49.2,,5.52,,参考値,0
2024,156A,マテリアルグループ,グロース（内国株式）,サービス業,-,891.0,39.6,49.1,47.9,0.73,3.49,,参考値,3
2025,1850,南海辰村建設,スタンダード（内国株式）,建設業,-,433.0,13.5,49.1,47.7,0.69,3.29,,参考値,3
2026,8381,山陰合同銀行,プライム（内国株式）,銀行業,TOPIX Small 1,2550.0,993.8,49.1,47.4,,3.31,,参考値,3
2027,9960,東テク,プライム（内国株式）,卸売業,TOPIX Small 1,4090.0,308.2,49.1,47.2,,3.59,,参考値,2
2028,4432,ウイングアーク１ｓｔ,プライム（内国株式）,情報・通信業,TOPIX Small 1,3195.0,693.0,49.1,46.9,,4.67,,参考値,2
2029,8739,スパークス・グループ,プライム（内国株式）,証券、商品先物取引業,TOPIX Small 2,2613.0,265.6,49.1,46.8,,2.66,,参考値,3
2030,4187,大阪有機化学工業,プライム（内国株式）,化学,TOPIX Small 1,4135.0,507.5,49.1,46.8,,5.62,,参考値,1
2031,6458,新晃工業,プライム（内国株式）,機械,TOPIX Small 1,1232.0,378.4,49.1,45.8,,2.46,,参考値,1
2032,2449,プラップジャパン,スタンダード（内国株式）,サービス業,-,1077.0,21.5,49.1,44.6,0.91,3.99,,参考値,3
2033,6574,コンヴァノ,グロース（内国株式）,サービス業,-,117.0,257.8,49.1,44.2,,9.62,,参考値,3
2034,9416,ビジョン,プライム（内国株式）,情報・通信業,TOPIX Small 1,1048.0,317.5,49.1,44.1,,2.35,,参考値,4
2035,9048,名古屋鉄道,プライム（内国株式）,陸運業,TOPIX Mid400,1878.0,914.7,49.1,43.3,,1.64,,参考値,3
2036,3861,王子ホールディングス,プライム（内国株式）,パルプ・紙,TOPIX Mid400,870.2,2851.4,49.1,42.1,,2.13,,参考値,2
2037,7875,竹田ｉＰホールディングス,スタンダード（内国株式）,その他製品,-,805.0,20.3,49.1,42.0,,3.05,,参考値,1
2038,2003,日東富士製粉,スタンダード（内国株式）,食料品,TOPIX Small 2,1812.0,34.5,49.1,41.6,0.37,1.83,,参考値,3
2039,7120,ＳＨＩＮＫＯ,スタンダード（内国株式）,卸売業,-,996.0,28.2,49.1,41.6,,1.87,,参考値,1
2040,6418,日本金銭機械,プライム（内国株式）,機械,TOPIX Small 2,1184.0,202.3,49.1,40.9,,3.91,,参考値,3
2041,8160,木曽路,プライム（内国株式）,小売業,TOPIX Small 1,2465.0,269.5,49.1,40.3,,1.81,,参考値,3
2042,9831,ヤマダホールディングス,プライム（内国株式）,小売業,TOPIX Mid400,693.0,2649.5,49.1,40.3,,3.07,,参考値,2
2043,2267,ヤクルト本社,プライム（内国株式）,食料品,TOPIX Mid400,2828.5,3266.3,49.1,39.8,0.23,2.76,,参考値,2
2044,4410,ハリマ化成グループ,プライム（内国株式）,化学,TOPIX Small 2,1082.0,71.9,49.1,39.0,,4.38,,参考値,3
2045,8043,スターゼン,プライム（内国株式）,卸売業,TOPIX Small 2,1512.0,266.0,49.1,38.6,,3.12,,参考値,3
2046,3159,丸善ＣＨＩホールディングス,スタンダード（内国株式）,小売業,-,400.0,33.2,49.1,37.9,0.61,3.38,,参考値,2
2047,7823,アートネイチャー,スタンダード（内国株式）,その他製品,TOPIX Small 2,820.0,74.0,49.1,37.4,,3.45,,参考値,1
2048,4549,栄研化学,プライム（内国株式）,医薬品,TOPIX Small 1,2263.0,472.5,49.1,37.3,,3.79,,参考値,0
2049,5911,横河ブリッジホールディングス,プライム（内国株式）,金属製品,TOPIX Small 1,2973.0,262.8,49.1,37.2,,1.64,,参考値,3
2050,6486,イーグル工業,プライム（内国株式）,機械,TOPIX Small 1,2916.0,303.2,49.1,37.0,,3.01,,参考値,3
2051,9828,Ｇｅｎｋｉ　Ｇｌｏｂａｌ　Ｄｉｎｉｎｇ　Ｃｏｎｃｅｐｔｓ,スタンダード（内国株式）,小売業,TOPIX Small 1,3360.0,211.6,49.1,35.2,,3.51,,参考値,3
2052,2206,江崎グリコ,プライム（内国株式）,食料品,TOPIX Mid400,5081.0,906.3,49.1,34.7,-0.09,1.95,,参考値,0
2053,3002,グンゼ,プライム（内国株式）,繊維製品,TOPIX Small 1,4050.0,686.7,49.1,34.1,0.11,1.97,,参考値,3
2054,2221,岩塚製菓,スタンダード（内国株式）,食料品,-,3070.0,11.4,49.1,33.1,0.21,0.84,,参考値,3
2055,6436,アマノ,プライム（内国株式）,機械,TOPIX Mid400,3888.0,800.6,49.1,25.3,,1.97,,参考値,3
2056,6507,シンフォニアテクノロジー,プライム（内国株式）,電気機器,TOPIX Small 1,11580.0,2073.3,49.0,55.5,,6.94,,参考値,1
2057,6941,山一電機,プライム（内国株式）,電気機器,TOPIX Small 1,7210.0,2455.5,49.0,55.0,,7.43,,参考値,1
2058,5142,アキレス,プライム（内国株式）,化学,TOPIX Small 2,1758.0,219.7,49.0,53.7,,6.92,,参考値,3
2059,4379,Ｐｈｏｔｏｓｙｎｔｈ,グロース（内国株式）,情報・通信業,-,434.0,16.5,49.0,52.7,,3.65,,参考値,2
2060,4975,ＪＣＵ,プライム（内国株式）,化学,TOPIX Small 1,5520.0,654.3,49.0,52.4,,4.97,,参考値,0
2061,1723,日本電技,スタンダード（内国株式）,建設業,-,2453.0,541.4,49.0,52.3,0.69,6.04,,参考値,2
2062,5992,中央発條,スタンダード（内国株式）,金属製品,TOPIX Small 2,3665.0,106.5,49.0,51.6,,2.08,,参考値,1
2063,6752,パナソニック　ホールディングス,プライム（内国株式）,電気機器,TOPIX Large70,4164.0,35189.5,49.0,51.5,,5.45,,参考値,1
2064,6298,ワイエイシイホールディングス,プライム（内国株式）,機械,TOPIX Small 2,1310.0,283.4,49.0,50.7,,5.45,,参考値,2
2065,4507,塩野義製薬,プライム（内国株式）,医薬品,TOPIX Large70,2897.5,7055.5,49.0,50.5,,3.07,,参考値,3
2066,2975,スター・マイカ・ホールディングス,プライム（内国株式）,不動産業,TOPIX Small 2,1430.0,229.6,49.0,49.4,0.32,3.7,,参考値,2
2067,332A,ミーク,グロース（内国株式）,情報・通信業,-,1136.0,92.8,49.0,48.9,,3.83,,参考値,3
2068,6850,チノー,プライム（内国株式）,電気機器,TOPIX Small 2,1664.0,77.9,49.0,47.8,,3.23,,参考値,3
2069,6061,ユニバーサル園芸社,スタンダード（内国株式）,サービス業,-,3135.0,27.0,49.0,47.4,,4.59,,参考値,4
2070,8078,阪和興業,プライム（内国株式）,卸売業,TOPIX Small 1,1914.0,901.3,49.0,46.8,,2.87,,参考値,4
2071,5332,ＴＯＴＯ,プライム（内国株式）,ガラス・土石製品,TOPIX Mid400,5804.0,5740.4,49.0,46.4,,4.17,,参考値,0
2072,9212,Ｇｒｅｅｎ　Ｅａｒｔｈ　Ｉｎｓｔｉｔｕｔｅ,グロース（内国株式）,サービス業,-,265.0,13.0,49.0,46.0,,5.74,,参考値,1
2073,8881,日神グループホールディングス,プライム（内国株式）,不動産業,TOPIX Small 2,659.0,81.6,49.0,45.1,,1.9,,参考値,3
2074,4350,メディカルシステムネットワーク,スタンダード（内国株式）,小売業,TOPIX Small 2,490.0,54.0,49.0,41.2,,4.37,,参考値,3
2075,6482,ＹＵＳＨＩＮ,スタンダード（内国株式）,機械,TOPIX Small 2,705.0,45.4,49.0,41.1,,3.47,,参考値,2
2076,5463,丸一鋼管,プライム（内国株式）,鉄鋼,TOPIX Mid400,1728.5,1352.7,49.0,41.0,,3.25,,参考値,0
2077,7616,コロワイド,プライム（内国株式）,小売業,TOPIX Mid400,2053.5,784.9,49.0,39.9,,2.55,,参考値,3
2078,9007,小田急電鉄,プライム（内国株式）,陸運業,TOPIX Mid400,1790.5,1971.6,49.0,39.2,,2.25,,参考値,3
2079,4008,住友精化,プライム（内国株式）,化学,TOPIX Small 1,1430.0,313.9,49.0,39.1,,3.38,,参考値,3
2080,9616,共立メンテナンス,プライム（内国株式）,サービス業,TOPIX Mid400,3184.0,3201.4,49.0,39.1,,3.89,,参考値,2
2081,6136,オーエスジー,プライム（内国株式）,機械,TOPIX Mid400,3425.0,1178.6,49.0,39.0,,4.45,,参考値,2
2082,7779,ＣＹＢＥＲＤＹＮＥ,グロース（内国株式）,精密機器,-,227.0,293.2,49.0,38.9,,4.15,,参考値,0
2083,7943,ニチハ,プライム（内国株式）,ガラス・土石製品,TOPIX Small 1,2974.0,158.9,49.0,37.8,,2.74,,参考値,2
2084,9405,朝日放送グループホールディングス,プライム（内国株式）,情報・通信業,TOPIX Small 2,877.0,49.0,49.0,37.0,,2.08,,参考値,3
2085,6340,澁谷工業,プライム（内国株式）,機械,TOPIX Small 2,5150.0,615.6,49.0,36.9,,5.87,,参考値,4
2086,2930,北の達人コーポレーション,プライム（内国株式）,化学,TOPIX Small 2,130.0,46.8,49.0,36.0,0.64,4.08,,参考値,3
2087,2922,なとり,プライム（内国株式）,食料品,TOPIX Small 2,1990.0,36.7,49.0,35.4,0.29,1.3,,参考値,4
2088,8159,立花エレテック,プライム（内国株式）,卸売業,TOPIX Small 2,3925.0,194.1,49.0,34.8,,4.78,,参考値,3
2089,8165,千趣会,スタンダード（内国株式）,小売業,TOPIX Small 2,105.0,13.9,49.0,33.4,,2.35,,参考値,1
2090,6481,ＴＨＫ,プライム（内国株式）,機械,TOPIX Mid400,6050.0,6456.7,49.0,31.2,,5.32,,参考値,1
2091,1965,テクノ菱和,スタンダード（内国株式）,建設業,-,7060.0,490.7,48.9,55.8,0.72,6.34,,参考値,3
2092,3549,クスリのアオキホールディングス,スタンダード（内国株式）,小売業,TOPIX Mid400,4132.0,936.7,48.9,53.1,,4.25,,参考値,4
2093,5393,ニチアス,プライム（内国株式）,ガラス・土石製品,TOPIX Mid400,3265.0,1758.7,48.9,52.4,,4.54,,参考値,0
2094,6996,ニチコン,プライム（内国株式）,電気機器,TOPIX Small 1,2474.0,2468.3,48.9,51.3,,7.29,,参考値,0
2095,6440,ＪＵＫＩ,プライム（内国株式）,機械,TOPIX Small 2,710.0,277.9,48.9,50.4,,7.67,,参考値,4
2096,3040,ソリトンシステムズ,プライム（内国株式）,情報・通信業,TOPIX Small 2,2291.0,365.0,48.9,50.0,-0.0,4.95,,参考値,3
2097,8285,三谷産業,スタンダード（内国株式）,卸売業,TOPIX Small 2,773.0,40.3,48.9,49.3,,3.49,,参考値,4
2098,6420,ガリレイホールディングス,プライム（内国株式）,機械,TOPIX Small 1,3480.0,153.5,48.9,48.6,,2.39,,参考値,3
2099,8707,岩井コスモホールディングス,プライム（内国株式）,証券、商品先物取引業,TOPIX Small 1,4660.0,557.5,48.9,48.3,,3.45,,参考値,4
2100,7746,岡本硝子,スタンダード（内国株式）,精密機器,-,826.0,422.2,48.9,47.9,,5.11,,参考値,3
2101,7135,ジャパンクラフトホールディングス,スタンダード（内国株式）,小売業,-,181.0,10.8,48.9,47.7,,3.72,,参考値,0
2102,3205,ダイドーリミテッド,スタンダード（内国株式）,繊維製品,-,733.0,79.9,48.9,46.9,0.25,2.0,,参考値,1
2103,4284,ソルクシーズ,スタンダード（内国株式）,情報・通信業,-,446.0,16.7,48.9,46.6,,3.6,,参考値,3
2104,9502,中部電力,プライム（内国株式）,電気・ガス業,TOPIX Mid400,2978.5,8644.9,48.9,44.7,,4.2,,参考値,2
2105,8167,リテールパートナーズ,プライム（内国株式）,小売業,TOPIX Small 2,1404.0,312.5,48.9,43.8,,3.65,,参考値,4
2106,7192,日本モーゲージサービス,スタンダード（内国株式）,その他金融業,-,679.0,37.5,48.9,43.5,,3.71,,参考値,3
2107,1898,世紀東急工業,プライム（内国株式）,建設業,TOPIX Small 1,1492.0,241.1,48.9,40.9,0.26,1.5,,参考値,4
2108,5367,ニッカトー,スタンダード（内国株式）,ガラス・土石製品,-,1325.0,230.0,48.9,40.8,,6.77,,参考値,2
2109,5938,ＬＩＸＩＬ,プライム（内国株式）,金属製品,TOPIX Mid400,1744.5,3214.0,48.9,40.7,,1.72,,参考値,1
2110,8233,高島屋,プライム（内国株式）,小売業,TOPIX Mid400,2117.0,4238.2,48.9,40.6,,4.92,,参考値,1
2111,8282,ケーズホールディングス,プライム（内国株式）,小売業,TOPIX Mid400,1863.5,1199.2,48.9,40.4,,2.83,,参考値,0
2112,3393,スターティアホールディングス,プライム（内国株式）,卸売業,-,3020.0,81.3,48.9,40.3,,1.95,,参考値,1
2113,1379,ホクト,プライム（内国株式）,水産・農林業,TOPIX Small 2,2086.0,252.2,48.9,40.1,0.29,2.49,,参考値,3
2114,3076,あい　ホールディングス,プライム（内国株式）,卸売業,TOPIX Small 1,2972.0,380.8,48.9,40.0,0.22,2.78,,参考値,3
2115,2179,成学社,スタンダード（内国株式）,サービス業,-,834.0,11.3,48.9,39.6,0.63,2.51,,参考値,2
2116,4548,生化学工業,プライム（内国株式）,医薬品,TOPIX Small 2,704.0,134.8,48.9,39.4,,2.05,,参考値,1
2117,2207,ｍｅｉｔｏ,プライム（内国株式）,食料品,TOPIX Small 2,3520.0,210.0,48.9,38.9,0.38,3.21,,参考値,4
2118,6995,東海理化電機製作所,プライム（内国株式）,輸送用機器,TOPIX Small 1,3040.0,354.9,48.9,38.5,,3.86,,参考値,3
2119,6333,ＴＥＩＫＯＫＵ,プライム（内国株式）,機械,TOPIX Small 2,3360.0,125.4,48.9,38.1,,3.25,,参考値,4
2120,7240,ＮＯＫ,プライム（内国株式）,輸送用機器,TOPIX Mid400,2926.0,967.6,48.9,37.3,,3.26,,参考値,3
2121,4972,綜研化学,スタンダード（内国株式）,化学,-,3645.0,263.9,48.9,36.8,,7.55,,参考値,4
2122,4512,わかもと製薬,スタンダード（内国株式）,医薬品,-,296.0,18.1,48.9,36.8,,5.54,,参考値,3
2123,7942,ＪＳＰ,プライム（内国株式）,化学,TOPIX Small 2,2817.0,196.9,48.9,35.1,,4.62,,参考値,3
2124,4845,スカラ,スタンダード（内国株式）,情報・通信業,TOPIX Small 2,347.0,20.8,48.9,33.5,,2.35,,参考値,2
2125,2809,キユーピー,プライム（内国株式）,食料品,TOPIX Mid400,4677.0,1336.7,48.9,31.3,-0.03,2.69,,参考値,3
2126,5302,日本カーボン,プライム（内国株式）,ガラス・土石製品,TOPIX Small 1,4970.0,342.1,48.9,29.3,,4.34,,参考値,2
2127,8079,正栄食品工業,プライム（内国株式）,卸売業,TOPIX Small 1,4540.0,157.4,48.9,26.2,,1.92,,参考値,4
2128,7685,ＢｕｙＳｅｌｌ　Ｔｅｃｈｎｏｌｏｇｉｅｓ,グロース（内国株式）,卸売業,-,3045.0,1443.4,48.8,53.5,,6.41,,参考値,1
2129,1433,ベステラ,プライム（内国株式）,建設業,-,1267.0,71.2,48.8,53.3,0.44,3.66,,参考値,4
2130,7456,松田産業,プライム（内国株式）,卸売業,TOPIX Small 1,7210.0,1086.4,48.8,52.5,,7.47,,参考値,3
2131,5013,ユシロ,スタンダード（内国株式）,石油・石炭製品,TOPIX Small 2,2819.0,132.7,48.8,52.2,,3.84,,参考値,1
2132,5202,日本板硝子,プライム（内国株式）,ガラス・土石製品,TOPIX Small 1,493.0,1126.2,48.8,51.1,,0.63,,参考値,3
2133,1946,トーエネック,プライム（内国株式）,建設業,TOPIX Small 2,2238.0,352.5,48.8,50.9,0.54,3.9,,参考値,3
2134,368A,北里,プライム（内国株式）,精密機器,TOPIX Small 2,1448.0,146.8,48.8,50.7,,3.63,,参考値,3
2135,7078,ＩＮＣＬＵＳＩＶＥ　Ｈｏｌｄｉｎｇｓ,グロース（内国株式）,サービス業,-,343.0,14.8,48.8,49.7,,6.68,,参考値,2
2136,6516,山洋電気,プライム（内国株式）,電気機器,TOPIX Small 1,5070.0,533.8,48.8,49.6,,4.46,,参考値,1
2137,6890,フェローテック,スタンダード（内国株式）,電気機器,-,9130.0,12056.9,48.8,49.3,,7.37,,参考値,4
2138,5333,ＮＧＫ,プライム（内国株式）,ガラス・土石製品,TOPIX Mid400,5025.0,7614.8,48.8,49.2,,5.22,,参考値,1
2139,5246,ＥＬＥＭＥＮＴＳ,グロース（内国株式）,情報・通信業,-,821.0,436.9,48.8,48.5,,7.27,,参考値,2
2140,4091,日本酸素ホールディングス,プライム（内国株式）,化学,TOPIX Mid400,5367.0,2530.1,48.8,48.5,,3.68,,参考値,0
2141,9551,メタウォーター,プライム（内国株式）,電気・ガス業,TOPIX Small 1,3095.0,316.9,48.8,48.2,,3.51,,参考値,0
2142,4099,四国化成ホールディングス,プライム（内国株式）,化学,TOPIX Small 2,2079.0,2082.6,48.8,48.1,,6.69,,参考値,1
2143,9413,テレビ東京ホールディングス,プライム（内国株式）,情報・通信業,TOPIX Small 1,3375.0,220.1,48.8,47.7,,2.17,,参考値,0
2144,2270,雪印メグミルク,プライム（内国株式）,食料品,TOPIX Small 1,3765.0,593.4,48.8,47.4,0.27,2.56,,参考値,3
2145,4362,日本精化,プライム（内国株式）,化学,TOPIX Small 2,2640.0,62.7,48.8,47.4,,2.27,,参考値,3
2146,2112,塩水港精糖,スタンダード（内国株式）,食料品,-,465.0,19.3,48.8,47.2,0.26,2.33,,参考値,3
2147,5471,大同特殊鋼,プライム（内国株式）,鉄鋼,TOPIX Mid400,2333.0,2457.7,48.8,46.8,,5.6,,参考値,1
2148,7296,エフ・シー・シー,プライム（内国株式）,輸送用機器,TOPIX Small 1,3970.0,574.9,48.8,45.9,,3.0,,参考値,3
2149,6981,村田製作所,プライム（内国株式）,電気機器,TOPIX Large70,7023.0,169223.1,48.8,45.9,,7.77,,参考値,0
2150,8425,みずほリース,プライム（内国株式）,その他金融業,TOPIX Small 1,1356.0,783.3,48.8,42.9,,2.05,,参考値,2
2151,1716,第一カッター興業,スタンダード（内国株式）,建設業,TOPIX Small 2,1382.0,47.1,48.8,42.2,0.64,2.37,,参考値,1
2152,8572,アコム,スタンダード（内国株式）,その他金融業,TOPIX Mid400,484.1,527.1,48.8,42.1,,1.77,,参考値,3
2153,6045,レントラックス,グロース（内国株式）,サービス業,-,2161.0,95.4,48.8,41.9,,8.02,,参考値,3
2154,8869,明和地所,スタンダード（内国株式）,不動産業,TOPIX Small 2,824.0,48.6,48.8,41.5,,1.53,,参考値,2
2155,7914,共同印刷,プライム（内国株式）,その他製品,TOPIX Small 2,1730.0,130.9,48.8,41.4,,2.35,,参考値,3
2156,1802,大林組,プライム（内国株式）,建設業,TOPIX Mid400,3050.0,7167.5,48.8,41.4,0.42,2.94,,参考値,2
2157,4763,クリーク・アンド・リバー社,プライム（内国株式）,サービス業,TOPIX Small 2,1453.0,63.2,48.8,41.0,,2.36,,参考値,3
2158,9900,サガミホールディングス,プライム（内国株式）,小売業,TOPIX Small 1,1109.0,328.0,48.8,40.8,,4.97,,参考値,3
2159,7893,プロネクサス,プライム（内国株式）,その他製品,TOPIX Small 2,1103.0,56.9,48.8,40.6,,2.38,,参考値,2
2160,3284,フージャースホールディングス,プライム（内国株式）,不動産業,TOPIX Small 2,1279.0,289.6,48.8,40.2,0.29,2.18,,参考値,3
2161,6658,シライ電子工業,スタンダード（内国株式）,電気機器,-,446.0,27.5,48.8,39.7,,2.52,,参考値,2
2162,9827,リリカラ,スタンダード（内国株式）,卸売業,-,632.0,11.2,48.8,39.0,,2.05,,参考値,3
2163,3391,ツルハホールディングス,プライム（内国株式）,小売業,TOPIX Mid400,2341.0,3036.4,48.8,38.6,,3.61,,参考値,1
2164,3976,シャノン,グロース（内国株式）,情報・通信業,-,594.0,64.3,48.8,38.5,,9.56,,参考値,3
2165,8628,松井証券,プライム（内国株式）,証券、商品先物取引業,TOPIX Small 1,1206.0,1093.4,48.8,38.4,,3.54,,参考値,4
2166,5280,ヨシコン,スタンダード（内国株式）,不動産業,-,2220.0,21.7,48.8,38.1,,1.86,,参考値,3
2167,4956,コニシ,プライム（内国株式）,化学,TOPIX Small 2,1452.0,95.0,48.8,37.1,,2.69,,参考値,3
2168,7820,ニホンフラッシュ,プライム（内国株式）,その他製品,TOPIX Small 2,705.0,45.1,48.8,36.7,,1.55,,参考値,1
2169,7780,メニコン,プライム（内国株式）,精密機器,TOPIX Small 1,1764.0,467.5,48.8,35.8,,4.17,,参考値,2
2170,5192,三ツ星ベルト,プライム（内国株式）,ゴム製品,TOPIX Small 1,4270.0,264.5,48.8,34.0,,2.21,,参考値,3
2171,4694,ビー・エム・エル,プライム（内国株式）,サービス業,TOPIX Small 1,3605.0,185.2,48.8,33.7,,2.57,,参考値,2
2172,2479,ジェイテック,スタンダード（内国株式）,サービス業,-,267.0,17.5,48.8,32.5,0.25,2.77,,参考値,4
2173,9715,トランス・コスモス,プライム（内国株式）,サービス業,TOPIX Small 1,3570.0,332.3,48.8,32.2,,2.51,,参考値,1
2174,6305,日立建機,プライム（内国株式）,機械,TOPIX Mid400,5750.0,14371.3,48.8,29.6,,5.47,,参考値,4
2175,8793,ＮＥＣキャピタルソリューション,プライム（内国株式）,その他金融業,TOPIX Small 2,4185.0,69.7,48.8,28.3,,1.88,,参考値,3
2176,290A,Ｓｙｎｓｐｅｃｔｉｖｅ,グロース（内国株式）,情報・通信業,-,1453.0,2054.2,48.7,56.9,0.37,8.62,,参考値,3
2177,4062,イビデン,プライム（内国株式）,電気機器,TOPIX Mid400,20810.0,155988.1,48.7,56.2,,9.15,,参考値,2
2178,8570,イオンフィナンシャルサービス,プライム（内国株式）,その他金融業,TOPIX Mid400,1600.0,1059.6,48.7,52.3,,3.44,,参考値,2
2179,4169,ＥＮＥＣＨＡＮＧＥ,グロース（内国株式）,情報・通信業,-,268.0,455.9,48.7,52.2,,9.24,,参考値,3
2180,4063,信越化学工業,プライム（内国株式）,化学,TOPIX Core30,5702.0,34296.1,48.7,52.1,,2.55,,参考値,1
2181,3926,オープンドア,スタンダード（内国株式）,情報・通信業,TOPIX Small 2,422.0,18.1,48.7,51.9,,7.13,,参考値,4
2182,6504,富士電機,プライム（内国株式）,電気機器,TOPIX Mid400,12760.0,9434.1,48.7,51.7,,5.11,,参考値,2
2183,7012,川崎重工業,プライム（内国株式）,輸送用機器,TOPIX Mid400,2385.5,29120.0,48.7,50.3,,4.66,,参考値,1
2184,8306,三菱ＵＦＪフィナンシャル・グループ,プライム（内国株式）,銀行業,TOPIX Core30,3656.0,133328.5,48.7,49.4,,3.41,,参考値,3
2185,7272,ヤマハ発動機,プライム（内国株式）,輸送用機器,TOPIX Mid400,1739.5,12865.4,48.7,49.2,,5.51,,参考値,3
2186,8061,西華産業,プライム（内国株式）,卸売業,TOPIX Small 1,2945.0,489.7,48.7,48.8,,5.83,,参考値,2
2187,8802,三菱地所,プライム（内国株式）,不動産業,TOPIX Large70,3660.0,14391.1,48.7,48.8,,3.2,,参考値,1
2188,3077,ホリイフードサービス,スタンダード（内国株式）,小売業,-,1339.0,28.9,48.7,47.4,-0.51,8.0,,参考値,4
2189,2212,山崎製パン,プライム（内国株式）,食料品,TOPIX Mid400,3889.0,2287.6,48.7,47.3,0.53,3.03,,参考値,4
2190,1930,北陸電気工事,プライム（内国株式）,建設業,TOPIX Small 2,1586.0,94.9,48.7,47.2,0.58,2.55,,参考値,2
2191,2180,サニーサイドアップグループ,スタンダード（内国株式）,サービス業,-,1306.0,11.5,48.7,47.0,0.28,0.25,,参考値,2
2192,6379,レイズネクスト,プライム（内国株式）,建設業,TOPIX Small 2,2972.0,556.2,48.7,46.8,,4.18,,参考値,2
2193,9716,乃村工藝社,プライム（内国株式）,サービス業,TOPIX Small 1,1249.0,355.9,48.7,46.7,,2.56,,参考値,3
2194,9505,北陸電力,プライム（内国株式）,電気・ガス業,TOPIX Mid400,1073.5,922.2,48.7,46.2,,3.95,,参考値,3
2195,3673,ブロードリーフ,プライム（内国株式）,情報・通信業,TOPIX Small 1,462.0,504.7,48.7,45.3,,7.03,,参考値,3
2196,1414,ショーボンドホールディングス,プライム（内国株式）,建設業,TOPIX Mid400,1267.0,1187.9,48.7,45.0,0.3,1.93,,参考値,1
2197,2801,キッコーマン,プライム（内国株式）,食料品,TOPIX Mid400,1739.0,5986.0,48.7,43.9,0.35,3.47,,参考値,2
2198,8214,ＡＯＫＩホールディングス,プライム（内国株式）,小売業,TOPIX Small 1,1707.0,270.1,48.7,42.8,,1.93,,参考値,2
2199,9005,東急,プライム（内国株式）,陸運業,TOPIX Mid400,1649.5,3790.2,48.7,42.3,,1.96,,参考値,1
2200,4927,ポーラ・オルビスホールディングス,プライム（内国株式）,化学,TOPIX Mid400,1344.0,655.1,48.7,41.9,,2.22,,参考値,3
2201,4188,三菱ケミカルグループ,プライム（内国株式）,化学,TOPIX Large70,1161.5,6987.5,48.7,41.8,,5.0,,参考値,3
2202,9837,モリト,プライム（内国株式）,卸売業,TOPIX Small 2,1761.0,90.9,48.7,40.7,,2.09,,参考値,1
2203,4202,ダイセル,プライム（内国株式）,化学,TOPIX Mid400,1395.0,1311.8,48.7,40.1,,3.25,,参考値,2
2204,4765,ＳＢＩグローバルアセットマネジメント,プライム（内国株式）,サービス業,TOPIX Small 2,623.0,184.8,48.7,40.0,,3.22,,参考値,3
2205,4183,三井化学,プライム（内国株式）,化学,TOPIX Mid400,2124.5,4608.6,48.7,39.5,,4.81,,参考値,2
2206,2410,キャリアデザインセンター,プライム（内国株式）,サービス業,-,2853.0,65.2,48.7,39.1,0.21,1.84,,参考値,2
2207,4528,小野薬品工業,プライム（内国株式）,医薬品,TOPIX Mid400,2424.5,3507.8,48.7,38.8,,3.1,,参考値,3
2208,4042,東ソー,プライム（内国株式）,化学,TOPIX Mid400,2562.5,2621.5,48.7,38.7,,2.87,,参考値,1
2209,6882,三社電機製作所,スタンダード（内国株式）,電気機器,-,1114.0,58.8,48.7,38.6,,4.15,,参考値,0
2210,3151,バイタルケーエスケー・ホールディングス,プライム（内国株式）,卸売業,TOPIX Small 2,1591.0,134.1,48.7,38.3,0.34,2.92,,参考値,3
2211,7769,リズム,プライム（内国株式）,精密機器,-,3850.0,85.7,48.7,35.6,,1.71,,参考値,3
2212,4538,扶桑薬品工業,プライム（内国株式）,医薬品,TOPIX Small 2,2239.0,33.6,48.7,35.2,,1.89,,参考値,3
2213,2204,中村屋,スタンダード（内国株式）,食料品,TOPIX Small 2,3165.0,29.2,48.7,34.4,0.19,2.0,,参考値,1
2214,3565,アセンテック,スタンダード（内国株式）,卸売業,TOPIX Small 2,483.0,76.8,48.6,53.0,,4.39,,参考値,4
2215,9612,ラックランド,プライム（内国株式）,サービス業,TOPIX Small 2,1196.0,91.8,48.6,52.8,,2.85,,参考値,1
2216,5449,大阪製鐵,スタンダード（内国株式）,鉄鋼,TOPIX Small 2,2550.0,73.4,48.6,50.2,,6.24,,参考値,3
2217,6268,ナブテスコ,プライム（内国株式）,機械,TOPIX Mid400,4337.0,4053.2,48.6,48.2,,5.38,,参考値,1
2218,7138,ＴＯＲＩＣＯ,グロース（内国株式）,小売業,-,147.0,423.6,48.6,47.9,,21.94,,参考値,2
2219,1934,ユアテック,プライム（内国株式）,建設業,TOPIX Small 1,2622.0,352.2,48.6,47.7,0.51,3.43,,参考値,3
2220,3003,ヒューリック,プライム（内国株式）,不動産業,TOPIX Mid400,1745.5,3440.6,48.6,47.1,0.28,2.43,,参考値,2
2221,6062,チャーム・ケア・コーポレーション,プライム（内国株式）,サービス業,TOPIX Small 2,1393.0,122.9,48.6,47.1,,3.08,,参考値,2
2222,6471,日本精工,プライム（内国株式）,機械,TOPIX Mid400,1060.5,2145.8,48.6,47.0,,3.87,,参考値,1
2223,1814,大末建設,プライム（内国株式）,建設業,-,3580.0,254.4,48.6,46.8,0.31,2.54,,参考値,3
2224,6702,富士通,プライム（内国株式）,電気機器,TOPIX Large70,3775.0,22262.0,48.6,46.6,,4.46,,参考値,3
2225,5563,新日本電工,プライム（内国株式）,鉄鋼,TOPIX Small 1,425.0,296.3,48.6,44.8,,4.69,,参考値,2
2226,2433,博報堂ＤＹホールディングス,プライム（内国株式）,サービス業,TOPIX Mid400,1301.5,1111.8,48.6,44.6,0.39,4.49,,参考値,3
2227,1333,Ｕｍｉｏｓ,プライム（内国株式）,水産・農林業,TOPIX Mid400,1275.5,621.3,48.6,44.5,0.28,1.94,,参考値,0
2228,4612,日本ペイントホールディングス,プライム（内国株式）,化学,TOPIX Mid400,1115.0,3909.9,48.6,43.3,,3.68,,参考値,2
2229,8616,東海東京フィナンシャル・ホールディングス,プライム（内国株式）,証券、商品先物取引業,TOPIX Small 1,885.0,744.1,48.6,40.6,,3.28,,参考値,4
2230,6523,ＰＨＣホールディングス,プライム（内国株式）,電気機器,TOPIX Small 1,1290.0,1156.1,48.6,39.7,,6.68,,参考値,2
2231,1976,明星工業,プライム（内国株式）,建設業,TOPIX Small 2,1724.0,172.2,48.6,39.6,0.73,2.73,,参考値,1
2232,8218,コメリ,プライム（内国株式）,小売業,TOPIX Small 1,3885.0,343.4,48.6,39.4,,2.28,,参考値,4
2233,5965,フジマック,スタンダード（内国株式）,金属製品,-,1201.0,11.1,48.6,37.8,,2.36,,参考値,3
2234,3659,ネクソン,プライム（内国株式）,情報・通信業,TOPIX Mid400,3132.0,11524.3,48.6,36.6,,4.58,,参考値,4
2235,7810,クロスフォー,スタンダード（内国株式）,その他製品,-,165.0,353.4,48.6,34.5,,11.04,,参考値,2
2236,1377,サカタのタネ,プライム（内国株式）,水産・農林業,TOPIX Small 1,4310.0,381.0,48.6,29.0,0.1,1.93,,参考値,1
2237,4626,太陽ホールディングス,プライム（内国株式）,化学,TOPIX Mid400,4710.0,1236.0,48.5,53.2,,0.67,,参考値,0
2238,4519,中外製薬,プライム（内国株式）,医薬品,TOPIX Large70,6532.0,15648.0,48.5,51.6,,3.06,,参考値,0
2239,5243,ｎｏｔｅ,グロース（内国株式）,情報・通信業,-,2910.0,906.9,48.5,50.8,,9.49,,参考値,3
2240,2760,東京エレクトロン　デバイス,プライム（内国株式）,卸売業,TOPIX Small 1,3955.0,551.7,48.5,49.1,0.45,5.88,,参考値,3
2241,3197,すかいらーくホールディングス,プライム（内国株式）,小売業,TOPIX Mid400,3420.0,4073.3,48.5,48.6,0.37,3.33,,参考値,4
2242,3001,片倉工業,スタンダード（内国株式）,繊維製品,TOPIX Small 2,2925.0,92.5,48.5,47.7,0.41,2.99,,参考値,3
2243,4534,持田製薬,プライム（内国株式）,医薬品,TOPIX Small 2,3185.0,136.1,48.5,46.3,,2.07,,参考値,2
2244,9896,ＪＫホールディングス,スタンダード（内国株式）,卸売業,TOPIX Small 2,1427.0,35.6,48.5,45.9,,2.54,,参考値,3
2245,2477,手間いらず,スタンダード（内国株式）,情報・通信業,TOPIX Small 2,3210.0,60.5,48.5,44.8,0.34,4.96,,参考値,4
2246,7751,キヤノン,プライム（内国株式）,電気機器,TOPIX Large70,4362.0,14054.7,48.5,43.0,,2.68,,参考値,2
2247,7956,ピジョン,プライム（内国株式）,その他製品,TOPIX Mid400,1968.0,2014.6,48.5,43.0,,3.54,,参考値,2
2248,4912,ライオン,プライム（内国株式）,化学,TOPIX Mid400,1808.5,2569.0,48.5,42.8,,3.41,,参考値,2
2249,6167,冨士ダイス,プライム（内国株式）,機械,TOPIX Small 2,978.0,85.9,48.5,42.4,,3.54,,参考値,2
2250,6454,マックス,プライム（内国株式）,機械,TOPIX Small 1,1876.0,449.0,48.5,41.9,,3.28,,参考値,3
2251,8088,岩谷産業,プライム（内国株式）,卸売業,TOPIX Mid400,2129.5,1530.9,48.5,40.4,,3.53,,参考値,3
2252,3501,ＳＵＭＩＮＯＥ,プライム（内国株式）,繊維製品,-,1163.0,21.4,48.5,40.2,,1.67,,参考値,2
2253,6013,タクマ,プライム（内国株式）,機械,TOPIX Small 1,2965.0,562.3,48.5,39.5,,2.67,,参考値,1
2254,7702,ＪＭＳ,スタンダード（内国株式）,精密機器,TOPIX Small 2,454.0,10.6,48.5,39.4,,2.55,,参考値,3
2255,5018,ＭＯＲＥＳＣＯ,スタンダード（内国株式）,石油・石炭製品,-,2291.0,51.2,48.5,38.4,,4.55,,参考値,4
2256,3371,ソフトクリエイトホールディングス,プライム（内国株式）,情報・通信業,TOPIX Small 2,2027.0,103.6,48.5,38.4,,3.56,,参考値,3
2257,4272,日本化薬,プライム（内国株式）,化学,TOPIX Mid400,2013.0,927.6,48.5,37.8,,2.83,,参考値,3
2258,4634,ａｒｔｉｅｎｃｅ,プライム（内国株式）,化学,TOPIX Small 1,4905.0,752.4,48.5,37.4,,3.19,,参考値,3
2259,6557,ＡＩＡＩグループ,グロース（内国株式）,サービス業,-,753.0,16.7,48.5,36.6,,2.89,,参考値,3
2260,9432,ＮＴＴ,プライム（内国株式）,情報・通信業,TOPIX Core30,172.0,37561.9,48.5,34.2,,2.81,,参考値,3
2261,3449,テクノフレックス,スタンダード（内国株式）,金属製品,-,3965.0,548.8,48.4,52.0,,7.74,,参考値,1
2262,9906,藤井産業,スタンダード（内国株式）,卸売業,-,4390.0,10.9,48.4,49.7,,2.42,,参考値,4
2263,7181,かんぽ生命保険,プライム（内国株式）,保険業,TOPIX Mid400,1728.5,4031.0,48.4,47.0,,3.27,,参考値,4
2264,9020,東日本旅客鉄道,プライム（内国株式）,陸運業,TOPIX Large70,3518.0,9992.3,48.4,46.9,,2.81,,参考値,3
2265,6178,日本郵政,プライム（内国株式）,サービス業,TOPIX Large70,2445.0,12725.9,48.4,46.7,,3.69,,参考値,4
2266,3649,ファインデックス,プライム（内国株式）,情報・通信業,TOPIX Small 2,830.0,79.2,48.4,46.7,,3.82,,参考値,2
2267,5981,東京製綱,プライム（内国株式）,金属製品,TOPIX Small 2,1810.0,221.7,48.4,46.6,,4.12,,参考値,2
2268,1861,熊谷組,プライム（内国株式）,建設業,TOPIX Small 1,1300.0,1562.6,48.4,45.7,0.28,2.26,,参考値,1
2269,7186,横浜フィナンシャルグループ,プライム（内国株式）,銀行業,TOPIX Mid400,1891.5,6864.9,48.4,45.3,,3.72,,参考値,2
2270,7727,オーバル,スタンダード（内国株式）,精密機器,-,836.0,140.5,48.4,43.7,,5.59,,参考値,3
2271,8005,スクロール,プライム（内国株式）,小売業,TOPIX Small 2,1779.0,484.8,48.4,42.3,,2.96,,参考値,2
2272,7980,重松製作所,スタンダード（内国株式）,その他製品,-,835.0,11.2,48.4,40.9,,2.3,,参考値,2
2273,5933,アルインコ,プライム（内国株式）,金属製品,TOPIX Small 2,1116.0,39.3,48.4,40.7,,1.53,,参考値,3
2274,4151,協和キリン,プライム（内国株式）,医薬品,TOPIX Mid400,2363.0,3828.5,48.4,40.5,,4.66,,参考値,2
2275,4569,杏林製薬,プライム（内国株式）,医薬品,TOPIX Small 1,1103.0,351.9,48.4,40.1,,2.95,,参考値,0
2276,4919,ミルボン,プライム（内国株式）,化学,TOPIX Small 1,3115.0,731.1,48.4,39.8,,3.47,,参考値,2
2277,3401,帝人,プライム（内国株式）,繊維製品,TOPIX Mid400,1622.0,1158.1,48.4,39.6,,3.92,,参考値,3
2278,6727,ワコム,プライム（内国株式）,電気機器,TOPIX Small 1,797.0,385.8,48.4,39.1,,4.26,,参考値,2
2279,4620,藤倉化成,スタンダード（内国株式）,化学,TOPIX Small 2,976.0,126.5,48.4,38.5,,4.57,,参考値,2
2280,7162,アストマックス,スタンダード（内国株式）,電気・ガス業,-,291.0,38.0,48.4,38.2,,7.51,,参考値,4
2281,5942,日本フイルコン,スタンダード（内国株式）,金属製品,-,629.0,20.0,48.4,37.7,,1.96,,参考値,2
2282,6652,ＩＤＥＣ,プライム（内国株式）,電気機器,TOPIX Small 1,3555.0,404.8,48.4,36.1,,3.92,,参考値,3
2283,9782,ディーエムエス,スタンダード（内国株式）,サービス業,-,3450.0,102.2,48.4,34.8,,1.93,,参考値,3
2284,9733,ナガセ,スタンダード（内国株式）,サービス業,-,2315.0,44.0,48.4,33.4,,1.63,,参考値,2
2285,4221,大倉工業,プライム（内国株式）,化学,TOPIX Small 2,5380.0,190.9,48.4,33.2,,3.56,,参考値,3
2286,7932,ニッピ,スタンダード（内国株式）,その他製品,-,11610.0,75.2,48.4,33.0,,1.55,,参考値,1
2287,7966,リンテック,プライム（内国株式）,その他製品,TOPIX Small 1,5110.0,6665.9,48.4,32.5,,5.49,,参考値,1
2288,1301,極洋,プライム（内国株式）,水産・農林業,TOPIX Small 1,4645.0,175.9,48.4,31.6,-0.04,1.93,,参考値,3
2289,5186,ニッタ,プライム（内国株式）,ゴム製品,TOPIX Small 2,6570.0,294.7,48.4,28.1,,3.64,,参考値,2
2290,6330,東洋エンジニアリング,プライム（内国株式）,建設業,TOPIX Small 2,2714.0,16975.2,48.3,54.0,,11.73,,参考値,4
2291,3997,トレードワークス,スタンダード（内国株式）,情報・通信業,-,389.0,58.3,48.3,54.0,,4.79,,参考値,3
2292,4125,三和油化工業,スタンダード（内国株式）,化学,-,3775.0,61.2,48.3,52.5,,5.78,,参考値,3
2293,8366,滋賀銀行,プライム（内国株式）,銀行業,TOPIX Small 1,2806.0,1783.6,48.3,50.1,,4.12,,参考値,4
2294,6840,ＡＫＩＢＡホールディングス,スタンダード（内国株式）,電気機器,-,805.0,512.8,48.3,50.1,,8.28,,参考値,2
2295,5537,ＡｌｂａＬｉｎｋ,グロース（内国株式）,不動産業,-,3290.0,368.5,48.3,49.6,,11.15,,参考値,4
2296,6835,アライドテレシスホールディングス,スタンダード（内国株式）,電気機器,-,255.0,78.0,48.3,47.6,,4.5,,参考値,2
2297,1952,新日本空調,プライム（内国株式）,建設業,TOPIX Small 1,3170.0,483.9,48.3,47.3,0.6,3.33,,参考値,2
2298,8541,愛媛銀行,プライム（内国株式）,銀行業,TOPIX Small 2,3185.0,621.9,48.3,47.0,,6.29,,参考値,3
2299,4578,大塚ホールディングス,プライム（内国株式）,医薬品,TOPIX Large70,11800.0,12856.8,48.3,46.6,,3.5,,参考値,2
2300,1815,鉄建建設,プライム（内国株式）,建設業,TOPIX Small 2,4490.0,397.4,48.3,43.1,0.48,3.11,,参考値,3
2301,9008,京王電鉄,プライム（内国株式）,陸運業,TOPIX Mid400,785.4,1144.9,48.3,40.6,,2.3,,参考値,3
2302,4577,ダイト,プライム（内国株式）,医薬品,TOPIX Small 2,1272.0,87.9,48.3,40.2,,2.83,,参考値,3
2303,6463,ＴＰＲ,プライム（内国株式）,機械,TOPIX Small 1,1521.0,195.9,48.3,40.1,,3.13,,参考値,3
2304,9832,オートバックスセブン,プライム（内国株式）,卸売業,TOPIX Small 1,1563.0,271.5,48.3,39.7,,1.66,,参考値,3
2305,5019,出光興産,プライム（内国株式）,石油・石炭製品,TOPIX Mid400,1543.0,6131.5,48.3,39.6,,3.85,,参考値,4
2306,2217,モロゾフ,プライム（内国株式）,食料品,TOPIX Small 2,1488.0,43.9,48.3,39.6,0.28,1.37,,参考値,1
2307,2908,フジッコ,プライム（内国株式）,食料品,TOPIX Small 2,1622.0,74.8,48.3,39.5,0.3,1.43,,参考値,4
2308,2109,ＤＭ三井製糖,プライム（内国株式）,食料品,TOPIX Small 1,3790.0,189.8,48.3,36.3,0.39,2.77,,参考値,3
2309,6677,エスケーエレクトロニクス,スタンダード（内国株式）,電気機器,-,3175.0,366.8,48.3,36.1,,3.26,,参考値,1
2310,1419,タマホーム,プライム（内国株式）,建設業,TOPIX Small 1,2869.0,508.9,48.3,35.2,0.46,3.1,,参考値,1
2311,2788,アップルインターナショナル,スタンダード（内国株式）,卸売業,-,394.0,30.9,48.3,33.8,0.75,4.7,,参考値,3
2312,7278,エクセディ,プライム（内国株式）,輸送用機器,TOPIX Small 1,5910.0,1323.8,48.3,33.3,,2.25,,参考値,3
2313,6072,地盤ネットホールディングス,スタンダード（内国株式）,サービス業,-,1032.0,703.6,48.3,33.1,,8.75,,参考値,2
2314,8035,東京エレクトロン,プライム（内国株式）,電気機器,TOPIX Core30,54000.0,156479.4,48.2,55.5,,6.37,,参考値,0
2315,4506,住友ファーマ,プライム（内国株式）,医薬品,TOPIX Mid400,1615.0,5446.3,48.2,53.4,,6.06,,参考値,4
2316,5707,東邦亜鉛,プライム（内国株式）,非鉄金属,TOPIX Small 2,995.0,1425.4,48.2,52.7,,13.71,,参考値,3
2317,4902,コニカミノルタ,プライム（内国株式）,電気機器,TOPIX Mid400,587.8,2340.8,48.2,51.5,,5.77,,参考値,2
2318,7550,ゼンショーホールディングス,プライム（内国株式）,小売業,TOPIX Mid400,11825.0,5823.5,48.2,50.9,,4.36,,参考値,4
2319,8544,京葉銀行,プライム（内国株式）,銀行業,TOPIX Small 1,2781.0,888.3,48.2,50.3,,4.35,,参考値,4
2320,6331,三菱化工機,プライム（内国株式）,機械,TOPIX Small 1,3235.0,438.1,48.2,50.2,,4.52,,参考値,0
2321,9672,東京都競馬,プライム（内国株式）,サービス業,TOPIX Small 1,4900.0,221.6,48.2,49.6,,2.02,,参考値,1
2322,8473,ＳＢＩホールディングス,プライム（内国株式）,証券、商品先物取引業,TOPIX Mid400,3349.0,12772.0,48.2,49.5,,4.64,,参考値,4
2323,7180,九州フィナンシャルグループ,プライム（内国株式）,銀行業,TOPIX Mid400,1585.5,1656.9,48.2,47.2,,3.48,,参考値,4
2324,8364,清水銀行,プライム（内国株式）,銀行業,TOPIX Small 2,3165.0,133.1,48.2,46.8,,4.99,,参考値,3
2325,3289,東急不動産ホールディングス,プライム（内国株式）,不動産業,TOPIX Mid400,1295.0,3380.7,48.2,46.7,0.39,2.63,,参考値,2
2326,7191,イントラスト,スタンダード（内国株式）,その他金融業,-,1146.0,16.3,48.2,46.0,,1.81,,参考値,2
2327,8537,大光銀行,スタンダード（内国株式）,銀行業,-,3090.0,145.7,48.2,45.1,,4.9,,参考値,4
2328,6472,ＮＴＮ,プライム（内国株式）,機械,TOPIX Mid400,370.0,1090.5,48.2,44.2,,4.16,,参考値,1
2329,2461,ファンコミュニケーションズ,プライム（内国株式）,サービス業,TOPIX Small 2,384.0,51.0,48.2,44.1,0.3,1.56,,参考値,1
2330,5208,有沢製作所,プライム（内国株式）,化学,TOPIX Small 1,2519.0,570.5,48.2,42.5,,4.87,,参考値,2
2331,3048,ビックカメラ,プライム（内国株式）,小売業,TOPIX Mid400,1712.5,1986.9,48.2,41.1,0.34,3.03,,参考値,3
2332,9221,フルハシＥＰＯ,スタンダード（内国株式）,サービス業,-,1181.0,115.0,48.2,39.7,,2.47,,参考値,1
2333,8349,東北銀行,スタンダード（内国株式）,銀行業,-,1652.0,48.1,48.2,39.6,,3.4,,参考値,3
2334,4404,ミヨシ油脂,スタンダード（内国株式）,食料品,-,2233.0,47.2,48.2,39.5,,2.79,,参考値,3
2335,6448,ブラザー工業,プライム（内国株式）,電気機器,TOPIX Mid400,4450.0,4884.5,48.2,38.8,,4.15,,参考値,3
2336,3387,クリエイト・レストランツ・ホールディングス,プライム（内国株式）,小売業,TOPIX Small 1,775.0,1508.3,48.2,38.0,,2.63,,参考値,4
2337,1766,東建コーポレーション,プライム（内国株式）,建設業,TOPIX Small 1,13730.0,208.6,48.2,35.2,-0.03,2.01,,参考値,4
2338,8046,丸藤シートパイル,スタンダード（内国株式）,卸売業,-,986.0,17.0,48.2,34.9,,2.76,,参考値,3
2339,4044,セントラル硝子,プライム（内国株式）,化学,TOPIX Small 1,4220.0,325.4,48.2,34.8,,3.76,,参考値,3
2340,8871,ゴールドクレスト,スタンダード（内国株式）,不動産業,TOPIX Small 1,3200.0,171.4,48.2,34.7,,2.16,,参考値,1
2341,4256,サインド,グロース（内国株式）,情報・通信業,-,1120.0,12.9,48.2,34.6,,4.22,,参考値,4
2342,8130,サンゲツ,プライム（内国株式）,卸売業,TOPIX Small 1,3170.0,328.8,48.2,33.0,,1.59,,参考値,3
2343,6920,レーザーテック,プライム（内国株式）,電気機器,TOPIX Large70,34910.0,94744.4,48.1,56.0,,6.99,,参考値,0
2344,3415,ＴＯＫＹＯ　ＢＡＳＥ,プライム（内国株式）,小売業,TOPIX Small 2,355.0,104.8,48.1,51.6,,3.83,,参考値,2
2345,4666,パーク２４,プライム（内国株式）,不動産業,TOPIX Mid400,1980.0,1878.1,48.1,51.1,,3.27,,参考値,3
2346,6659,メディアリンクス,スタンダード（内国株式）,電気機器,-,51.0,170.5,48.1,47.8,,9.03,,参考値,3
2347,9507,四国電力,プライム（内国株式）,電気・ガス業,TOPIX Mid400,2139.0,2103.7,48.1,47.0,,4.5,,参考値,3
2348,7745,Ａ＆Ｄホロンホールディングス,プライム（内国株式）,精密機器,TOPIX Small 1,2750.0,216.9,48.1,46.3,,4.71,,参考値,2
2349,9278,ブックオフグループホールディングス,プライム（内国株式）,小売業,TOPIX Small 2,2765.0,364.5,48.1,40.5,,6.48,,参考値,2
2350,7091,リビングプラットフォーム,グロース（内国株式）,サービス業,-,1273.0,13.5,48.1,40.2,,2.42,,参考値,3
2351,4095,日本パーカライジング,プライム（内国株式）,化学,TOPIX Small 1,1738.0,346.3,48.1,39.7,,2.15,,参考値,4
2352,6457,グローリー,プライム（内国株式）,機械,TOPIX Mid400,4403.0,1013.6,48.1,39.7,,3.47,,参考値,3
2353,3836,アバントグループ,プライム（内国株式）,情報・通信業,TOPIX Small 2,1205.0,101.2,48.1,38.8,,3.35,,参考値,3
2354,7917,ＺＡＣＲＯＳ,プライム（内国株式）,化学,TOPIX Small 2,1222.0,179.9,48.1,38.8,,3.16,,参考値,1
2355,4574,大幸薬品,プライム（内国株式）,医薬品,TOPIX Small 2,252.0,32.5,48.1,38.8,,2.81,,参考値,0
2356,2332,クエスト,スタンダード（内国株式）,情報・通信業,-,1680.0,27.9,48.1,38.6,0.71,2.33,,参考値,1
2357,6327,北川精機,スタンダード（内国株式）,機械,-,3100.0,1897.7,48.1,37.8,,8.91,,参考値,0
2358,4028,石原産業,プライム（内国株式）,化学,TOPIX Small 1,2953.0,565.7,48.1,37.1,,4.62,,参考値,3
2359,9948,アークス,プライム（内国株式）,小売業,TOPIX Small 1,3720.0,437.4,48.1,36.5,,2.87,,参考値,3
2360,2573,北海道コカ・コーラボトリング,スタンダード（内国株式）,食料品,-,4055.0,15.7,48.1,35.8,0.04,1.15,,参考値,2
2361,8795,Ｔ＆Ｄホールディングス,プライム（内国株式）,保険業,TOPIX Mid400,4817.0,7207.3,48.1,34.8,,3.3,,参考値,1
2362,2469,ヒビノ,スタンダード（内国株式）,サービス業,-,2830.0,44.2,48.1,33.2,0.22,3.37,,参考値,2
2363,9364,上組,プライム（内国株式）,倉庫・運輸関連業,TOPIX Mid400,4850.0,1299.7,48.1,33.0,,1.64,,参考値,0
2364,9434,ソフトバンク,プライム（内国株式）,情報・通信業,TOPIX Core30,241.0,15924.7,48.1,31.1,,2.25,,参考値,4
2365,9989,サンドラッグ,プライム（内国株式）,小売業,TOPIX Mid400,3731.0,1985.9,48.1,24.1,,2.04,,参考値,2
2366,9110,ＮＳユナイテッド海運,プライム（内国株式）,海運業,TOPIX Small 1,10480.0,1650.4,48.0,52.5,,0.35,,参考値,3
2367,8766,東京海上ホールディングス,プライム（内国株式）,保険業,TOPIX Core30,7871.0,39419.0,48.0,50.9,,3.31,,参考値,4
2368,6223,西部技研,スタンダード（内国株式）,機械,-,1926.0,69.2,48.0,42.3,,2.96,,参考値,0
2369,9543,静岡ガス,プライム（内国株式）,電気・ガス業,TOPIX Small 1,1337.0,200.7,48.0,41.8,,2.5,,参考値,4
2370,9322,川西倉庫,スタンダード（内国株式）,倉庫・運輸関連業,-,2418.0,31.5,48.0,41.7,,2.65,,参考値,2
2371,7951,ヤマハ,プライム（内国株式）,その他製品,TOPIX Mid400,1252.5,2732.2,48.0,41.2,,3.0,,参考値,3
2372,6135,牧野フライス製作所,プライム（内国株式）,機械,TOPIX Small 1,14850.0,2364.9,48.0,38.5,,4.64,,参考値,3
2373,7202,いすゞ自動車,プライム（内国株式）,輸送用機器,TOPIX Mid400,2129.5,5873.1,48.0,38.4,,3.83,,参考値,1
2374,3996,サインポスト,スタンダード（内国株式）,情報・通信業,-,205.0,10.7,48.0,36.6,,4.91,,参考値,3
2375,4768,大塚商会,プライム（内国株式）,情報・通信業,TOPIX Mid400,3512.0,4145.1,48.0,35.8,,3.33,,参考値,4
2376,7944,ローランド,プライム（内国株式）,その他製品,TOPIX Small 1,3675.0,442.4,48.0,35.7,,3.12,,参考値,1
2377,8331,千葉銀行,プライム（内国株式）,銀行業,TOPIX Mid400,2751.5,6320.5,48.0,35.6,,3.89,,参考値,3
2378,4767,テー・オー・ダブリュー,スタンダード（内国株式）,サービス業,TOPIX Small 2,386.0,65.5,48.0,35.5,,2.97,,参考値,3
2379,7795,ＫＹＯＲＩＴＳＵ,スタンダード（内国株式）,その他製品,-,223.0,13.0,48.0,34.0,,3.03,,参考値,4
2380,3626,ＴＩＳＩ,プライム（内国株式）,情報・通信業,TOPIX Mid400,3861.0,3068.5,48.0,31.7,,3.86,,参考値,3
2381,4118,カネカ,プライム（内国株式）,化学,TOPIX Mid400,5901.0,1779.5,48.0,29.0,,3.08,,参考値,3
2382,9746,ＴＫＣ,プライム（内国株式）,情報・通信業,TOPIX Small 1,4075.0,307.1,48.0,27.5,,2.59,,参考値,3
2383,8584,ジャックス,プライム（内国株式）,その他金融業,TOPIX Small 1,3750.0,388.8,48.0,25.9,,2.13,,参考値,2
2384,9743,丹青社,プライム（内国株式）,サービス業,TOPIX Small 1,1504.0,467.8,47.9,51.5,,2.17,,参考値,4
2385,3444,菊池製作所,スタンダード（内国株式）,金属製品,-,1020.0,123.0,47.9,51.1,,5.91,,参考値,3
2386,4385,メルカリ,プライム（内国株式）,情報・通信業,TOPIX Mid400,4100.0,8824.5,47.9,50.9,,6.92,,参考値,2
2387,2492,インフォマート,プライム（内国株式）,サービス業,TOPIX Small 1,703.0,2369.7,47.9,48.7,-0.33,8.0,,参考値,3
2388,7246,プレス工業,プライム（内国株式）,輸送用機器,TOPIX Small 1,993.0,339.1,47.9,47.9,,3.44,,参考値,4
2389,9824,泉州電業,プライム（内国株式）,卸売業,TOPIX Small 1,7910.0,505.7,47.9,47.7,,5.0,,参考値,3
2390,6592,マブチモーター,プライム（内国株式）,電気機器,TOPIX Mid400,1677.5,2848.7,47.9,47.2,,3.41,,参考値,3
2391,8053,住友商事,プライム（内国株式）,卸売業,TOPIX Large70,1838.5,17767.3,47.9,46.5,,4.29,,参考値,4
2392,5844,京都フィナンシャルグループ,プライム（内国株式）,銀行業,TOPIX Mid400,4820.0,4294.1,47.9,46.1,,3.28,,参考値,2
2393,4832,ＪＦＥシステムズ,スタンダード（内国株式）,情報・通信業,-,1905.0,30.1,47.9,45.9,,3.18,,参考値,0
2394,9513,電源開発,プライム（内国株式）,電気・ガス業,TOPIX Mid400,4124.0,1922.2,47.9,42.3,,3.24,,参考値,3
2395,2331,ＡＬＳＯＫ,プライム（内国株式）,サービス業,TOPIX Mid400,1196.5,1388.3,47.9,40.7,0.27,2.31,,参考値,4
2396,8018,三共生興,スタンダード（内国株式）,卸売業,TOPIX Small 2,844.0,33.3,47.9,37.3,,3.39,,参考値,3
2397,9248,人・夢・技術グループ,スタンダード（内国株式）,サービス業,TOPIX Small 2,1670.0,32.8,47.9,36.8,,2.76,,参考値,3
2398,3636,三菱総合研究所,プライム（内国株式）,情報・通信業,TOPIX Small 1,4840.0,202.1,47.9,35.7,,3.22,,参考値,2
2399,2733,あらた,プライム（内国株式）,卸売業,TOPIX Small 1,2670.0,203.0,47.9,35.1,0.23,1.63,,参考値,3
2400,7908,きもと,スタンダード（内国株式）,化学,-,236.0,20.3,47.9,32.8,,2.09,,参考値,3
2401,6276,シリウスビジョン,スタンダード（内国株式）,電気機器,-,366.0,121.6,47.8,53.2,,11.68,,参考値,3
2402,6768,タムラ製作所,プライム（内国株式）,電気機器,TOPIX Small 1,754.0,721.6,47.8,49.3,,7.42,,参考値,1
2403,7868,広済堂ホールディングス,プライム（内国株式）,その他製品,TOPIX Small 2,538.0,217.7,47.8,48.2,,3.82,,参考値,3
2404,8316,三井住友フィナンシャルグループ,プライム（内国株式）,銀行業,TOPIX Core30,6928.0,75334.2,47.8,47.9,,3.36,,参考値,3
2405,5831,しずおかフィナンシャルグループ,プライム（内国株式）,銀行業,TOPIX Mid400,3562.0,6461.7,47.8,47.0,,3.56,,参考値,4
2406,8601,大和証券グループ本社,プライム（内国株式）,証券、商品先物取引業,TOPIX Mid400,1834.5,8182.8,47.8,46.9,,3.13,,参考値,4
2407,9508,九州電力,プライム（内国株式）,電気・ガス業,TOPIX Mid400,2141.0,3969.3,47.8,46.9,,4.83,,参考値,3
2408,8830,住友不動産,プライム（内国株式）,不動産業,TOPIX Large70,3244.0,9945.7,47.8,46.6,,3.41,,参考値,1
2409,8714,池田泉州ホールディングス,プライム（内国株式）,銀行業,TOPIX Small 1,1052.0,880.0,47.8,45.9,,3.77,,参考値,3
2410,3880,大王製紙,プライム（内国株式）,パルプ・紙,TOPIX Small 1,944.0,198.4,47.8,44.1,,2.38,,参考値,1
2411,5288,アジアパイルホールディングス,プライム（内国株式）,ガラス・土石製品,TOPIX Small 2,1480.0,307.4,47.8,42.0,,3.05,,参考値,2
2412,2932,ＳＴＩフードホールディングス,スタンダード（内国株式）,食料品,-,1110.0,10.8,47.8,40.3,0.31,1.39,,参考値,3
2413,9888,ＵＥＸ,スタンダード（内国株式）,卸売業,-,1234.0,103.3,47.8,38.5,,4.99,,参考値,3
2414,8137,サンワテクノス,プライム（内国株式）,卸売業,TOPIX Small 2,4110.0,191.3,47.8,38.4,,3.65,,参考値,4
2415,8563,大東銀行,スタンダード（内国株式）,銀行業,-,1157.0,63.0,47.8,38.2,,2.96,,参考値,3
2416,4043,トクヤマ,プライム（内国株式）,化学,TOPIX Mid400,3921.0,2456.7,47.8,36.7,,4.62,,参考値,0
2417,6923,スタンレー電気,プライム（内国株式）,電気機器,TOPIX Mid400,3449.0,1677.1,47.8,35.0,,3.4,,参考値,3
2418,9065,山九,プライム（内国株式）,陸運業,TOPIX Mid400,8000.0,1406.5,47.8,34.5,,2.56,,参考値,1
2419,2762,ＳＡＮＫＯ　ＭＡＲＫＥＴＩＮＧ　ＦＯＯＤＳ,スタンダード（内国株式）,小売業,-,70.0,15.1,47.8,34.5,1.51,2.76,,参考値,0
2420,4684,オービック,プライム（内国株式）,情報・通信業,TOPIX Mid400,4904.0,8769.3,47.8,32.0,,4.05,,参考値,3
2421,4967,小林製薬,プライム（内国株式）,化学,TOPIX Mid400,5913.0,1133.2,47.8,30.8,,2.17,,参考値,4
2422,5715,古河機械金属,プライム（内国株式）,非鉄金属,TOPIX Small 1,4180.0,1569.3,47.7,51.5,,6.81,,参考値,4
2423,3891,ニッポン高度紙工業,スタンダード（内国株式）,パルプ・紙,-,6140.0,912.7,47.7,50.5,,8.97,,参考値,1
2424,6989,北陸電気工業,スタンダード（内国株式）,電気機器,-,2368.0,21.2,47.7,48.9,,3.41,,参考値,2
2425,1418,インターライフホールディングス,スタンダード（内国株式）,建設業,-,584.0,36.0,47.7,48.0,0.27,2.29,,参考値,3
2426,6745,ホーチキ,プライム（内国株式）,電気機器,TOPIX Small 2,1869.0,335.5,47.7,47.5,,5.42,,参考値,1
2427,8359,八十二長野銀行,プライム（内国株式）,銀行業,TOPIX Mid400,2727.0,3207.9,47.7,46.6,,3.22,,参考値,4
2428,9651,日本プロセス,スタンダード（内国株式）,情報・通信業,-,2003.0,27.7,47.7,45.6,,3.39,,参考値,3
2429,4229,群栄化学工業,プライム（内国株式）,化学,TOPIX Small 2,4185.0,80.8,47.7,43.9,,4.24,,参考値,0
2430,3447,信和,スタンダード（内国株式）,金属製品,-,994.0,25.9,47.7,42.2,,1.91,,参考値,3
2431,8593,三菱ＨＣキャピタル,プライム（内国株式）,その他金融業,TOPIX Mid400,1390.5,5267.1,47.7,41.9,,1.9,,参考値,1
2432,7683,ダブルエー,プライム（内国株式）,小売業,TOPIX Small 2,1406.0,29.1,47.7,38.6,,1.13,,参考値,2
2433,6419,マースグループホールディングス,プライム（内国株式）,機械,TOPIX Small 1,3175.0,184.4,47.7,35.9,,2.02,,参考値,3
2434,1926,ライト工業,プライム（内国株式）,建設業,TOPIX Small 1,3865.0,436.3,47.7,35.8,0.23,2.23,,参考値,2
2435,5480,日本冶金工業,プライム（内国株式）,鉄鋼,TOPIX Small 1,5360.0,334.7,47.7,33.7,,3.28,,参考値,3
2436,7607,進和,プライム（内国株式）,卸売業,TOPIX Small 2,2988.0,135.4,47.7,33.3,,2.21,,参考値,2
2437,8354,ふくおかフィナンシャルグループ,プライム（内国株式）,銀行業,TOPIX Mid400,7730.0,4403.2,47.7,32.5,,3.28,,参考値,3
2438,1941,中電工,プライム（内国株式）,建設業,TOPIX Small 1,5200.0,433.3,47.7,30.5,0.51,2.8,,参考値,3
2439,6383,ダイフク,プライム（内国株式）,機械,TOPIX Mid400,5545.0,11174.2,47.7,30.3,,4.16,,参考値,0
2440,5711,三菱マテリアル,プライム（内国株式）,非鉄金属,TOPIX Mid400,5107.0,16978.0,47.6,49.2,,9.46,,参考値,2
2441,8630,ＳＯＭＰＯホールディングス,プライム（内国株式）,保険業,TOPIX Large70,6647.0,15310.3,47.6,42.8,,2.93,,参考値,2
2442,2656,ベクターホールディングス,スタンダード（内国株式）,小売業,-,160.0,113.3,47.6,39.7,0.56,9.44,,参考値,2
2443,3315,日本コークス工業,プライム（内国株式）,石油・石炭製品,TOPIX Small 2,100.0,753.7,47.6,39.5,,4.5,,参考値,3
2444,4054,日本情報クリエイト,グロース（内国株式）,情報・通信業,-,518.0,13.2,47.6,38.5,,2.56,,参考値,1
2445,2393,日本ケアサプライ,スタンダード（内国株式）,サービス業,-,4160.0,33.7,47.6,38.1,0.13,3.37,,参考値,2
2446,9433,ＫＤＤＩ,プライム（内国株式）,情報・通信業,TOPIX Core30,2990.5,24023.9,47.6,37.7,,2.48,,参考値,4
2447,5391,エーアンドエーマテリアル,スタンダード（内国株式）,ガラス・土石製品,-,1486.0,15.4,47.6,35.5,,1.95,,参考値,2
2448,1950,日本電設工業,プライム（内国株式）,建設業,TOPIX Small 1,4080.0,372.1,47.6,35.4,0.65,3.2,,参考値,2
2449,2181,パーソルホールディングス,プライム（内国株式）,サービス業,TOPIX Mid400,284.3,3093.9,47.6,35.2,0.68,2.95,,参考値,2
2450,4041,日本曹達,プライム（内国株式）,化学,TOPIX Small 1,3830.0,360.3,47.6,34.7,,2.57,,参考値,2
2451,7238,曙ブレーキ工業,プライム（内国株式）,輸送用機器,TOPIX Small 2,103.0,318.4,47.6,27.7,,3.95,,参考値,1
2452,2768,双日,プライム（内国株式）,卸売業,TOPIX Mid400,5783.0,6346.4,47.5,49.7,0.44,3.65,,参考値,3
2453,9022,東海旅客鉄道,プライム（内国株式）,陸運業,TOPIX Large70,3843.0,8289.8,47.5,48.3,,2.98,,参考値,3
2454,3407,旭化成,プライム（内国株式）,化学,TOPIX Large70,1570.5,7528.2,47.5,46.8,,3.17,,参考値,1
2455,2269,明治ホールディングス,プライム（内国株式）,食料品,TOPIX Mid400,4406.0,4692.6,47.5,46.7,0.03,2.95,,参考値,3
2456,4503,アステラス製薬,プライム（内国株式）,医薬品,TOPIX Large70,2280.5,13632.0,47.5,38.9,,3.12,,参考値,3
2457,4547,キッセイ薬品工業,プライム（内国株式）,医薬品,TOPIX Small 1,4030.0,224.0,47.5,34.8,,1.98,,参考値,1
2458,1417,ミライト・ワン,プライム（内国株式）,建設業,TOPIX Mid400,3545.0,789.8,47.5,32.2,0.29,2.5,,参考値,1
2459,7610,テイツー,スタンダード（内国株式）,小売業,-,137.0,69.4,47.5,25.1,,3.13,,参考値,1
2460,7719,東京衡機,スタンダード（内国株式）,精密機器,-,507.0,252.6,47.4,51.3,,12.43,,参考値,3
2461,6506,安川電機,プライム（内国株式）,電気機器,TOPIX Mid400,4456.0,17799.5,47.4,48.4,,4.96,,参考値,1
2462,8015,豊田通商,プライム（内国株式）,卸売業,TOPIX Large70,7482.0,14795.3,47.4,47.7,,4.52,,参考値,4
2463,5830,いよぎんホールディングス,プライム（内国株式）,銀行業,TOPIX Mid400,3818.0,3476.0,47.4,47.7,,4.04,,参考値,3
2464,2681,ゲオホールディングス,プライム（内国株式）,小売業,TOPIX Small 1,2346.0,375.4,47.4,45.4,0.32,3.92,,参考値,3
2465,8750,第一ライフグループ,プライム（内国株式）,保険業,TOPIX Large70,1822.5,15283.6,47.4,44.4,,3.33,,参考値,2
2466,9119,飯野海運,プライム（内国株式）,海運業,TOPIX Small 1,1703.0,486.8,47.4,39.8,,4.1,,参考値,3
2467,1803,清水建設,プライム（内国株式）,建設業,TOPIX Mid400,2456.0,6580.4,47.4,39.1,0.61,3.53,,参考値,2
2468,6073,アサンテ,プライム（内国株式）,サービス業,TOPIX Small 2,1521.0,16.5,47.4,38.3,,1.11,,参考値,4
2469,3941,レンゴー,プライム（内国株式）,パルプ・紙,TOPIX Mid400,1515.5,1359.4,47.4,36.5,,3.05,,参考値,3
2470,3929,ソーシャルワイヤー,グロース（内国株式）,情報・通信業,-,239.0,28.7,47.4,36.3,,4.34,,参考値,0
2471,6927,ヘリオス　テクノ　ホールディング,スタンダード（内国株式）,電気機器,-,982.0,45.6,47.4,36.2,,2.27,,参考値,3
2472,8060,キヤノンマーケティングジャパン,プライム（内国株式）,卸売業,TOPIX Mid400,3560.0,1581.0,47.4,35.6,,3.28,,参考値,2
2473,8084,ＲＹＯＤＥＮ,プライム（内国株式）,卸売業,TOPIX Small 2,4655.0,232.4,47.4,35.5,,3.33,,参考値,2
2474,9735,セコム,プライム（内国株式）,サービス業,TOPIX Large70,6303.0,7555.7,47.4,35.2,,2.15,,参考値,0
2475,8198,マックスバリュ東海,スタンダード（内国株式）,小売業,-,3410.0,132.7,47.4,33.2,,3.16,,参考値,4
2476,2146,ＵＴグループ,プライム（内国株式）,サービス業,TOPIX Small 1,224.0,1492.4,47.4,28.4,0.61,3.78,,参考値,4
2477,8153,モスフードサービス,プライム（内国株式）,卸売業,TOPIX Small 1,3930.0,418.6,47.4,25.8,,2.33,,参考値,3
2478,2327,日鉄ソリューションズ,プライム（内国株式）,情報・通信業,TOPIX Mid400,3831.0,811.5,47.3,49.5,0.31,3.58,,参考値,2
2479,6501,日立製作所,プライム（内国株式）,電気機器,TOPIX Core30,5187.0,53315.3,47.3,49.2,,4.14,,参考値,3
2480,7235,東京ラヂエーター製造,スタンダード（内国株式）,輸送用機器,-,1518.0,37.7,47.3,46.6,,2.19,,参考値,3
2481,7173,東京きらぼしフィナンシャルグループ,プライム（内国株式）,銀行業,TOPIX Small 1,1670.0,1783.1,47.3,46.3,,3.84,,参考値,2
2482,3064,ＭｏｎｏｔａＲＯ,プライム（内国株式）,小売業,TOPIX Mid400,1963.0,3530.1,47.3,45.5,0.67,3.62,,参考値,4
2483,3950,ザ・パック,プライム（内国株式）,パルプ・紙,TOPIX Small 2,1434.0,156.4,47.3,42.9,,3.5,,参考値,2
2484,6306,日工,プライム（内国株式）,機械,TOPIX Small 2,985.0,125.1,47.3,39.6,,2.37,,参考値,2
2485,4812,電通総研,プライム（内国株式）,情報・通信業,TOPIX Small 1,2853.0,3289.5,47.3,36.9,,1.79,,参考値,3
2486,7743,シード,スタンダード（内国株式）,精密機器,-,792.0,298.7,47.3,34.5,,5.51,,参考値,4
2487,4733,オービックビジネスコンサルタント,プライム（内国株式）,情報・通信業,TOPIX Mid400,8222.0,1541.2,47.3,34.3,,3.66,,参考値,2
2488,3397,トリドールホールディングス,プライム（内国株式）,小売業,TOPIX Mid400,4322.0,1481.4,47.3,34.2,,2.72,,参考値,3
2489,3436,ＳＵＭＣＯ,プライム（内国株式）,金属製品,TOPIX Mid400,3083.0,42814.0,47.2,52.5,,10.38,,参考値,0
2490,6928,エノモト,スタンダード（内国株式）,電気機器,-,2922.0,252.1,47.2,51.7,,6.2,,参考値,2
2491,9553,マイクロアド,グロース（内国株式）,サービス業,-,595.0,77.3,47.2,49.5,,3.82,,参考値,2
2492,9444,トーシンホールディングス,スタンダード（内国株式）,情報・通信業,-,279.0,16.2,47.2,47.8,,11.75,,参考値,3
2493,6754,アンリツ,プライム（内国株式）,電気機器,TOPIX Mid400,3085.0,3431.9,47.2,46.8,,5.2,,参考値,1
2494,3168,ＭＥＲＦ,スタンダード（内国株式）,卸売業,-,1286.0,166.7,47.2,43.8,0.65,6.8,,参考値,2
2495,6817,スミダコーポレーション,プライム（内国株式）,電気機器,TOPIX Small 2,1170.0,232.3,47.2,42.0,,3.7,,参考値,1
2496,7800,アミファ,スタンダード（内国株式）,その他製品,-,985.0,15.9,47.2,38.1,,2.49,,参考値,3
2497,4078,堺化学工業,プライム（内国株式）,化学,TOPIX Small 1,3615.0,768.8,47.2,37.1,,4.33,,参考値,1
2498,4040,南海化学,スタンダード（内国株式）,化学,-,3830.0,60.5,47.2,36.0,,3.89,,参考値,4
2499,1928,積水ハウス,プライム（内国株式）,建設業,TOPIX Large70,3302.0,7029.9,47.2,35.4,0.44,2.07,,参考値,2
2500,8411,みずほフィナンシャルグループ,プライム（内国株式）,銀行業,TOPIX Core30,8599.0,72101.0,47.1,51.4,,3.63,,参考値,3
2501,7270,ＳＵＢＡＲＵ,プライム（内国株式）,輸送用機器,TOPIX Large70,2539.5,10689.2,47.1,46.9,,3.66,,参考値,3
2502,8919,カチタス,プライム（内国株式）,不動産業,TOPIX Small 1,3550.0,824.4,47.1,46.6,,4.54,,参考値,2
2503,7203,トヨタ自動車,プライム（内国株式）,輸送用機器,TOPIX Core30,2968.5,70665.7,47.1,46.3,,3.98,,参考値,3
2504,8309,三井住友トラストグループ,プライム（内国株式）,銀行業,TOPIX Large70,1756.5,15231.9,47.1,42.2,,3.43,,参考値,3
2505,2503,キリンホールディングス,プライム（内国株式）,食料品,TOPIX Large70,2846.5,8607.2,47.1,40.5,0.33,2.7,,参考値,2
2506,6165,パンチ工業,スタンダード（内国株式）,機械,-,537.0,43.1,47.1,38.6,,3.95,,参考値,3
2507,9974,ベルク,プライム（内国株式）,小売業,TOPIX Small 1,6800.0,187.1,47.1,34.1,,2.51,,参考値,4
2508,8729,ソニーフィナンシャルグループ,プライム（内国株式）,保険業,TOPIX Core30,162.3,9551.6,47.1,31.7,,3.59,,参考値,3
2509,6622,ダイヘン,プライム（内国株式）,電気機器,TOPIX Small 1,12110.0,2337.2,47.0,53.5,,6.06,,参考値,0
2510,5724,アサカ理研,スタンダード（内国株式）,非鉄金属,-,3100.0,744.7,47.0,50.7,,13.72,,参考値,3
2511,7384,プロクレアホールディングス,プライム（内国株式）,銀行業,TOPIX Small 2,4930.0,457.1,47.0,50.0,,5.64,,参考値,3
2512,2130,メンバーズ,プライム（内国株式）,サービス業,TOPIX Small 2,900.0,64.8,47.0,48.5,0.67,2.76,,参考値,1
2513,7050,フロンティアインターナショナル,グロース（内国株式）,サービス業,-,1365.0,14.9,47.0,47.6,,4.66,,参考値,2
2514,1801,大成建設,プライム（内国株式）,建設業,TOPIX Mid400,13145.0,8026.2,47.0,47.1,0.74,4.32,,参考値,2
2515,7354,ダイレクトマーケティングミックス,スタンダード（内国株式）,サービス業,TOPIX Small 2,403.0,183.1,47.0,46.8,,7.5,,参考値,3
2516,166A,タスキホールディングス,プライム（内国株式）,不動産業,TOPIX Small 2,1108.0,438.7,47.0,39.9,0.68,4.45,,参考値,2
2517,9861,吉野家ホールディングス,プライム（内国株式）,小売業,TOPIX Mid400,3824.0,2282.5,47.0,35.4,,2.61,,参考値,3
2518,5940,不二サッシ,スタンダード（内国株式）,金属製品,-,752.0,10.3,47.0,34.7,,2.15,,参考値,3
2519,4203,住友ベークライト,プライム（内国株式）,化学,TOPIX Mid400,6900.0,4811.4,47.0,33.5,,5.11,,参考値,2
2520,1820,西松建設,プライム（内国株式）,建設業,TOPIX Mid400,5634.0,692.5,47.0,33.1,-0.03,1.99,,参考値,3
2521,6723,ルネサスエレクトロニクス,プライム（内国株式）,電気機器,TOPIX Large70,3252.0,37728.9,46.9,51.6,,6.67,,参考値,1
2522,5137,スマートドライブ,グロース（内国株式）,情報・通信業,-,309.0,245.3,46.9,50.2,,9.92,,参考値,3
2523,2875,東洋水産,プライム（内国株式）,食料品,TOPIX Mid400,10105.0,3609.2,46.9,50.0,0.18,2.87,,参考値,2
2524,2980,ＳＲＥホールディングス,プライム（内国株式）,不動産業,TOPIX Small 2,2337.0,731.6,46.9,50.0,0.51,4.77,,参考値,0
2525,6643,戸上電機製作所,スタンダード（内国株式）,電気機器,-,5670.0,22.5,46.9,47.6,,3.78,,参考値,3
2526,2874,横浜冷凍,プライム（内国株式）,卸売業,TOPIX Small 1,2198.0,391.6,46.9,46.6,0.58,4.3,,参考値,3
2527,8524,北洋銀行,プライム（内国株式）,銀行業,TOPIX Small 1,1294.0,1911.9,46.9,45.4,,4.02,,参考値,3
2528,9023,東京地下鉄,プライム（内国株式）,陸運業,TOPIX Mid400,1529.0,2166.8,46.9,39.6,,2.0,,参考値,4
2529,6301,小松製作所,プライム（内国株式）,機械,TOPIX Large70,7390.0,18226.4,46.9,39.3,,3.76,,参考値,4
2530,9504,中国電力,プライム（内国株式）,電気・ガス業,TOPIX Mid400,1074.5,2239.9,46.9,39.0,,3.93,,参考値,3
2531,7035,ａｎｄ　ｆａｃｔｏｒｙ,スタンダード（内国株式）,サービス業,-,228.0,82.1,46.9,35.8,,7.33,,参考値,1
2532,2790,ナフコ,スタンダード（内国株式）,小売業,-,2113.0,12.5,46.9,34.6,0.26,1.65,,参考値,2
2533,2814,佐藤食品工業,スタンダード（内国株式）,食料品,-,3980.0,14.2,46.9,34.3,0.6,5.68,,参考値,3
2534,2587,サントリービバレッジ＆フード,プライム（内国株式）,食料品,TOPIX Mid400,4434.0,4618.9,46.9,33.4,0.13,2.39,,参考値,1
2535,6356,日本ギア工業,スタンダード（内国株式）,機械,-,1301.0,104.2,46.8,51.3,,4.55,,参考値,0
2536,3563,ＦＯＯＤ　＆　ＬＩＦＥ　ＣＯＭＰＡＮＩＥＳ,プライム（内国株式）,小売業,TOPIX Mid400,5657.0,12332.8,46.8,49.6,,5.96,,参考値,2
2537,4617,中国塗料,プライム（内国株式）,化学,TOPIX Small 1,3490.0,502.8,46.8,48.6,,3.93,,参考値,1
2538,7327,第四北越フィナンシャルグループ,プライム（内国株式）,銀行業,TOPIX Small 1,2599.0,1930.8,46.8,46.8,,3.52,,参考値,4
2539,8103,明和産業,プライム（内国株式）,卸売業,TOPIX Small 2,952.0,160.3,46.8,46.0,,2.35,,参考値,3
2540,5133,テリロジーホールディングス,スタンダード（内国株式）,情報・通信業,-,298.0,18.1,46.8,33.0,,3.56,,参考値,1
2541,2296,伊藤ハム米久ホールディングス,プライム（内国株式）,食料品,TOPIX Small 1,5070.0,496.5,46.8,29.2,-0.19,1.94,,参考値,4
2542,4109,ステラ　ケミファ,プライム（内国株式）,化学,TOPIX Small 1,5290.0,359.8,46.8,25.8,,3.67,,参考値,1
2543,6503,三菱電機,プライム（内国株式）,電気機器,TOPIX Core30,5066.0,30575.8,46.7,45.3,,4.59,,参考値,1
2544,6806,ヒロセ電機,プライム（内国株式）,電気機器,TOPIX Mid400,23735.0,4758.9,46.7,42.8,,4.12,,参考値,1
2545,8591,オリックス,プライム（内国株式）,その他金融業,TOPIX Large70,6031.0,20910.4,46.7,39.1,,3.62,,参考値,1
2546,3939,カナミックネットワーク,プライム（内国株式）,情報・通信業,TOPIX Small 2,489.0,125.1,46.7,38.1,,3.83,,参考値,1
2547,6841,横河電機,プライム（内国株式）,電気機器,TOPIX Mid400,4518.0,5473.9,46.7,35.3,,4.58,,参考値,1
2548,9021,西日本旅客鉄道,プライム（内国株式）,陸運業,TOPIX Large70,3012.0,5919.9,46.7,34.8,,2.36,,参考値,4
2549,4922,コーセーホールディングス,プライム（内国株式）,化学,TOPIX Mid400,5650.0,1759.3,46.7,34.3,,3.56,,参考値,2
2550,6666,リバーエレテック,スタンダード（内国株式）,電気機器,-,768.0,51.2,46.6,50.9,,5.37,,参考値,1
2551,6809,ＴＯＡ,プライム（内国株式）,電気機器,TOPIX Small 2,1714.0,153.5,46.6,48.4,,2.46,,参考値,4
2552,4784,ＧＭＯインターネット,プライム（内国株式）,サービス業,TOPIX Small 2,529.0,1318.9,46.6,48.4,,7.82,,参考値,3
2553,2805,ヱスビー食品,スタンダード（内国株式）,食料品,-,7340.0,570.4,46.6,44.0,0.51,5.42,,参考値,3
2554,3237,イントランス,グロース（内国株式）,不動産業,-,94.0,23.1,46.6,42.0,0.7,5.13,,参考値,1
2555,9160,オンザページ,スタンダード（内国株式）,サービス業,-,327.0,17.2,46.6,41.5,,2.49,,参考値,4
2556,2892,日本食品化工,スタンダード（内国株式）,食料品,-,4565.0,15.0,46.6,41.4,-0.16,1.44,,参考値,4
2557,5721,エスクリプトエナジー,スタンダード（内国株式）,非鉄金属,-,55.0,88.8,46.6,40.7,,12.47,,参考値,1
2558,9908,日本電計,スタンダード（内国株式）,卸売業,-,2835.0,56.7,46.6,35.0,,3.97,,参考値,4
2559,5444,大和工業,プライム（内国株式）,鉄鋼,TOPIX Mid400,12030.0,2049.6,46.6,32.5,,4.52,,参考値,1
2560,8014,蝶理,プライム（内国株式）,卸売業,TOPIX Small 2,4130.0,227.6,46.6,28.2,,3.45,,参考値,3
2561,8361,大垣共立銀行,プライム（内国株式）,銀行業,TOPIX Small 1,7950.0,1361.8,46.5,50.1,,4.25,,参考値,4
2562,1885,東亜建設工業,プライム（内国株式）,建設業,TOPIX Small 1,2104.0,962.3,46.5,49.2,0.63,3.98,,参考値,2
2563,147A,ソラコム,グロース（内国株式）,情報・通信業,-,985.0,110.2,46.5,49.2,0.79,4.07,,参考値,1
2564,6302,住友重機械工業,プライム（内国株式）,機械,TOPIX Mid400,5587.0,4599.7,46.5,45.8,,6.15,,参考値,2
2565,5857,ＡＲＥホールディングス,プライム（内国株式）,非鉄金属,TOPIX Small 1,3675.0,3233.9,46.5,41.8,,7.48,,参考値,2
2566,7777,スリー・ディー・マトリックス,グロース（内国株式）,精密機器,-,351.0,545.3,46.4,53.1,,6.11,,参考値,1
2567,1871,ピーエス・コンストラクション,プライム（内国株式）,建設業,TOPIX Small 2,2206.0,189.4,46.4,51.2,0.45,3.58,,参考値,1
2568,8002,丸紅,プライム（内国株式）,卸売業,TOPIX Large70,5080.0,19192.5,46.4,47.2,,3.6,,参考値,2
2569,4477,ＢＡＳＥ,グロース（内国株式）,情報・通信業,-,339.0,398.4,46.4,46.9,,5.59,,参考値,4
2570,6284,日精エー・エス・ビー機械,プライム（内国株式）,機械,TOPIX Small 1,8280.0,258.0,46.4,45.6,,3.91,,参考値,1
2571,8031,三井物産,プライム（内国株式）,卸売業,TOPIX Core30,5093.0,28775.0,46.4,43.3,,3.86,,参考値,3
2572,8897,ＭＩＲＡＲＴＨホールディングス,プライム（内国株式）,不動産業,TOPIX Small 1,444.0,552.4,46.4,36.1,,2.41,,参考値,2
2573,4985,アース製薬,プライム（内国株式）,化学,TOPIX Small 1,4700.0,248.5,46.4,28.5,,1.97,,参考値,2
2574,9984,ソフトバンクグループ,プライム（内国株式）,情報・通信業,TOPIX Core30,6556.0,237337.8,46.3,51.6,,7.32,,参考値,3
2575,7911,ＴＯＰＰＡＮホールディングス,プライム（内国株式）,その他製品,TOPIX Mid400,5020.0,10010.5,46.3,50.7,,5.49,,参考値,3
2576,9768,いであ,スタンダード（内国株式）,サービス業,-,3790.0,53.2,46.3,47.6,,3.27,,参考値,3
2577,2918,わらべや日洋ホールディングス,プライム（内国株式）,食料品,TOPIX Small 1,2756.0,301.4,46.3,34.9,0.16,2.12,,参考値,3
2578,1721,コムシスホールディングス,プライム（内国株式）,建設業,TOPIX Mid400,5459.0,2048.9,46.3,28.4,0.05,2.59,,参考値,2
2579,2321,ソフトフロントホールディングス,グロース（内国株式）,情報・通信業,-,139.0,15.4,46.2,52.5,0.71,4.55,,参考値,2
2580,4552,ＪＣＲファーマ,プライム（内国株式）,医薬品,TOPIX Small 1,528.0,265.9,46.2,49.5,,4.16,,参考値,4
2581,7581,サイゼリヤ,プライム（内国株式）,小売業,TOPIX Small 1,7480.0,2895.0,46.2,47.9,,3.93,,参考値,4
2582,6955,ＦＤＫ,スタンダード（内国株式）,電気機器,-,401.0,28.2,46.2,33.4,,4.28,,参考値,1
2583,6629,テクノホライゾン,スタンダード（内国株式）,電気機器,-,978.0,141.5,46.1,50.9,,4.52,,参考値,1
2584,6479,ミネベアミツミ,プライム（内国株式）,電気機器,TOPIX Mid400,3326.0,9079.0,46.1,46.6,,4.69,,参考値,1
2585,9699,ニシオホールディングス,プライム（内国株式）,サービス業,TOPIX Small 1,4565.0,290.5,46.1,30.9,,2.73,,参考値,3
2586,6146,ディスコ,プライム（内国株式）,機械,TOPIX Large70,53890.0,79245.6,46.0,54.2,,6.82,,参考値,1
2587,5240,ｍｏｎｏＡＩ　ｔｅｃｈｎｏｌｏｇｙ,グロース（内国株式）,情報・通信業,-,197.0,244.4,46.0,53.1,,16.26,,参考値,2
2588,6432,竹内製作所,プライム（内国株式）,機械,TOPIX Small 1,7240.0,1397.7,46.0,51.1,,4.8,,参考値,3
2589,4966,上村工業,スタンダード（内国株式）,化学,-,18690.0,1384.2,46.0,50.6,,5.43,,参考値,0
2590,4664,アール・エス・シー,スタンダード（内国株式）,サービス業,-,1083.0,64.7,46.0,50.1,,7.12,,参考値,4
2591,8152,ソマール,スタンダード（内国株式）,卸売業,-,7230.0,27.3,46.0,26.8,,2.74,,参考値,1
2592,4216,旭有機材,プライム（内国株式）,化学,TOPIX Small 1,5700.0,272.7,45.9,47.6,,3.83,,参考値,1
2593,6908,イリソ電子工業,プライム（内国株式）,電気機器,TOPIX Small 1,2771.0,278.9,45.9,35.4,,2.86,,参考値,1
2594,7864,フジシールインターナショナル,プライム（内国株式）,その他製品,TOPIX Small 1,3235.0,326.7,45.9,34.0,,2.45,,参考値,3
2595,9075,福山通運,プライム（内国株式）,陸運業,TOPIX Small 1,6160.0,588.3,45.9,26.2,,3.29,,参考値,2
2596,2815,アリアケジャパン,プライム（内国株式）,食料品,TOPIX Small 1,5410.0,389.8,45.8,34.0,-0.07,2.12,,参考値,3
2597,485A,パワーエックス,グロース（内国株式）,電気機器,-,1825.0,7597.4,45.7,49.8,,11.38,,参考値,2
2598,4186,東京応化工業,プライム（内国株式）,化学,TOPIX Mid400,8104.0,6468.5,45.7,49.6,,5.38,,参考値,1
2599,8508,Ｊトラスト,スタンダード（内国株式）,その他金融業,-,752.0,1965.2,45.7,45.7,,8.85,,参考値,1
2600,4293,セプテーニ・ホールディングス,スタンダード（内国株式）,サービス業,-,514.0,186.7,45.7,43.1,,3.56,,参考値,3
2601,9687,ＫＳＫ,スタンダード（内国株式）,情報・通信業,-,4675.0,13.7,45.7,41.8,,3.28,,参考値,4
2602,1925,大和ハウス工業,プライム（内国株式）,建設業,TOPIX Large70,4639.0,8216.3,45.7,30.9,-0.03,2.05,,参考値,2
2603,3817,ＳＲＡホールディングス,プライム（内国株式）,情報・通信業,TOPIX Small 2,4765.0,168.8,45.7,28.3,,2.59,,参考値,3
2604,4324,電通グループ,プライム（内国株式）,サービス業,TOPIX Mid400,3607.0,4403.1,45.6,45.0,,4.42,,参考値,2
2605,7226,極東開発工業,プライム（内国株式）,輸送用機器,TOPIX Small 1,2270.0,484.0,45.6,37.7,,1.93,,参考値,2
2606,9101,日本郵船,プライム（内国株式）,海運業,TOPIX Large70,7290.0,24431.4,45.6,29.0,,4.54,,参考値,3
2607,5110,住友ゴム工業,プライム（内国株式）,ゴム製品,TOPIX Mid400,1985.0,3935.1,45.5,43.9,,4.76,,参考値,2
2608,4523,エーザイ,プライム（内国株式）,医薬品,TOPIX Mid400,4652.0,5283.2,45.5,36.4,,3.15,,参考値,3
2609,7460,ヤギ,スタンダード（内国株式）,卸売業,-,1650.0,28.6,45.5,36.2,,2.71,,参考値,1
2610,8074,ＹＵＡＳＡ,プライム（内国株式）,卸売業,TOPIX Small 1,6390.0,209.4,45.5,30.1,,2.98,,参考値,4
2611,6866,日置電機,プライム（内国株式）,電気機器,TOPIX Small 1,9960.0,425.7,45.5,30.0,,4.93,,参考値,1
2612,6217,津田駒工業,スタンダード（内国株式）,機械,-,766.0,127.7,45.4,44.9,,7.5,,参考値,0
2613,8410,セブン銀行,プライム（内国株式）,銀行業,TOPIX Mid400,337.3,1488.8,45.4,34.9,,2.54,,参考値,4
2614,6433,ヒーハイスト,スタンダード（内国株式）,機械,-,1100.0,148.6,45.3,49.8,,9.45,,参考値,2
2615,4928,ノエビアホールディングス,プライム（内国株式）,化学,TOPIX Small 1,4810.0,366.7,45.3,25.0,,1.97,,参考値,3
2616,8705,日産証券グループ,スタンダード（内国株式）,証券、商品先物取引業,-,221.0,18.4,45.3,22.9,,2.47,,参考値,1
2617,9028,ゼロ,スタンダード（内国株式）,陸運業,-,3400.0,48.2,45.2,42.2,,2.93,,参考値,0
2618,8892,エスコン,プライム（内国株式）,不動産業,TOPIX Small 1,1100.0,192.2,45.2,42.1,,2.19,,参考値,2
2619,7309,シマノ,プライム（内国株式）,輸送用機器,TOPIX Large70,18450.0,5041.4,45.2,28.7,,3.85,,参考値,2
2620,6324,ハーモニック・ドライブ・システムズ,プライム（内国株式）,機械,TOPIX Small 2,5700.0,6683.4,45.1,48.9,,7.26,,参考値,1
2621,9536,西部ガスホールディングス,プライム（内国株式）,電気・ガス業,TOPIX Small 2,2511.0,379.7,45.1,45.4,,2.59,,参考値,3
2622,7182,ゆうちょ銀行,プライム（内国株式）,銀行業,TOPIX Large70,3280.0,19100.2,45.1,44.6,,3.75,,参考値,4
2623,4716,日本オラクル,スタンダード（内国株式）,情報・通信業,TOPIX Mid400,8982.0,1975.7,45.1,35.2,,3.78,,参考値,2
2624,2914,日本たばこ産業,プライム（内国株式）,食料品,TOPIX Core30,6660.0,22624.1,45.0,38.6,0.29,2.29,,参考値,3
2625,7213,レシップホールディングス,スタンダード（内国株式）,輸送用機器,-,658.0,17.1,44.8,43.8,,3.0,,参考値,3
2626,8566,リコーリース,プライム（内国株式）,その他金融業,TOPIX Small 1,6820.0,227.5,44.8,28.7,,2.09,,参考値,3
2627,6525,ＫＯＫＵＳＡＩ　ＥＬＥＣＴＲＩＣ,プライム（内国株式）,電気機器,TOPIX Mid400,8782.0,66231.3,44.7,50.5,,8.25,,参考値,2
2628,4531,有機合成薬品工業,スタンダード（内国株式）,化学,-,358.0,14.8,44.7,32.3,,2.99,,参考値,3
2629,1844,大盛工業,スタンダード（内国株式）,建設業,-,471.0,29.4,44.6,47.1,0.66,2.59,,参考値,0
2630,9104,商船三井,プライム（内国株式）,海運業,TOPIX Large70,7114.0,25478.6,44.6,28.5,,4.85,,参考値,3
2631,6098,リクルートホールディングス,プライム（内国株式）,サービス業,TOPIX Core30,15690.0,71687.9,44.5,48.8,,6.1,,参考値,2
2632,4887,サワイグループホールディングス,プライム（内国株式）,医薬品,TOPIX Mid400,1595.5,893.4,44.4,42.8,,2.33,,参考値,1
2633,3358,Ｔｒａｉｌｈｅａｄ　Ｇｌｏｂａｌ　Ｈｏｌｄｉｎｇｓ,スタンダード（内国株式）,小売業,-,96.0,32.2,44.4,22.8,,4.02,,参考値,2
2634,5261,リソルホールディングス,プライム（内国株式）,サービス業,-,7570.0,23.2,44.3,49.8,,1.9,,参考値,2
2635,1605,ＩＮＰＥＸ,プライム（内国株式）,鉱業,TOPIX Mid400,3832.0,18625.4,44.3,44.9,0.23,4.23,,参考値,3
2636,1959,クラフティア,プライム（内国株式）,建設業,TOPIX Mid400,8050.0,1529.1,44.3,33.0,0.41,3.15,,参考値,1
2637,2579,コカ・コーラ　ボトラーズジャパンホールディングス,プライム（内国株式）,食料品,TOPIX Mid400,3806.0,2747.9,44.2,36.0,0.45,3.4,,参考値,0
2638,4502,武田薬品工業,プライム（内国株式）,医薬品,TOPIX Core30,5760.0,21455.2,44.2,26.9,,2.6,,参考値,4
2639,3656,ＫＬａｂ,プライム（内国株式）,情報・通信業,TOPIX Small 2,172.0,465.1,44.1,48.2,,5.17,,参考値,1
2640,456A,ＨＵＭＡＮ　ＭＡＤＥ,グロース（内国株式）,小売業,-,1502.0,770.2,44.1,47.8,,10.07,,参考値,2
2641,3513,イチカワ,スタンダード（内国株式）,繊維製品,-,3450.0,12.8,44.0,42.6,,5.43,,参考値,3
2642,5122,オカモト,プライム（内国株式）,ゴム製品,TOPIX Small 2,6060.0,238.5,44.0,28.8,,4.56,,参考値,3
2643,9435,光通信,プライム（内国株式）,情報・通信業,TOPIX Mid400,39000.0,3755.4,43.9,49.8,,2.62,,参考値,3
2644,4881,ファンペップ,グロース（内国株式）,医薬品,-,53.0,12.9,43.9,39.7,,5.86,,参考値,2
2645,6336,石井表記,スタンダード（内国株式）,機械,-,1893.0,88.0,43.7,36.0,,6.93,,参考値,3
2646,5201,ＡＧＣ,プライム（内国株式）,ガラス・土石製品,TOPIX Mid400,5452.0,7265.7,43.7,33.4,,3.4,,参考値,1
2647,6954,ファナック,プライム（内国株式）,電気機器,TOPIX Large70,5797.0,31907.7,43.6,51.4,,4.13,,参考値,1
2648,4553,東和薬品,プライム（内国株式）,医薬品,TOPIX Small 1,3465.0,404.0,43.6,38.5,,4.07,,参考値,0
2649,8715,アニコム　ホールディングス,プライム（内国株式）,保険業,TOPIX Small 1,1031.0,424.7,43.4,36.5,,3.9,,参考値,1
2650,9766,コナミグループ,プライム（内国株式）,情報・通信業,TOPIX Mid400,20985.0,9523.8,43.3,53.4,,4.41,,参考値,2
2651,8746,ｕｎｂａｎｋｅｄ,スタンダード（内国株式）,証券、商品先物取引業,-,112.0,84.4,43.3,46.1,,16.36,,参考値,3
2652,4471,三洋化成工業,プライム（内国株式）,化学,TOPIX Small 1,5810.0,893.4,43.2,29.8,,5.27,,参考値,3
2653,6861,キーエンス,プライム（内国株式）,電気機器,TOPIX Core30,76760.0,42553.5,43.0,51.7,,3.79,,参考値,1
2654,2693,ＹＫＴ,スタンダード（内国株式）,卸売業,-,280.0,17.9,43.0,34.6,1.13,3.14,,参考値,1
2655,2345,ＨＯＤＬ１,スタンダード（内国株式）,情報・通信業,-,111.0,15.8,42.9,49.6,0.83,7.14,,参考値,3
2656,8747,豊トラスティ証券,スタンダード（内国株式）,証券、商品先物取引業,-,2237.0,20.2,42.6,39.2,,4.42,,参考値,1
2657,4347,ブロードメディア,スタンダード（内国株式）,サービス業,-,1658.0,20.2,42.5,38.7,,2.6,,参考値,1
2658,4441,トビラシステムズ,スタンダード（内国株式）,情報・通信業,-,1440.0,21.6,42.4,39.2,,7.28,,参考値,1
2659,9165,クオルテック,グロース（内国株式）,サービス業,-,1723.0,10.6,41.9,40.7,,2.79,,参考値,3
2660,9983,ファーストリテイリング,プライム（内国株式）,小売業,TOPIX Core30,68730.0,68180.1,41.4,50.3,,3.68,,参考値,0
2661,8085,ナラサキ産業,スタンダード（内国株式）,卸売業,-,4230.0,11.2,41.4,31.4,,2.17,,参考値,3
2662,9941,太洋物産,スタンダード（内国株式）,卸売業,-,1236.0,36.5,38.1,43.8,,6.04,,参考値,1
2663,285A,キオクシアホールディングス,プライム（内国株式）,電気機器,TOPIX Mid400,57410.0,1952869.6,37.9,47.7,-5.7,9.16,,参考値,2
2664,7741,ＨＯＹＡ,プライム（内国株式）,精密機器,TOPIX Core30,23325.0,24374.8,35.6,29.8,,3.79,,参考値,0
