コード,銘柄名,市場,業種,規模,終値,平均売買代金(百万円),テクニカル一致数,候補根拠,株価基準日,取得日時
1301,極洋,プライム（内国株式）,水産・農林業,TOPIX Small 1,4680.0,158.655275,3,25日線が75日線より上／MACDがプラス／前日より出来高増加,2026-09-24,2026-09-24T20:36:14.267158+09:00
1332,ニッスイ,プライム（内国株式）,水産・農林業,TOPIX Mid400,1156.5,2159.23723,0,,2026-09-24,2026-09-24T20:36:14.873064+09:00
1333,Ｕｍｉｏｓ,プライム（内国株式）,水産・農林業,TOPIX Mid400,1288.5,549.6207675,0,,2026-09-24,2026-09-24T20:36:14.875480+09:00
135A,ＶＲＡＩＮ　Ｓｏｌｕｔｉｏｎ,グロース（内国株式）,情報・通信業,-,4915.0,370.961225,4,株価が25日線より上／25日線が75日線より上／MACDがプラス／前日より出来高増加,2026-09-24,2026-09-24T20:36:14.877798+09:00
1375,ユキグニファクトリー,プライム（内国株式）,水産・農林業,TOPIX Small 2,1175.0,42.387875,4,株価が25日線より上／25日線が75日線より上／MACDがプラス／前日より出来高増加,2026-09-24,2026-09-24T20:36:14.880065+09:00
1376,カネコ種苗,スタンダード（内国株式）,水産・農林業,TOPIX Small 2,1605.0,20.184335,3,25日線が75日線より上／MACDがプラス／前日より出来高増加,2026-09-24,2026-09-24T20:36:14.882060+09:00
1377,サカタのタネ,プライム（内国株式）,水産・農林業,TOPIX Small 1,4390.0,384.641775,2,25日線が75日線より上／MACDがプラス,2026-09-24,2026-09-24T20:36:14.885578+09:00
1379,ホクト,プライム（内国株式）,水産・農林業,TOPIX Small 2,2112.0,185.15089,4,株価が25日線より上／25日線が75日線より上／MACDがプラス／前日より出来高増加,2026-09-24,2026-09-24T20:36:14.888210+09:00
1381,アクシーズ,スタンダード（内国株式）,水産・農林業,-,3565.0,14.606575,4,株価が25日線より上／25日線が75日線より上／MACDがプラス／前日より出来高増加,2026-09-24,2026-09-24T20:36:14.894077+09:00
1384,ホクリヨウ,スタンダード（内国株式）,水産・農林業,-,2136.0,24.611965,3,25日線が75日線より上／MACDがプラス／前日より出来高増加,2026-09-24,2026-09-24T20:36:14.899649+09:00
1407,ウエストホールディングス,スタンダード（内国株式）,建設業,-,2188.0,1196.446166920166,1,25日線が75日線より上,2026-09-24,2026-09-24T20:36:14.907738+09:00
1414,ショーボンドホールディングス,プライム（内国株式）,建設業,TOPIX Mid400,1262.5,1353.9356425,0,,2026-09-24,2026-09-24T20:36:14.909938+09:00
1417,ミライト・ワン,プライム（内国株式）,建設業,TOPIX Mid400,3579.0,705.625965,1,株価が25日線より上,2026-09-24,2026-09-24T20:36:14.912120+09:00
1418,インターライフホールディングス,スタンダード（内国株式）,建設業,-,585.0,30.535419583129883,3,25日線が75日線より上／MACDがプラス／前日より出来高増加,2026-09-24,2026-09-24T20:36:14.914225+09:00
1419,タマホーム,プライム（内国株式）,建設業,TOPIX Small 1,2894.0,487.903045,1,前日より出来高増加,2026-09-24,2026-09-24T20:36:14.916260+09:00
141A,トライアルホールディングス,グロース（内国株式）,小売業,-,3630.0,2267.802075,3,25日線が75日線より上／MACDがプラス／前日より出来高増加,2026-09-24,2026-09-24T20:36:14.919808+09:00
1429,日本アクア,プライム（内国株式）,建設業,-,800.0,61.38129,4,株価が25日線より上／25日線が75日線より上／MACDがプラス／前日より出来高増加,2026-09-24,2026-09-24T20:36:14.923753+09:00
142A,ジンジブ,グロース（内国株式）,サービス業,-,923.0,11.964975,4,株価が25日線より上／25日線が75日線より上／MACDがプラス／前日より出来高増加,2026-09-24,2026-09-24T20:36:14.925694+09:00
1430,ファーストコーポレーション,スタンダード（内国株式）,建設業,-,1068.0,21.035925,4,株価が25日線より上／25日線が75日線より上／MACDがプラス／前日より出来高増加,2026-09-24,2026-09-24T20:36:14.928593+09:00
1433,ベステラ,プライム（内国株式）,建設業,-,1200.0,117.788785,2,25日線が75日線より上／MACDがプラス,2026-09-24,2026-09-24T20:36:14.932996+09:00
1434,ＪＥＳＣＯホールディングス,スタンダード（内国株式）,建設業,-,1634.0,78.22873847351075,2,株価が25日線より上／前日より出来高増加,2026-09-24,2026-09-24T20:36:14.936588+09:00
1435,ｒｏｂｏｔ　ｈｏｍｅ,スタンダード（内国株式）,不動産業,TOPIX Small 2,180.0,62.70518,4,株価が25日線より上／25日線が75日線より上／MACDがプラス／前日より出来高増加,2026-09-24,2026-09-24T20:36:14.938658+09:00
1436,グリーンエナジー＆カンパニー,グロース（内国株式）,建設業,-,1750.0,149.379755,4,株価が25日線より上／25日線が75日線より上／MACDがプラス／前日より出来高増加,2026-09-24,2026-09-24T20:36:14.941015+09:00
1443,技研ホールディングス,スタンダード（内国株式）,建設業,-,272.0,13.653055,2,25日線が75日線より上／MACDがプラス,2026-09-24,2026-09-24T20:36:14.946567+09:00
1447,ＳＡＡＦホールディングス,グロース（内国株式）,建設業,-,314.0,80.289265,1,25日線が75日線より上,2026-09-24,2026-09-24T20:36:14.954141+09:00
146A,コロンビア・ワークス,スタンダード（内国株式）,不動産業,-,3720.0,181.5834,4,株価が25日線より上／25日線が75日線より上／MACDがプラス／前日より出来高増加,2026-09-24,2026-09-24T20:36:14.960085+09:00
147A,ソラコム,グロース（内国株式）,情報・通信業,-,1007.0,102.844815,2,株価が25日線より上／前日より出来高増加,2026-09-24,2026-09-24T20:36:14.964161+09:00
1491,中外鉱業,スタンダード（内国株式）,非鉄金属,-,740.0,21.01179,4,株価が25日線より上／25日線が75日線より上／MACDがプラス／前日より出来高増加,2026-09-24,2026-09-24T20:36:14.971284+09:00
150A,ＪＳＨ,グロース（内国株式）,サービス業,-,791.0,224.152785,3,株価が25日線より上／25日線が75日線より上／MACDがプラス,2026-09-24,2026-09-24T20:36:14.975501+09:00
1514,住石ホールディングス,スタンダード（内国株式）,鉱業,TOPIX Small 2,641.0,220.36692,2,25日線が75日線より上／MACDがプラス,2026-09-24,2026-09-24T20:36:14.977565+09:00
1515,日鉄鉱業,プライム（内国株式）,鉱業,TOPIX Small 1,3275.0,2819.7859,1,25日線が75日線より上,2026-09-24,2026-09-24T20:36:14.979853+09:00
1518,三井松島ホールディングス,プライム（内国株式）,その他製品,TOPIX Small 1,2280.0,765.14512,3,25日線が75日線より上／MACDがプラス／前日より出来高増加,2026-09-24,2026-09-24T20:36:14.982138+09:00
153A,カウリス,グロース（内国株式）,情報・通信業,-,1733.0,155.13572,4,株価が25日線より上／25日線が75日線より上／MACDがプラス／前日より出来高増加,2026-09-24,2026-09-24T20:36:14.989416+09:00
155A,情報戦略テクノロジー,グロース（内国株式）,情報・通信業,-,810.0,28.156475,1,前日より出来高増加,2026-09-24,2026-09-24T20:36:14.991577+09:00
156A,マテリアルグループ,グロース（内国株式）,サービス業,-,872.0,36.80432186126709,4,株価が25日線より上／25日線が75日線より上／MACDがプラス／前日より出来高増加,2026-09-24,2026-09-24T20:36:14.993589+09:00
157A,グリーンモンスター,グロース（内国株式）,サービス業,-,749.0,10.032,2,株価が25日線より上／前日より出来高増加,2026-09-24,2026-09-24T20:36:14.995541+09:00
1605,ＩＮＰＥＸ,プライム（内国株式）,鉱業,TOPIX Mid400,3834.0,20986.790615,2,25日線が75日線より上／MACDがプラス,2026-09-24,2026-09-24T20:36:14.997545+09:00
160A,アズパートナーズ,スタンダード（内国株式）,サービス業,-,1994.0,14.596805,2,株価が25日線より上／前日より出来高増加,2026-09-24,2026-09-24T20:36:14.999684+09:00
1662,石油資源開発,プライム（内国株式）,鉱業,TOPIX Small 1,1879.0,2616.86117,3,25日線が75日線より上／MACDがプラス／前日より出来高増加,2026-09-24,2026-09-24T20:36:15.003570+09:00
1663,Ｋ＆Ｏエナジーグループ,プライム（内国株式）,鉱業,TOPIX Small 1,1934.0,407.21881,2,25日線が75日線より上／MACDがプラス,2026-09-24,2026-09-24T20:36:15.005906+09:00
166A,タスキホールディングス,プライム（内国株式）,不動産業,TOPIX Small 2,1088.0,342.17297,1,25日線が75日線より上,2026-09-24,2026-09-24T20:36:15.007917+09:00
167A,リョーサン菱洋ホールディングス,プライム（内国株式）,卸売業,TOPIX Small 1,3330.0,445.88015,3,株価が25日線より上／25日線が75日線より上／MACDがプラス,2026-09-24,2026-09-24T20:36:15.009853+09:00
1716,第一カッター興業,スタンダード（内国株式）,建設業,TOPIX Small 2,1368.0,28.445375,1,25日線が75日線より上,2026-09-24,2026-09-24T20:36:17.489588+09:00
1717,明豊ファシリティワークス,スタンダード（内国株式）,サービス業,-,935.0,11.41604,2,25日線が75日線より上／前日より出来高増加,2026-09-24,2026-09-24T20:36:17.494274+09:00
1719,安藤・間,プライム（内国株式）,建設業,TOPIX Mid400,1910.0,1288.5280225,3,株価が25日線より上／25日線が75日線より上／MACDがプラス,2026-09-24,2026-09-24T20:36:17.501599+09:00
1720,東急建設,プライム（内国株式）,建設業,TOPIX Small 1,1221.0,338.980855,3,株価が25日線より上／25日線が75日線より上／MACDがプラス,2026-09-24,2026-09-24T20:36:17.503796+09:00
1721,コムシスホールディングス,プライム（内国株式）,建設業,TOPIX Mid400,5593.0,2779.90179,3,株価が25日線より上／25日線が75日線より上／MACDがプラス,2026-09-24,2026-09-24T20:36:17.505728+09:00
1723,日本電技,スタンダード（内国株式）,建設業,-,2560.0,519.20124,4,株価が25日線より上／25日線が75日線より上／MACDがプラス／前日より出来高増加,2026-09-24,2026-09-24T20:36:17.507749+09:00
1762,高松コンストラクショングループ,プライム（内国株式）,建設業,TOPIX Small 2,4235.0,173.4442,4,株価が25日線より上／25日線が75日線より上／MACDがプラス／前日より出来高増加,2026-09-24,2026-09-24T20:36:17.520582+09:00
1766,東建コーポレーション,プライム（内国株式）,建設業,TOPIX Small 1,13160.0,257.799,2,25日線が75日線より上／前日より出来高増加,2026-09-24,2026-09-24T20:36:17.525036+09:00
1770,藤田エンジニアリング,スタンダード（内国株式）,建設業,-,2330.0,12.173925,4,株価が25日線より上／25日線が75日線より上／MACDがプラス／前日より出来高増加,2026-09-24,2026-09-24T20:36:17.532315+09:00
1780,ヤマウラ,プライム（内国株式）,建設業,TOPIX Small 2,1481.0,39.649655,3,25日線が75日線より上／MACDがプラス／前日より出来高増加,2026-09-24,2026-09-24T20:36:17.536259+09:00
1783,ｆａｎｔａｓｉｓｔａ,スタンダード（内国株式）,不動産業,-,68.0,250.71796,3,株価が25日線より上／25日線が75日線より上／MACDがプラス,2026-09-24,2026-09-24T20:36:17.538380+09:00
1786,オリエンタル白石,プライム（内国株式）,建設業,TOPIX Small 2,353.0,161.871675,2,25日線が75日線より上／前日より出来高増加,2026-09-24,2026-09-24T20:36:17.540247+09:00
1799,第一建設工業,スタンダード（内国株式）,建設業,-,3385.0,54.296525,2,株価が25日線より上／前日より出来高増加,2026-09-24,2026-09-24T20:36:17.555389+09:00
1801,大成建設,プライム（内国株式）,建設業,TOPIX Mid400,12655.0,9778.07135,0,,2026-09-24,2026-09-24T20:36:17.557386+09:00
1802,大林組,プライム（内国株式）,建設業,TOPIX Mid400,3062.0,7696.0079725,2,株価が25日線より上／MACDがプラス,2026-09-24,2026-09-24T20:36:17.559455+09:00
1803,清水建設,プライム（内国株式）,建設業,TOPIX Mid400,2350.5,7807.503435,0,,2026-09-24,2026-09-24T20:36:17.566042+09:00
1808,長谷工コーポレーション,プライム（内国株式）,建設業,TOPIX Mid400,2723.5,2459.91324,1,25日線が75日線より上,2026-09-24,2026-09-24T20:36:17.570400+09:00
1810,松井建設,スタンダード（内国株式）,建設業,TOPIX Small 2,1459.0,47.709815,1,25日線が75日線より上,2026-09-24,2026-09-24T20:36:17.572276+09:00
1811,錢高組,スタンダード（内国株式）,建設業,-,7520.0,13.1972,0,,2026-09-24,2026-09-24T20:36:17.574172+09:00
1812,鹿島建設,プライム（内国株式）,建設業,TOPIX Mid400,4982.0,10024.35023,1,株価が25日線より上,2026-09-24,2026-09-24T20:36:17.578776+09:00
1813,不動テトラ,プライム（内国株式）,建設業,TOPIX Small 2,3025.0,187.604425,3,株価が25日線より上／25日線が75日線より上／MACDがプラス,2026-09-24,2026-09-24T20:36:17.582682+09:00
1814,大末建設,プライム（内国株式）,建設業,-,3650.0,218.606675,4,株価が25日線より上／25日線が75日線より上／MACDがプラス／前日より出来高増加,2026-09-24,2026-09-24T20:36:17.585021+09:00
1815,鉄建建設,プライム（内国株式）,建設業,TOPIX Small 2,4540.0,345.249675,4,株価が25日線より上／25日線が75日線より上／MACDがプラス／前日より出来高増加,2026-09-24,2026-09-24T20:36:17.587034+09:00
1820,西松建設,プライム（内国株式）,建設業,TOPIX Mid400,5692.0,689.17007,4,株価が25日線より上／25日線が75日線より上／MACDがプラス／前日より出来高増加,2026-09-24,2026-09-24T20:36:17.588941+09:00
1822,大豊建設,スタンダード（内国株式）,建設業,TOPIX Small 2,835.0,171.83349,4,株価が25日線より上／25日線が75日線より上／MACDがプラス／前日より出来高増加,2026-09-24,2026-09-24T20:36:17.590806+09:00
1826,佐田建設,スタンダード（内国株式）,建設業,-,1085.0,10.105215,2,株価が25日線より上／25日線が75日線より上,2026-09-24,2026-09-24T20:36:17.593444+09:00
1827,ナカノフドー建設,スタンダード（内国株式）,建設業,-,1428.0,18.69564,4,株価が25日線より上／25日線が75日線より上／MACDがプラス／前日より出来高増加,2026-09-24,2026-09-24T20:36:17.597721+09:00
1828,田辺工業,スタンダード（内国株式）,建設業,-,2425.0,28.30354,4,株価が25日線より上／25日線が75日線より上／MACDがプラス／前日より出来高増加,2026-09-24,2026-09-24T20:36:17.599970+09:00
1833,奥村組,プライム（内国株式）,建設業,TOPIX Small 1,5750.0,809.52365,1,25日線が75日線より上,2026-09-24,2026-09-24T20:36:17.602427+09:00
1835,東鉄工業,プライム（内国株式）,建設業,TOPIX Small 1,3910.0,268.177125,0,,2026-09-24,2026-09-24T20:36:17.604421+09:00
1844,大盛工業,スタンダード（内国株式）,建設業,-,448.0,78.3114,0,,2026-09-24,2026-09-24T20:36:17.608387+09:00
1847,イチケン,スタンダード（内国株式）,建設業,-,3465.0,81.860225,4,株価が25日線より上／25日線が75日線より上／MACDがプラス／前日より出来高増加,2026-09-24,2026-09-24T20:36:17.613453+09:00
1848,富士ピー・エス,スタンダード（内国株式）,建設業,-,861.0,19.0348,4,株価が25日線より上／25日線が75日線より上／MACDがプラス／前日より出来高増加,2026-09-24,2026-09-24T20:36:17.615854+09:00
1850,南海辰村建設,スタンダード（内国株式）,建設業,-,438.0,10.1992,4,株価が25日線より上／25日線が75日線より上／MACDがプラス／前日より出来高増加,2026-09-24,2026-09-24T20:36:17.619825+09:00
1852,淺沼組,プライム（内国株式）,建設業,TOPIX Small 1,898.0,353.124525,2,25日線が75日線より上／前日より出来高増加,2026-09-24,2026-09-24T20:36:17.621695+09:00
1860,戸田建設,プライム（内国株式）,建設業,TOPIX Mid400,1508.5,1172.9102675,0,,2026-09-24,2026-09-24T20:36:17.625385+09:00
1861,熊谷組,プライム（内国株式）,建設業,TOPIX Small 1,1319.0,1117.84909,1,株価が25日線より上,2026-09-24,2026-09-24T20:36:17.629962+09:00
1866,北野建設,スタンダード（内国株式）,建設業,-,1116.0,14.008645,2,25日線が75日線より上／前日より出来高増加,2026-09-24,2026-09-24T20:36:17.632547+09:00
1867,植木組,スタンダード（内国株式）,建設業,-,2704.0,15.396995,3,25日線が75日線より上／MACDがプラス／前日より出来高増加,2026-09-24,2026-09-24T20:36:17.634670+09:00
186A,アストロスケールホールディングス,グロース（内国株式）,サービス業,-,1190.0,4129.069645,2,株価が25日線より上／前日より出来高増加,2026-09-24,2026-09-24T20:36:17.636643+09:00
1870,矢作建設工業,プライム（内国株式）,建設業,TOPIX Small 1,2174.0,282.938735,3,株価が25日線より上／25日線が75日線より上／MACDがプラス,2026-09-24,2026-09-24T20:36:20.060034+09:00
1871,ピーエス・コンストラクション,プライム（内国株式）,建設業,TOPIX Small 2,2215.0,211.139085,2,25日線が75日線より上／前日より出来高増加,2026-09-24,2026-09-24T20:36:20.063758+09:00
1873,日本ハウスホールディングス,プライム（内国株式）,建設業,TOPIX Small 2,314.0,30.69714,2,25日線が75日線より上／前日より出来高増加,2026-09-24,2026-09-24T20:36:20.066560+09:00
1878,大東建託,プライム（内国株式）,不動産業,TOPIX Mid400,3295.0,4781.917715,3,25日線が75日線より上／MACDがプラス／前日より出来高増加,2026-09-24,2026-09-24T20:36:20.069087+09:00
1879,新日本建設,プライム（内国株式）,建設業,TOPIX Small 2,2299.0,492.993955,3,25日線が75日線より上／MACDがプラス／前日より出来高増加,2026-09-24,2026-09-24T20:36:20.072693+09:00
1882,東亜道路工業,プライム（内国株式）,建設業,TOPIX Small 1,1616.0,582.048755,4,株価が25日線より上／25日線が75日線より上／MACDがプラス／前日より出来高増加,2026-09-24,2026-09-24T20:36:20.075284+09:00
1885,東亜建設工業,プライム（内国株式）,建設業,TOPIX Small 1,2160.0,933.235405,3,株価が25日線より上／25日線が75日線より上／MACDがプラス,2026-09-24,2026-09-24T20:36:20.078331+09:00
1887,日本国土開発,プライム（内国株式）,建設業,TOPIX Small 2,548.0,123.328215,2,25日線が75日線より上／MACDがプラス,2026-09-24,2026-09-24T20:36:20.081456+09:00
1888,若築建設,プライム（内国株式）,建設業,TOPIX Small 2,3720.0,55.32195,2,25日線が75日線より上／前日より出来高増加,2026-09-24,2026-09-24T20:36:20.085345+09:00
1893,五洋建設,プライム（内国株式）,建設業,TOPIX Mid400,1558.0,3141.498155,2,株価が25日線より上／MACDがプラス,2026-09-24,2026-09-24T20:36:20.090798+09:00
1898,世紀東急工業,プライム（内国株式）,建設業,TOPIX Small 1,1483.0,219.814545,3,25日線が75日線より上／MACDがプラス／前日より出来高増加,2026-09-24,2026-09-24T20:36:20.096322+09:00
1899,福田組,プライム（内国株式）,建設業,TOPIX Small 2,4765.0,289.9745,4,株価が25日線より上／25日線が75日線より上／MACDがプラス／前日より出来高増加,2026-09-24,2026-09-24T20:36:20.098507+09:00
1904,大成温調,スタンダード（内国株式）,建設業,-,5130.0,51.39415,4,株価が25日線より上／25日線が75日線より上／MACDがプラス／前日より出来高増加,2026-09-24,2026-09-24T20:36:20.102267+09:00
190A,Ｃｈｏｒｄｉａ　Ｔｈｅｒａｐｅｕｔｉｃｓ,グロース（内国株式）,医薬品,-,70.0,28.473675,0,,2026-09-24,2026-09-24T20:36:20.108592+09:00
1911,住友林業,プライム（内国株式）,建設業,TOPIX Mid400,1215.0,5400.582755,0,,2026-09-24,2026-09-24T20:36:20.110475+09:00
1914,日本基礎技術,スタンダード（内国株式）,建設業,-,821.0,23.928515,4,株価が25日線より上／25日線が75日線より上／MACDがプラス／前日より出来高増加,2026-09-24,2026-09-24T20:36:20.112313+09:00
1921,巴コーポレーション,スタンダード（内国株式）,建設業,-,2036.0,25.621115,3,株価が25日線より上／25日線が75日線より上／MACDがプラス,2026-09-24,2026-09-24T20:36:20.114144+09:00
1925,大和ハウス工業,プライム（内国株式）,建設業,TOPIX Large70,4532.0,8685.316,1,25日線が75日線より上,2026-09-24,2026-09-24T20:36:20.116117+09:00
1926,ライト工業,プライム（内国株式）,建設業,TOPIX Small 1,3895.0,483.2621,3,株価が25日線より上／MACDがプラス／前日より出来高増加,2026-09-24,2026-09-24T20:36:20.117962+09:00
1928,積水ハウス,プライム（内国株式）,建設業,TOPIX Large70,3349.0,8342.376065,1,25日線が75日線より上,2026-09-24,2026-09-24T20:36:20.121762+09:00
1929,日特建設,プライム（内国株式）,建設業,TOPIX Small 2,1236.0,108.282555,4,株価が25日線より上／25日線が75日線より上／MACDがプラス／前日より出来高増加,2026-09-24,2026-09-24T20:36:20.124216+09:00
1930,北陸電気工事,プライム（内国株式）,建設業,TOPIX Small 2,1611.0,82.460785,3,株価が25日線より上／MACDがプラス／前日より出来高増加,2026-09-24,2026-09-24T20:36:20.128139+09:00
1934,ユアテック,プライム（内国株式）,建設業,TOPIX Small 1,2613.0,347.8506,3,株価が25日線より上／25日線が75日線より上／MACDがプラス,2026-09-24,2026-09-24T20:36:20.130295+09:00
1938,日本リーテック,プライム（内国株式）,建設業,TOPIX Small 2,2636.0,194.037015,2,株価が25日線より上／MACDがプラス,2026-09-24,2026-09-24T20:36:20.133680+09:00
1939,四電工,プライム（内国株式）,建設業,TOPIX Small 2,2345.0,236.042865,4,株価が25日線より上／25日線が75日線より上／MACDがプラス／前日より出来高増加,2026-09-24,2026-09-24T20:36:20.137648+09:00
1941,中電工,プライム（内国株式）,建設業,TOPIX Small 1,5180.0,402.06735,2,株価が25日線より上／MACDがプラス,2026-09-24,2026-09-24T20:36:20.141244+09:00
1942,関電工,プライム（内国株式）,建設業,TOPIX Mid400,5622.0,4222.434865,2,株価が25日線より上／前日より出来高増加,2026-09-24,2026-09-24T20:36:20.144214+09:00
1944,きんでん,プライム（内国株式）,建設業,TOPIX Mid400,7011.0,4154.569155,1,株価が25日線より上,2026-09-24,2026-09-24T20:36:20.146857+09:00
1945,東京エネシス,プライム（内国株式）,建設業,TOPIX Small 2,2165.0,328.04641,2,株価が25日線より上／MACDがプラス,2026-09-24,2026-09-24T20:36:20.149061+09:00
1946,トーエネック,プライム（内国株式）,建設業,TOPIX Small 2,2275.0,364.845235,3,株価が25日線より上／25日線が75日線より上／MACDがプラス,2026-09-24,2026-09-24T20:36:20.150971+09:00
1948,弘電社,スタンダード（内国株式）,建設業,-,11450.0,42.613,2,株価が25日線より上／MACDがプラス,2026-09-24,2026-09-24T20:36:20.154188+09:00
194A,ＷＯＬＶＥＳ　ＨＡＮＤ,グロース（内国株式）,サービス業,-,1670.0,157.28496,1,25日線が75日線より上,2026-09-24,2026-09-24T20:36:20.156763+09:00
1950,日本電設工業,プライム（内国株式）,建設業,TOPIX Small 1,4095.0,379.857375,3,株価が25日線より上／MACDがプラス／前日より出来高増加,2026-09-24,2026-09-24T20:36:20.159057+09:00
1951,エクシオグループ,プライム（内国株式）,建設業,TOPIX Mid400,2605.0,1103.545905,1,株価が25日線より上,2026-09-24,2026-09-24T20:36:20.161714+09:00
1952,新日本空調,プライム（内国株式）,建設業,TOPIX Small 1,3230.0,427.642775,2,株価が25日線より上／MACDがプラス,2026-09-24,2026-09-24T20:36:20.164930+09:00
1959,クラフティア,プライム（内国株式）,建設業,TOPIX Mid400,8124.0,1293.360615,0,,2026-09-24,2026-09-24T20:36:20.167862+09:00
195A,ＭＵＳＣＡＴ　ＧＲＯＵＰ,グロース（内国株式）,サービス業,-,720.0,15.919685,3,株価が25日線より上／MACDがプラス／前日より出来高増加,2026-09-24,2026-09-24T20:36:20.173655+09:00
1960,サンテック,スタンダード（内国株式）,建設業,-,1705.0,24.659865,4,株価が25日線より上／25日線が75日線より上／MACDがプラス／前日より出来高増加,2026-09-24,2026-09-24T20:36:20.177520+09:00
1961,三機工業,プライム（内国株式）,建設業,TOPIX Small 1,2518.0,1093.066375,2,株価が25日線より上／MACDがプラス,2026-09-24,2026-09-24T20:36:20.181075+09:00
1963,日揮ホールディングス,プライム（内国株式）,建設業,TOPIX Mid400,2300.0,3415.0604175,1,MACDがプラス,2026-09-24,2026-09-24T20:36:20.184648+09:00
1964,中外炉工業,プライム（内国株式）,建設業,TOPIX Small 2,3905.0,80.545925,0,,2026-09-24,2026-09-24T20:36:20.190232+09:00
1965,テクノ菱和,スタンダード（内国株式）,建設業,-,7160.0,513.30745,3,株価が25日線より上／25日線が75日線より上／MACDがプラス,2026-09-24,2026-09-24T20:36:20.194358+09:00
1967,ヤマト,スタンダード（内国株式）,建設業,-,2144.0,30.6062,4,株価が25日線より上／25日線が75日線より上／MACDがプラス／前日より出来高増加,2026-09-24,2026-09-24T20:36:20.201780+09:00
1968,太平電業,プライム（内国株式）,建設業,TOPIX Small 1,2551.0,329.37359,2,株価が25日線より上／MACDがプラス,2026-09-24,2026-09-24T20:36:20.207176+09:00
1969,高砂熱学工業,プライム（内国株式）,建設業,TOPIX Mid400,4739.0,2176.23598,2,株価が25日線より上／MACDがプラス,2026-09-24,2026-09-24T20:36:20.211361+09:00
196A,ＭＦＳ,グロース（内国株式）,その他金融業,-,320.0,52.73335,3,25日線が75日線より上／MACDがプラス／前日より出来高増加,2026-09-24,2026-09-24T20:36:20.214760+09:00
1972,三晃金属工業,スタンダード（内国株式）,建設業,-,1311.0,33.773605,2,25日線が75日線より上／MACDがプラス,2026-09-24,2026-09-24T20:36:20.220693+09:00
1975,朝日工業社,プライム（内国株式）,建設業,TOPIX Small 1,3995.0,263.45065,2,株価が25日線より上／MACDがプラス,2026-09-24,2026-09-24T20:36:20.225020+09:00
1976,明星工業,プライム（内国株式）,建設業,TOPIX Small 2,1724.0,140.197475,0,,2026-09-24,2026-09-24T20:36:20.227997+09:00
1979,大氣社,プライム（内国株式）,建設業,TOPIX Small 1,3800.0,845.930475,0,,2026-09-24,2026-09-24T20:36:20.231827+09:00
197A,タウンズ,スタンダード（内国株式）,医薬品,-,527.0,100.799565,4,株価が25日線より上／25日線が75日線より上／MACDがプラス／前日より出来高増加,2026-09-24,2026-09-24T20:36:20.236893+09:00
1980,ダイダン,プライム（内国株式）,建設業,TOPIX Small 1,2945.0,1373.294315,3,株価が25日線より上／25日線が75日線より上／MACDがプラス,2026-09-24,2026-09-24T20:36:20.241127+09:00
1982,日比谷総合設備,プライム（内国株式）,建設業,TOPIX Small 2,3270.0,288.90866,3,株価が25日線より上／25日線が75日線より上／MACDがプラス,2026-09-24,2026-09-24T20:36:20.247618+09:00
198A,ＰｏｓｔＰｒｉｍｅ,グロース（内国株式）,情報・通信業,-,161.0,11.7932,3,25日線が75日線より上／MACDがプラス／前日より出来高増加,2026-09-24,2026-09-24T20:36:22.212876+09:00
1994,高橋カーテンウォール工業,スタンダード（内国株式）,建設業,-,612.0,11.90257,4,株価が25日線より上／25日線が75日線より上／MACDがプラス／前日より出来高増加,2026-09-24,2026-09-24T20:36:22.219842+09:00
2001,ニップン,プライム（内国株式）,食料品,TOPIX Small 1,2926.0,430.02608,2,25日線が75日線より上／MACDがプラス,2026-09-24,2026-09-24T20:36:22.224925+09:00
2002,日清製粉グループ本社,プライム（内国株式）,食料品,TOPIX Mid400,2013.5,1922.62879,2,25日線が75日線より上／MACDがプラス,2026-09-24,2026-09-24T20:36:22.228069+09:00
2003,日東富士製粉,スタンダード（内国株式）,食料品,TOPIX Small 2,1898.0,35.6044,4,株価が25日線より上／25日線が75日線より上／MACDがプラス／前日より出来高増加,2026-09-24,2026-09-24T20:36:22.232386+09:00
2004,昭和産業,プライム（内国株式）,食料品,TOPIX Small 2,3905.0,212.569375,4,株価が25日線より上／25日線が75日線より上／MACDがプラス／前日より出来高増加,2026-09-24,2026-09-24T20:36:22.235295+09:00
2009,鳥越製粉,スタンダード（内国株式）,食料品,-,1115.0,12.7827,3,株価が25日線より上／25日線が75日線より上／MACDがプラス,2026-09-24,2026-09-24T20:36:22.237990+09:00
2053,中部飼料,プライム（内国株式）,食料品,TOPIX Small 2,2022.0,135.645855,3,25日線が75日線より上／MACDがプラス／前日より出来高増加,2026-09-24,2026-09-24T20:36:22.240945+09:00
205A,ロゴスホールディングス,グロース（内国株式）,建設業,-,1657.0,41.35166,1,前日より出来高増加,2026-09-24,2026-09-24T20:36:22.248024+09:00
2060,フィード・ワン,プライム（内国株式）,食料品,TOPIX Small 2,1454.0,147.6018,3,株価が25日線より上／25日線が75日線より上／MACDがプラス,2026-09-24,2026-09-24T20:36:22.251577+09:00
206A,ＰＲＩＳＭ　ＢｉｏＬａｂ,グロース（内国株式）,医薬品,-,167.0,17.360085,3,25日線が75日線より上／MACDがプラス／前日より出来高増加,2026-09-24,2026-09-24T20:36:22.254091+09:00
208A,構造計画研究所ホールディングス,スタンダード（内国株式）,情報・通信業,-,2889.0,23.49678,2,25日線が75日線より上／前日より出来高増加,2026-09-24,2026-09-24T20:36:22.257026+09:00
2108,日本甜菜製糖,プライム（内国株式）,食料品,TOPIX Small 2,5230.0,216.0136,1,25日線が75日線より上,2026-09-24,2026-09-24T20:36:22.259631+09:00
2109,ＤＭ三井製糖,プライム（内国株式）,食料品,TOPIX Small 1,3845.0,209.612925,4,株価が25日線より上／25日線が75日線より上／MACDがプラス／前日より出来高増加,2026-09-24,2026-09-24T20:36:22.262605+09:00
2112,塩水港精糖,スタンダード（内国株式）,食料品,-,462.0,15.665995,3,25日線が75日線より上／MACDがプラス／前日より出来高増加,2026-09-24,2026-09-24T20:36:22.267368+09:00
2114,フジ日本,スタンダード（内国株式）,食料品,-,673.0,12.7862,4,株価が25日線より上／25日線が75日線より上／MACDがプラス／前日より出来高増加,2026-09-24,2026-09-24T20:36:22.270593+09:00
2117,ウェルネオシュガー,プライム（内国株式）,食料品,TOPIX Small 2,2839.0,63.40841,4,株価が25日線より上／25日線が75日線より上／MACDがプラス／前日より出来高増加,2026-09-24,2026-09-24T20:36:22.274104+09:00
211A,カドス・コーポレーション,スタンダード（内国株式）,建設業,-,3280.0,13.7625,1,前日より出来高増加,2026-09-24,2026-09-24T20:36:22.277546+09:00
2120,ＬＩＦＵＬＬ,プライム（内国株式）,サービス業,TOPIX Small 2,240.0,217.19503,3,株価が25日線より上／25日線が75日線より上／MACDがプラス,2026-09-24,2026-09-24T20:36:22.283451+09:00
2121,ＭＩＸＩ,プライム（内国株式）,情報・通信業,TOPIX Small 1,3825.0,1380.059975,4,株価が25日線より上／25日線が75日線より上／MACDがプラス／前日より出来高増加,2026-09-24,2026-09-24T20:36:22.288496+09:00
2122,インタースペース,スタンダード（内国株式）,サービス業,-,1451.0,10.69695,3,25日線が75日線より上／MACDがプラス／前日より出来高増加,2026-09-24,2026-09-24T20:36:22.291680+09:00
2124,ジェイエイシーリクルートメント,プライム（内国株式）,サービス業,TOPIX Small 1,1028.0,476.266695,3,株価が25日線より上／25日線が75日線より上／MACDがプラス,2026-09-24,2026-09-24T20:36:22.294673+09:00
2127,日本Ｍ＆Ａセンターホールディングス,プライム（内国株式）,サービス業,TOPIX Mid400,640.0,2543.1954689144895,2,25日線が75日線より上／前日より出来高増加,2026-09-24,2026-09-24T20:36:22.298731+09:00
212A,フィットイージー,プライム（内国株式）,サービス業,TOPIX Small 2,2832.0,443.32286,2,25日線が75日線より上／前日より出来高増加,2026-09-24,2026-09-24T20:36:22.302759+09:00
2130,メンバーズ,プライム（内国株式）,サービス業,TOPIX Small 2,925.0,55.26853,1,株価が25日線より上,2026-09-24,2026-09-24T20:36:22.305633+09:00
2134,北浜キャピタルパートナーズ,スタンダード（内国株式）,サービス業,-,17.0,35.391465,0,,2026-09-24,2026-09-24T20:36:22.308850+09:00
2138,クルーズ,スタンダード（内国株式）,情報・通信業,-,421.0,10.055385,2,25日線が75日線より上／前日より出来高増加,2026-09-24,2026-09-24T20:36:22.316518+09:00
2146,ＵＴグループ,プライム（内国株式）,サービス業,TOPIX Small 1,239.0,1114.517325,3,株価が25日線より上／25日線が75日線より上／MACDがプラス,2026-09-24,2026-09-24T20:36:22.322154+09:00
2148,アイティメディア,プライム（内国株式）,サービス業,TOPIX Small 2,1152.0,48.60803,2,25日線が75日線より上／前日より出来高増加,2026-09-24,2026-09-24T20:36:22.325141+09:00
2153,Ｅ・Ｊホールディングス,プライム（内国株式）,サービス業,TOPIX Small 2,1890.0,100.81647,4,株価が25日線より上／25日線が75日線より上／MACDがプラス／前日より出来高増加,2026-09-24,2026-09-24T20:36:22.332929+09:00
2154,オープンアップグループ,プライム（内国株式）,サービス業,TOPIX Small 1,2024.0,292.139265,4,株価が25日線より上／25日線が75日線より上／MACDがプラス／前日より出来高増加,2026-09-24,2026-09-24T20:36:22.336124+09:00
2157,コシダカホールディングス,プライム（内国株式）,サービス業,TOPIX Small 1,999.0,1078.4273408435058,2,25日線が75日線より上／前日より出来高増加,2026-09-24,2026-09-24T20:36:22.341294+09:00
2158,ＦＲＯＮＴＥＯ,グロース（内国株式）,サービス業,-,655.0,110.53226,3,株価が25日線より上／25日線が75日線より上／前日より出来高増加,2026-09-24,2026-09-24T20:36:22.344116+09:00
215A,タイミー,グロース（内国株式）,サービス業,-,1348.0,3690.66487,2,25日線が75日線より上／前日より出来高増加,2026-09-24,2026-09-24T20:36:22.347419+09:00
2160,ジーエヌアイグループ,グロース（内国株式）,医薬品,-,3395.0,3184.958715,4,株価が25日線より上／25日線が75日線より上／MACDがプラス／前日より出来高増加,2026-09-24,2026-09-24T20:36:22.351245+09:00
2163,アルトナー,プライム（内国株式）,サービス業,-,953.0,37.536345,1,25日線が75日線より上,2026-09-24,2026-09-24T20:36:22.354331+09:00
2164,地域新聞社,スタンダード（内国株式）,サービス業,-,112.0,24.202305,0,,2026-09-24,2026-09-24T20:36:22.357305+09:00
2168,パソナグループ,プライム（内国株式）,サービス業,TOPIX Small 1,1558.0,263.68283,1,25日線が75日線より上,2026-09-24,2026-09-24T20:36:22.360399+09:00
2170,リンクアンドモチベーション,プライム（内国株式）,サービス業,TOPIX Small 2,690.0,252.14606,3,株価が25日線より上／25日線が75日線より上／MACDがプラス,2026-09-24,2026-09-24T20:36:22.367277+09:00
2175,エス・エム・エス,プライム（内国株式）,サービス業,TOPIX Small 1,2652.0,1087.16578,3,株価が25日線より上／25日線が75日線より上／MACDがプラス,2026-09-24,2026-09-24T20:36:22.372728+09:00
2181,パーソルホールディングス,プライム（内国株式）,サービス業,TOPIX Mid400,292.79998779296875,3128.8380195199584,2,25日線が75日線より上／MACDがプラス,2026-09-24,2026-09-24T20:36:22.382180+09:00
2186,ソーバル,スタンダード（内国株式）,サービス業,-,896.0,12.095842966918946,1,25日線が75日線より上,2026-09-24,2026-09-24T20:36:22.391371+09:00
218A,Ｌｉｂｅｒａｗａｒｅ,グロース（内国株式）,精密機器,-,1031.0,379.40272,1,25日線が75日線より上,2026-09-24,2026-09-24T20:36:22.394367+09:00
2193,クックパッド,スタンダード（内国株式）,サービス業,TOPIX Small 2,128.0,29.08237,3,25日線が75日線より上／MACDがプラス／前日より出来高増加,2026-09-24,2026-09-24T20:36:22.397819+09:00
2195,アミタホールディングス,グロース（内国株式）,サービス業,-,376.0,42.6982,4,株価が25日線より上／25日線が75日線より上／MACDがプラス／前日より出来高増加,2026-09-24,2026-09-24T20:36:22.401570+09:00
2198,アイ・ケイ・ケイホールディングス,プライム（内国株式）,サービス業,-,774.0,18.947645,2,25日線が75日線より上／前日より出来高増加,2026-09-24,2026-09-24T20:36:22.404656+09:00
219A,Ｈｅａｒｔｓｅｅｄ,グロース（内国株式）,医薬品,-,2710.0,1299.74495,3,株価が25日線より上／25日線が75日線より上／MACDがプラス,2026-09-24,2026-09-24T20:36:22.407001+09:00
2201,森永製菓,プライム（内国株式）,食料品,TOPIX Mid400,2468.5,817.9632,0,,2026-09-24,2026-09-24T20:36:24.368427+09:00
2204,中村屋,スタンダード（内国株式）,食料品,TOPIX Small 2,3105.0,28.0365,1,前日より出来高増加,2026-09-24,2026-09-24T20:36:24.371773+09:00
2206,江崎グリコ,プライム（内国株式）,食料品,TOPIX Mid400,5015.0,862.915575,0,,2026-09-24,2026-09-24T20:36:24.374957+09:00
2207,ｍｅｉｔｏ,プライム（内国株式）,食料品,TOPIX Small 2,3415.0,173.8448,3,25日線が75日線より上／MACDがプラス／前日より出来高増加,2026-09-24,2026-09-24T20:36:24.378757+09:00
2208,ブルボン,スタンダード（内国株式）,食料品,-,3160.0,12.80825,3,株価が25日線より上／25日線が75日線より上／MACDがプラス,2026-09-24,2026-09-24T20:36:24.381868+09:00
2209,井村屋グループ,プライム（内国株式）,食料品,TOPIX Small 2,2355.0,54.790455,2,25日線が75日線より上／前日より出来高増加,2026-09-24,2026-09-24T20:36:24.385155+09:00
2211,不二家,プライム（内国株式）,食料品,TOPIX Small 2,2504.0,64.498035,3,株価が25日線より上／25日線が75日線より上／MACDがプラス,2026-09-24,2026-09-24T20:36:24.393135+09:00
2212,山崎製パン,プライム（内国株式）,食料品,TOPIX Mid400,3571.0,2512.7506,2,25日線が75日線より上／MACDがプラス,2026-09-24,2026-09-24T20:36:24.396392+09:00
2216,カンロ,スタンダード（内国株式）,食料品,-,1100.0,66.745135,1,株価が25日線より上,2026-09-24,2026-09-24T20:36:24.403513+09:00
2217,モロゾフ,プライム（内国株式）,食料品,TOPIX Small 2,1497.0,44.34069,1,株価が25日線より上,2026-09-24,2026-09-24T20:36:24.407413+09:00
2220,亀田製菓,プライム（内国株式）,食料品,TOPIX Small 1,1303.0,386.32562,1,25日線が75日線より上,2026-09-24,2026-09-24T20:36:24.413820+09:00
2222,寿スピリッツ,プライム（内国株式）,食料品,TOPIX Mid400,2634.5,1669.379825,2,株価が25日線より上／25日線が75日線より上,2026-09-24,2026-09-24T20:36:24.421563+09:00
2226,湖池屋,スタンダード（内国株式）,食料品,-,4870.0,15.52325,3,25日線が75日線より上／MACDがプラス／前日より出来高増加,2026-09-24,2026-09-24T20:36:24.429568+09:00
2229,カルビー,プライム（内国株式）,食料品,TOPIX Mid400,3037.0,731.287325,2,25日線が75日線より上／MACDがプラス,2026-09-24,2026-09-24T20:36:24.433577+09:00
2264,森永乳業,プライム（内国株式）,食料品,TOPIX Mid400,1129.5,2067.3964325,1,前日より出来高増加,2026-09-24,2026-09-24T20:36:24.437213+09:00
2266,六甲バター,プライム（内国株式）,食料品,TOPIX Small 2,1102.0,114.39243,3,株価が25日線より上／25日線が75日線より上／MACDがプラス,2026-09-24,2026-09-24T20:36:24.442459+09:00
2267,ヤクルト本社,プライム（内国株式）,食料品,TOPIX Mid400,2803.0,2906.989805,1,25日線が75日線より上,2026-09-24,2026-09-24T20:36:24.449683+09:00
2268,Ｂ－Ｒ　サーティワン　アイスクリーム,スタンダード（内国株式）,食料品,-,4045.0,22.385575,1,前日より出来高増加,2026-09-24,2026-09-24T20:36:24.455162+09:00
2269,明治ホールディングス,プライム（内国株式）,食料品,TOPIX Mid400,4293.0,4484.400535,2,25日線が75日線より上／MACDがプラス,2026-09-24,2026-09-24T20:36:24.461590+09:00
2270,雪印メグミルク,プライム（内国株式）,食料品,TOPIX Small 1,3650.0,559.9488,3,25日線が75日線より上／MACDがプラス／前日より出来高増加,2026-09-24,2026-09-24T20:36:24.466207+09:00
2281,プリマハム,プライム（内国株式）,食料品,TOPIX Small 1,2389.0,424.754685,2,25日線が75日線より上／前日より出来高増加,2026-09-24,2026-09-24T20:36:24.472080+09:00
2282,日本ハム,プライム（内国株式）,食料品,TOPIX Mid400,6039.0,3332.345025,1,25日線が75日線より上,2026-09-24,2026-09-24T20:36:24.478036+09:00
2286,林兼産業,スタンダード（内国株式）,食料品,-,902.0,21.64042,1,25日線が75日線より上,2026-09-24,2026-09-24T20:36:24.482058+09:00
2288,丸大食品,プライム（内国株式）,食料品,TOPIX Small 2,2271.0,319.202215,4,株価が25日線より上／25日線が75日線より上／MACDがプラス／前日より出来高増加,2026-09-24,2026-09-24T20:36:24.485514+09:00
2292,Ｓ　Ｆｏｏｄｓ,プライム（内国株式）,食料品,TOPIX Small 1,2732.0,647.9651616394043,2,25日線が75日線より上／前日より出来高増加,2026-09-24,2026-09-24T20:36:24.499711+09:00
2294,柿安本店,プライム（内国株式）,食料品,TOPIX Small 2,2506.0,48.82707,2,25日線が75日線より上／前日より出来高増加,2026-09-24,2026-09-24T20:36:24.505169+09:00
2296,伊藤ハム米久ホールディングス,プライム（内国株式）,食料品,TOPIX Small 1,5010.0,578.667275,1,25日線が75日線より上,2026-09-24,2026-09-24T20:36:24.509304+09:00
2301,学情,プライム（内国株式）,サービス業,TOPIX Small 2,1741.0,169.624375,4,株価が25日線より上／25日線が75日線より上／MACDがプラス／前日より出来高増加,2026-09-24,2026-09-24T20:36:24.515888+09:00
2303,ドーン,スタンダード（内国株式）,情報・通信業,-,1354.0,20.114675,3,25日線が75日線より上／MACDがプラス／前日より出来高増加,2026-09-24,2026-09-24T20:36:24.518534+09:00
2305,スタジオアリス,スタンダード（内国株式）,サービス業,TOPIX Small 2,1869.0,91.858415,1,前日より出来高増加,2026-09-24,2026-09-24T20:36:24.523932+09:00
2307,クロスキャット,プライム（内国株式）,情報・通信業,TOPIX Small 2,1060.0,44.865335,3,25日線が75日線より上／MACDがプラス／前日より出来高増加,2026-09-24,2026-09-24T20:36:24.527654+09:00
2315,ＣＡＩＣＡ　ＤＩＧＩＴＡＬ,スタンダード（内国株式）,情報・通信業,-,67.0,345.16027,4,株価が25日線より上／25日線が75日線より上／MACDがプラス／前日より出来高増加,2026-09-24,2026-09-24T20:36:24.531953+09:00
2317,システナ,プライム（内国株式）,情報・通信業,TOPIX Small 1,437.0,417.877135,3,25日線が75日線より上／MACDがプラス／前日より出来高増加,2026-09-24,2026-09-24T20:36:24.533927+09:00
2321,ソフトフロントホールディングス,グロース（内国株式）,情報・通信業,-,140.0,222.01419,2,25日線が75日線より上／MACDがプラス,2026-09-24,2026-09-24T20:36:24.535885+09:00
2323,ｆｏｎｆｕｎ,スタンダード（内国株式）,情報・通信業,-,366.0,19.92965,3,株価が25日線より上／25日線が75日線より上／MACDがプラス,2026-09-24,2026-09-24T20:36:24.537884+09:00
2325,ＮＪＳ,プライム（内国株式）,サービス業,TOPIX Small 2,4595.0,109.369225,1,25日線が75日線より上,2026-09-24,2026-09-24T20:36:24.540567+09:00
2326,デジタルアーツ,プライム（内国株式）,情報・通信業,TOPIX Small 1,4950.0,565.177,3,株価が25日線より上／25日線が75日線より上／MACDがプラス,2026-09-24,2026-09-24T20:36:24.544138+09:00
2327,日鉄ソリューションズ,プライム（内国株式）,情報・通信業,TOPIX Mid400,3877.0,1192.173025,2,25日線が75日線より上／MACDがプラス,2026-09-24,2026-09-24T20:36:24.546588+09:00
2329,東北新社,スタンダード（内国株式）,情報・通信業,-,500.0,44.6848,2,株価が25日線より上／前日より出来高増加,2026-09-24,2026-09-24T20:36:24.548995+09:00
2330,フォーサイド,スタンダード（内国株式）,情報・通信業,-,94.0,469.00546,4,株価が25日線より上／25日線が75日線より上／MACDがプラス／前日より出来高増加,2026-09-24,2026-09-24T20:36:24.551281+09:00
2331,ＡＬＳＯＫ,プライム（内国株式）,サービス業,TOPIX Mid400,1216.5,1535.4965775,3,株価が25日線より上／25日線が75日線より上／MACDがプラス,2026-09-24,2026-09-24T20:36:24.553895+09:00
2332,クエスト,スタンダード（内国株式）,情報・通信業,-,1735.0,13.641405,2,株価が25日線より上／前日より出来高増加,2026-09-24,2026-09-24T20:36:24.556340+09:00
2334,イオレ,グロース（内国株式）,サービス業,-,585.0,547.40378,3,株価が25日線より上／25日線が75日線より上／MACDがプラス,2026-09-24,2026-09-24T20:36:24.561327+09:00
2335,キューブシステム,プライム（内国株式）,情報・通信業,TOPIX Small 2,1105.0,48.857195,4,株価が25日線より上／25日線が75日線より上／MACDがプラス／前日より出来高増加,2026-09-24,2026-09-24T20:36:24.563788+09:00
2337,いちご,プライム（内国株式）,不動産業,TOPIX Small 1,400.0,352.49678,0,,2026-09-24,2026-09-24T20:36:24.566095+09:00
2338,クオンタムソリューションズ,スタンダード（内国株式）,情報・通信業,-,112.0,51.19026,2,25日線が75日線より上／前日より出来高増加,2026-09-24,2026-09-24T20:36:24.568264+09:00
2340,極楽湯ホールディングス,スタンダード（内国株式）,サービス業,-,545.0,19.95813,4,株価が25日線より上／25日線が75日線より上／MACDがプラス／前日より出来高増加,2026-09-24,2026-09-24T20:36:24.570484+09:00
2342,トランスジェニックグループ,スタンダード（内国株式）,サービス業,-,256.0,11.96075,3,株価が25日線より上／25日線が75日線より上／MACDがプラス,2026-09-24,2026-09-24T20:36:24.575240+09:00
2353,日本駐車場開発,プライム（内国株式）,不動産業,TOPIX Small 1,261.0,536.78645,3,25日線が75日線より上／MACDがプラス／前日より出来高増加,2026-09-24,2026-09-24T20:36:26.748013+09:00
2354,ＹＥ　ＤＩＧＩＴＡＬ,スタンダード（内国株式）,情報・通信業,-,1310.0,1042.1060599121095,3,25日線が75日線より上／MACDがプラス／前日より出来高増加,2026-09-24,2026-09-24T20:36:26.750071+09:00
2359,コア,プライム（内国株式）,情報・通信業,TOPIX Small 2,2115.0,37.298345,2,25日線が75日線より上／MACDがプラス,2026-09-24,2026-09-24T20:36:26.755314+09:00
2371,カカクコム,プライム（内国株式）,サービス業,TOPIX Mid400,3805.0,888.20496,3,株価が25日線より上／25日線が75日線より上／MACDがプラス,2026-09-24,2026-09-24T20:36:26.761487+09:00
2375,ギグワークス,スタンダード（内国株式）,サービス業,-,201.0,20.517805,1,25日線が75日線より上,2026-09-24,2026-09-24T20:36:26.770757+09:00
2378,ルネサンス,プライム（内国株式）,サービス業,TOPIX Small 2,1046.0,47.58731,2,25日線が75日線より上／前日より出来高増加,2026-09-24,2026-09-24T20:36:26.777925+09:00
2379,ディップ,プライム（内国株式）,サービス業,TOPIX Small 1,1824.0,535.2688530029296,3,株価が25日線より上／25日線が75日線より上／MACDがプラス,2026-09-24,2026-09-24T20:36:26.780067+09:00
2384,ＳＢＳホールディングス,プライム（内国株式）,陸運業,TOPIX Small 1,5320.0,380.776325,4,株価が25日線より上／25日線が75日線より上／MACDがプラス／前日より出来高増加,2026-09-24,2026-09-24T20:36:26.782061+09:00
2385,総医研ホールディングス,グロース（内国株式）,サービス業,-,243.0,145.251545,3,株価が25日線より上／MACDがプラス／前日より出来高増加,2026-09-24,2026-09-24T20:36:26.784330+09:00
2393,日本ケアサプライ,スタンダード（内国株式）,サービス業,-,4420.0,22.83095,3,株価が25日線より上／25日線が75日線より上／MACDがプラス,2026-09-24,2026-09-24T20:36:26.792437+09:00
2395,新日本科学,プライム（内国株式）,サービス業,TOPIX Small 2,1332.0,216.81464,2,25日線が75日線より上／前日より出来高増加,2026-09-24,2026-09-24T20:36:26.795673+09:00
2404,鉄人化ホールディングス,スタンダード（内国株式）,サービス業,-,529.0,24.67335,1,前日より出来高増加,2026-09-24,2026-09-24T20:36:26.798967+09:00
2410,キャリアデザインセンター,プライム（内国株式）,サービス業,-,2860.0,99.34017,2,25日線が75日線より上／前日より出来高増加,2026-09-24,2026-09-24T20:36:26.806234+09:00
2413,エムスリー,プライム（内国株式）,サービス業,TOPIX Mid400,1730.5,6168.5319875,0,,2026-09-24,2026-09-24T20:36:26.810679+09:00
2418,ツカダ・グローバルホールディング,スタンダード（内国株式）,サービス業,-,599.0,53.2551,2,25日線が75日線より上／前日より出来高増加,2026-09-24,2026-09-24T20:36:26.814759+09:00
2428,ウェルネット,スタンダード（内国株式）,サービス業,-,622.0,21.073045,2,25日線が75日線より上／前日より出来高増加,2026-09-24,2026-09-24T20:36:26.831297+09:00
2429,ワールドホールディングス,プライム（内国株式）,サービス業,TOPIX Small 2,2834.0,120.160135,3,株価が25日線より上／25日線が75日線より上／MACDがプラス,2026-09-24,2026-09-24T20:36:26.833400+09:00
2432,ディー・エヌ・エー,プライム（内国株式）,情報・通信業,TOPIX Mid400,2548.5,2830.2049025,3,株価が25日線より上／25日線が75日線より上／MACDがプラス,2026-09-24,2026-09-24T20:36:26.838260+09:00
2433,博報堂ＤＹホールディングス,プライム（内国株式）,サービス業,TOPIX Mid400,1309.5,1169.8130125,2,25日線が75日線より上／MACDがプラス,2026-09-24,2026-09-24T20:36:26.842082+09:00
2436,共同ピーアール,スタンダード（内国株式）,サービス業,-,602.0,30.69647,1,25日線が75日線より上,2026-09-24,2026-09-24T20:36:26.846442+09:00
2437,Ｓｈｉｎｗａ　Ｗｉｓｅ　Ｈｏｌｄｉｎｇｓ,スタンダード（内国株式）,サービス業,-,638.0,48.987245,4,株価が25日線より上／25日線が75日線より上／MACDがプラス／前日より出来高増加,2026-09-24,2026-09-24T20:36:26.848416+09:00
2438,アスカネット,グロース（内国株式）,サービス業,-,347.0,20.336605,2,25日線が75日線より上／前日より出来高増加,2026-09-24,2026-09-24T20:36:26.851040+09:00
2440,ぐるなび,スタンダード（内国株式）,サービス業,TOPIX Small 2,121.0,19.527845,2,25日線が75日線より上／前日より出来高増加,2026-09-24,2026-09-24T20:36:26.855404+09:00
2445,タカミヤ,スタンダード（内国株式）,サービス業,TOPIX Small 2,403.0,29.718965,2,25日線が75日線より上／前日より出来高増加,2026-09-24,2026-09-24T20:36:26.858166+09:00
2449,プラップジャパン,スタンダード（内国株式）,サービス業,-,1050.0,20.614038294677734,3,25日線が75日線より上／MACDがプラス／前日より出来高増加,2026-09-24,2026-09-24T20:36:26.860728+09:00
2461,ファンコミュニケーションズ,プライム（内国株式）,サービス業,TOPIX Small 2,394.0,63.49059,1,株価が25日線より上,2026-09-24,2026-09-24T20:36:26.872732+09:00
2462,ライク,プライム（内国株式）,サービス業,TOPIX Small 2,1516.0,30.55162,2,25日線が75日線より上／前日より出来高増加,2026-09-24,2026-09-24T20:36:26.875292+09:00
2469,ヒビノ,スタンダード（内国株式）,サービス業,-,2740.0,33.30692,2,25日線が75日線より上／前日より出来高増加,2026-09-24,2026-09-24T20:36:26.880026+09:00
2471,エスプール,プライム（内国株式）,サービス業,TOPIX Small 2,285.0,74.22423,3,株価が25日線より上／25日線が75日線より上／前日より出来高増加,2026-09-24,2026-09-24T20:36:26.888642+09:00
2475,ＷＤＢホールディングス,プライム（内国株式）,サービス業,TOPIX Small 2,1764.0,26.9854,2,25日線が75日線より上／前日より出来高増加,2026-09-24,2026-09-24T20:36:26.892295+09:00
2477,手間いらず,スタンダード（内国株式）,情報・通信業,TOPIX Small 2,3300.0,42.2981,3,株価が25日線より上／25日線が75日線より上／MACDがプラス,2026-09-24,2026-09-24T20:36:26.894751+09:00
2479,ジェイテック,スタンダード（内国株式）,サービス業,-,267.0,23.28757,3,株価が25日線より上／25日線が75日線より上／MACDがプラス,2026-09-24,2026-09-24T20:36:26.896942+09:00
247A,Ａｉロボティクス,グロース（内国株式）,化学,-,986.0,1232.335715,2,25日線が75日線より上／MACDがプラス,2026-09-24,2026-09-24T20:36:26.898973+09:00
2483,翻訳センター,スタンダード（内国株式）,サービス業,-,2219.0,14.00653,4,株価が25日線より上／25日線が75日線より上／MACDがプラス／前日より出来高増加,2026-09-24,2026-09-24T20:36:26.907579+09:00
2484,出前館,スタンダード（内国株式）,情報・通信業,-,149.0,159.8546,3,25日線が75日線より上／MACDがプラス／前日より出来高増加,2026-09-24,2026-09-24T20:36:26.909584+09:00
2485,ティア,スタンダード（内国株式）,サービス業,-,449.0,15.335645,2,株価が25日線より上／前日より出来高増加,2026-09-24,2026-09-24T20:36:26.911843+09:00
2488,ＪＴＰ,スタンダード（内国株式）,サービス業,-,1454.0,20.611315,4,株価が25日線より上／25日線が75日線より上／MACDがプラス／前日より出来高増加,2026-09-24,2026-09-24T20:36:26.913777+09:00
2489,アドウェイズ,スタンダード（内国株式）,サービス業,TOPIX Small 2,405.0,91.41281,3,25日線が75日線より上／MACDがプラス／前日より出来高増加,2026-09-24,2026-09-24T20:36:26.915708+09:00
2491,バリューコマース,プライム（内国株式）,サービス業,TOPIX Small 2,468.0,51.69687,2,25日線が75日線より上／前日より出来高増加,2026-09-24,2026-09-24T20:36:28.852657+09:00
2492,インフォマート,プライム（内国株式）,サービス業,TOPIX Small 1,709.0,2387.86163,4,株価が25日線より上／25日線が75日線より上／MACDがプラス／前日より出来高増加,2026-09-24,2026-09-24T20:36:28.855858+09:00
2497,ユナイテッド,グロース（内国株式）,サービス業,-,525.0,10.516585,2,25日線が75日線より上／MACDがプラス,2026-09-24,2026-09-24T20:36:28.860275+09:00
2498,オリエンタルコンサルタンツホールディングス,スタンダード（内国株式）,サービス業,-,3180.0,27.6851,2,25日線が75日線より上／前日より出来高増加,2026-09-24,2026-09-24T20:36:28.864053+09:00
2501,サッポロビール,プライム（内国株式）,食料品,TOPIX Mid400,1803.0,1987.1742425,0,,2026-09-24,2026-09-24T20:36:28.871581+09:00
2502,アサヒグループホールディングス,プライム（内国株式）,食料品,TOPIX Large70,1605.5,9762.40301,1,25日線が75日線より上,2026-09-24,2026-09-24T20:36:28.873896+09:00
2503,キリンホールディングス,プライム（内国株式）,食料品,TOPIX Large70,2821.0,8208.0329025,1,25日線が75日線より上,2026-09-24,2026-09-24T20:36:28.875639+09:00
250A,シマダヤ,スタンダード（内国株式）,食料品,TOPIX Small 2,1609.0,63.573395,1,株価が25日線より上,2026-09-24,2026-09-24T20:36:28.877331+09:00
2531,宝ホールディングス,プライム（内国株式）,食料品,TOPIX Mid400,2592.0,1292.19762,3,株価が25日線より上／25日線が75日線より上／MACDがプラス,2026-09-24,2026-09-24T20:36:28.881808+09:00
2533,オエノンホールディングス,プライム（内国株式）,食料品,TOPIX Small 2,483.0,65.085265,3,株価が25日線より上／MACDがプラス／前日より出来高増加,2026-09-24,2026-09-24T20:36:28.884847+09:00
253A,ＥＴＳグループ,スタンダード（内国株式）,建設業,-,1042.0,12.22762,2,株価が25日線より上／前日より出来高増加,2026-09-24,2026-09-24T20:36:28.886831+09:00
254A,ＡＩフュージョンキャピタルグループ,スタンダード（内国株式）,証券、商品先物取引業,-,1214.0,16.36789,4,株価が25日線より上／25日線が75日線より上／MACDがプラス／前日より出来高増加,2026-09-24,2026-09-24T20:36:28.888563+09:00
255A,ジーエルテクノホールディングス,スタンダード（内国株式）,精密機器,-,5440.0,249.6146,2,株価が25日線より上／前日より出来高増加,2026-09-24,2026-09-24T20:36:28.890286+09:00
256A,飛島ホールディングス,プライム（内国株式）,建設業,TOPIX Small 2,2296.0,586.754985,4,株価が25日線より上／25日線が75日線より上／MACDがプラス／前日より出来高増加,2026-09-24,2026-09-24T20:36:28.891923+09:00
2573,北海道コカ・コーラボトリング,スタンダード（内国株式）,食料品,-,4090.0,15.288575,4,株価が25日線より上／25日線が75日線より上／MACDがプラス／前日より出来高増加,2026-09-24,2026-09-24T20:36:28.893584+09:00
2579,コカ・コーラ　ボトラーズジャパンホールディングス,プライム（内国株式）,食料品,TOPIX Mid400,3779.0,2647.99281,0,,2026-09-24,2026-09-24T20:36:28.895928+09:00
2585,ライフドリンク　カンパニー,プライム（内国株式）,食料品,TOPIX Small 1,1318.0,902.0203,0,,2026-09-24,2026-09-24T20:36:28.899237+09:00
2586,フルッタフルッタ,グロース（内国株式）,食料品,-,60.0,58.035155,1,前日より出来高増加,2026-09-24,2026-09-24T20:36:28.901350+09:00
2587,サントリービバレッジ＆フード,プライム（内国株式）,食料品,TOPIX Mid400,4492.0,4330.37011,1,25日線が75日線より上,2026-09-24,2026-09-24T20:36:28.903087+09:00
2588,プレミアムウォーターホールディングス,スタンダード（内国株式）,食料品,-,3700.0,14.1056,2,25日線が75日線より上／前日より出来高増加,2026-09-24,2026-09-24T20:36:28.904759+09:00
2590,ダイドーグループホールディングス,プライム（内国株式）,食料品,TOPIX Small 1,2994.0,365.99646,2,25日線が75日線より上／MACDがプラス,2026-09-24,2026-09-24T20:36:28.906438+09:00
2593,伊藤園,プライム（内国株式）,食料品,TOPIX Mid400,3172.0,1614.300615,3,株価が25日線より上／25日線が75日線より上／MACDがプラス,2026-09-24,2026-09-24T20:36:28.908115+09:00
2594,キーコーヒー,プライム（内国株式）,食料品,TOPIX Small 2,2006.0,153.880525,2,25日線が75日線より上／前日より出来高増加,2026-09-24,2026-09-24T20:36:28.909793+09:00
2597,ユニカフェ,スタンダード（内国株式）,食料品,-,1290.0,12.4466,4,株価が25日線より上／25日線が75日線より上／MACDがプラス／前日より出来高増加,2026-09-24,2026-09-24T20:36:28.911853+09:00
2602,日清オイリオグループ,プライム（内国株式）,食料品,TOPIX Small 1,2069.0,535.835945,3,株価が25日線より上／25日線が75日線より上／MACDがプラス,2026-09-24,2026-09-24T20:36:28.916411+09:00
2607,不二製油,プライム（内国株式）,食料品,TOPIX Mid400,4409.0,1218.123075,3,25日線が75日線より上／MACDがプラス／前日より出来高増加,2026-09-24,2026-09-24T20:36:28.920298+09:00
2612,かどや製油,スタンダード（内国株式）,食料品,-,2850.0,460.82637,4,株価が25日線より上／25日線が75日線より上／MACDがプラス／前日より出来高増加,2026-09-24,2026-09-24T20:36:28.922724+09:00
2613,Ｊ－オイルミルズ,プライム（内国株式）,食料品,TOPIX Small 2,2268.0,190.059065,4,株価が25日線より上／25日線が75日線より上／MACDがプラス／前日より出来高増加,2026-09-24,2026-09-24T20:36:28.924504+09:00
261A,日水コン,スタンダード（内国株式）,サービス業,-,2000.0,54.014795,2,株価が25日線より上／前日より出来高増加,2026-09-24,2026-09-24T20:36:28.926189+09:00
262A,インターメスティック,プライム（内国株式）,小売業,TOPIX Small 2,1722.0,388.969225,0,,2026-09-24,2026-09-24T20:36:28.927780+09:00
264A,Ｓｃｈｏｏ,グロース（内国株式）,サービス業,-,310.0,43.94252,3,25日線が75日線より上／MACDがプラス／前日より出来高増加,2026-09-24,2026-09-24T20:36:28.932497+09:00
2652,まんだらけ,スタンダード（内国株式）,小売業,-,422.0,72.973115,2,25日線が75日線より上／前日より出来高増加,2026-09-24,2026-09-24T20:36:28.935677+09:00
2653,イオン九州,スタンダード（内国株式）,小売業,-,2802.0,67.82807224121093,2,25日線が75日線より上／MACDがプラス,2026-09-24,2026-09-24T20:36:28.938673+09:00
2656,ベクターホールディングス,スタンダード（内国株式）,小売業,-,162.0,51.3016,2,25日線が75日線より上／前日より出来高増加,2026-09-24,2026-09-24T20:36:28.942443+09:00
2659,サンエー,プライム（内国株式）,小売業,TOPIX Small 1,3355.0,532.9368,3,25日線が75日線より上／MACDがプラス／前日より出来高増加,2026-09-24,2026-09-24T20:36:28.944102+09:00
265A,Ｈｍｃｏｍｍ,グロース（内国株式）,情報・通信業,-,798.0,58.51601,4,株価が25日線より上／25日線が75日線より上／MACDがプラス／前日より出来高増加,2026-09-24,2026-09-24T20:36:28.949956+09:00
2664,カワチ薬品,プライム（内国株式）,小売業,TOPIX Small 1,3685.0,287.5937944567871,3,25日線が75日線より上／MACDがプラス／前日より出来高増加,2026-09-24,2026-09-24T20:36:28.953048+09:00
2666,オートウェーブ,スタンダード（内国株式）,小売業,-,193.0,10.871165,4,株価が25日線より上／25日線が75日線より上／MACDがプラス／前日より出来高増加,2026-09-24,2026-09-24T20:36:28.955019+09:00
2667,イメージ　ワン,スタンダード（内国株式）,卸売業,-,108.0,71.751155,1,株価が25日線より上,2026-09-24,2026-09-24T20:36:28.956737+09:00
2669,カネ美食品,スタンダード（内国株式）,小売業,-,3935.0,45.11486730834961,3,株価が25日線より上／25日線が75日線より上／前日より出来高増加,2026-09-24,2026-09-24T20:36:28.960049+09:00
2670,エービーシー・マート,プライム（内国株式）,小売業,TOPIX Mid400,2706.0,1523.4486589111327,2,25日線が75日線より上／前日より出来高増加,2026-09-24,2026-09-24T20:36:28.962401+09:00
2674,ハードオフコーポレーション,プライム（内国株式）,小売業,TOPIX Small 2,2597.0,148.002195,1,前日より出来高増加,2026-09-24,2026-09-24T20:36:28.967482+09:00
2676,高千穂交易,プライム（内国株式）,卸売業,TOPIX Small 2,2076.0,32.934665,2,株価が25日線より上／前日より出来高増加,2026-09-24,2026-09-24T20:36:28.969232+09:00
2678,アスクル,プライム（内国株式）,小売業,TOPIX Small 1,1229.0,485.089165,2,25日線が75日線より上／前日より出来高増加,2026-09-24,2026-09-24T20:36:28.970855+09:00
2681,ゲオホールディングス,プライム（内国株式）,小売業,TOPIX Small 1,2341.0,362.139335,3,25日線が75日線より上／MACDがプラス／前日より出来高増加,2026-09-24,2026-09-24T20:36:28.972468+09:00
2685,アンドエスティＨＤ,プライム（内国株式）,小売業,TOPIX Small 1,3170.0,911.224174173584,1,前日より出来高増加,2026-09-24,2026-09-24T20:36:28.975638+09:00
268A,リガク・ホールディングス,プライム（内国株式）,精密機器,TOPIX Small 1,1631.0,3858.164995,0,,2026-09-24,2026-09-24T20:36:28.984657+09:00
2693,ＹＫＴ,スタンダード（内国株式）,卸売業,-,285.0,13.105155,1,前日より出来高増加,2026-09-24,2026-09-24T20:36:28.987523+09:00
2694,焼肉坂井ホールディングス,スタンダード（内国株式）,小売業,-,72.0,11.434345,4,株価が25日線より上／25日線が75日線より上／MACDがプラス／前日より出来高増加,2026-09-24,2026-09-24T20:36:28.989548+09:00
2695,くら寿司,プライム（内国株式）,小売業,TOPIX Small 1,1692.0,874.430795,2,25日線が75日線より上／前日より出来高増加,2026-09-24,2026-09-24T20:36:28.991301+09:00
2698,キャンドゥ,スタンダード（内国株式）,小売業,TOPIX Small 2,3275.0,73.13147044189454,0,,2026-09-24,2026-09-24T20:36:28.993051+09:00
269A,Ｓａｐｅｅｔ,グロース（内国株式）,情報・通信業,-,3095.0,28.6406,4,株価が25日線より上／25日線が75日線より上／MACDがプラス／前日より出来高増加,2026-09-24,2026-09-24T20:36:30.846051+09:00
2700,木徳神糧,スタンダード（内国株式）,卸売業,-,1740.0,24.113515,2,25日線が75日線より上／前日より出来高増加,2026-09-24,2026-09-24T20:36:30.848129+09:00
2702,日本マクドナルドホールディングス,スタンダード（内国株式）,小売業,-,7660.0,3780.7016,2,25日線が75日線より上／前日より出来高増加,2026-09-24,2026-09-24T20:36:30.849881+09:00
2705,大戸屋ホールディングス,スタンダード（内国株式）,小売業,-,8880.0,218.2557,2,25日線が75日線より上／MACDがプラス,2026-09-24,2026-09-24T20:36:30.851613+09:00
2726,パルグループホールディングス,プライム（内国株式）,小売業,TOPIX Small 1,1469.0,1242.752275,1,25日線が75日線より上,2026-09-24,2026-09-24T20:36:30.862309+09:00
2730,エディオン,プライム（内国株式）,小売業,TOPIX Small 1,2494.0,598.49926,2,25日線が75日線より上／MACDがプラス,2026-09-24,2026-09-24T20:36:30.864056+09:00
2733,あらた,プライム（内国株式）,卸売業,TOPIX Small 1,2712.0,275.824705,4,株価が25日線より上／25日線が75日線より上／MACDがプラス／前日より出来高増加,2026-09-24,2026-09-24T20:36:30.865713+09:00
2734,サーラコーポレーション,プライム（内国株式）,小売業,TOPIX Small 2,1228.0,168.64994,3,株価が25日線より上／25日線が75日線より上／MACDがプラス,2026-09-24,2026-09-24T20:36:30.867421+09:00
2735,ワッツ,スタンダード（内国株式）,小売業,-,717.0,48.26794871673584,4,株価が25日線より上／25日線が75日線より上／MACDがプラス／前日より出来高増加,2026-09-24,2026-09-24T20:36:30.869113+09:00
2737,トーメンデバイス,プライム（内国株式）,卸売業,TOPIX Small 2,39950.0,4362.48,3,株価が25日線より上／25日線が75日線より上／MACDがプラス,2026-09-24,2026-09-24T20:36:30.872286+09:00
2742,ハローズ,プライム（内国株式）,小売業,TOPIX Small 2,3930.0,195.962469453125,2,25日線が75日線より上／MACDがプラス,2026-09-24,2026-09-24T20:36:30.876394+09:00
2749,ＪＰホールディングス,プライム（内国株式）,サービス業,TOPIX Small 1,662.0,190.320595,4,株価が25日線より上／25日線が75日線より上／MACDがプラス／前日より出来高増加,2026-09-24,2026-09-24T20:36:30.882480+09:00
274A,ガーデン,スタンダード（内国株式）,小売業,-,2236.0,25.55482021484375,2,25日線が75日線より上／前日より出来高増加,2026-09-24,2026-09-24T20:36:30.884577+09:00
2751,テンポスホールディングス,スタンダード（内国株式）,卸売業,-,3655.0,29.032675,1,前日より出来高増加,2026-09-24,2026-09-24T20:36:30.888232+09:00
2752,フジオフードグループ本社,プライム（内国株式）,小売業,TOPIX Small 1,1167.0,86.51978,3,株価が25日線より上／25日線が75日線より上／MACDがプラス,2026-09-24,2026-09-24T20:36:30.891657+09:00
2753,あみやき亭,プライム（内国株式）,小売業,TOPIX Small 2,1384.0,38.706175,2,25日線が75日線より上／MACDがプラス,2026-09-24,2026-09-24T20:36:30.894947+09:00
2760,東京エレクトロン　デバイス,プライム（内国株式）,卸売業,TOPIX Small 1,4505.0,522.48455,4,株価が25日線より上／25日線が75日線より上／MACDがプラス／前日より出来高増加,2026-09-24,2026-09-24T20:36:30.897055+09:00
2762,ＳＡＮＫＯ　ＭＡＲＫＥＴＩＮＧ　ＦＯＯＤＳ,スタンダード（内国株式）,小売業,-,69.0,11.4649,0,,2026-09-24,2026-09-24T20:36:30.899380+09:00
2764,ひらまつ,スタンダード（内国株式）,小売業,-,168.0,40.949045,4,株価が25日線より上／25日線が75日線より上／MACDがプラス／前日より出来高増加,2026-09-24,2026-09-24T20:36:30.901205+09:00
2767,円谷フィールズホールディングス,プライム（内国株式）,卸売業,TOPIX Small 1,2599.0,1166.48513,4,株価が25日線より上／25日線が75日線より上／MACDがプラス／前日より出来高増加,2026-09-24,2026-09-24T20:36:30.902898+09:00
2768,双日,プライム（内国株式）,卸売業,TOPIX Mid400,5714.0,6920.729555,3,株価が25日線より上／25日線が75日線より上／MACDがプラス,2026-09-24,2026-09-24T20:36:30.904527+09:00
276A,ククレブ・アドバイザーズ,グロース（内国株式）,不動産業,-,4270.0,105.47252626586913,4,株価が25日線より上／25日線が75日線より上／MACDがプラス／前日より出来高増加,2026-09-24,2026-09-24T20:36:30.910784+09:00
2776,新都ホールディングス,スタンダード（内国株式）,卸売業,-,94.0,40.622385,1,25日線が75日線より上,2026-09-24,2026-09-24T20:36:30.912949+09:00
277A,グロービング,プライム（内国株式）,サービス業,TOPIX Small 2,1900.0,242.835595,3,株価が25日線より上／MACDがプラス／前日より出来高増加,2026-09-24,2026-09-24T20:36:30.916268+09:00
2780,コメ兵ホールディングス,スタンダード（内国株式）,小売業,-,4470.0,522.73655,0,,2026-09-24,2026-09-24T20:36:30.917898+09:00
2782,セリア,スタンダード（内国株式）,小売業,-,4680.0,1715.59545,3,株価が25日線より上／25日線が75日線より上／MACDがプラス,2026-09-24,2026-09-24T20:36:30.919482+09:00
2784,アルフレッサ　ホールディングス,プライム（内国株式）,卸売業,TOPIX Mid400,2384.0,999.7754725,3,株価が25日線より上／25日線が75日線より上／MACDがプラス,2026-09-24,2026-09-24T20:36:30.921112+09:00
2788,アップルインターナショナル,スタンダード（内国株式）,卸売業,-,413.0,40.685555,2,株価が25日線より上／25日線が75日線より上,2026-09-24,2026-09-24T20:36:30.922898+09:00
278A,Ｔｅｒｒａ　Ｄｒｏｎｅ,グロース（内国株式）,精密機器,-,19950.0,80363.91645,4,株価が25日線より上／25日線が75日線より上／MACDがプラス／前日より出来高増加,2026-09-24,2026-09-24T20:36:30.928225+09:00
2790,ナフコ,スタンダード（内国株式）,小売業,-,2132.0,16.329375,2,株価が25日線より上／前日より出来高増加,2026-09-24,2026-09-24T20:36:30.930005+09:00
2791,大黒天物産,プライム（内国株式）,小売業,TOPIX Small 1,4505.0,210.32655,3,25日線が75日線より上／MACDがプラス／前日より出来高増加,2026-09-24,2026-09-24T20:36:30.931842+09:00
2792,ハニーズホールディングス,プライム（内国株式）,小売業,TOPIX Small 2,1439.0,71.25314,3,25日線が75日線より上／MACDがプラス／前日より出来高増加,2026-09-24,2026-09-24T20:36:30.933579+09:00
2798,ワイズテーブルコーポレーション,スタンダード（内国株式）,小売業,-,2992.0,12.261665,2,25日線が75日線より上／前日より出来高増加,2026-09-24,2026-09-24T20:36:30.938157+09:00
2801,キッコーマン,プライム（内国株式）,食料品,TOPIX Mid400,1648.5,6112.5965525,1,25日線が75日線より上,2026-09-24,2026-09-24T20:36:30.941722+09:00
2802,味の素,プライム（内国株式）,食料品,TOPIX Large70,4998.0,13978.74853,1,前日より出来高増加,2026-09-24,2026-09-24T20:36:30.944747+09:00
2804,ブルドックソース,プライム（内国株式）,食料品,TOPIX Small 2,1853.0,29.250355,3,25日線が75日線より上／MACDがプラス／前日より出来高増加,2026-09-24,2026-09-24T20:36:30.947512+09:00
2805,ヱスビー食品,スタンダード（内国株式）,食料品,-,7590.0,695.6676,3,株価が25日線より上／25日線が75日線より上／MACDがプラス,2026-09-24,2026-09-24T20:36:30.950043+09:00
2809,キユーピー,プライム（内国株式）,食料品,TOPIX Mid400,4461.0,1619.46843,1,25日線が75日線より上,2026-09-24,2026-09-24T20:36:30.953315+09:00
280A,ＴＭＨ,グロース（内国株式）,卸売業,-,1137.0,37.28014,2,株価が25日線より上／前日より出来高増加,2026-09-24,2026-09-24T20:36:30.954998+09:00
2810,ハウス食品グループ本社,プライム（内国株式）,食料品,TOPIX Mid400,3990.0,1133.874765,3,株価が25日線より上／25日線が75日線より上／MACDがプラス,2026-09-24,2026-09-24T20:36:30.960111+09:00
2811,カゴメ,プライム（内国株式）,食料品,TOPIX Mid400,2702.5,867.258535,2,25日線が75日線より上／MACDがプラス,2026-09-24,2026-09-24T20:36:30.962487+09:00
2814,佐藤食品工業,スタンダード（内国株式）,食料品,-,1893.0,14.741965,4,株価が25日線より上／25日線が75日線より上／MACDがプラス／前日より出来高増加,2026-09-24,2026-09-24T20:36:30.966394+09:00
2815,アリアケジャパン,プライム（内国株式）,食料品,TOPIX Small 1,5250.0,444.89575,1,25日線が75日線より上,2026-09-24,2026-09-24T20:36:30.968069+09:00
2819,エバラ食品工業,スタンダード（内国株式）,食料品,TOPIX Small 2,2484.0,27.784685,2,25日線が75日線より上／前日より出来高増加,2026-09-24,2026-09-24T20:36:30.977678+09:00
281A,インフォメティス,グロース（内国株式）,情報・通信業,-,400.0,34.330605,0,,2026-09-24,2026-09-24T20:36:30.979930+09:00
2820,やまみ,スタンダード（内国株式）,食料品,-,6400.0,122.03715,3,株価が25日線より上／25日線が75日線より上／MACDがプラス,2026-09-24,2026-09-24T20:36:32.805879+09:00
285A,キオクシアホールディングス,プライム（内国株式）,電気機器,TOPIX Mid400,54580.0,1582248.61305,1,株価が25日線より上,2026-09-24,2026-09-24T20:36:32.810289+09:00
286A,ユカリア,グロース（内国株式）,サービス業,-,747.0,19.963755,1,25日線が75日線より上,2026-09-24,2026-09-24T20:36:32.812081+09:00
2871,ニチレイ,プライム（内国株式）,食料品,TOPIX Mid400,2203.5,2526.80116,3,株価が25日線より上／25日線が75日線より上／MACDがプラス,2026-09-24,2026-09-24T20:36:32.813838+09:00
2874,横浜冷凍,プライム（内国株式）,卸売業,TOPIX Small 1,2175.0,315.71044,3,25日線が75日線より上／MACDがプラス／前日より出来高増加,2026-09-24,2026-09-24T20:36:32.817152+09:00
2875,東洋水産,プライム（内国株式）,食料品,TOPIX Mid400,9722.0,4141.060705,0,,2026-09-24,2026-09-24T20:36:32.820855+09:00
287A,黒田グループ,スタンダード（内国株式）,卸売業,-,1161.0,435.263715,2,25日線が75日線より上／前日より出来高増加,2026-09-24,2026-09-24T20:36:32.827656+09:00
2882,イートアンドホールディングス,プライム（内国株式）,食料品,TOPIX Small 2,2011.0,66.70081508789063,2,25日線が75日線より上／前日より出来高増加,2026-09-24,2026-09-24T20:36:32.829644+09:00
2884,ヨシムラ・フード・ホールディングス,プライム（内国株式）,食料品,TOPIX Small 2,616.0,45.222425,2,25日線が75日線より上／前日より出来高増加,2026-09-24,2026-09-24T20:36:32.832888+09:00
288A,ラクサス・テクノロジーズ,グロース（内国株式）,サービス業,-,93.0,11.008135,1,前日より出来高増加,2026-09-24,2026-09-24T20:36:32.835102+09:00
2892,日本食品化工,スタンダード（内国株式）,食料品,-,4905.0,22.342425,4,株価が25日線より上／25日線が75日線より上／MACDがプラス／前日より出来高増加,2026-09-24,2026-09-24T20:36:32.838030+09:00
2897,日清食品ホールディングス,プライム（内国株式）,食料品,TOPIX Mid400,2910.0,3625.147,1,25日線が75日線より上,2026-09-24,2026-09-24T20:36:32.841937+09:00
2901,ウェルディッシュ,スタンダード（内国株式）,食料品,-,150.0,17.47883260925293,0,,2026-09-24,2026-09-24T20:36:32.843651+09:00
2908,フジッコ,プライム（内国株式）,食料品,TOPIX Small 2,1629.0,64.465895,3,株価が25日線より上／25日線が75日線より上／MACDがプラス,2026-09-24,2026-09-24T20:36:32.849925+09:00
290A,Ｓｙｎｓｐｅｃｔｉｖｅ,グロース（内国株式）,情報・通信業,-,1547.0,1741.413835,3,株価が25日線より上／25日線が75日線より上／MACDがプラス,2026-09-24,2026-09-24T20:36:32.852976+09:00
2910,ロック・フィールド,プライム（内国株式）,食料品,TOPIX Small 2,1415.0,67.781035,3,株価が25日線より上／25日線が75日線より上／MACDがプラス,2026-09-24,2026-09-24T20:36:32.855015+09:00
2914,日本たばこ産業,プライム（内国株式）,食料品,TOPIX Core30,6872.0,22621.8931,3,株価が25日線より上／25日線が75日線より上／MACDがプラス,2026-09-24,2026-09-24T20:36:32.858236+09:00
2915,ケンコーマヨネーズ,プライム（内国株式）,食料品,TOPIX Small 2,2046.0,61.459565,3,25日線が75日線より上／MACDがプラス／前日より出来高増加,2026-09-24,2026-09-24T20:36:32.859930+09:00
2918,わらべや日洋ホールディングス,プライム（内国株式）,食料品,TOPIX Small 1,2702.0,255.86360322998047,2,25日線が75日線より上／前日より出来高増加,2026-09-24,2026-09-24T20:36:32.869493+09:00
2922,なとり,プライム（内国株式）,食料品,TOPIX Small 2,1983.0,29.702145,2,25日線が75日線より上／前日より出来高増加,2026-09-24,2026-09-24T20:36:32.874940+09:00
2923,サトウ食品,スタンダード（内国株式）,食料品,-,7290.0,29.60925,1,前日より出来高増加,2026-09-24,2026-09-24T20:36:32.878413+09:00
2926,篠崎屋,スタンダード（内国株式）,食料品,-,129.0,23.43301,4,株価が25日線より上／25日線が75日線より上／MACDがプラス／前日より出来高増加,2026-09-24,2026-09-24T20:36:32.883512+09:00
2927,ＡＦＣ－ＨＤアムスライフサイエンス,スタンダード（内国株式）,食料品,-,851.0,24.92450978790283,2,25日線が75日線より上／前日より出来高増加,2026-09-24,2026-09-24T20:36:32.886270+09:00
2929,ファーマフーズ,プライム（内国株式）,食料品,TOPIX Small 2,702.0,232.40354,4,株価が25日線より上／25日線が75日線より上／MACDがプラス／前日より出来高増加,2026-09-24,2026-09-24T20:36:32.888183+09:00
2930,北の達人コーポレーション,プライム（内国株式）,化学,TOPIX Small 2,133.0,47.75439971500397,3,株価が25日線より上／25日線が75日線より上／MACDがプラス,2026-09-24,2026-09-24T20:36:32.889930+09:00
2931,ユーグレナ,プライム（内国株式）,食料品,TOPIX Small 1,347.0,193.47243,2,25日線が75日線より上／前日より出来高増加,2026-09-24,2026-09-24T20:36:32.892223+09:00
2933,紀文食品,プライム（内国株式）,食料品,TOPIX Small 2,1125.0,75.80312,3,25日線が75日線より上／MACDがプラス／前日より出来高増加,2026-09-24,2026-09-24T20:36:32.895779+09:00
2935,ピックルスホールディングス,プライム（内国株式）,食料品,TOPIX Small 2,1206.0,29.890584020996094,3,株価が25日線より上／25日線が75日線より上／MACDがプラス,2026-09-24,2026-09-24T20:36:32.902651+09:00
2938,オカムラ食品工業,スタンダード（内国株式）,食料品,-,1290.0,59.143355,3,株価が25日線より上／MACDがプラス／前日より出来高増加,2026-09-24,2026-09-24T20:36:32.910485+09:00
2962,テクニスコ,スタンダード（内国株式）,金属製品,-,2270.0,833.63086,3,株価が25日線より上／25日線が75日線より上／MACDがプラス,2026-09-24,2026-09-24T20:36:32.915312+09:00
296A,令和アカウンティング・ホールディングス,グロース（内国株式）,サービス業,-,1188.0,105.432765,4,株価が25日線より上／25日線が75日線より上／MACDがプラス／前日より出来高増加,2026-09-24,2026-09-24T20:36:32.917090+09:00
2975,スター・マイカ・ホールディングス,プライム（内国株式）,不動産業,TOPIX Small 2,1413.0,259.772755,1,前日より出来高増加,2026-09-24,2026-09-24T20:36:32.924299+09:00
2980,ＳＲＥホールディングス,プライム（内国株式）,不動産業,TOPIX Small 2,2330.0,608.72745,1,前日より出来高増加,2026-09-24,2026-09-24T20:36:32.930573+09:00
2982,ＡＤワークスグループ,プライム（内国株式）,不動産業,-,432.0,92.56396,4,株価が25日線より上／25日線が75日線より上／MACDがプラス／前日より出来高増加,2026-09-24,2026-09-24T20:36:32.935776+09:00
2983,アールプランナー,グロース（内国株式）,不動産業,-,1716.0,94.72617,4,株価が25日線より上／25日線が75日線より上／MACDがプラス／前日より出来高増加,2026-09-24,2026-09-24T20:36:32.938120+09:00
2986,ＬＡホールディングス,グロース（内国株式）,不動産業,-,2926.0,345.16131,3,株価が25日線より上／25日線が75日線より上／MACDがプラス,2026-09-24,2026-09-24T20:36:32.941858+09:00
2991,ランドネット,スタンダード（内国株式）,不動産業,-,532.0,17.70516,1,前日より出来高増加,2026-09-24,2026-09-24T20:36:35.294944+09:00
2998,クリアル,グロース（内国株式）,不動産業,-,531.0,46.98947,3,25日線が75日線より上／MACDがプラス／前日より出来高増加,2026-09-24,2026-09-24T20:36:35.301723+09:00
2999,ホームポジション,スタンダード（内国株式）,不動産業,-,516.0,21.238774037170412,1,前日より出来高増加,2026-09-24,2026-09-24T20:36:35.304612+09:00
299A,クラシル,グロース（内国株式）,サービス業,-,1217.0,258.468765,2,25日線が75日線より上／MACDがプラス,2026-09-24,2026-09-24T20:36:35.308086+09:00
3001,片倉工業,スタンダード（内国株式）,繊維製品,TOPIX Small 2,3075.0,89.01415,3,株価が25日線より上／25日線が75日線より上／MACDがプラス,2026-09-24,2026-09-24T20:36:35.311611+09:00
3002,グンゼ,プライム（内国株式）,繊維製品,TOPIX Small 1,4110.0,688.248825,1,25日線が75日線より上,2026-09-24,2026-09-24T20:36:35.315568+09:00
3003,ヒューリック,プライム（内国株式）,不動産業,TOPIX Mid400,1727.0,3286.68417,1,25日線が75日線より上,2026-09-24,2026-09-24T20:36:35.318384+09:00
3004,神栄,スタンダード（内国株式）,卸売業,-,2057.0,10.341205,1,前日より出来高増加,2026-09-24,2026-09-24T20:36:35.321048+09:00
300A,ＭＩＣ,スタンダード（内国株式）,サービス業,-,3165.0,43.0278,2,25日線が75日線より上／前日より出来高増加,2026-09-24,2026-09-24T20:36:35.323343+09:00
3010,ポラリス・ホールディングス,スタンダード（内国株式）,サービス業,-,189.0,21.28198,1,25日線が75日線より上,2026-09-24,2026-09-24T20:36:35.325617+09:00
3020,アプライド,スタンダード（内国株式）,小売業,-,4775.0,12.597225,3,株価が25日線より上／25日線が75日線より上／MACDがプラス,2026-09-24,2026-09-24T20:36:35.330481+09:00
3021,パシフィックネット,スタンダード（内国株式）,サービス業,-,1653.0,18.040835,1,株価が25日線より上,2026-09-24,2026-09-24T20:36:35.332822+09:00
3023,ラサ商事,スタンダード（内国株式）,卸売業,TOPIX Small 2,2075.0,45.635025,3,株価が25日線より上／25日線が75日線より上／MACDがプラス,2026-09-24,2026-09-24T20:36:35.335231+09:00
3028,アルペン,プライム（内国株式）,小売業,TOPIX Small 1,2313.0,172.33982,2,25日線が75日線より上／MACDがプラス,2026-09-24,2026-09-24T20:36:35.340029+09:00
3030,ハブ,スタンダード（内国株式）,小売業,-,873.0,11.31149,4,株価が25日線より上／25日線が75日線より上／MACDがプラス／前日より出来高増加,2026-09-24,2026-09-24T20:36:35.345405+09:00
3031,ラクーンホールディングス,プライム（内国株式）,情報・通信業,TOPIX Small 2,676.0,67.885755,4,株価が25日線より上／25日線が75日線より上／MACDがプラス／前日より出来高増加,2026-09-24,2026-09-24T20:36:35.348110+09:00
3034,クオールホールディングス,プライム（内国株式）,小売業,TOPIX Small 1,2345.0,268.50256,2,25日線が75日線より上／MACDがプラス,2026-09-24,2026-09-24T20:36:35.350440+09:00
3035,ケイティケイ,スタンダード（内国株式）,卸売業,-,777.0,10.631865,2,株価が25日線より上／前日より出来高増加,2026-09-24,2026-09-24T20:36:35.352735+09:00
3036,アルコニックス,プライム（内国株式）,卸売業,TOPIX Small 1,3370.0,388.6445,2,25日線が75日線より上／MACDがプラス,2026-09-24,2026-09-24T20:36:35.355022+09:00
3038,神戸物産,プライム（内国株式）,卸売業,TOPIX Mid400,2963.0,7098.9612725,3,株価が25日線より上／25日線が75日線より上／MACDがプラス,2026-09-24,2026-09-24T20:36:35.357310+09:00
3040,ソリトンシステムズ,プライム（内国株式）,情報・通信業,TOPIX Small 2,2670.0,244.415935,4,株価が25日線より上／25日線が75日線より上／MACDがプラス／前日より出来高増加,2026-09-24,2026-09-24T20:36:35.361947+09:00
3046,ジンズホールディングス,プライム（内国株式）,小売業,TOPIX Small 1,5900.0,1681.896110275879,1,前日より出来高増加,2026-09-24,2026-09-24T20:36:35.375733+09:00
3048,ビックカメラ,プライム（内国株式）,小売業,TOPIX Mid400,1724.5,1618.1585416833495,2,25日線が75日線より上／MACDがプラス,2026-09-24,2026-09-24T20:36:35.378344+09:00
3050,ＤＣＭホールディングス,プライム（内国株式）,小売業,TOPIX Small 1,1593.0,382.11415154418944,3,株価が25日線より上／25日線が75日線より上／MACDがプラス,2026-09-24,2026-09-24T20:36:35.383073+09:00
3053,ペッパーフードサービス,スタンダード（内国株式）,小売業,TOPIX Small 2,202.0,42.3714,3,25日線が75日線より上／MACDがプラス／前日より出来高増加,2026-09-24,2026-09-24T20:36:35.385689+09:00
3054,ハイパー,スタンダード（内国株式）,卸売業,-,371.0,14.60464,4,株価が25日線より上／25日線が75日線より上／MACDがプラス／前日より出来高増加,2026-09-24,2026-09-24T20:36:35.387984+09:00
3063,ジェイグループホールディングス,グロース（内国株式）,小売業,-,1174.0,66.66307086975098,2,株価が25日線より上／前日より出来高増加,2026-09-24,2026-09-24T20:36:35.394996+09:00
3064,ＭｏｎｏｔａＲＯ,プライム（内国株式）,小売業,TOPIX Mid400,1931.0,3297.4186875,4,株価が25日線より上／25日線が75日線より上／MACDがプラス／前日より出来高増加,2026-09-24,2026-09-24T20:36:35.397626+09:00
3069,ＪＦＬＡホールディングス,スタンダード（内国株式）,食料品,-,162.0,15.978695,2,25日線が75日線より上／MACDがプラス,2026-09-24,2026-09-24T20:36:35.407336+09:00
3070,ジェリービーンズグループ,グロース（内国株式）,卸売業,-,44.0,57.84559,1,前日より出来高増加,2026-09-24,2026-09-24T20:36:35.409628+09:00
3071,ストリーム,スタンダード（内国株式）,小売業,-,101.0,10.153765,2,25日線が75日線より上／前日より出来高増加,2026-09-24,2026-09-24T20:36:35.412567+09:00
3075,銚子丸,スタンダード（内国株式）,小売業,-,1710.0,27.40137,2,株価が25日線より上／25日線が75日線より上,2026-09-24,2026-09-24T20:36:35.415102+09:00
3076,あい　ホールディングス,プライム（内国株式）,卸売業,TOPIX Small 1,2966.0,313.625955,3,25日線が75日線より上／MACDがプラス／前日より出来高増加,2026-09-24,2026-09-24T20:36:35.417441+09:00
3077,ホリイフードサービス,スタンダード（内国株式）,小売業,-,1347.0,32.76734,3,株価が25日線より上／25日線が75日線より上／MACDがプラス,2026-09-24,2026-09-24T20:36:35.419690+09:00
3083,スターシーズ,スタンダード（内国株式）,小売業,-,1208.0,476.69331,3,株価が25日線より上／25日線が75日線より上／MACDがプラス,2026-09-24,2026-09-24T20:36:35.426202+09:00
3086,Ｊ．フロント　リテイリング,プライム（内国株式）,小売業,TOPIX Mid400,2676.5,4753.741969136963,0,,2026-09-24,2026-09-24T20:36:35.428904+09:00
3087,ドトール・日レスホールディングス,プライム（内国株式）,小売業,TOPIX Small 1,3210.0,348.8358457202148,2,25日線が75日線より上／MACDがプラス,2026-09-24,2026-09-24T20:36:35.431604+09:00
3088,マツキヨココカラ＆カンパニー,プライム（内国株式）,小売業,TOPIX Mid400,2525.0,4213.2034425,2,25日線が75日線より上／前日より出来高増加,2026-09-24,2026-09-24T20:36:35.433965+09:00
3091,ブロンコビリー,プライム（内国株式）,小売業,TOPIX Small 1,2811.0,175.79591,3,株価が25日線より上／25日線が75日線より上／MACDがプラス,2026-09-24,2026-09-24T20:36:35.438459+09:00
3092,ＺＯＺＯ,プライム（内国株式）,小売業,TOPIX Mid400,1138.5,2912.88716,3,株価が25日線より上／MACDがプラス／前日より出来高増加,2026-09-24,2026-09-24T20:36:35.440746+09:00
3093,トレジャー・ファクトリー,プライム（内国株式）,小売業,TOPIX Small 2,1977.0,336.41138811767576,1,前日より出来高増加,2026-09-24,2026-09-24T20:36:35.443045+09:00
3097,物語コーポレーション,プライム（内国株式）,小売業,TOPIX Small 1,5240.0,896.996,1,25日線が75日線より上,2026-09-24,2026-09-24T20:36:37.634188+09:00
3099,三越伊勢丹ホールディングス,プライム（内国株式）,小売業,TOPIX Mid400,3331.0,7508.320375,0,,2026-09-24,2026-09-24T20:36:37.636752+09:00
3101,東洋紡,プライム（内国株式）,化学,TOPIX Small 1,1670.0,815.56568,2,株価が25日線より上／MACDがプラス,2026-09-24,2026-09-24T20:36:37.639782+09:00
3103,ユニチカ,スタンダード（内国株式）,繊維製品,TOPIX Small 2,1470.0,18071.36715,2,25日線が75日線より上／MACDがプラス,2026-09-24,2026-09-24T20:36:37.642308+09:00
3104,富士紡ホールディングス,プライム（内国株式）,繊維製品,TOPIX Small 2,3290.0,367.0574,0,,2026-09-24,2026-09-24T20:36:37.644829+09:00
3105,日清紡ホールディングス,プライム（内国株式）,電気機器,TOPIX Mid400,2519.5,1784.95835,3,株価が25日線より上／MACDがプラス／前日より出来高増加,2026-09-24,2026-09-24T20:36:37.647591+09:00
3106,倉敷紡績,プライム（内国株式）,繊維製品,TOPIX Small 1,11580.0,315.2223,4,株価が25日線より上／25日線が75日線より上／MACDがプラス／前日より出来高増加,2026-09-24,2026-09-24T20:36:37.650193+09:00
3107,ダイワボウホールディングス,プライム（内国株式）,卸売業,TOPIX Mid400,3702.0,1221.75423,2,25日線が75日線より上／MACDがプラス,2026-09-24,2026-09-24T20:36:37.652965+09:00
3109,シキボウ,プライム（内国株式）,繊維製品,TOPIX Small 2,1061.0,41.960035,2,25日線が75日線より上／前日より出来高増加,2026-09-24,2026-09-24T20:36:37.655521+09:00
3110,日東紡績,プライム（内国株式）,ガラス・土石製品,TOPIX Small 1,3010.0,14273.80313,0,,2026-09-24,2026-09-24T20:36:37.657897+09:00
3113,ＵＮＩＶＡ・Ｏａｋホールディングス,スタンダード（内国株式）,証券、商品先物取引業,-,82.0,11.786015,4,株価が25日線より上／25日線が75日線より上／MACDがプラス／前日より出来高増加,2026-09-24,2026-09-24T20:36:37.661493+09:00
3116,トヨタ紡織,プライム（内国株式）,輸送用機器,TOPIX Mid400,2248.0,1259.06244,1,25日線が75日線より上,2026-09-24,2026-09-24T20:36:37.663638+09:00
3121,マーチャント・バンカーズ,スタンダード（内国株式）,サービス業,-,255.0,20.785785,2,25日線が75日線より上／MACDがプラス,2026-09-24,2026-09-24T20:36:37.665886+09:00
3131,シンデン・ハイテックス,スタンダード（内国株式）,卸売業,-,7550.0,257.886,4,株価が25日線より上／25日線が75日線より上／MACDがプラス／前日より出来高増加,2026-09-24,2026-09-24T20:36:37.669481+09:00
3132,マクニカホールディングス,プライム（内国株式）,卸売業,TOPIX Mid400,4214.0,3376.07743,3,株価が25日線より上／25日線が75日線より上／MACDがプラス,2026-09-24,2026-09-24T20:36:37.671546+09:00
3133,海帆,グロース（内国株式）,小売業,-,46.0,34.309985,1,前日より出来高増加,2026-09-24,2026-09-24T20:36:37.673418+09:00
3134,Ｈａｍｅｅ,スタンダード（内国株式）,小売業,TOPIX Small 2,296.0,18.027535,2,25日線が75日線より上／前日より出来高増加,2026-09-24,2026-09-24T20:36:37.675319+09:00
3135,マーケットエンタープライズ,スタンダード（内国株式）,小売業,-,1200.0,12.098515,3,株価が25日線より上／MACDがプラス／前日より出来高増加,2026-09-24,2026-09-24T20:36:37.677193+09:00
3139,ラクト・ジャパン,プライム（内国株式）,卸売業,TOPIX Small 2,3445.0,82.521375,3,株価が25日線より上／25日線が75日線より上／MACDがプラス,2026-09-24,2026-09-24T20:36:37.682482+09:00
3148,クリエイトＳＤホールディングス,プライム（内国株式）,小売業,TOPIX Small 1,3295.0,211.98795,2,25日線が75日線より上／前日より出来高増加,2026-09-24,2026-09-24T20:36:37.687976+09:00
3150,グリムス,プライム（内国株式）,電気・ガス業,TOPIX Small 2,2431.0,106.31491,0,,2026-09-24,2026-09-24T20:36:37.689871+09:00
3151,バイタルケーエスケー・ホールディングス,プライム（内国株式）,卸売業,TOPIX Small 2,1610.0,121.88579,2,25日線が75日線より上／前日より出来高増加,2026-09-24,2026-09-24T20:36:37.691729+09:00
3153,八洲電機,プライム（内国株式）,卸売業,TOPIX Small 2,3135.0,282.223745,3,株価が25日線より上／25日線が75日線より上／MACDがプラス,2026-09-24,2026-09-24T20:36:37.693559+09:00
3154,メディアスホールディングス,プライム（内国株式）,卸売業,TOPIX Small 2,786.0,15.188525,1,前日より出来高増加,2026-09-24,2026-09-24T20:36:37.695732+09:00
3156,レスター,プライム（内国株式）,卸売業,TOPIX Small 2,6140.0,610.200575,3,株価が25日線より上／25日線が75日線より上／MACDがプラス,2026-09-24,2026-09-24T20:36:37.698041+09:00
3159,丸善ＣＨＩホールディングス,スタンダード（内国株式）,小売業,-,382.0,31.87486,2,25日線が75日線より上／前日より出来高増加,2026-09-24,2026-09-24T20:36:37.701636+09:00
3167,ＴＯＫＡＩホールディングス,プライム（内国株式）,卸売業,TOPIX Small 1,1355.0,612.37901,4,株価が25日線より上／25日線が75日線より上／MACDがプラス／前日より出来高増加,2026-09-24,2026-09-24T20:36:37.710410+09:00
3168,ＭＥＲＦ,スタンダード（内国株式）,卸売業,-,1273.0,123.72261820129394,2,25日線が75日線より上／前日より出来高増加,2026-09-24,2026-09-24T20:36:37.712477+09:00
3173,Ｃｏｍｉｎｉｘ,スタンダード（内国株式）,卸売業,-,1415.0,10.73521,3,25日線が75日線より上／MACDがプラス／前日より出来高増加,2026-09-24,2026-09-24T20:36:37.717707+09:00
3175,エー・ピーホールディングス,スタンダード（内国株式）,小売業,-,980.0,14.88203,4,株価が25日線より上／25日線が75日線より上／MACDがプラス／前日より出来高増加,2026-09-24,2026-09-24T20:36:37.721792+09:00
3176,三洋貿易,プライム（内国株式）,卸売業,TOPIX Small 2,1136.0,524.254265,3,25日線が75日線より上／MACDがプラス／前日より出来高増加,2026-09-24,2026-09-24T20:36:37.724144+09:00
3178,チムニー,スタンダード（内国株式）,小売業,-,1201.0,17.268735,3,25日線が75日線より上／MACDがプラス／前日より出来高増加,2026-09-24,2026-09-24T20:36:37.728297+09:00
3179,シュッピン,プライム（内国株式）,小売業,TOPIX Small 2,1294.0,116.77305,4,株価が25日線より上／25日線が75日線より上／MACDがプラス／前日より出来高増加,2026-09-24,2026-09-24T20:36:37.730726+09:00
3180,ビューティガレージ,プライム（内国株式）,卸売業,TOPIX Small 2,1650.0,82.96198,4,株価が25日線より上／25日線が75日線より上／MACDがプラス／前日より出来高増加,2026-09-24,2026-09-24T20:36:37.732582+09:00
3182,オイシックス,プライム（内国株式）,小売業,TOPIX Small 1,1625.0,139.09932,2,25日線が75日線より上／前日より出来高増加,2026-09-24,2026-09-24T20:36:37.736123+09:00
3183,ウイン・パートナーズ,プライム（内国株式）,卸売業,TOPIX Small 2,1271.0,23.10433,3,株価が25日線より上／25日線が75日線より上／前日より出来高増加,2026-09-24,2026-09-24T20:36:37.738199+09:00
3185,夢展望,グロース（内国株式）,小売業,-,114.0,66.88149,0,,2026-09-24,2026-09-24T20:36:37.741807+09:00
3186,ネクステージ,プライム（内国株式）,小売業,TOPIX Small 1,2915.0,1487.17195,1,前日より出来高増加,2026-09-24,2026-09-24T20:36:37.743983+09:00
3187,ミラタップ,グロース（内国株式）,小売業,-,406.0,56.87004,4,株価が25日線より上／25日線が75日線より上／MACDがプラス／前日より出来高増加,2026-09-24,2026-09-24T20:36:37.745849+09:00
3189,ＡＮＡＰホールディングス,スタンダード（内国株式）,小売業,-,111.0,90.62689,2,25日線が75日線より上／前日より出来高増加,2026-09-24,2026-09-24T20:36:37.747772+09:00
3191,ジョイフル本田,プライム（内国株式）,小売業,TOPIX Small 1,2288.0,303.88533,2,株価が25日線より上／25日線が75日線より上,2026-09-24,2026-09-24T20:36:37.751381+09:00
3193,エターナルホスピタリティグループ,プライム（内国株式）,小売業,TOPIX Small 2,1296.0,240.86269,2,25日線が75日線より上／前日より出来高増加,2026-09-24,2026-09-24T20:36:39.809620+09:00
3195,ジェネレーションパス,スタンダード（内国株式）,小売業,-,448.0,40.52518,2,25日線が75日線より上／前日より出来高増加,2026-09-24,2026-09-24T20:36:39.812150+09:00
3196,ホットランドホールディングス,プライム（内国株式）,小売業,TOPIX Small 2,1642.0,114.416035,3,25日線が75日線より上／MACDがプラス／前日より出来高増加,2026-09-24,2026-09-24T20:36:39.814077+09:00
3197,すかいらーくホールディングス,プライム（内国株式）,小売業,TOPIX Mid400,3168.0,3060.68026,3,25日線が75日線より上／MACDがプラス／前日より出来高増加,2026-09-24,2026-09-24T20:36:39.816248+09:00
3199,綿半ホールディングス,プライム（内国株式）,小売業,TOPIX Small 2,1307.0,46.6262,1,前日より出来高増加,2026-09-24,2026-09-24T20:36:39.818133+09:00
319A,技術承継機構,グロース（内国株式）,金属製品,-,20080.0,781.8009,3,25日線が75日線より上／MACDがプラス／前日より出来高増加,2026-09-24,2026-09-24T20:36:39.820015+09:00
3201,日本毛織,プライム（内国株式）,繊維製品,TOPIX Small 1,1993.0,132.61477,3,株価が25日線より上／25日線が75日線より上／MACDがプラス,2026-09-24,2026-09-24T20:36:39.821898+09:00
3205,ダイドーリミテッド,スタンダード（内国株式）,繊維製品,-,740.0,67.350545,3,株価が25日線より上／25日線が75日線より上／前日より出来高増加,2026-09-24,2026-09-24T20:36:39.827467+09:00
3221,ヨシックスホールディングス,プライム（内国株式）,小売業,TOPIX Small 2,3150.0,95.697225,2,25日線が75日線より上／前日より出来高増加,2026-09-24,2026-09-24T20:36:39.829363+09:00
3222,ユナイテッド・スーパーマーケット・ホールディングス,スタンダード（内国株式）,小売業,TOPIX Small 1,832.0,504.1370536254883,3,25日線が75日線より上／MACDがプラス／前日より出来高増加,2026-09-24,2026-09-24T20:36:39.831571+09:00
3231,野村不動産ホールディングス,プライム（内国株式）,不動産業,TOPIX Mid400,906.0,3409.355782049866,0,,2026-09-24,2026-09-24T20:36:39.839938+09:00
3232,三重交通グループホールディングス,プライム（内国株式）,不動産業,TOPIX Small 2,603.0,204.728585,4,株価が25日線より上／25日線が75日線より上／MACDがプラス／前日より出来高増加,2026-09-24,2026-09-24T20:36:39.842686+09:00
3236,プロパスト,スタンダード（内国株式）,不動産業,-,281.0,21.486645,2,25日線が75日線より上／前日より出来高増加,2026-09-24,2026-09-24T20:36:39.845080+09:00
3237,イントランス,グロース（内国株式）,不動産業,-,94.0,23.696545,1,25日線が75日線より上,2026-09-24,2026-09-24T20:36:39.846996+09:00
323A,フライヤー,グロース（内国株式）,情報・通信業,-,375.0,16.14401,3,株価が25日線より上／MACDがプラス／前日より出来高増加,2026-09-24,2026-09-24T20:36:39.851340+09:00
3242,アーバネットコーポレーション,スタンダード（内国株式）,不動産業,-,529.0,23.127915,4,株価が25日線より上／25日線が75日線より上／MACDがプラス／前日より出来高増加,2026-09-24,2026-09-24T20:36:39.855856+09:00
3245,ディア・ライフ,プライム（内国株式）,不動産業,TOPIX Small 2,1083.0,392.8835,2,25日線が75日線より上／前日より出来高増加,2026-09-24,2026-09-24T20:36:39.857818+09:00
324A,ブッキングリゾート,グロース（内国株式）,サービス業,-,748.0,11.645005,3,株価が25日線より上／25日線が75日線より上／前日より出来高増加,2026-09-24,2026-09-24T20:36:39.863092+09:00
3252,地主,プライム（内国株式）,不動産業,TOPIX Small 2,2786.0,377.95265,2,25日線が75日線より上／前日より出来高増加,2026-09-24,2026-09-24T20:36:39.865139+09:00
325A,ＴＥＮＴＩＡＬ,グロース（内国株式）,繊維製品,-,1954.0,565.44194,4,株価が25日線より上／25日線が75日線より上／MACDがプラス／前日より出来高増加,2026-09-24,2026-09-24T20:36:39.867681+09:00
3267,フィル・カンパニー,スタンダード（内国株式）,建設業,TOPIX Small 2,611.0,10.5505,1,前日より出来高増加,2026-09-24,2026-09-24T20:36:39.872985+09:00
3276,ＪＰＭＣ,プライム（内国株式）,不動産業,TOPIX Small 2,2266.0,505.40659,3,株価が25日線より上／25日線が75日線より上／MACDがプラス,2026-09-24,2026-09-24T20:36:39.874826+09:00
3277,サンセイランディック,スタンダード（内国株式）,不動産業,-,826.0,14.777445,4,株価が25日線より上／25日線が75日線より上／MACDがプラス／前日より出来高増加,2026-09-24,2026-09-24T20:36:39.876866+09:00
3284,フージャースホールディングス,プライム（内国株式）,不動産業,TOPIX Small 2,1293.0,301.963065,2,25日線が75日線より上／MACDがプラス,2026-09-24,2026-09-24T20:36:39.880810+09:00
3288,オープンハウスグループ,プライム（内国株式）,不動産業,TOPIX Mid400,7644.0,2309.05486,0,,2026-09-24,2026-09-24T20:36:39.884986+09:00
3289,東急不動産ホールディングス,プライム（内国株式）,不動産業,TOPIX Mid400,1278.0,3258.3921325,0,,2026-09-24,2026-09-24T20:36:39.887323+09:00
3291,飯田グループホールディングス,プライム（内国株式）,不動産業,TOPIX Mid400,2252.0,1185.0093575,1,25日線が75日線より上,2026-09-24,2026-09-24T20:36:39.889193+09:00
3299,ムゲンエステート,スタンダード（内国株式）,不動産業,-,1707.0,176.35893,0,,2026-09-24,2026-09-24T20:36:39.895074+09:00
3300,アンビション　ＤＸ　ホールディングス,グロース（内国株式）,不動産業,-,1882.0,135.9192,0,,2026-09-24,2026-09-24T20:36:39.897023+09:00
3302,帝国繊維,プライム（内国株式）,繊維製品,TOPIX Small 2,3135.0,162.57345,1,前日より出来高増加,2026-09-24,2026-09-24T20:36:39.899211+09:00
3306,日本製麻,スタンダード（内国株式）,卸売業,-,791.0,41.5651,3,株価が25日線より上／MACDがプラス／前日より出来高増加,2026-09-24,2026-09-24T20:36:39.901070+09:00
330A,ＴａｌｅｎｔＸ,グロース（内国株式）,情報・通信業,-,543.0,13.16446,3,株価が25日線より上／25日線が75日線より上／MACDがプラス,2026-09-24,2026-09-24T20:36:39.902903+09:00
3315,日本コークス工業,プライム（内国株式）,石油・石炭製品,TOPIX Small 2,99.0,744.24115,2,25日線が75日線より上／前日より出来高増加,2026-09-24,2026-09-24T20:36:39.904741+09:00
3321,ミタチ産業,スタンダード（内国株式）,卸売業,-,1809.0,75.180745,3,株価が25日線より上／25日線が75日線より上／MACDがプラス,2026-09-24,2026-09-24T20:36:39.911609+09:00
3323,レカム,スタンダード（内国株式）,卸売業,-,93.0,45.591605,3,25日線が75日線より上／MACDがプラス／前日より出来高増加,2026-09-24,2026-09-24T20:36:39.913458+09:00
332A,ミーク,グロース（内国株式）,情報・通信業,-,1234.0,68.927275,3,株価が25日線より上／25日線が75日線より上／MACDがプラス,2026-09-24,2026-09-24T20:36:39.919123+09:00
3333,あさひ,プライム（内国株式）,小売業,TOPIX Small 2,1293.0,114.959845,2,25日線が75日線より上／前日より出来高増加,2026-09-24,2026-09-24T20:36:39.920985+09:00
3349,コスモス薬品,プライム（内国株式）,小売業,TOPIX Mid400,6419.0,3074.564125,2,25日線が75日線より上／MACDがプラス,2026-09-24,2026-09-24T20:36:39.922794+09:00
3350,メタプラネット,スタンダード（内国株式）,卸売業,-,288.0,10934.5005,3,株価が25日線より上／25日線が75日線より上／前日より出来高増加,2026-09-24,2026-09-24T20:36:39.926364+09:00
3355,クリヤマホールディングス,スタンダード（内国株式）,卸売業,-,1840.0,47.466525,3,株価が25日線より上／25日線が75日線より上／MACDがプラス,2026-09-24,2026-09-24T20:36:41.908513+09:00
3359,ｃｏｔｔａ,グロース（内国株式）,卸売業,-,511.0,20.81321,2,25日線が75日線より上／前日より出来高増加,2026-09-24,2026-09-24T20:36:41.914714+09:00
335A,ミライロ,グロース（内国株式）,情報・通信業,-,321.0,16.539315,0,,2026-09-24,2026-09-24T20:36:41.917439+09:00
3360,シップヘルスケアホールディングス,プライム（内国株式）,卸売業,TOPIX Mid400,2441.5,627.4427525,3,株価が25日線より上／25日線が75日線より上／MACDがプラス,2026-09-24,2026-09-24T20:36:41.920288+09:00
336A,ダイナミックマッププラットフォーム,グロース（内国株式）,情報・通信業,-,1352.0,11564.725285,4,株価が25日線より上／25日線が75日線より上／MACDがプラス／前日より出来高増加,2026-09-24,2026-09-24T20:36:41.926131+09:00
3371,ソフトクリエイトホールディングス,プライム（内国株式）,情報・通信業,TOPIX Small 2,2210.0,109.72322,4,株価が25日線より上／25日線が75日線より上／MACDがプラス／前日より出来高増加,2026-09-24,2026-09-24T20:36:41.931809+09:00
3374,内外テック,スタンダード（内国株式）,卸売業,-,4445.0,112.366375,4,株価が25日線より上／25日線が75日線より上／MACDがプラス／前日より出来高増加,2026-09-24,2026-09-24T20:36:41.937224+09:00
3382,セブン＆アイ・ホールディングス,プライム（内国株式）,小売業,TOPIX Core30,2000.0,18001.76612156433,2,25日線が75日線より上／MACDがプラス,2026-09-24,2026-09-24T20:36:41.944979+09:00
3387,クリエイト・レストランツ・ホールディングス,プライム（内国株式）,小売業,TOPIX Small 1,750.0,1243.5064003948974,2,25日線が75日線より上／前日より出来高増加,2026-09-24,2026-09-24T20:36:41.949526+09:00
3388,明治電機工業,プライム（内国株式）,卸売業,TOPIX Small 2,2134.0,59.955005,2,株価が25日線より上／前日より出来高増加,2026-09-24,2026-09-24T20:36:41.952039+09:00
338A,ＺｅｎｍｕＴｅｃｈ,グロース（内国株式）,情報・通信業,-,3230.0,2508.56893,3,株価が25日線より上／25日線が75日線より上／MACDがプラス,2026-09-24,2026-09-24T20:36:41.954599+09:00
3391,ツルハホールディングス,プライム（内国株式）,小売業,TOPIX Mid400,2165.5,3616.924829366455,1,25日線が75日線より上,2026-09-24,2026-09-24T20:36:41.957096+09:00
3392,デリカフーズホールディングス,スタンダード（内国株式）,卸売業,-,776.0,17.68402,1,前日より出来高増加,2026-09-24,2026-09-24T20:36:41.959779+09:00
3393,スターティアホールディングス,プライム（内国株式）,卸売業,-,3265.0,116.26908,4,株価が25日線より上／25日線が75日線より上／MACDがプラス／前日より出来高増加,2026-09-24,2026-09-24T20:36:41.962493+09:00
3395,サンマルクホールディングス,プライム（内国株式）,小売業,TOPIX Small 1,2506.0,269.08151,2,株価が25日線より上／MACDがプラス,2026-09-24,2026-09-24T20:36:41.965096+09:00
3397,トリドールホールディングス,プライム（内国株式）,小売業,TOPIX Mid400,4313.0,1363.346815,4,株価が25日線より上／25日線が75日線より上／MACDがプラス／前日より出来高増加,2026-09-24,2026-09-24T20:36:41.969899+09:00
3399,丸千代山岡家,スタンダード（内国株式）,小売業,-,3855.0,440.345875,1,25日線が75日線より上,2026-09-24,2026-09-24T20:36:41.972763+09:00
339A,プログレス・テクノロジーズ　グループ,グロース（内国株式）,サービス業,-,933.0,10.24098,3,株価が25日線より上／25日線が75日線より上／MACDがプラス,2026-09-24,2026-09-24T20:36:41.975349+09:00
3401,帝人,プライム（内国株式）,繊維製品,TOPIX Mid400,1705.0,1061.1568425,1,25日線が75日線より上,2026-09-24,2026-09-24T20:36:41.979121+09:00
3402,東レ,プライム（内国株式）,繊維製品,TOPIX Mid400,1251.0,5025.660475,1,25日線が75日線より上,2026-09-24,2026-09-24T20:36:41.981979+09:00
3405,クラレ,プライム（内国株式）,化学,TOPIX Mid400,1804.0,2973.2726475,1,25日線が75日線より上,2026-09-24,2026-09-24T20:36:41.984899+09:00
3407,旭化成,プライム（内国株式）,化学,TOPIX Large70,1606.5,7357.13982,0,,2026-09-24,2026-09-24T20:36:41.987685+09:00
3415,ＴＯＫＹＯ　ＢＡＳＥ,プライム（内国株式）,小売業,TOPIX Small 2,355.0,119.16933,0,,2026-09-24,2026-09-24T20:36:41.995227+09:00
3418,バルニバービ,グロース（内国株式）,小売業,-,1048.0,14.605995,1,前日より出来高増加,2026-09-24,2026-09-24T20:36:42.002679+09:00
341A,トヨコー,グロース（内国株式）,建設業,-,2407.0,123.582305,4,株価が25日線より上／25日線が75日線より上／MACDがプラス／前日より出来高増加,2026-09-24,2026-09-24T20:36:42.005522+09:00
3421,稲葉製作所,スタンダード（内国株式）,金属製品,TOPIX Small 2,1631.0,46.04635,0,,2026-09-24,2026-09-24T20:36:42.011136+09:00
3422,Ｊ－ＭＡＸ,スタンダード（内国株式）,金属製品,-,613.0,21.47925,3,25日線が75日線より上／MACDがプラス／前日より出来高増加,2026-09-24,2026-09-24T20:36:42.013954+09:00
3431,宮地エンジニアリンググループ,プライム（内国株式）,金属製品,TOPIX Small 1,1545.0,120.51011,1,25日線が75日線より上,2026-09-24,2026-09-24T20:36:42.021230+09:00
3433,トーカロ,プライム（内国株式）,金属製品,TOPIX Small 1,2891.0,588.31312,1,株価が25日線より上,2026-09-24,2026-09-24T20:36:42.023359+09:00
3436,ＳＵＭＣＯ,プライム（内国株式）,金属製品,TOPIX Mid400,3115.0,34741.21023,0,,2026-09-24,2026-09-24T20:36:42.030919+09:00
3440,日創グループ,スタンダード（内国株式）,金属製品,-,875.0,23.89444234588623,2,25日線が75日線より上／前日より出来高増加,2026-09-24,2026-09-24T20:36:42.041931+09:00
3441,山王,スタンダード（内国株式）,金属製品,-,1822.0,228.09936,0,,2026-09-24,2026-09-24T20:36:42.044326+09:00
3443,川田テクノロジーズ,プライム（内国株式）,金属製品,TOPIX Small 2,1404.0,304.24529,3,株価が25日線より上／25日線が75日線より上／MACDがプラス,2026-09-24,2026-09-24T20:36:42.047222+09:00
3444,菊池製作所,スタンダード（内国株式）,金属製品,-,1122.0,834.325815,3,株価が25日線より上／25日線が75日線より上／MACDがプラス,2026-09-24,2026-09-24T20:36:42.050157+09:00
3445,ＲＳ　Ｔｅｃｈｎｏｌｏｇｉｅｓ,プライム（内国株式）,金属製品,TOPIX Small 1,5990.0,1211.0663,2,株価が25日線より上／前日より出来高増加,2026-09-24,2026-09-24T20:36:42.052864+09:00
3446,ジェイテックコーポレーション,スタンダード（内国株式）,金属製品,-,1583.0,30.692965,0,,2026-09-24,2026-09-24T20:36:42.055714+09:00
3447,信和,スタンダード（内国株式）,金属製品,-,1023.0,25.02721,3,株価が25日線より上／25日線が75日線より上／MACDがプラス,2026-09-24,2026-09-24T20:36:42.058467+09:00
3449,テクノフレックス,スタンダード（内国株式）,金属製品,-,4445.0,529.171775,1,株価が25日線より上,2026-09-24,2026-09-24T20:36:42.061392+09:00
3452,ビーロット,スタンダード（内国株式）,不動産業,-,1455.0,74.93331,2,25日線が75日線より上／前日より出来高増加,2026-09-24,2026-09-24T20:36:42.064097+09:00
3457,Ａｎｄ　Ｄｏホールディングス,プライム（内国株式）,不動産業,TOPIX Small 2,915.0,75.007205,1,前日より出来高増加,2026-09-24,2026-09-24T20:36:44.058243+09:00
3465,ケイアイスター不動産,プライム（内国株式）,不動産業,TOPIX Small 1,3295.0,536.9162,0,,2026-09-24,2026-09-24T20:36:44.063682+09:00
3467,アグレ都市デザイン,スタンダード（内国株式）,不動産業,-,2815.0,17.93431,1,25日線が75日線より上,2026-09-24,2026-09-24T20:36:44.066825+09:00
3475,グッドコムアセット,プライム（内国株式）,不動産業,TOPIX Small 2,1505.0,179.053685,1,25日線が75日線より上,2026-09-24,2026-09-24T20:36:44.074749+09:00
3479,ＴＫＰ,グロース（内国株式）,不動産業,-,1881.0,84.38186,3,25日線が75日線より上／MACDがプラス／前日より出来高増加,2026-09-24,2026-09-24T20:36:44.079872+09:00
3482,ロードスターキャピタル,プライム（内国株式）,不動産業,TOPIX Small 2,2597.0,200.98187,2,株価が25日線より上／前日より出来高増加,2026-09-24,2026-09-24T20:36:44.084203+09:00
3486,グローバル・リンク・マネジメント,プライム（内国株式）,不動産業,-,2041.0,105.57035,4,株価が25日線より上／25日線が75日線より上／MACDがプラス／前日より出来高増加,2026-09-24,2026-09-24T20:36:44.089633+09:00
3489,フェイスネットワーク,スタンダード（内国株式）,不動産業,-,782.0,38.379455,2,25日線が75日線より上／前日より出来高増加,2026-09-24,2026-09-24T20:36:44.092667+09:00
3491,ＧＡ　ｔｅｃｈｎｏｌｏｇｉｅｓ,グロース（内国株式）,不動産業,-,1340.0,369.34217,1,25日線が75日線より上,2026-09-24,2026-09-24T20:36:44.098133+09:00
3496,アズーム,プライム（内国株式）,不動産業,TOPIX Small 2,4875.0,191.88585,4,株価が25日線より上／25日線が75日線より上／MACDがプラス／前日より出来高増加,2026-09-24,2026-09-24T20:36:44.105230+09:00
3498,霞ヶ関キャピタル,プライム（内国株式）,不動産業,TOPIX Small 1,7480.0,2247.4977115551756,2,株価が25日線より上／25日線が75日線より上,2026-09-24,2026-09-24T20:36:44.107078+09:00
3501,ＳＵＭＩＮＯＥ,プライム（内国株式）,繊維製品,-,1192.0,18.83911,4,株価が25日線より上／25日線が75日線より上／MACDがプラス／前日より出来高増加,2026-09-24,2026-09-24T20:36:44.108901+09:00
350A,デジタルグリッド,グロース（内国株式）,電気・ガス業,-,692.0,541.48691,2,25日線が75日線より上／前日より出来高増加,2026-09-24,2026-09-24T20:36:44.110700+09:00
3512,日本フエルト,スタンダード（内国株式）,繊維製品,-,1065.0,17.62901,4,株価が25日線より上／25日線が75日線より上／MACDがプラス／前日より出来高増加,2026-09-24,2026-09-24T20:36:44.112502+09:00
3513,イチカワ,スタンダード（内国株式）,繊維製品,-,3915.0,15.10065,4,株価が25日線より上／25日線が75日線より上／MACDがプラス／前日より出来高増加,2026-09-24,2026-09-24T20:36:44.114651+09:00
3529,アツギ,スタンダード（内国株式）,繊維製品,-,1014.0,40.551935,1,25日線が75日線より上,2026-09-24,2026-09-24T20:36:44.119879+09:00
3538,ウイルプラスホールディングス,スタンダード（内国株式）,小売業,-,1038.0,10.363465,3,株価が25日線より上／25日線が75日線より上／MACDがプラス,2026-09-24,2026-09-24T20:36:44.129707+09:00
3539,ＪＭホールディングス,プライム（内国株式）,小売業,TOPIX Small 2,1435.0,242.930925,2,25日線が75日線より上／MACDがプラス,2026-09-24,2026-09-24T20:36:44.131725+09:00
3542,ベガコーポレーション,グロース（内国株式）,小売業,-,1562.0,26.48139,4,株価が25日線より上／25日線が75日線より上／MACDがプラス／前日より出来高増加,2026-09-24,2026-09-24T20:36:44.133609+09:00
3543,コメダホールディングス,プライム（内国株式）,卸売業,TOPIX Small 1,2856.0,878.65585625,2,25日線が75日線より上／前日より出来高増加,2026-09-24,2026-09-24T20:36:44.135416+09:00
3544,サツドラホールディングス,スタンダード（内国株式）,小売業,-,1246.0,12.28265,2,25日線が75日線より上／MACDがプラス,2026-09-24,2026-09-24T20:36:44.138180+09:00
3547,ユニシアホールディングス,スタンダード（内国株式）,小売業,TOPIX Small 2,1924.0,43.181885,4,株価が25日線より上／25日線が75日線より上／MACDがプラス／前日より出来高増加,2026-09-24,2026-09-24T20:36:44.140066+09:00
3548,バロックジャパンリミテッド,プライム（内国株式）,小売業,TOPIX Small 2,666.0,108.721265,1,前日より出来高増加,2026-09-24,2026-09-24T20:36:44.141883+09:00
3549,クスリのアオキホールディングス,スタンダード（内国株式）,小売業,TOPIX Mid400,3976.0,1054.30284,1,25日線が75日線より上,2026-09-24,2026-09-24T20:36:44.143688+09:00
3551,ダイニック,スタンダード（内国株式）,繊維製品,-,1568.0,27.637185,2,25日線が75日線より上／MACDがプラス,2026-09-24,2026-09-24T20:36:44.147208+09:00
3553,共和レザー,スタンダード（内国株式）,化学,-,928.0,31.685085,4,株価が25日線より上／25日線が75日線より上／MACDがプラス／前日より出来高増加,2026-09-24,2026-09-24T20:36:44.149056+09:00
3556,リネットジャパングループ,グロース（内国株式）,小売業,-,804.0,42.00927,1,25日線が75日線より上,2026-09-24,2026-09-24T20:36:44.150881+09:00
3558,ジェイドグループ,グロース（内国株式）,小売業,-,1876.0,151.890645,3,株価が25日線より上／25日線が75日線より上／MACDがプラス,2026-09-24,2026-09-24T20:36:44.155836+09:00
3560,ほぼ日,スタンダード（内国株式）,小売業,-,5190.0,26.179223923339844,3,株価が25日線より上／25日線が75日線より上／MACDがプラス,2026-09-24,2026-09-24T20:36:44.160483+09:00
3561,力の源ホールディングス,プライム（内国株式）,小売業,TOPIX Small 2,1503.0,116.70398,1,前日より出来高増加,2026-09-24,2026-09-24T20:36:44.162355+09:00
3562,Ｎｏ．１,スタンダード（内国株式）,卸売業,-,1585.0,34.78724935058594,4,株価が25日線より上／25日線が75日線より上／MACDがプラス／前日より出来高増加,2026-09-24,2026-09-24T20:36:44.164161+09:00
3563,ＦＯＯＤ　＆　ＬＩＦＥ　ＣＯＭＰＡＮＩＥＳ,プライム（内国株式）,小売業,TOPIX Mid400,4894.0,14918.89916,1,25日線が75日線より上,2026-09-24,2026-09-24T20:36:44.165959+09:00
3565,アセンテック,スタンダード（内国株式）,卸売業,TOPIX Small 2,512.0,124.57812,3,株価が25日線より上／25日線が75日線より上／MACDがプラス,2026-09-24,2026-09-24T20:36:44.167777+09:00
3569,セーレン,プライム（内国株式）,繊維製品,TOPIX Small 1,3290.0,476.627275,1,25日線が75日線より上,2026-09-24,2026-09-24T20:36:44.172599+09:00
3580,小松マテーレ,プライム（内国株式）,繊維製品,TOPIX Small 2,758.0,43.010245,3,25日線が75日線より上／MACDがプラス／前日より出来高増加,2026-09-24,2026-09-24T20:36:44.178260+09:00
3591,ワコールホールディングス,プライム（内国株式）,繊維製品,TOPIX Mid400,3960.0,444.6194,0,,2026-09-24,2026-09-24T20:36:44.182788+09:00
3597,自重堂,スタンダード（内国株式）,繊維製品,-,9040.0,16.46605,0,,2026-09-24,2026-09-24T20:36:44.184655+09:00
3608,ＴＳＩホールディングス,プライム（内国株式）,繊維製品,TOPIX Small 1,1237.0,298.886275,1,25日線が75日線より上,2026-09-24,2026-09-24T20:36:46.274266+09:00
3611,マツオカコーポレーション,スタンダード（内国株式）,繊維製品,-,2396.0,65.562335,2,25日線が75日線より上／前日より出来高増加,2026-09-24,2026-09-24T20:36:46.277130+09:00
3612,ワールド,プライム（内国株式）,繊維製品,TOPIX Small 1,1602.0,689.2352359863281,1,25日線が75日線より上,2026-09-24,2026-09-24T20:36:46.280007+09:00
3623,ビリングシステム,グロース（内国株式）,情報・通信業,-,1260.0,35.07363,3,株価が25日線より上／25日線が75日線より上／MACDがプラス,2026-09-24,2026-09-24T20:36:46.291151+09:00
3624,アクセルマーク,グロース（内国株式）,情報・通信業,-,90.0,85.48018,3,株価が25日線より上／25日線が75日線より上／MACDがプラス,2026-09-24,2026-09-24T20:36:46.295495+09:00
3626,ＴＩＳＩ,プライム（内国株式）,情報・通信業,TOPIX Mid400,4005.0,3626.96515,3,株価が25日線より上／25日線が75日線より上／MACDがプラス,2026-09-24,2026-09-24T20:36:46.302631+09:00
3632,グリーホールディングス,プライム（内国株式）,情報・通信業,TOPIX Small 2,422.0,236.29572,4,株価が25日線より上／25日線が75日線より上／MACDがプラス／前日より出来高増加,2026-09-24,2026-09-24T20:36:46.311460+09:00
3633,ＧＭＯペパボ,スタンダード（内国株式）,情報・通信業,TOPIX Small 2,2576.0,57.3329,4,株価が25日線より上／25日線が75日線より上／MACDがプラス／前日より出来高増加,2026-09-24,2026-09-24T20:36:46.313589+09:00
3635,コーエーテクモホールディングス,プライム（内国株式）,情報・通信業,TOPIX Mid400,1690.5,1501.51533,3,株価が25日線より上／25日線が75日線より上／MACDがプラス,2026-09-24,2026-09-24T20:36:46.323658+09:00
3636,三菱総合研究所,プライム（内国株式）,情報・通信業,TOPIX Small 1,4930.0,187.360475,3,25日線が75日線より上／MACDがプラス／前日より出来高増加,2026-09-24,2026-09-24T20:36:46.328197+09:00
3640,電算,スタンダード（内国株式）,情報・通信業,-,2822.0,22.229775,4,株価が25日線より上／25日線が75日線より上／MACDがプラス／前日より出来高増加,2026-09-24,2026-09-24T20:36:46.335947+09:00
3645,メディカルネット,グロース（内国株式）,情報・通信業,-,256.0,49.17939,2,25日線が75日線より上／MACDがプラス,2026-09-24,2026-09-24T20:36:46.339832+09:00
3647,アスリナ,スタンダード（内国株式）,情報・通信業,-,116.0,39.839525,1,25日線が75日線より上,2026-09-24,2026-09-24T20:36:46.345672+09:00
3649,ファインデックス,プライム（内国株式）,情報・通信業,TOPIX Small 2,891.0,57.57913,3,株価が25日線より上／25日線が75日線より上／MACDがプラス,2026-09-24,2026-09-24T20:36:46.351841+09:00
3652,ディジタルメディアプロフェッショナル,グロース（内国株式）,情報・通信業,-,3175.0,180.34848,3,株価が25日線より上／25日線が75日線より上／MACDがプラス,2026-09-24,2026-09-24T20:36:46.353946+09:00
3653,モルフォ,グロース（内国株式）,情報・通信業,-,1144.0,2685.62867,4,株価が25日線より上／25日線が75日線より上／MACDがプラス／前日より出来高増加,2026-09-24,2026-09-24T20:36:46.356143+09:00
3656,ＫＬａｂ,プライム（内国株式）,情報・通信業,TOPIX Small 2,184.0,352.09051,1,前日より出来高増加,2026-09-24,2026-09-24T20:36:46.358410+09:00
3657,ポールトゥウィンホールディングス,プライム（内国株式）,情報・通信業,TOPIX Small 2,375.0,96.542855,4,株価が25日線より上／25日線が75日線より上／MACDがプラス／前日より出来高増加,2026-09-24,2026-09-24T20:36:46.360268+09:00
3659,ネクソン,プライム（内国株式）,情報・通信業,TOPIX Mid400,3148.0,10502.655345,3,株価が25日線より上／25日線が75日線より上／MACDがプラス,2026-09-24,2026-09-24T20:36:46.362902+09:00
365A,伊澤タオル,スタンダード（内国株式）,繊維製品,-,795.0,40.97570822692871,4,株価が25日線より上／25日線が75日線より上／MACDがプラス／前日より出来高増加,2026-09-24,2026-09-24T20:36:46.365210+09:00
3660,アイスタイル,プライム（内国株式）,情報・通信業,TOPIX Small 1,500.0,576.769865,3,25日線が75日線より上／MACDがプラス／前日より出来高増加,2026-09-24,2026-09-24T20:36:46.367221+09:00
3661,エムアップホールディングス,プライム（内国株式）,情報・通信業,TOPIX Small 1,811.0,371.168395,1,25日線が75日線より上,2026-09-24,2026-09-24T20:36:46.369244+09:00
3662,エイチームホールディングス,プライム（内国株式）,情報・通信業,TOPIX Small 2,930.0,78.620435,2,25日線が75日線より上／前日より出来高増加,2026-09-24,2026-09-24T20:36:46.372402+09:00
3663,セルシス,プライム（内国株式）,情報・通信業,TOPIX Small 2,1856.0,387.9801,2,25日線が75日線より上／前日より出来高増加,2026-09-24,2026-09-24T20:36:46.374436+09:00
3664,ＷＩＺＥ,グロース（内国株式）,情報・通信業,-,24.0,831.68728,1,25日線が75日線より上,2026-09-24,2026-09-24T20:36:46.376675+09:00
3665,エニグモ,プライム（内国株式）,情報・通信業,TOPIX Small 2,412.0,73.753875,2,25日線が75日線より上／前日より出来高増加,2026-09-24,2026-09-24T20:36:46.378927+09:00
3667,ｅｎｉｓｈ,スタンダード（内国株式）,情報・通信業,-,28.0,10.252145,2,株価が25日線より上／前日より出来高増加,2026-09-24,2026-09-24T20:36:46.381074+09:00
3668,コロプラ,プライム（内国株式）,情報・通信業,TOPIX Small 1,454.0,195.908415,4,株価が25日線より上／25日線が75日線より上／MACDがプラス／前日より出来高増加,2026-09-24,2026-09-24T20:36:46.383785+09:00
366A,ウェルネス・コミュニケーションズ,グロース（内国株式）,サービス業,-,1178.0,33.385775,4,株価が25日線より上／25日線が75日線より上／MACDがプラス／前日より出来高増加,2026-09-24,2026-09-24T20:36:46.386111+09:00
3673,ブロードリーフ,プライム（内国株式）,情報・通信業,TOPIX Small 1,488.0,393.655705,4,株価が25日線より上／25日線が75日線より上／MACDがプラス／前日より出来高増加,2026-09-24,2026-09-24T20:36:46.400251+09:00
3675,クロス・マーケティンググループ,スタンダード（内国株式）,情報・通信業,-,600.0,15.77831,1,25日線が75日線より上,2026-09-24,2026-09-24T20:36:46.407387+09:00
3676,デジタルハーツホールディングス,プライム（内国株式）,情報・通信業,TOPIX Small 2,1048.0,306.54848,2,25日線が75日線より上／MACDがプラス,2026-09-24,2026-09-24T20:36:46.410784+09:00
3678,メディアドゥ,プライム（内国株式）,情報・通信業,TOPIX Small 2,1232.0,45.597085,0,,2026-09-24,2026-09-24T20:36:46.416840+09:00
3679,じげん,プライム（内国株式）,情報・通信業,TOPIX Small 2,436.0,172.044165,3,25日線が75日線より上／MACDがプラス／前日より出来高増加,2026-09-24,2026-09-24T20:36:46.419184+09:00
367A,プリモグローバルホールディングス,スタンダード（内国株式）,小売業,-,2750.0,151.07577932617187,1,25日線が75日線より上,2026-09-24,2026-09-24T20:36:46.421185+09:00
3683,サイバーリンクス,スタンダード（内国株式）,情報・通信業,-,1079.0,18.561165,2,25日線が75日線より上／前日より出来高増加,2026-09-24,2026-09-24T20:36:46.426641+09:00
3686,ディー・エル・イー,スタンダード（内国株式）,情報・通信業,-,60.0,10.649775,0,,2026-09-24,2026-09-24T20:36:46.428503+09:00
3687,フィックスターズ,プライム（内国株式）,情報・通信業,TOPIX Small 2,2243.0,1249.69649,2,株価が25日線より上／MACDがプラス,2026-09-24,2026-09-24T20:36:46.430471+09:00
368A,北里,プライム（内国株式）,精密機器,TOPIX Small 2,1428.0,120.59742,2,25日線が75日線より上／前日より出来高増加,2026-09-24,2026-09-24T20:36:46.433050+09:00
3691,デジタルプラス,グロース（内国株式）,情報・通信業,-,1912.0,34.66556,4,株価が25日線より上／25日線が75日線より上／MACDがプラス／前日より出来高増加,2026-09-24,2026-09-24T20:36:46.438103+09:00
3692,ＦＦＲＩセキュリティ,グロース（内国株式）,情報・通信業,-,7730.0,1751.4728,3,株価が25日線より上／25日線が75日線より上／MACDがプラス,2026-09-24,2026-09-24T20:36:46.440892+09:00
3694,オプティム,プライム（内国株式）,情報・通信業,TOPIX Small 2,487.0,90.43437,3,株価が25日線より上／25日線が75日線より上／MACDがプラス,2026-09-24,2026-09-24T20:36:46.442812+09:00
3695,ＧＭＯプロダクトプラットフォーム,グロース（内国株式）,情報・通信業,-,1691.0,16.315495,4,株価が25日線より上／25日線が75日線より上／MACDがプラス／前日より出来高増加,2026-09-24,2026-09-24T20:36:48.368114+09:00
3696,セレス,プライム（内国株式）,情報・通信業,TOPIX Small 2,2194.0,210.46622,2,25日線が75日線より上／MACDがプラス,2026-09-24,2026-09-24T20:36:48.371712+09:00
3697,ＳＨＩＦＴ,プライム（内国株式）,情報・通信業,TOPIX Mid400,885.0999755859375,4070.0000819882202,1,25日線が75日線より上,2026-09-24,2026-09-24T20:36:48.375803+09:00
369A,エータイ,グロース（内国株式）,サービス業,-,2800.0,27.573228754882813,4,株価が25日線より上／25日線が75日線より上／MACDがプラス／前日より出来高増加,2026-09-24,2026-09-24T20:36:48.383153+09:00
3708,特種東海製紙,プライム（内国株式）,パルプ・紙,TOPIX Small 2,2227.0,114.77578,4,株価が25日線より上／25日線が75日線より上／MACDがプラス／前日より出来高増加,2026-09-24,2026-09-24T20:36:48.386825+09:00
3719,ＡＩストーム,スタンダード（内国株式）,情報・通信業,-,114.0,36.70342,1,前日より出来高増加,2026-09-24,2026-09-24T20:36:48.398996+09:00
3723,日本ファルコム,グロース（内国株式）,情報・通信業,-,2954.0,43.163355,4,株価が25日線より上／25日線が75日線より上／MACDがプラス／前日より出来高増加,2026-09-24,2026-09-24T20:36:48.402399+09:00
3727,アプリックス,グロース（内国株式）,情報・通信業,-,166.0,12.199255,4,株価が25日線より上／25日線が75日線より上／MACDがプラス／前日より出来高増加,2026-09-24,2026-09-24T20:36:48.410503+09:00
372A,レント,スタンダード（内国株式）,サービス業,-,5600.0,24.52595,4,株価が25日線より上／25日線が75日線より上／MACDがプラス／前日より出来高増加,2026-09-24,2026-09-24T20:36:48.414440+09:00
3733,ソフトウェア・サービス,スタンダード（内国株式）,情報・通信業,-,11970.0,69.7399,3,25日線が75日線より上／MACDがプラス／前日より出来高増加,2026-09-24,2026-09-24T20:36:48.417675+09:00
3741,セック,プライム（内国株式）,情報・通信業,TOPIX Small 2,3330.0,219.648275,4,株価が25日線より上／25日線が75日線より上／MACDがプラス／前日より出来高増加,2026-09-24,2026-09-24T20:36:48.423706+09:00
3747,インタートレード,スタンダード（内国株式）,情報・通信業,-,407.0,16.53961,1,25日線が75日線より上,2026-09-24,2026-09-24T20:36:48.430152+09:00
3753,フライトソリューションズ,スタンダード（内国株式）,情報・通信業,-,210.0,36.612175,2,25日線が75日線より上／前日より出来高増加,2026-09-24,2026-09-24T20:36:48.434681+09:00
3762,テクマトリックス,プライム（内国株式）,情報・通信業,TOPIX Small 1,2524.0,546.440605,3,株価が25日線より上／25日線が75日線より上／MACDがプラス,2026-09-24,2026-09-24T20:36:48.441618+09:00
3763,プロシップ,プライム（内国株式）,情報・通信業,TOPIX Small 2,2144.0,121.087795,3,25日線が75日線より上／MACDがプラス／前日より出来高増加,2026-09-24,2026-09-24T20:36:48.445036+09:00
3765,ガンホー・オンライン・エンターテイメント,プライム（内国株式）,情報・通信業,TOPIX Small 1,2519.0,903.847115,3,株価が25日線より上／25日線が75日線より上／MACDがプラス,2026-09-24,2026-09-24T20:36:48.447716+09:00
3769,ＧＭＯペイメントゲートウェイ,プライム（内国株式）,情報・通信業,TOPIX Mid400,8728.0,2612.059605,0,,2026-09-24,2026-09-24T20:36:48.453563+09:00
3771,システムリサーチ,プライム（内国株式）,情報・通信業,TOPIX Small 2,1922.0,182.907935,4,株価が25日線より上／25日線が75日線より上／MACDがプラス／前日より出来高増加,2026-09-24,2026-09-24T20:36:48.455425+09:00
3772,ウェルス・マネジメント,スタンダード（内国株式）,不動産業,-,1108.0,20.61927,4,株価が25日線より上／25日線が75日線より上／MACDがプラス／前日より出来高増加,2026-09-24,2026-09-24T20:36:48.457333+09:00
3773,アドバンスト・メディア,グロース（内国株式）,情報・通信業,-,1036.0,36.617525,1,前日より出来高増加,2026-09-24,2026-09-24T20:36:48.459985+09:00
3774,インターネットイニシアティブ,プライム（内国株式）,情報・通信業,TOPIX Mid400,3443.0,1781.627175,3,株価が25日線より上／25日線が75日線より上／MACDがプラス,2026-09-24,2026-09-24T20:36:48.462692+09:00
3776,ブロードバンドタワー,スタンダード（内国株式）,情報・通信業,-,256.0,34.255845,2,株価が25日線より上／前日より出来高増加,2026-09-24,2026-09-24T20:36:48.466439+09:00
3777,環境フレンドリーホールディングス,グロース（内国株式）,情報・通信業,-,44.0,36.431035,1,前日より出来高増加,2026-09-24,2026-09-24T20:36:48.469452+09:00
3778,さくらインターネット,プライム（内国株式）,情報・通信業,TOPIX Small 1,3830.0,3034.713925,3,株価が25日線より上／25日線が75日線より上／MACDがプラス,2026-09-24,2026-09-24T20:36:48.471659+09:00
3787,テクノマセマティカル,スタンダード（内国株式）,情報・通信業,-,677.0,37.37616,3,株価が25日線より上／25日線が75日線より上／MACDがプラス,2026-09-24,2026-09-24T20:36:48.476712+09:00
3788,ＧＭＯグローバルサイン・ホールディングス,プライム（内国株式）,情報・通信業,TOPIX Small 2,2003.0,77.020475,0,,2026-09-24,2026-09-24T20:36:48.480448+09:00
378A,ヒット,グロース（内国株式）,サービス業,-,913.0,65.802975,0,,2026-09-24,2026-09-24T20:36:48.483250+09:00
3791,ＩＧポート,スタンダード（内国株式）,情報・通信業,-,1084.0,67.789965,2,株価が25日線より上／前日より出来高増加,2026-09-24,2026-09-24T20:36:48.486071+09:00
3793,ドリコム,グロース（内国株式）,情報・通信業,-,575.0,68.70877,3,株価が25日線より上／25日線が75日線より上／MACDがプラス,2026-09-24,2026-09-24T20:36:48.489586+09:00
3798,ＵＬＳグループ,スタンダード（内国株式）,情報・通信業,-,570.0,114.744005,4,株価が25日線より上／25日線が75日線より上／MACDがプラス／前日より出来高増加,2026-09-24,2026-09-24T20:36:48.497715+09:00
3807,フィスコ,グロース（内国株式）,情報・通信業,-,93.0,27.36385,4,株価が25日線より上／25日線が75日線より上／MACDがプラス／前日より出来高増加,2026-09-24,2026-09-24T20:36:48.520378+09:00
3810,サイバーステップホールディングス,スタンダード（内国株式）,情報・通信業,-,189.0,205.79879,2,25日線が75日線より上／前日より出来高増加,2026-09-24,2026-09-24T20:36:48.522422+09:00
3817,ＳＲＡホールディングス,プライム（内国株式）,情報・通信業,TOPIX Small 2,4790.0,151.272525,1,25日線が75日線より上,2026-09-24,2026-09-24T20:36:48.529939+09:00
3823,ＴＨＥ　ＷＨＹ　ＨＯＷ　ＤＯ　ＣＯＭＰＡＮＹ,スタンダード（内国株式）,情報・通信業,-,40.0,270.38373,3,株価が25日線より上／25日線が75日線より上／MACDがプラス,2026-09-24,2026-09-24T20:36:48.532391+09:00
3825,リミックスポイント,スタンダード（内国株式）,小売業,-,245.0,457.546755,4,株価が25日線より上／25日線が75日線より上／MACDがプラス／前日より出来高増加,2026-09-24,2026-09-24T20:36:48.534891+09:00
3834,朝日ネット,プライム（内国株式）,情報・通信業,TOPIX Small 2,608.0,30.90013,1,前日より出来高増加,2026-09-24,2026-09-24T20:36:48.538724+09:00
3835,ｅＢＡＳＥ,プライム（内国株式）,情報・通信業,TOPIX Small 2,430.0,24.959225,3,25日線が75日線より上／MACDがプラス／前日より出来高増加,2026-09-24,2026-09-24T20:36:48.540598+09:00
3836,アバントグループ,プライム（内国株式）,情報・通信業,TOPIX Small 2,1215.0,90.63469,4,株価が25日線より上／25日線が75日線より上／MACDがプラス／前日より出来高増加,2026-09-24,2026-09-24T20:36:48.543756+09:00
3837,アドソル日進,プライム（内国株式）,情報・通信業,TOPIX Small 2,1362.0,130.85865,1,前日より出来高増加,2026-09-24,2026-09-24T20:36:48.594882+09:00
3843,フリービット,プライム（内国株式）,情報・通信業,TOPIX Small 2,1682.0,64.954455,2,25日線が75日線より上／MACDがプラス,2026-09-24,2026-09-24T20:36:50.551283+09:00
3844,コムチュア,プライム（内国株式）,情報・通信業,TOPIX Small 1,1325.0,325.655075,1,前日より出来高増加,2026-09-24,2026-09-24T20:36:50.554307+09:00
3845,アイフリークモバイル,スタンダード（内国株式）,情報・通信業,-,320.0,43.355045,4,株価が25日線より上／25日線が75日線より上／MACDがプラス／前日より出来高増加,2026-09-24,2026-09-24T20:36:50.556203+09:00
3850,エヌ・ティ・ティ・データ・イントラマート,スタンダード（内国株式）,情報・通信業,-,3935.0,172.5627,4,株価が25日線より上／25日線が75日線より上／MACDがプラス／前日より出来高増加,2026-09-24,2026-09-24T20:36:50.561081+09:00
3851,日本一ソフトウェア,スタンダード（内国株式）,情報・通信業,-,1429.0,369.795045,4,株価が25日線より上／25日線が75日線より上／MACDがプラス／前日より出来高増加,2026-09-24,2026-09-24T20:36:50.564224+09:00
3853,アステリア,プライム（内国株式）,情報・通信業,TOPIX Small 2,1095.0,213.859365,0,,2026-09-24,2026-09-24T20:36:50.565946+09:00
3854,アイル,プライム（内国株式）,情報・通信業,TOPIX Small 2,2162.0,347.947845,2,25日線が75日線より上／前日より出来高増加,2026-09-24,2026-09-24T20:36:50.567531+09:00
3856,Ａｂａｌａｎｃｅ,スタンダード（内国株式）,電気機器,-,227.0,236.49252,0,,2026-09-24,2026-09-24T20:36:50.570479+09:00
3861,王子ホールディングス,プライム（内国株式）,パルプ・紙,TOPIX Mid400,870.2999877929688,2882.775843102417,2,25日線が75日線より上／MACDがプラス,2026-09-24,2026-09-24T20:36:50.574306+09:00
3863,日本製紙,プライム（内国株式）,パルプ・紙,TOPIX Small 1,1318.0,714.41886,1,25日線が75日線より上,2026-09-24,2026-09-24T20:36:50.575856+09:00
3864,三菱製紙,プライム（内国株式）,パルプ・紙,-,1226.0,164.406855,4,株価が25日線より上／25日線が75日線より上／MACDがプラス／前日より出来高増加,2026-09-24,2026-09-24T20:36:50.577401+09:00
3865,北越コーポレーション,プライム（内国株式）,パルプ・紙,TOPIX Small 1,917.0,168.86019,3,株価が25日線より上／25日線が75日線より上／MACDがプラス,2026-09-24,2026-09-24T20:36:50.578969+09:00
3877,中越パルプ工業,プライム（内国株式）,パルプ・紙,-,2245.0,89.99805,3,株価が25日線より上／25日線が75日線より上／MACDがプラス,2026-09-24,2026-09-24T20:36:50.581866+09:00
3878,巴川コーポレーション,スタンダード（内国株式）,化学,-,847.0,24.0614,2,25日線が75日線より上／前日より出来高増加,2026-09-24,2026-09-24T20:36:50.583356+09:00
3880,大王製紙,プライム（内国株式）,パルプ・紙,TOPIX Small 1,1019.0,288.63227,3,株価が25日線より上／25日線が75日線より上／MACDがプラス,2026-09-24,2026-09-24T20:36:50.587763+09:00
3891,ニッポン高度紙工業,スタンダード（内国株式）,パルプ・紙,-,6800.0,828.343,1,株価が25日線より上,2026-09-24,2026-09-24T20:36:50.589879+09:00
3895,ハビックス,スタンダード（内国株式）,パルプ・紙,-,463.0,14.24933,3,25日線が75日線より上／MACDがプラス／前日より出来高増加,2026-09-24,2026-09-24T20:36:50.592907+09:00
3900,クラウドワークス,グロース（内国株式）,情報・通信業,-,677.0,43.86483,4,株価が25日線より上／25日線が75日線より上／MACDがプラス／前日より出来高増加,2026-09-24,2026-09-24T20:36:50.595834+09:00
3901,マークラインズ,プライム（内国株式）,情報・通信業,TOPIX Small 2,1507.0,114.885945,3,25日線が75日線より上／MACDがプラス／前日より出来高増加,2026-09-24,2026-09-24T20:36:50.597373+09:00
3903,ｇｕｍｉ,プライム（内国株式）,情報・通信業,TOPIX Small 2,204.0,194.83625,2,25日線が75日線より上／前日より出来高増加,2026-09-24,2026-09-24T20:36:50.599001+09:00
3905,データセクション,グロース（内国株式）,情報・通信業,-,1807.0,5888.64617,2,株価が25日線より上／前日より出来高増加,2026-09-24,2026-09-24T20:36:50.601964+09:00
3907,シリコンスタジオ,スタンダード（内国株式）,情報・通信業,-,2175.0,1497.09078,4,株価が25日線より上／25日線が75日線より上／MACDがプラス／前日より出来高増加,2026-09-24,2026-09-24T20:36:50.606192+09:00
3911,Ａｉｍｉｎｇ,グロース（内国株式）,情報・通信業,-,172.0,27.47212,0,,2026-09-24,2026-09-24T20:36:50.616127+09:00
3914,ＪＩＧ－ＳＡＷ,グロース（内国株式）,情報・通信業,-,2708.0,33.56186,4,株価が25日線より上／25日線が75日線より上／MACDがプラス／前日より出来高増加,2026-09-24,2026-09-24T20:36:50.626488+09:00
3915,テラスカイ,プライム（内国株式）,情報・通信業,TOPIX Small 2,2287.0,255.087935,0,,2026-09-24,2026-09-24T20:36:50.629169+09:00
3916,デジタル・インフォメーション・テクノロジー,プライム（内国株式）,情報・通信業,TOPIX Small 2,952.0,70.89569,1,25日線が75日線より上,2026-09-24,2026-09-24T20:36:50.631487+09:00
3918,ＰＣＩホールディングス,スタンダード（内国株式）,情報・通信業,-,1185.0,13.16004,2,株価が25日線より上／前日より出来高増加,2026-09-24,2026-09-24T20:36:50.637568+09:00
3921,ネオジャパン,プライム（内国株式）,情報・通信業,TOPIX Small 2,1663.0,26.687225,3,株価が25日線より上／25日線が75日線より上／MACDがプラス,2026-09-24,2026-09-24T20:36:50.641521+09:00
3922,ＰＲ　ＴＩＭＥＳ,プライム（内国株式）,情報・通信業,TOPIX Small 2,2184.0,89.75374,3,株価が25日線より上／MACDがプラス／前日より出来高増加,2026-09-24,2026-09-24T20:36:50.643393+09:00
3923,ラクス,プライム（内国株式）,情報・通信業,TOPIX Mid400,1073.0,1861.15879,2,25日線が75日線より上／前日より出来高増加,2026-09-24,2026-09-24T20:36:50.645267+09:00
3925,ダブルスタンダード,プライム（内国株式）,情報・通信業,TOPIX Small 2,1313.0,54.87561,3,25日線が75日線より上／MACDがプラス／前日より出来高増加,2026-09-24,2026-09-24T20:36:50.647149+09:00
3926,オープンドア,スタンダード（内国株式）,情報・通信業,TOPIX Small 2,423.0,21.23569,3,25日線が75日線より上／MACDがプラス／前日より出来高増加,2026-09-24,2026-09-24T20:36:50.649030+09:00
3927,フーバーブレイン,スタンダード（内国株式）,情報・通信業,-,910.0,22.273775,1,株価が25日線より上,2026-09-24,2026-09-24T20:36:50.651062+09:00
3932,アカツキ,プライム（内国株式）,情報・通信業,TOPIX Small 2,3845.0,382.980025,3,株価が25日線より上／25日線が75日線より上／MACDがプラス,2026-09-24,2026-09-24T20:36:50.662083+09:00
3935,エディア,スタンダード（内国株式）,情報・通信業,-,732.0,24.25537,4,株価が25日線より上／25日線が75日線より上／MACDがプラス／前日より出来高増加,2026-09-24,2026-09-24T20:36:50.667691+09:00
3936,グローバルウェイ,グロース（内国株式）,情報・通信業,-,133.0,51.617285,0,,2026-09-24,2026-09-24T20:36:50.670647+09:00
3937,Ｕｂｉｃｏｍホールディングス,スタンダード（内国株式）,情報・通信業,TOPIX Small 2,1152.0,77.70831,3,25日線が75日線より上／MACDがプラス／前日より出来高増加,2026-09-24,2026-09-24T20:36:52.411117+09:00
3939,カナミックネットワーク,プライム（内国株式）,情報・通信業,TOPIX Small 2,491.0,116.263905,1,25日線が75日線より上,2026-09-24,2026-09-24T20:36:52.413992+09:00
3940,ノムラシステムコーポレーション,スタンダード（内国株式）,情報・通信業,-,131.0,29.246915,3,株価が25日線より上／25日線が75日線より上／MACDがプラス,2026-09-24,2026-09-24T20:36:52.417967+09:00
3941,レンゴー,プライム（内国株式）,パルプ・紙,TOPIX Mid400,1536.5,1335.251555,1,25日線が75日線より上,2026-09-24,2026-09-24T20:36:52.420796+09:00
3946,トーモク,プライム（内国株式）,パルプ・紙,TOPIX Small 2,4445.0,410.4412,2,25日線が75日線より上／前日より出来高増加,2026-09-24,2026-09-24T20:36:52.428678+09:00
3950,ザ・パック,プライム（内国株式）,パルプ・紙,TOPIX Small 2,1454.0,143.624285,2,25日線が75日線より上／前日より出来高増加,2026-09-24,2026-09-24T20:36:52.436155+09:00
3951,朝日印刷,スタンダード（内国株式）,パルプ・紙,-,909.0,15.46445,4,株価が25日線より上／25日線が75日線より上／MACDがプラス／前日より出来高増加,2026-09-24,2026-09-24T20:36:52.438149+09:00
3962,チェンジホールディングス,プライム（内国株式）,情報・通信業,TOPIX Small 1,992.0,167.42494,3,25日線が75日線より上／MACDがプラス／前日より出来高増加,2026-09-24,2026-09-24T20:36:52.447265+09:00
3963,シンクロ・フード,プライム（内国株式）,情報・通信業,-,325.0,21.63776,1,25日線が75日線より上,2026-09-24,2026-09-24T20:36:52.450131+09:00
3964,オークネット,プライム（内国株式）,情報・通信業,TOPIX Small 2,1354.0,975.531305,1,前日より出来高増加,2026-09-24,2026-09-24T20:36:52.452087+09:00
3967,エルテス,グロース（内国株式）,情報・通信業,-,575.0,11.836475,2,25日線が75日線より上／前日より出来高増加,2026-09-24,2026-09-24T20:36:52.455654+09:00
3968,セグエグループ,プライム（内国株式）,情報・通信業,-,670.0,155.998225,4,株価が25日線より上／25日線が75日線より上／MACDがプラス／前日より出来高増加,2026-09-24,2026-09-24T20:36:52.457529+09:00
3976,シャノン,グロース（内国株式）,情報・通信業,-,585.0,24.966225,1,25日線が75日線より上,2026-09-24,2026-09-24T20:36:52.465965+09:00
3983,オロ,プライム（内国株式）,情報・通信業,TOPIX Small 2,1902.0,99.35199,1,前日より出来高増加,2026-09-24,2026-09-24T20:36:52.471601+09:00
3984,ユーザーローカル,プライム（内国株式）,情報・通信業,TOPIX Small 2,1586.0,148.92184,2,株価が25日線より上／前日より出来高増加,2026-09-24,2026-09-24T20:36:52.473449+09:00
3987,エコモット,グロース（内国株式）,情報・通信業,-,627.0,19.430895,2,25日線が75日線より上／前日より出来高増加,2026-09-24,2026-09-24T20:36:52.479030+09:00
3989,シェアリングテクノロジー,グロース（内国株式）,情報・通信業,-,1545.0,898.579475,4,株価が25日線より上／25日線が75日線より上／MACDがプラス／前日より出来高増加,2026-09-24,2026-09-24T20:36:52.484561+09:00
3992,ニーズウェル,プライム（内国株式）,情報・通信業,-,468.0,24.67081,3,25日線が75日線より上／MACDがプラス／前日より出来高増加,2026-09-24,2026-09-24T20:36:52.489467+09:00
3993,ＰＫＳＨＡ　Ｔｅｃｈｎｏｌｏｇｙ,プライム（内国株式）,情報・通信業,TOPIX Small 1,3205.0,930.66095,3,株価が25日線より上／25日線が75日線より上／MACDがプラス,2026-09-24,2026-09-24T20:36:52.491337+09:00
3994,マネーフォワード,プライム（内国株式）,情報・通信業,TOPIX Mid400,5703.0,3734.63115,2,25日線が75日線より上／MACDがプラス,2026-09-24,2026-09-24T20:36:52.493157+09:00
3996,サインポスト,スタンダード（内国株式）,情報・通信業,-,216.0,12.076705,4,株価が25日線より上／25日線が75日線より上／MACDがプラス／前日より出来高増加,2026-09-24,2026-09-24T20:36:52.495430+09:00
3997,トレードワークス,スタンダード（内国株式）,情報・通信業,-,436.0,82.88121,3,株価が25日線より上／25日線が75日線より上／MACDがプラス,2026-09-24,2026-09-24T20:36:52.498006+09:00
4004,レゾナック・ホールディングス,プライム（内国株式）,化学,TOPIX Mid400,14860.0,28938.675275,1,前日より出来高増加,2026-09-24,2026-09-24T20:36:52.502038+09:00
4005,住友化学,プライム（内国株式）,化学,TOPIX Mid400,588.2000122070312,7179.795764641419,3,株価が25日線より上／25日線が75日線より上／MACDがプラス,2026-09-24,2026-09-24T20:36:52.503887+09:00
4008,住友精化,プライム（内国株式）,化学,TOPIX Small 1,1521.0,243.01623,4,株価が25日線より上／25日線が75日線より上／MACDがプラス／前日より出来高増加,2026-09-24,2026-09-24T20:36:52.505755+09:00
4011,ヘッドウォータース,グロース（内国株式）,情報・通信業,-,2408.0,137.09,4,株価が25日線より上／25日線が75日線より上／MACDがプラス／前日より出来高増加,2026-09-24,2026-09-24T20:36:52.507610+09:00
4013,勤次郎,グロース（内国株式）,情報・通信業,-,668.0,22.97544,2,株価が25日線より上／前日より出来高増加,2026-09-24,2026-09-24T20:36:52.511579+09:00
4014,カラダノート,グロース（内国株式）,情報・通信業,-,447.0,20.85547,2,25日線が75日線より上／前日より出来高増加,2026-09-24,2026-09-24T20:36:52.513462+09:00
4015,ペイクラウドホールディングス,グロース（内国株式）,情報・通信業,-,519.0,12.12197,1,25日線が75日線より上,2026-09-24,2026-09-24T20:36:52.516587+09:00
4019,スタメン,グロース（内国株式）,情報・通信業,-,627.0,30.170655,2,25日線が75日線より上／前日より出来高増加,2026-09-24,2026-09-24T20:36:52.521928+09:00
4021,日産化学,プライム（内国株式）,化学,TOPIX Mid400,8291.0,4127.067,3,株価が25日線より上／25日線が75日線より上／MACDがプラス,2026-09-24,2026-09-24T20:36:52.525443+09:00
4022,ラサ工業,プライム（内国株式）,化学,TOPIX Small 2,1869.0,1356.435425,0,,2026-09-24,2026-09-24T20:36:52.527845+09:00
4023,クレハ,プライム（内国株式）,化学,TOPIX Small 1,4110.0,1251.9708,1,25日線が75日線より上,2026-09-24,2026-09-24T20:36:52.530481+09:00
4025,多木化学,プライム（内国株式）,化学,TOPIX Small 2,5750.0,134.64055,2,25日線が75日線より上／MACDがプラス,2026-09-24,2026-09-24T20:36:52.533507+09:00
4026,神島化学工業,スタンダード（内国株式）,ガラス・土石製品,-,1555.0,118.157655,0,,2026-09-24,2026-09-24T20:36:52.535495+09:00
4027,テイカ,プライム（内国株式）,化学,TOPIX Small 2,2375.0,124.10001,2,25日線が75日線より上／MACDがプラス,2026-09-24,2026-09-24T20:36:52.537388+09:00
4028,石原産業,プライム（内国株式）,化学,TOPIX Small 1,2907.0,551.657415,1,25日線が75日線より上,2026-09-24,2026-09-24T20:36:54.977862+09:00
402A,アクセルスペースホールディングス,グロース（内国株式）,輸送用機器,-,550.0,662.12656,3,株価が25日線より上／MACDがプラス／前日より出来高増加,2026-09-24,2026-09-24T20:36:54.980459+09:00
4031,片倉コープアグリ,スタンダード（内国株式）,化学,-,1087.0,14.549915,2,25日線が75日線より上／MACDがプラス,2026-09-24,2026-09-24T20:36:54.983053+09:00
4040,南海化学,スタンダード（内国株式）,化学,-,4005.0,29.448275,4,株価が25日線より上／25日線が75日線より上／MACDがプラス／前日より出来高増加,2026-09-24,2026-09-24T20:36:54.985651+09:00
4041,日本曹達,プライム（内国株式）,化学,TOPIX Small 1,3850.0,422.89725,2,25日線が75日線より上／前日より出来高増加,2026-09-24,2026-09-24T20:36:54.988047+09:00
4042,東ソー,プライム（内国株式）,化学,TOPIX Mid400,2647.5,2542.2410575,1,株価が25日線より上,2026-09-24,2026-09-24T20:36:54.990437+09:00
4043,トクヤマ,プライム（内国株式）,化学,TOPIX Mid400,4238.0,1975.334405,2,株価が25日線より上／MACDがプラス,2026-09-24,2026-09-24T20:36:54.996066+09:00
4044,セントラル硝子,プライム（内国株式）,化学,TOPIX Small 1,4575.0,433.450775,3,株価が25日線より上／25日線が75日線より上／MACDがプラス,2026-09-24,2026-09-24T20:36:54.999944+09:00
4045,東亞合成,プライム（内国株式）,化学,TOPIX Mid400,1819.0,485.24832,1,25日線が75日線より上,2026-09-24,2026-09-24T20:36:55.004066+09:00
4046,大阪ソーダ,プライム（内国株式）,化学,TOPIX Small 1,1993.0,636.35871,2,25日線が75日線より上／MACDがプラス,2026-09-24,2026-09-24T20:36:55.007879+09:00
4047,関東電化工業,プライム（内国株式）,化学,TOPIX Small 1,2400.0,1677.37349,1,株価が25日線より上,2026-09-24,2026-09-24T20:36:55.012657+09:00
4051,ＧＭＯフィナンシャルゲート,プライム（内国株式）,情報・通信業,TOPIX Small 2,6170.0,193.56345,1,前日より出来高増加,2026-09-24,2026-09-24T20:36:55.015865+09:00
4052,フィーチャ,グロース（内国株式）,情報・通信業,-,1135.0,4308.147195,3,株価が25日線より上／25日線が75日線より上／MACDがプラス,2026-09-24,2026-09-24T20:36:55.020056+09:00
4053,Ｓｕｎ　Ａｓｔｅｒｉｓｋ,プライム（内国株式）,情報・通信業,TOPIX Small 2,504.0,53.615925,4,株価が25日線より上／25日線が75日線より上／MACDがプラス／前日より出来高増加,2026-09-24,2026-09-24T20:36:55.022878+09:00
4055,ティアンドエスグループ,グロース（内国株式）,情報・通信業,-,1671.0,62.40485,3,株価が25日線より上／MACDがプラス／前日より出来高増加,2026-09-24,2026-09-24T20:36:55.031510+09:00
4056,ニューラルグループ,グロース（内国株式）,情報・通信業,-,215.0,304.059805,2,25日線が75日線より上／前日より出来高増加,2026-09-24,2026-09-24T20:36:55.033741+09:00
4058,トヨクモ,グロース（内国株式）,情報・通信業,-,2299.0,75.406015,2,25日線が75日線より上／前日より出来高増加,2026-09-24,2026-09-24T20:36:55.038115+09:00
4061,デンカ,プライム（内国株式）,化学,TOPIX Mid400,3360.0,2116.021505,1,株価が25日線より上,2026-09-24,2026-09-24T20:36:55.048222+09:00
4062,イビデン,プライム（内国株式）,電気機器,TOPIX Mid400,22405.0,166950.599,3,株価が25日線より上／MACDがプラス／前日より出来高増加,2026-09-24,2026-09-24T20:36:55.050442+09:00
4063,信越化学工業,プライム（内国株式）,化学,TOPIX Core30,5903.0,36800.58107,0,,2026-09-24,2026-09-24T20:36:55.052740+09:00
4064,日本カーバイド工業,プライム（内国株式）,化学,TOPIX Small 2,3630.0,247.9596,3,株価が25日線より上／MACDがプラス／前日より出来高増加,2026-09-24,2026-09-24T20:36:55.058628+09:00
4071,プラスアルファ・コンサルティング,プライム（内国株式）,情報・通信業,TOPIX Small 1,2113.0,521.26485,0,,2026-09-24,2026-09-24T20:36:55.074834+09:00
4072,電算システムホールディングス,プライム（内国株式）,情報・通信業,TOPIX Small 2,3215.0,91.5184,3,株価が25日線より上／25日線が75日線より上／MACDがプラス,2026-09-24,2026-09-24T20:36:55.080304+09:00
4073,ジィ・シィ企画,グロース（内国株式）,情報・通信業,-,649.0,44.73123,4,株価が25日線より上／25日線が75日線より上／MACDがプラス／前日より出来高増加,2026-09-24,2026-09-24T20:36:55.084953+09:00
4075,ブレインズテクノロジー,グロース（内国株式）,情報・通信業,-,1537.0,1140.533435,3,株価が25日線より上／25日線が75日線より上／MACDがプラス,2026-09-24,2026-09-24T20:36:55.096289+09:00
4078,堺化学工業,プライム（内国株式）,化学,TOPIX Small 1,3725.0,693.086625,0,,2026-09-24,2026-09-24T20:36:55.100614+09:00
407A,ＵＮＩＣＯＮホールディングス,スタンダード（内国株式）,建設業,-,923.0,14.504355,2,25日線が75日線より上／MACDがプラス,2026-09-24,2026-09-24T20:36:55.102658+09:00
4082,第一稀元素化学工業,プライム（内国株式）,化学,TOPIX Small 2,2322.0,4579.51108,3,25日線が75日線より上／MACDがプラス／前日より出来高増加,2026-09-24,2026-09-24T20:36:55.104834+09:00
4088,エア・ウォーター,プライム（内国株式）,化学,-,2964.0,3961.299465,3,株価が25日線より上／25日線が75日線より上／MACDがプラス,2026-09-24,2026-09-24T20:36:55.109372+09:00
4091,日本酸素ホールディングス,プライム（内国株式）,化学,TOPIX Mid400,5570.0,3344.816175,1,前日より出来高増加,2026-09-24,2026-09-24T20:36:55.113938+09:00
4092,日本化学工業,プライム（内国株式）,化学,TOPIX Small 2,5740.0,661.0574,3,株価が25日線より上／25日線が75日線より上／MACDがプラス,2026-09-24,2026-09-24T20:36:55.116596+09:00
4094,日本化学産業,スタンダード（内国株式）,化学,-,2281.0,22.701735,3,25日線が75日線より上／MACDがプラス／前日より出来高増加,2026-09-24,2026-09-24T20:36:55.120689+09:00
4095,日本パーカライジング,プライム（内国株式）,化学,TOPIX Small 1,1781.0,352.398225,3,株価が25日線より上／25日線が75日線より上／MACDがプラス,2026-09-24,2026-09-24T20:36:55.122874+09:00
4097,高圧ガス工業,プライム（内国株式）,化学,TOPIX Small 2,1227.0,61.07375,3,株価が25日線より上／25日線が75日線より上／MACDがプラス,2026-09-24,2026-09-24T20:36:55.127815+09:00
4099,四国化成ホールディングス,プライム（内国株式）,化学,TOPIX Small 2,2256.0,1755.32958,0,,2026-09-24,2026-09-24T20:36:55.179268+09:00
409A,オリオンビール,プライム（内国株式）,食料品,TOPIX Small 2,1165.0,199.737655,0,,2026-09-24,2026-09-24T20:36:55.186050+09:00
4100,戸田工業,スタンダード（内国株式）,化学,TOPIX Small 2,1855.0,86.73184,4,株価が25日線より上／25日線が75日線より上／MACDがプラス／前日より出来高増加,2026-09-24,2026-09-24T20:36:55.199860+09:00
4107,伊勢化学工業,スタンダード（内国株式）,化学,-,3885.0,1131.285725,1,25日線が75日線より上,2026-09-24,2026-09-24T20:36:55.204708+09:00
4109,ステラ　ケミファ,プライム（内国株式）,化学,TOPIX Small 1,5400.0,252.76225,2,株価が25日線より上／前日より出来高増加,2026-09-24,2026-09-24T20:36:55.207948+09:00
4112,保土谷化学工業,プライム（内国株式）,化学,TOPIX Small 2,2141.0,99.79474,1,25日線が75日線より上,2026-09-24,2026-09-24T20:36:55.213149+09:00
4113,田岡化学工業,スタンダード（内国株式）,化学,-,811.0,28.86703,4,株価が25日線より上／25日線が75日線より上／MACDがプラス／前日より出来高増加,2026-09-24,2026-09-24T20:36:55.215333+09:00
4114,日本触媒,プライム（内国株式）,化学,TOPIX Mid400,2580.5,2352.26591,2,25日線が75日線より上／MACDがプラス,2026-09-24,2026-09-24T20:36:55.217909+09:00
4116,大日精化工業,プライム（内国株式）,化学,TOPIX Small 2,1327.0,203.989905,2,25日線が75日線より上／MACDがプラス,2026-09-24,2026-09-24T20:36:55.219944+09:00
4118,カネカ,プライム（内国株式）,化学,TOPIX Mid400,6080.0,1278.47746,2,25日線が75日線より上／MACDがプラス,2026-09-24,2026-09-24T20:36:55.222239+09:00
4119,日本ピグメントホールディングス,スタンダード（内国株式）,化学,-,6030.0,10.5239,4,株価が25日線より上／25日線が75日線より上／MACDがプラス／前日より出来高増加,2026-09-24,2026-09-24T20:36:55.227163+09:00
4125,三和油化工業,スタンダード（内国株式）,化学,-,3645.0,43.969125,2,25日線が75日線より上／前日より出来高増加,2026-09-24,2026-09-24T20:36:55.236179+09:00
414A,オーバーラップホールディングス,グロース（内国株式）,情報・通信業,-,883.0,95.81442459655761,4,株価が25日線より上／25日線が75日線より上／MACDがプラス／前日より出来高増加,2026-09-24,2026-09-24T20:36:57.389378+09:00
4151,協和キリン,プライム（内国株式）,医薬品,TOPIX Mid400,2261.5,4472.1310825,1,前日より出来高増加,2026-09-24,2026-09-24T20:36:57.392576+09:00
4165,プレイド,グロース（内国株式）,情報・通信業,-,683.0,263.439665,3,25日線が75日線より上／MACDがプラス／前日より出来高増加,2026-09-24,2026-09-24T20:36:57.397075+09:00
4168,ヤプリ,グロース（内国株式）,情報・通信業,-,808.0,42.36571,3,株価が25日線より上／25日線が75日線より上／MACDがプラス,2026-09-24,2026-09-24T20:36:57.405545+09:00
4169,ＥＮＥＣＨＡＮＧＥ,グロース（内国株式）,情報・通信業,-,258.0,126.476065,1,25日線が75日線より上,2026-09-24,2026-09-24T20:36:57.407897+09:00
416A,富士ユナイトホールディングス,スタンダード（内国株式）,卸売業,-,1376.0,17.46337,4,株価が25日線より上／25日線が75日線より上／MACDがプラス／前日より出来高増加,2026-09-24,2026-09-24T20:36:57.409891+09:00
4170,Ｋａｉｚｅｎ　Ｐｌａｔｆｏｒｍ,グロース（内国株式）,情報・通信業,-,117.0,375.1608,2,25日線が75日線より上／前日より出来高増加,2026-09-24,2026-09-24T20:36:57.411793+09:00
4174,アピリッツ,スタンダード（内国株式）,情報・通信業,-,1019.0,401.818835,3,株価が25日線より上／25日線が75日線より上／MACDがプラス,2026-09-24,2026-09-24T20:36:57.419887+09:00
4175,ｃｏｌｙ,グロース（内国株式）,情報・通信業,-,3045.0,17.86053,3,株価が25日線より上／25日線が75日線より上／MACDがプラス,2026-09-24,2026-09-24T20:36:57.423005+09:00
4176,ココナラ,グロース（内国株式）,情報・通信業,-,279.0,19.98554,3,25日線が75日線より上／MACDがプラス／前日より出来高増加,2026-09-24,2026-09-24T20:36:57.425242+09:00
4179,ジーネクスト,グロース（内国株式）,情報・通信業,-,353.0,12.79206,0,,2026-09-24,2026-09-24T20:36:57.430864+09:00
417A,ブルーゾーンホールディングス,プライム（内国株式）,小売業,TOPIX Mid400,1887.5,431.911615,4,株価が25日線より上／25日線が75日線より上／MACDがプラス／前日より出来高増加,2026-09-24,2026-09-24T20:36:57.432778+09:00
4180,Ａｐｐｉｅｒ　Ｇｒｏｕｐ,プライム（内国株式）,情報・通信業,TOPIX Small 1,1488.0,2493.636085,3,株価が25日線より上／25日線が75日線より上／MACDがプラス,2026-09-24,2026-09-24T20:36:57.436730+09:00
4182,三菱瓦斯化学,プライム（内国株式）,化学,TOPIX Mid400,3840.0,6057.505665,0,,2026-09-24,2026-09-24T20:36:57.439250+09:00
4183,三井化学,プライム（内国株式）,化学,TOPIX Mid400,2150.0,4861.249325,3,25日線が75日線より上／MACDがプラス／前日より出来高増加,2026-09-24,2026-09-24T20:36:57.441239+09:00
4186,東京応化工業,プライム（内国株式）,化学,TOPIX Mid400,8290.0,5788.56231,0,,2026-09-24,2026-09-24T20:36:57.443157+09:00
4187,大阪有機化学工業,プライム（内国株式）,化学,TOPIX Small 1,4210.0,493.4745,1,前日より出来高増加,2026-09-24,2026-09-24T20:36:57.445016+09:00
4188,三菱ケミカルグループ,プライム（内国株式）,化学,TOPIX Large70,1172.0,7538.29882,2,25日線が75日線より上／MACDがプラス,2026-09-24,2026-09-24T20:36:57.447028+09:00
4189,ＫＨネオケム,プライム（内国株式）,化学,TOPIX Small 1,3235.0,353.663275,1,25日線が75日線より上,2026-09-24,2026-09-24T20:36:57.449677+09:00
4192,スパイダープラス,グロース（内国株式）,情報・通信業,-,323.0,49.45467,3,株価が25日線より上／25日線が75日線より上／MACDがプラス,2026-09-24,2026-09-24T20:36:57.456644+09:00
4194,ビジョナル,プライム（内国株式）,情報・通信業,TOPIX Mid400,8456.0,2254.14657,2,25日線が75日線より上／前日より出来高増加,2026-09-24,2026-09-24T20:36:57.461760+09:00
4196,ネオマーケティング,スタンダード（内国株式）,情報・通信業,-,1370.0,72.14719,1,25日線が75日線より上,2026-09-24,2026-09-24T20:36:57.463738+09:00
4199,ワンダープラネット,グロース（内国株式）,情報・通信業,-,817.0,17.27845,1,25日線が75日線より上,2026-09-24,2026-09-24T20:36:57.472884+09:00
4202,ダイセル,プライム（内国株式）,化学,TOPIX Mid400,1443.5,1315.7604725,1,25日線が75日線より上,2026-09-24,2026-09-24T20:36:57.475108+09:00
4203,住友ベークライト,プライム（内国株式）,化学,TOPIX Mid400,8030.0,5705.21384,3,株価が25日線より上／25日線が75日線より上／MACDがプラス,2026-09-24,2026-09-24T20:36:57.477138+09:00
4204,積水化学工業,プライム（内国株式）,化学,TOPIX Mid400,2517.0,3384.245555,0,,2026-09-24,2026-09-24T20:36:57.479084+09:00
4205,日本ゼオン,プライム（内国株式）,化学,TOPIX Mid400,2420.5,2161.8504825,2,株価が25日線より上／25日線が75日線より上,2026-09-24,2026-09-24T20:36:57.481005+09:00
4206,アイカ工業,プライム（内国株式）,化学,TOPIX Mid400,4248.0,963.95019,3,株価が25日線より上／25日線が75日線より上／MACDがプラス,2026-09-24,2026-09-24T20:36:57.482875+09:00
4208,ＵＢＥ,プライム（内国株式）,化学,TOPIX Mid400,3425.0,2653.411495,2,25日線が75日線より上／MACDがプラス,2026-09-24,2026-09-24T20:36:57.487692+09:00
4212,積水樹脂,プライム（内国株式）,化学,TOPIX Small 1,2990.0,152.5653,3,株価が25日線より上／25日線が75日線より上／MACDがプラス,2026-09-24,2026-09-24T20:36:57.490343+09:00
4216,旭有機材,プライム（内国株式）,化学,TOPIX Small 1,6090.0,276.62935,2,株価が25日線より上／MACDがプラス,2026-09-24,2026-09-24T20:36:57.493130+09:00
4218,ニチバン,プライム（内国株式）,化学,TOPIX Small 2,1936.0,44.44915,2,25日線が75日線より上／前日より出来高増加,2026-09-24,2026-09-24T20:36:57.495455+09:00
421A,ムービン・ストラテジック・キャリア,グロース（内国株式）,サービス業,-,3985.0,270.769625,3,株価が25日線より上／25日線が75日線より上／前日より出来高増加,2026-09-24,2026-09-24T20:36:57.497475+09:00
4220,リケンテクノス,プライム（内国株式）,化学,TOPIX Small 2,2374.0,330.5365,2,25日線が75日線より上／前日より出来高増加,2026-09-24,2026-09-24T20:36:57.499532+09:00
4221,大倉工業,プライム（内国株式）,化学,TOPIX Small 2,5720.0,187.78385,4,株価が25日線より上／25日線が75日線より上／MACDがプラス／前日より出来高増加,2026-09-24,2026-09-24T20:36:57.504107+09:00
4222,児玉化学工業,スタンダード（内国株式）,化学,-,677.0,312.43399,3,25日線が75日線より上／MACDがプラス／前日より出来高増加,2026-09-24,2026-09-24T20:36:57.506375+09:00
4224,ロンシール工業,スタンダード（内国株式）,化学,-,2114.0,19.593855,2,25日線が75日線より上／前日より出来高増加,2026-09-24,2026-09-24T20:36:57.508373+09:00
4228,積水化成品工業,プライム（内国株式）,化学,TOPIX Small 2,615.0,147.09229,3,株価が25日線より上／25日線が75日線より上／MACDがプラス,2026-09-24,2026-09-24T20:36:57.510310+09:00
4229,群栄化学工業,プライム（内国株式）,化学,TOPIX Small 2,4245.0,81.236075,0,,2026-09-24,2026-09-24T20:36:57.512853+09:00
4231,タイガースポリマー,スタンダード（内国株式）,化学,-,1058.0,15.133555,4,株価が25日線より上／25日線が75日線より上／MACDがプラス／前日より出来高増加,2026-09-24,2026-09-24T20:36:57.514828+09:00
4234,サンエー化研,スタンダード（内国株式）,化学,-,1019.0,39.647895,4,株価が25日線より上／25日線が75日線より上／MACDがプラス／前日より出来高増加,2026-09-24,2026-09-24T20:36:57.517161+09:00
4235,ウルトラファブリックス・ホールディングス,スタンダード（内国株式）,化学,-,682.0,12.059605,0,,2026-09-24,2026-09-24T20:36:57.521851+09:00
4237,フジプレアム,スタンダード（内国株式）,化学,-,335.0,16.89761,1,25日線が75日線より上,2026-09-24,2026-09-24T20:36:57.524320+09:00
4238,ミライアル,スタンダード（内国株式）,化学,-,2005.0,175.925515,3,株価が25日線より上／25日線が75日線より上／MACDがプラス,2026-09-24,2026-09-24T20:36:57.526354+09:00
4241,アテクト,スタンダード（内国株式）,化学,-,726.0,11.742475,4,株価が25日線より上／25日線が75日線より上／MACDがプラス／前日より出来高増加,2026-09-24,2026-09-24T20:36:57.532785+09:00
4246,ダイキョーニシカワ,プライム（内国株式）,化学,TOPIX Small 2,1100.0,224.511555,2,25日線が75日線より上／MACDがプラス,2026-09-24,2026-09-24T20:36:57.543949+09:00
4249,森六,プライム（内国株式）,化学,TOPIX Small 2,2882.0,81.034485,2,25日線が75日線より上／MACDがプラス,2026-09-24,2026-09-24T20:36:59.425303+09:00
4251,恵和,プライム（内国株式）,化学,TOPIX Small 2,1193.0,106.159055,1,株価が25日線より上,2026-09-24,2026-09-24T20:36:59.426874+09:00
4255,ＴＨＥＣＯＯ,グロース（内国株式）,情報・通信業,-,3470.0,16.048225,3,25日線が75日線より上／MACDがプラス／前日より出来高増加,2026-09-24,2026-09-24T20:36:59.429342+09:00
4258,網屋,グロース（内国株式）,情報・通信業,-,5800.0,401.9369,4,株価が25日線より上／25日線が75日線より上／MACDがプラス／前日より出来高増加,2026-09-24,2026-09-24T20:36:59.432710+09:00
4259,エクサウィザーズ,グロース（内国株式）,情報・通信業,-,899.0,1111.474305,2,株価が25日線より上／MACDがプラス,2026-09-24,2026-09-24T20:36:59.434407+09:00
4263,サスメド,グロース（内国株式）,情報・通信業,-,434.0,94.855605,1,前日より出来高増加,2026-09-24,2026-09-24T20:36:59.441322+09:00
4264,セキュア,グロース（内国株式）,情報・通信業,-,1420.0,26.000715,0,,2026-09-24,2026-09-24T20:36:59.443213+09:00
4272,日本化薬,プライム（内国株式）,化学,TOPIX Mid400,2131.5,1201.3410875,3,株価が25日線より上／25日線が75日線より上／MACDがプラス,2026-09-24,2026-09-24T20:36:59.451072+09:00
4274,細谷火工,スタンダード（内国株式）,化学,-,1132.0,267.36164,3,株価が25日線より上／25日線が75日線より上／MACDがプラス,2026-09-24,2026-09-24T20:36:59.453373+09:00
4275,カーリット,プライム（内国株式）,化学,TOPIX Small 2,2003.0,404.156285,1,前日より出来高増加,2026-09-24,2026-09-24T20:36:59.455661+09:00
4284,ソルクシーズ,スタンダード（内国株式）,情報・通信業,-,455.0,15.551335,4,株価が25日線より上／25日線が75日線より上／MACDがプラス／前日より出来高増加,2026-09-24,2026-09-24T20:36:59.457981+09:00
4286,ＣＬホールディングス,スタンダード（内国株式）,サービス業,TOPIX Small 2,1356.0,47.49675,4,株価が25日線より上／25日線が75日線より上／MACDがプラス／前日より出来高増加,2026-09-24,2026-09-24T20:36:59.459611+09:00
4287,ジャストプランニング,スタンダード（内国株式）,情報・通信業,-,486.0,15.31486,2,株価が25日線より上／25日線が75日線より上,2026-09-24,2026-09-24T20:36:59.461104+09:00
428A,サイプレス・ホールディングス,スタンダード（内国株式）,小売業,-,1725.0,45.1569619140625,3,株価が25日線より上／25日線が75日線より上／MACDがプラス,2026-09-24,2026-09-24T20:36:59.465321+09:00
4290,プレステージ・インターナショナル,プライム（内国株式）,サービス業,TOPIX Small 1,712.0,455.434755,3,株価が25日線より上／25日線が75日線より上／前日より出来高増加,2026-09-24,2026-09-24T20:36:59.466884+09:00
4293,セプテーニ・ホールディングス,スタンダード（内国株式）,サービス業,-,505.0,208.524665,2,25日線が75日線より上／前日より出来高増加,2026-09-24,2026-09-24T20:36:59.468431+09:00
429A,テクセンドフォトマスク,プライム（内国株式）,その他製品,TOPIX Small 2,3835.0,2301.008125,1,株価が25日線より上,2026-09-24,2026-09-24T20:36:59.471311+09:00
4301,アミューズ,プライム（内国株式）,サービス業,TOPIX Small 2,1878.0,47.947225,2,25日線が75日線より上／前日より出来高増加,2026-09-24,2026-09-24T20:36:59.472835+09:00
4307,野村総合研究所,プライム（内国株式）,情報・通信業,TOPIX Large70,5034.0,11609.53584,2,25日線が75日線より上／MACDがプラス,2026-09-24,2026-09-24T20:36:59.474766+09:00
4310,ドリームインキュベータ,プライム（内国株式）,サービス業,TOPIX Small 2,2561.0,36.54429,1,株価が25日線より上,2026-09-24,2026-09-24T20:36:59.481129+09:00
4316,ビーマップ,グロース（内国株式）,情報・通信業,-,59.0,126.37167,1,前日より出来高増加,2026-09-24,2026-09-24T20:36:59.483464+09:00
4318,クイック,プライム（内国株式）,サービス業,TOPIX Small 2,856.0,86.24092,3,株価が25日線より上／25日線が75日線より上／MACDがプラス,2026-09-24,2026-09-24T20:36:59.486554+09:00
431A,ユーソナー,グロース（内国株式）,情報・通信業,-,2755.0,107.489835,3,株価が25日線より上／25日線が75日線より上／MACDがプラス,2026-09-24,2026-09-24T20:36:59.488104+09:00
4320,ＣＥホールディングス,スタンダード（内国株式）,情報・通信業,-,1629.0,313.663595,1,前日より出来高増加,2026-09-24,2026-09-24T20:36:59.489622+09:00
4323,日本システム技術,プライム（内国株式）,情報・通信業,TOPIX Small 2,1902.0,90.130055,3,25日線が75日線より上／MACDがプラス／前日より出来高増加,2026-09-24,2026-09-24T20:36:59.491696+09:00
4324,電通グループ,プライム（内国株式）,サービス業,TOPIX Mid400,3561.0,3551.87209,2,25日線が75日線より上／MACDがプラス,2026-09-24,2026-09-24T20:36:59.493287+09:00
4326,インテージホールディングス,プライム（内国株式）,情報・通信業,TOPIX Small 2,2000.0,59.243535,3,株価が25日線より上／25日線が75日線より上／MACDがプラス,2026-09-24,2026-09-24T20:36:59.495598+09:00
4331,テイクアンドギヴ・ニーズ,プライム（内国株式）,サービス業,TOPIX Small 2,746.0,38.74196,4,株価が25日線より上／25日線が75日線より上／MACDがプラス／前日より出来高増加,2026-09-24,2026-09-24T20:36:59.497423+09:00
4337,ぴあ,プライム（内国株式）,サービス業,TOPIX Small 2,2613.0,61.58969,2,25日線が75日線より上／前日より出来高増加,2026-09-24,2026-09-24T20:36:59.501825+09:00
4343,イオンファンタジー,プライム（内国株式）,サービス業,TOPIX Small 2,2753.0,243.47998291992187,2,25日線が75日線より上／前日より出来高増加,2026-09-24,2026-09-24T20:36:59.504695+09:00
4344,ソースネクスト,プライム（内国株式）,情報・通信業,TOPIX Small 2,104.0,141.09334,1,25日線が75日線より上,2026-09-24,2026-09-24T20:36:59.506198+09:00
4345,シーティーエス,プライム（内国株式）,サービス業,TOPIX Small 2,857.0,51.029915,3,株価が25日線より上／MACDがプラス／前日より出来高増加,2026-09-24,2026-09-24T20:36:59.507717+09:00
4346,ＮＥＸＹＺ．Ｇｒｏｕｐ,スタンダード（内国株式）,その他金融業,-,1026.0,132.7812,3,株価が25日線より上／25日線が75日線より上／MACDがプラス,2026-09-24,2026-09-24T20:36:59.509248+09:00
4347,ブロードメディア,スタンダード（内国株式）,サービス業,-,1899.0,29.597445,4,株価が25日線より上／25日線が75日線より上／MACDがプラス／前日より出来高増加,2026-09-24,2026-09-24T20:36:59.510722+09:00
4350,メディカルシステムネットワーク,スタンダード（内国株式）,小売業,TOPIX Small 2,519.0,53.285345,4,株価が25日線より上／25日線が75日線より上／MACDがプラス／前日より出来高増加,2026-09-24,2026-09-24T20:36:59.513523+09:00
4360,マナック・ケミカル・パートナーズ,スタンダード（内国株式）,化学,-,979.0,10.13268,3,株価が25日線より上／25日線が75日線より上／MACDがプラス,2026-09-24,2026-09-24T20:36:59.518028+09:00
4362,日本精化,プライム（内国株式）,化学,TOPIX Small 2,2689.0,52.663805,2,25日線が75日線より上／MACDがプラス,2026-09-24,2026-09-24T20:36:59.520901+09:00
4365,松本油脂製薬,スタンダード（内国株式）,化学,-,23500.0,10.51575,4,株価が25日線より上／25日線が75日線より上／MACDがプラス／前日より出来高増加,2026-09-24,2026-09-24T20:36:59.522386+09:00
4366,ダイトーケミックス,スタンダード（内国株式）,化学,-,488.0,36.087105,3,株価が25日線より上／MACDがプラス／前日より出来高増加,2026-09-24,2026-09-24T20:36:59.523852+09:00
4368,扶桑化学工業,プライム（内国株式）,化学,TOPIX Small 1,3035.0,2217.17548,1,株価が25日線より上,2026-09-24,2026-09-24T20:36:59.525365+09:00
4369,トリケミカル研究所,プライム（内国株式）,化学,TOPIX Small 1,3005.0,1841.87087,1,前日より出来高増加,2026-09-24,2026-09-24T20:36:59.527087+09:00
436A,サイバーソリューションズ,グロース（内国株式）,情報・通信業,-,1303.0,89.098455,4,株価が25日線より上／25日線が75日線より上／MACDがプラス／前日より出来高増加,2026-09-24,2026-09-24T20:36:59.530061+09:00
4370,モビルス,グロース（内国株式）,情報・通信業,-,433.0,122.93567,3,株価が25日線より上／25日線が75日線より上／MACDがプラス,2026-09-24,2026-09-24T20:37:01.651961+09:00
4371,コアコンセプト・テクノロジー,グロース（内国株式）,情報・通信業,-,1468.0,25.581755,3,株価が25日線より上／25日線が75日線より上／MACDがプラス,2026-09-24,2026-09-24T20:37:01.655056+09:00
4373,シンプレクス・ホールディングス,プライム（内国株式）,情報・通信業,TOPIX Small 1,1154.0,1799.237155,3,25日線が75日線より上／MACDがプラス／前日より出来高増加,2026-09-24,2026-09-24T20:37:01.661136+09:00
4374,ＲＯＢＯＴ　ＰＡＹＭＥＮＴ,グロース（内国株式）,情報・通信業,-,2485.0,11.119325,4,株価が25日線より上／25日線が75日線より上／MACDがプラス／前日より出来高増加,2026-09-24,2026-09-24T20:37:01.663017+09:00
4375,セーフィー,グロース（内国株式）,情報・通信業,-,684.0,127.63392,4,株価が25日線より上／25日線が75日線より上／MACDがプラス／前日より出来高増加,2026-09-24,2026-09-24T20:37:01.665293+09:00
4377,ワンキャリア,グロース（内国株式）,情報・通信業,-,2362.0,177.28745,3,25日線が75日線より上／MACDがプラス／前日より出来高増加,2026-09-24,2026-09-24T20:37:01.668848+09:00
4378,ＣＩＮＣ,グロース（内国株式）,情報・通信業,-,479.0,10.066695,0,,2026-09-24,2026-09-24T20:37:01.671002+09:00
4379,Ｐｈｏｔｏｓｙｎｔｈ,グロース（内国株式）,情報・通信業,-,513.0,31.21488,3,株価が25日線より上／25日線が75日線より上／MACDがプラス,2026-09-24,2026-09-24T20:37:01.674307+09:00
4381,ビープラッツ,グロース（内国株式）,情報・通信業,-,224.0,83.384065,1,前日より出来高増加,2026-09-24,2026-09-24T20:37:01.678495+09:00
4382,ＨＥＲＯＺ,スタンダード（内国株式）,情報・通信業,TOPIX Small 2,838.0,93.781895,4,株価が25日線より上／25日線が75日線より上／MACDがプラス／前日より出来高増加,2026-09-24,2026-09-24T20:37:01.680342+09:00
4385,メルカリ,プライム（内国株式）,情報・通信業,TOPIX Mid400,3554.0,8353.44155,0,,2026-09-24,2026-09-24T20:37:01.682150+09:00
438A,インフキュリオン,グロース（内国株式）,情報・通信業,-,1037.0,85.6283,3,株価が25日線より上／25日線が75日線より上／MACDがプラス,2026-09-24,2026-09-24T20:37:01.693021+09:00
4390,ＩＰＳ,プライム（内国株式）,情報・通信業,TOPIX Small 2,4160.0,243.0396,4,株価が25日線より上／25日線が75日線より上／MACDがプラス／前日より出来高増加,2026-09-24,2026-09-24T20:37:01.695089+09:00
4392,ＦＩＧ,プライム（内国株式）,情報・通信業,-,983.0,3795.68152,1,前日より出来高増加,2026-09-24,2026-09-24T20:37:01.698952+09:00
4393,バンク・オブ・イノベーション,グロース（内国株式）,情報・通信業,-,6030.0,303.70645,4,株価が25日線より上／25日線が75日線より上／MACDがプラス／前日より出来高増加,2026-09-24,2026-09-24T20:37:01.701452+09:00
4394,エクスモーション,グロース（内国株式）,情報・通信業,-,691.0,61.44072,4,株価が25日線より上／25日線が75日線より上／MACDがプラス／前日より出来高増加,2026-09-24,2026-09-24T20:37:01.704864+09:00
4395,アクリート,グロース（内国株式）,情報・通信業,-,581.0,47.94793,0,,2026-09-24,2026-09-24T20:37:01.708928+09:00
4396,システムサポートホールディングス,プライム（内国株式）,情報・通信業,TOPIX Small 2,1377.0,114.6266,4,株価が25日線より上／25日線が75日線より上／MACDがプラス／前日より出来高増加,2026-09-24,2026-09-24T20:37:01.712825+09:00
4397,チームスピリット,グロース（内国株式）,情報・通信業,-,394.0,15.7878,1,25日線が75日線より上,2026-09-24,2026-09-24T20:37:01.715195+09:00
4401,ＡＤＥＫＡ,プライム（内国株式）,化学,TOPIX Mid400,4622.0,1200.714685,3,株価が25日線より上／25日線が75日線より上／MACDがプラス,2026-09-24,2026-09-24T20:37:01.719026+09:00
4403,日油,プライム（内国株式）,化学,TOPIX Mid400,2583.5,2396.23969,0,,2026-09-24,2026-09-24T20:37:01.720862+09:00
4404,ミヨシ油脂,スタンダード（内国株式）,食料品,-,2219.0,40.784195,4,株価が25日線より上／25日線が75日線より上／MACDがプラス／前日より出来高増加,2026-09-24,2026-09-24T20:37:01.724180+09:00
4406,新日本理化,スタンダード（内国株式）,化学,-,235.0,62.160275,1,25日線が75日線より上,2026-09-24,2026-09-24T20:37:01.726494+09:00
4410,ハリマ化成グループ,プライム（内国株式）,化学,TOPIX Small 2,1143.0,64.77112,4,株価が25日線より上／25日線が75日線より上／MACDがプラス／前日より出来高増加,2026-09-24,2026-09-24T20:37:01.730893+09:00
4412,サイエンスアーツ,グロース（内国株式）,情報・通信業,-,1381.0,23.411796953125,4,株価が25日線より上／25日線が75日線より上／MACDがプラス／前日より出来高増加,2026-09-24,2026-09-24T20:37:01.733708+09:00
4413,ボードルア,プライム（内国株式）,情報・通信業,TOPIX Small 2,2965.0,1178.006835,3,25日線が75日線より上／MACDがプラス／前日より出来高増加,2026-09-24,2026-09-24T20:37:01.736918+09:00
4414,フレクト,グロース（内国株式）,情報・通信業,-,1130.0,33.828885,1,株価が25日線より上,2026-09-24,2026-09-24T20:37:01.741176+09:00
4415,ブロードエンタープライズ,グロース（内国株式）,情報・通信業,-,1405.0,35.835895,4,株価が25日線より上／25日線が75日線より上／MACDがプラス／前日より出来高増加,2026-09-24,2026-09-24T20:37:01.744366+09:00
4417,グローバルセキュリティエキスパート,グロース（内国株式）,情報・通信業,-,5660.0,375.584525,3,株価が25日線より上／25日線が75日線より上／MACDがプラス,2026-09-24,2026-09-24T20:37:01.748625+09:00
4418,ＪＤＳＣ,グロース（内国株式）,情報・通信業,-,1198.0,261.38622,4,株価が25日線より上／25日線が75日線より上／MACDがプラス／前日より出来高増加,2026-09-24,2026-09-24T20:37:01.750482+09:00
4419,Ｆｉｎａｔｅｘｔホールディングス,グロース（内国株式）,情報・通信業,-,1406.0,538.76993,1,株価が25日線より上,2026-09-24,2026-09-24T20:37:01.752313+09:00
441A,ＮＥ,グロース（内国株式）,情報・通信業,TOPIX Small 2,271.0,12.86859,3,25日線が75日線より上／MACDがプラス／前日より出来高増加,2026-09-24,2026-09-24T20:37:01.754134+09:00
4420,イーソル,スタンダード（内国株式）,情報・通信業,TOPIX Small 2,822.0,433.46216,3,株価が25日線より上／MACDがプラス／前日より出来高増加,2026-09-24,2026-09-24T20:37:01.757350+09:00
4422,ＶＡＬＵＥＮＥＸ,グロース（内国株式）,情報・通信業,-,501.0,106.833955,1,前日より出来高増加,2026-09-24,2026-09-24T20:37:01.761442+09:00
4424,Ａｍａｚｉａ,グロース（内国株式）,情報・通信業,-,321.0,59.993705,1,25日線が75日線より上,2026-09-24,2026-09-24T20:37:01.763300+09:00
4425,Ｋｕｄａｎ,グロース（内国株式）,情報・通信業,-,1482.0,409.12143,2,株価が25日線より上／前日より出来高増加,2026-09-24,2026-09-24T20:37:01.765122+09:00
4430,東海ソフト,スタンダード（内国株式）,情報・通信業,-,1741.0,35.43208,4,株価が25日線より上／25日線が75日線より上／MACDがプラス／前日より出来高増加,2026-09-24,2026-09-24T20:37:01.775877+09:00
4431,スマレジ,グロース（内国株式）,情報・通信業,-,3330.0,466.22115,2,25日線が75日線より上／MACDがプラス,2026-09-24,2026-09-24T20:37:01.778049+09:00
4432,ウイングアーク１ｓｔ,プライム（内国株式）,情報・通信業,TOPIX Small 1,3320.0,626.7735559265137,3,株価が25日線より上／25日線が75日線より上／MACDがプラス,2026-09-24,2026-09-24T20:37:01.779958+09:00
4433,ヒト・コミュニケーションズ・ホールディングス,プライム（内国株式）,サービス業,TOPIX Small 2,856.0,42.60384873260498,2,25日線が75日線より上／前日より出来高増加,2026-09-24,2026-09-24T20:37:01.781848+09:00
4434,サーバーワークス,スタンダード（内国株式）,情報・通信業,TOPIX Small 2,2478.0,110.53895704345703,3,株価が25日線より上／25日線が75日線より上／MACDがプラス,2026-09-24,2026-09-24T20:37:01.784048+09:00
4436,ミンカブ・ジ・インフォノイド,グロース（内国株式）,情報・通信業,-,700.0,14.81053,2,株価が25日線より上／MACDがプラス,2026-09-24,2026-09-24T20:37:01.786638+09:00
4438,Ｗｅｌｂｙ,グロース（内国株式）,情報・通信業,-,292.0,43.106165,3,株価が25日線より上／25日線が75日線より上／MACDがプラス,2026-09-24,2026-09-24T20:37:01.795813+09:00
4440,ヴィッツ,スタンダード（内国株式）,情報・通信業,-,2750.0,5526.9234324182125,3,株価が25日線より上／25日線が75日線より上／MACDがプラス,2026-09-24,2026-09-24T20:37:03.875207+09:00
4441,トビラシステムズ,スタンダード（内国株式）,情報・通信業,-,1510.0,28.09882,3,株価が25日線より上／25日線が75日線より上／MACDがプラス,2026-09-24,2026-09-24T20:37:03.879532+09:00
4442,バルテス・ホールディングス,グロース（内国株式）,情報・通信業,-,407.0,14.70597,4,株価が25日線より上／25日線が75日線より上／MACDがプラス／前日より出来高増加,2026-09-24,2026-09-24T20:37:03.881949+09:00
4443,Ｓａｎｓａｎ,プライム（内国株式）,情報・通信業,TOPIX Small 1,2097.0,2743.451455,3,25日線が75日線より上／MACDがプラス／前日より出来高増加,2026-09-24,2026-09-24T20:37:03.886479+09:00
4446,Ｌｉｎｋ－Ｕグループ,スタンダード（内国株式）,情報・通信業,-,779.0,178.31924,1,25日線が75日線より上,2026-09-24,2026-09-24T20:37:03.893486+09:00
4448,ｋｕｂｅｌｌ,グロース（内国株式）,情報・通信業,-,370.0,36.185745,3,株価が25日線より上／25日線が75日線より上／MACDがプラス,2026-09-24,2026-09-24T20:37:03.897787+09:00
4452,花王,プライム（内国株式）,化学,TOPIX Large70,3485.0,9277.102325,1,25日線が75日線より上,2026-09-24,2026-09-24T20:37:03.904749+09:00
4461,第一工業製薬,プライム（内国株式）,化学,TOPIX Small 2,13910.0,2287.87225,2,株価が25日線より上／25日線が75日線より上,2026-09-24,2026-09-24T20:37:03.906935+09:00
4462,石原ケミカル,プライム（内国株式）,化学,TOPIX Small 2,2797.0,92.153455,1,前日より出来高増加,2026-09-24,2026-09-24T20:37:03.908985+09:00
4463,日華化学,スタンダード（内国株式）,化学,-,2001.0,30.963635,3,株価が25日線より上／25日線が75日線より上／MACDがプラス,2026-09-24,2026-09-24T20:37:03.910968+09:00
4464,ソフト９９コーポレーション,スタンダード（内国株式）,化学,-,4055.0,16.6706,4,株価が25日線より上／25日線が75日線より上／MACDがプラス／前日より出来高増加,2026-09-24,2026-09-24T20:37:03.912829+09:00
4465,ニイタカ,スタンダード（内国株式）,化学,-,2438.0,15.31487,4,株価が25日線より上／25日線が75日線より上／MACDがプラス／前日より出来高増加,2026-09-24,2026-09-24T20:37:03.915168+09:00
446A,ノースサンド,グロース（内国株式）,サービス業,-,2384.0,1582.87236,3,株価が25日線より上／25日線が75日線より上／MACDがプラス,2026-09-24,2026-09-24T20:37:03.918678+09:00
4471,三洋化成工業,プライム（内国株式）,化学,TOPIX Small 1,6390.0,776.38985,3,株価が25日線より上／25日線が75日線より上／MACDがプラス,2026-09-24,2026-09-24T20:37:03.920934+09:00
4475,ＨＥＮＮＧＥ,グロース（内国株式）,情報・通信業,-,1775.0,1146.158195,3,株価が25日線より上／25日線が75日線より上／MACDがプラス,2026-09-24,2026-09-24T20:37:03.923617+09:00
4476,ＡＩ　ＣＲＯＳＳ,グロース（内国株式）,情報・通信業,-,1081.0,18.530375,1,25日線が75日線より上,2026-09-24,2026-09-24T20:37:03.926363+09:00
4477,ＢＡＳＥ,グロース（内国株式）,情報・通信業,-,337.0,448.43521,3,株価が25日線より上／25日線が75日線より上／MACDがプラス,2026-09-24,2026-09-24T20:37:03.928495+09:00
4478,フリー,グロース（内国株式）,情報・通信業,-,3750.0,2692.3601,3,25日線が75日線より上／MACDがプラス／前日より出来高増加,2026-09-24,2026-09-24T20:37:03.930455+09:00
4479,マクアケ,グロース（内国株式）,情報・通信業,-,987.0,81.51737,4,株価が25日線より上／25日線が75日線より上／MACDがプラス／前日より出来高増加,2026-09-24,2026-09-24T20:37:03.932352+09:00
4480,メドレー,プライム（内国株式）,情報・通信業,TOPIX Small 1,2356.0,730.11788,2,25日線が75日線より上／前日より出来高増加,2026-09-24,2026-09-24T20:37:03.935845+09:00
4481,ベース,プライム（内国株式）,情報・通信業,TOPIX Small 2,3200.0,223.61065,2,25日線が75日線より上／前日より出来高増加,2026-09-24,2026-09-24T20:37:03.938928+09:00
4483,ＪＭＤＣ,プライム（内国株式）,情報・通信業,TOPIX Small 1,3660.0,1084.243175,3,株価が25日線より上／25日線が75日線より上／MACDがプラス,2026-09-24,2026-09-24T20:37:03.942888+09:00
4488,ＡＩ　ｉｎｓｉｄｅ,グロース（内国株式）,情報・通信業,-,2171.0,19.63883,2,25日線が75日線より上／前日より出来高増加,2026-09-24,2026-09-24T20:37:03.956735+09:00
4491,コンピューターマネージメント,スタンダード（内国株式）,情報・通信業,-,3280.0,10.942075,3,25日線が75日線より上／MACDがプラス／前日より出来高増加,2026-09-24,2026-09-24T20:37:03.961497+09:00
4492,ゼネテック,スタンダード（内国株式）,情報・通信業,-,394.0,16.64843,3,株価が25日線より上／MACDがプラス／前日より出来高増加,2026-09-24,2026-09-24T20:37:03.963585+09:00
4493,サイバーセキュリティクラウド,グロース（内国株式）,情報・通信業,-,2034.0,415.273205,4,株価が25日線より上／25日線が75日線より上／MACDがプラス／前日より出来高増加,2026-09-24,2026-09-24T20:37:03.965559+09:00
4495,アイキューブドシステムズ,グロース（内国株式）,情報・通信業,-,2107.0,16.6065,4,株価が25日線より上／25日線が75日線より上／MACDがプラス／前日より出来高増加,2026-09-24,2026-09-24T20:37:03.970604+09:00
4498,サイバートラスト,グロース（内国株式）,情報・通信業,-,1181.0,88.419135,2,25日線が75日線より上／前日より出来高増加,2026-09-24,2026-09-24T20:37:03.975187+09:00
4499,Ｓｐｅｅｅ,スタンダード（内国株式）,情報・通信業,-,2303.0,298.27003,2,25日線が75日線より上／前日より出来高増加,2026-09-24,2026-09-24T20:37:03.977305+09:00
4502,武田薬品工業,プライム（内国株式）,医薬品,TOPIX Core30,5885.0,23834.762355,3,株価が25日線より上／25日線が75日線より上／MACDがプラス,2026-09-24,2026-09-24T20:37:03.979341+09:00
4503,アステラス製薬,プライム（内国株式）,医薬品,TOPIX Large70,2359.0,13952.565475,4,株価が25日線より上／25日線が75日線より上／MACDがプラス／前日より出来高増加,2026-09-24,2026-09-24T20:37:03.981229+09:00
4506,住友ファーマ,プライム（内国株式）,医薬品,TOPIX Mid400,1589.5,6047.509935,3,株価が25日線より上／25日線が75日線より上／MACDがプラス,2026-09-24,2026-09-24T20:37:03.985399+09:00
4507,塩野義製薬,プライム（内国株式）,医薬品,TOPIX Large70,2917.5,7520.806565,3,株価が25日線より上／25日線が75日線より上／MACDがプラス,2026-09-24,2026-09-24T20:37:03.987799+09:00
4512,わかもと製薬,スタンダード（内国株式）,医薬品,-,294.0,14.14071,3,25日線が75日線より上／MACDがプラス／前日より出来高増加,2026-09-24,2026-09-24T20:37:03.990642+09:00
4516,日本新薬,プライム（内国株式）,医薬品,TOPIX Mid400,3506.0,1460.64196,0,,2026-09-24,2026-09-24T20:37:03.992825+09:00
4519,中外製薬,プライム（内国株式）,医薬品,TOPIX Large70,6650.0,15580.863985,1,前日より出来高増加,2026-09-24,2026-09-24T20:37:03.994882+09:00
4521,科研製薬,プライム（内国株式）,医薬品,TOPIX Small 1,3965.0,407.894275,4,株価が25日線より上／25日線が75日線より上／MACDがプラス／前日より出来高増加,2026-09-24,2026-09-24T20:37:03.997169+09:00
4523,エーザイ,プライム（内国株式）,医薬品,TOPIX Mid400,4902.0,5619.204495,3,株価が25日線より上／25日線が75日線より上／MACDがプラス,2026-09-24,2026-09-24T20:37:04.001004+09:00
4526,理研ビタミン,プライム（内国株式）,食料品,TOPIX Small 2,3320.0,293.1001,3,25日線が75日線より上／MACDがプラス／前日より出来高増加,2026-09-24,2026-09-24T20:37:04.007178+09:00
4527,ロート製薬,プライム（内国株式）,医薬品,TOPIX Mid400,2780.0,3369.1183725,2,25日線が75日線より上／MACDがプラス,2026-09-24,2026-09-24T20:37:04.010499+09:00
4528,小野薬品工業,プライム（内国株式）,医薬品,TOPIX Mid400,2407.5,3456.2250175,1,25日線が75日線より上,2026-09-24,2026-09-24T20:37:04.013157+09:00
4531,有機合成薬品工業,スタンダード（内国株式）,化学,-,365.0,12.45455,4,株価が25日線より上／25日線が75日線より上／MACDがプラス／前日より出来高増加,2026-09-24,2026-09-24T20:37:04.015304+09:00
4534,持田製薬,プライム（内国株式）,医薬品,TOPIX Small 2,3280.0,138.6596,4,株価が25日線より上／25日線が75日線より上／MACDがプラス／前日より出来高増加,2026-09-24,2026-09-24T20:37:04.018777+09:00
4536,参天製薬,プライム（内国株式）,医薬品,TOPIX Mid400,1736.0,2523.465715,0,,2026-09-24,2026-09-24T20:37:04.021605+09:00
4538,扶桑薬品工業,プライム（内国株式）,医薬品,TOPIX Small 2,2241.0,27.48089,3,25日線が75日線より上／MACDがプラス／前日より出来高増加,2026-09-24,2026-09-24T20:37:04.023834+09:00
4540,ツムラ,プライム（内国株式）,医薬品,TOPIX Mid400,3833.0,2160.94246,2,株価が25日線より上／MACDがプラス,2026-09-24,2026-09-24T20:37:04.027907+09:00
4543,テルモ,プライム（内国株式）,精密機器,TOPIX Large70,2274.5,10168.59844,1,25日線が75日線より上,2026-09-24,2026-09-24T20:37:04.029811+09:00
4544,Ｈ．Ｕ．グループホールディングス,プライム（内国株式）,サービス業,TOPIX Mid400,3557.0,764.34032,2,25日線が75日線より上／MACDがプラス,2026-09-24,2026-09-24T20:37:06.056426+09:00
4547,キッセイ薬品工業,プライム（内国株式）,医薬品,TOPIX Small 1,3995.0,220.253225,0,,2026-09-24,2026-09-24T20:37:06.058253+09:00
4548,生化学工業,プライム（内国株式）,医薬品,TOPIX Small 2,684.0,193.063125,0,,2026-09-24,2026-09-24T20:37:06.060517+09:00
4549,栄研化学,プライム（内国株式）,医薬品,TOPIX Small 1,2388.0,465.4463,1,株価が25日線より上,2026-09-24,2026-09-24T20:37:06.063363+09:00
4552,ＪＣＲファーマ,プライム（内国株式）,医薬品,TOPIX Small 1,501.0,221.73719,2,25日線が75日線より上／前日より出来高増加,2026-09-24,2026-09-24T20:37:06.065439+09:00
4553,東和薬品,プライム（内国株式）,医薬品,TOPIX Small 1,3700.0,414.304175,0,,2026-09-24,2026-09-24T20:37:06.067833+09:00
4554,富士製薬工業,プライム（内国株式）,医薬品,TOPIX Small 2,1833.0,195.93782,2,株価が25日線より上／前日より出来高増加,2026-09-24,2026-09-24T20:37:06.069924+09:00
4559,ゼリア新薬工業,プライム（内国株式）,医薬品,TOPIX Small 1,2013.0,329.76501,1,前日より出来高増加,2026-09-24,2026-09-24T20:37:06.073009+09:00
4563,アンジェス,グロース（内国株式）,医薬品,-,36.0,59.16134,1,前日より出来高増加,2026-09-24,2026-09-24T20:37:06.074579+09:00
4564,オンコセラピー・サイエンス,グロース（内国株式）,医薬品,-,21.0,3538.11686,2,25日線が75日線より上／MACDがプラス,2026-09-24,2026-09-24T20:37:06.076132+09:00
4565,ネクセラファーマ,プライム（内国株式）,医薬品,TOPIX Small 1,1267.0,1527.11239,3,株価が25日線より上／25日線が75日線より上／MACDがプラス,2026-09-24,2026-09-24T20:37:06.079261+09:00
4568,第一三共,プライム（内国株式）,医薬品,TOPIX Core30,2880.0,16484.35253,3,株価が25日線より上／25日線が75日線より上／MACDがプラス,2026-09-24,2026-09-24T20:37:06.082036+09:00
4569,杏林製薬,プライム（内国株式）,医薬品,TOPIX Small 1,1127.0,311.91358,0,,2026-09-24,2026-09-24T20:37:06.084758+09:00
456A,ＨＵＭＡＮ　ＭＡＤＥ,グロース（内国株式）,小売業,-,1775.0,1045.25361,4,株価が25日線より上／25日線が75日線より上／MACDがプラス／前日より出来高増加,2026-09-24,2026-09-24T20:37:06.086447+09:00
4570,免疫生物研究所,グロース（内国株式）,医薬品,-,1192.0,189.36317,4,株価が25日線より上／25日線が75日線より上／MACDがプラス／前日より出来高増加,2026-09-24,2026-09-24T20:37:06.088008+09:00
4571,ＮＡＮＯホールディングス,グロース（内国株式）,医薬品,-,100.0,37.21833,1,25日線が75日線より上,2026-09-24,2026-09-24T20:37:06.089583+09:00
4572,カルナバイオサイエンス,グロース（内国株式）,医薬品,-,445.0,49.347575,4,株価が25日線より上／25日線が75日線より上／MACDがプラス／前日より出来高増加,2026-09-24,2026-09-24T20:37:06.091136+09:00
4574,大幸薬品,プライム（内国株式）,医薬品,TOPIX Small 2,255.0,20.676145,1,前日より出来高増加,2026-09-24,2026-09-24T20:37:06.092746+09:00
4575,キャンバス,グロース（内国株式）,医薬品,-,734.0,153.569495,1,25日線が75日線より上,2026-09-24,2026-09-24T20:37:06.095161+09:00
4576,デ・ウエスタン・セラピテクス研究所,グロース（内国株式）,医薬品,-,71.0,29.890135,2,25日線が75日線より上／前日より出来高増加,2026-09-24,2026-09-24T20:37:06.097699+09:00
4577,ダイト,プライム（内国株式）,医薬品,TOPIX Small 2,1350.0,93.920235,3,株価が25日線より上／25日線が75日線より上／MACDがプラス,2026-09-24,2026-09-24T20:37:06.099324+09:00
4578,大塚ホールディングス,プライム（内国株式）,医薬品,TOPIX Large70,11040.0,14574.255825,1,25日線が75日線より上,2026-09-24,2026-09-24T20:37:06.100884+09:00
4579,ラクオリア創薬,グロース（内国株式）,医薬品,-,590.0,69.59115,4,株価が25日線より上／25日線が75日線より上／MACDがプラス／前日より出来高増加,2026-09-24,2026-09-24T20:37:06.102410+09:00
4582,シンバイオ製薬,グロース（内国株式）,医薬品,-,56.0,40.770735,1,前日より出来高増加,2026-09-24,2026-09-24T20:37:06.103932+09:00
4583,カイオム・バイオサイエンス,グロース（内国株式）,医薬品,-,104.0,315.321465,4,株価が25日線より上／25日線が75日線より上／MACDがプラス／前日より出来高増加,2026-09-24,2026-09-24T20:37:06.105391+09:00
4584,キッズウェル・バイオ,グロース（内国株式）,医薬品,-,167.0,54.51781,2,25日線が75日線より上／MACDがプラス,2026-09-24,2026-09-24T20:37:06.106908+09:00
4586,メドレックス,グロース（内国株式）,医薬品,-,62.0,54.267125,2,25日線が75日線より上／前日より出来高増加,2026-09-24,2026-09-24T20:37:06.108405+09:00
4587,ペプチドリーム,プライム（内国株式）,医薬品,TOPIX Mid400,1056.5,826.736495,2,25日線が75日線より上／MACDがプラス,2026-09-24,2026-09-24T20:37:06.111071+09:00
4588,オンコリスバイオファーマ,グロース（内国株式）,医薬品,-,5990.0,11109.55255,3,株価が25日線より上／25日線が75日線より上／MACDがプラス,2026-09-24,2026-09-24T20:37:06.113423+09:00
4591,リボミック,グロース（内国株式）,医薬品,-,78.0,66.098365,1,25日線が75日線より上,2026-09-24,2026-09-24T20:37:06.115037+09:00
4592,サンバイオ,グロース（内国株式）,医薬品,-,920.0,916.76315,0,,2026-09-24,2026-09-24T20:37:06.116613+09:00
4593,ヘリオス,グロース（内国株式）,医薬品,-,294.0,538.65964,3,株価が25日線より上／25日線が75日線より上／MACDがプラス,2026-09-24,2026-09-24T20:37:06.118566+09:00
4594,ブライトパス・バイオ,グロース（内国株式）,医薬品,-,53.0,102.881905,3,25日線が75日線より上／MACDがプラス／前日より出来高増加,2026-09-24,2026-09-24T20:37:06.120286+09:00
4595,ミズホメディー,スタンダード（内国株式）,医薬品,-,1740.0,119.0678,3,株価が25日線より上／25日線が75日線より上／MACDがプラス,2026-09-24,2026-09-24T20:37:06.121856+09:00
4596,窪田製薬ホールディングス,グロース（内国株式）,医薬品,-,66.0,91.784705,2,25日線が75日線より上／MACDがプラス,2026-09-24,2026-09-24T20:37:06.123388+09:00
4597,ソレイジア・ファーマ,グロース（内国株式）,医薬品,-,31.0,2016.367695,4,株価が25日線より上／25日線が75日線より上／MACDがプラス／前日より出来高増加,2026-09-24,2026-09-24T20:37:06.124873+09:00
4598,Ｄｅｌｔａ－Ｆｌｙ　Ｐｈａｒｍａ,グロース（内国株式）,医薬品,-,116.0,430.08758,3,株価が25日線より上／MACDがプラス／前日より出来高増加,2026-09-24,2026-09-24T20:37:06.126400+09:00
4599,ステムリム,グロース（内国株式）,医薬品,-,181.0,167.477795,0,,2026-09-24,2026-09-24T20:37:06.128676+09:00
460A,ＢＲＡＮＵ,グロース（内国株式）,情報・通信業,-,1299.0,48.17719,3,株価が25日線より上／25日線が75日線より上／MACDがプラス,2026-09-24,2026-09-24T20:37:06.130392+09:00
4611,大日本塗料,プライム（内国株式）,化学,TOPIX Small 2,1576.0,112.912695,4,株価が25日線より上／25日線が75日線より上／MACDがプラス／前日より出来高増加,2026-09-24,2026-09-24T20:37:06.131924+09:00
4612,日本ペイントホールディングス,プライム（内国株式）,化学,TOPIX Mid400,1164.0,3401.9668775,2,株価が25日線より上／25日線が75日線より上,2026-09-24,2026-09-24T20:37:06.133433+09:00
4613,関西ペイント,プライム（内国株式）,化学,TOPIX Mid400,2851.0,2253.9907225,2,25日線が75日線より上／MACDがプラス,2026-09-24,2026-09-24T20:37:06.134916+09:00
4617,中国塗料,プライム（内国株式）,化学,TOPIX Small 1,3525.0,553.6342,1,25日線が75日線より上,2026-09-24,2026-09-24T20:37:06.139143+09:00
4619,日本特殊塗料,スタンダード（内国株式）,化学,-,2694.0,77.058575,3,株価が25日線より上／25日線が75日線より上／MACDがプラス,2026-09-24,2026-09-24T20:37:06.140621+09:00
4620,藤倉化成,スタンダード（内国株式）,化学,TOPIX Small 2,1069.0,121.61337,3,株価が25日線より上／MACDがプラス／前日より出来高増加,2026-09-24,2026-09-24T20:37:06.142110+09:00
4625,アトミクス,スタンダード（内国株式）,化学,-,891.0,10.082385,4,株価が25日線より上／25日線が75日線より上／MACDがプラス／前日より出来高増加,2026-09-24,2026-09-24T20:37:06.147507+09:00
4626,太陽ホールディングス,プライム（内国株式）,化学,TOPIX Mid400,4744.0,1313.187985,1,株価が25日線より上,2026-09-24,2026-09-24T20:37:06.149124+09:00
4627,ナトコ,スタンダード（内国株式）,化学,-,1951.0,28.51035,4,株価が25日線より上／25日線が75日線より上／MACDがプラス／前日より出来高増加,2026-09-24,2026-09-24T20:37:06.150666+09:00
4628,エスケー化研,スタンダード（内国株式）,化学,-,10000.0,140.86115,4,株価が25日線より上／25日線が75日線より上／MACDがプラス／前日より出来高増加,2026-09-24,2026-09-24T20:37:06.152180+09:00
4629,大伸化学,スタンダード（内国株式）,化学,-,2489.0,17.55636,4,株価が25日線より上／25日線が75日線より上／MACDがプラス／前日より出来高増加,2026-09-24,2026-09-24T20:37:06.153651+09:00
462A,ＦＵＮＤＩＮＮＯ,グロース（内国株式）,証券、商品先物取引業,-,248.0,550.694275,1,25日線が75日線より上,2026-09-24,2026-09-24T20:37:06.155188+09:00
4631,ＤＩＣ,プライム（内国株式）,化学,TOPIX Mid400,4813.0,3104.118085,1,25日線が75日線より上,2026-09-24,2026-09-24T20:37:06.156687+09:00
4633,サカタインクス,プライム（内国株式）,化学,TOPIX Small 1,2652.0,327.959,3,株価が25日線より上／25日線が75日線より上／MACDがプラス,2026-09-24,2026-09-24T20:37:06.158176+09:00
4634,ａｒｔｉｅｎｃｅ,プライム（内国株式）,化学,TOPIX Small 1,5130.0,634.800525,4,株価が25日線より上／25日線が75日線より上／MACDがプラス／前日より出来高増加,2026-09-24,2026-09-24T20:37:06.160562+09:00
4635,東京インキ,スタンダード（内国株式）,化学,-,2070.0,63.606135,3,25日線が75日線より上／MACDがプラス／前日より出来高増加,2026-09-24,2026-09-24T20:37:06.162426+09:00
463A,インテリックスホールディングス,スタンダード（内国株式）,不動産業,-,1026.0,14.133495,4,株価が25日線より上／25日線が75日線より上／MACDがプラス／前日より出来高増加,2026-09-24,2026-09-24T20:37:08.408453+09:00
4641,アルプス技研,プライム（内国株式）,サービス業,TOPIX Small 2,876.0,77.135845,3,株価が25日線より上／25日線が75日線より上／MACDがプラス,2026-09-24,2026-09-24T20:37:08.410953+09:00
4644,イマジニア,スタンダード（内国株式）,情報・通信業,-,1054.0,33.857485,2,25日線が75日線より上／MACDがプラス,2026-09-24,2026-09-24T20:37:08.414803+09:00
464A,ＱＰＳホールディングス,グロース（内国株式）,情報・通信業,-,1753.0,2226.033595,1,株価が25日線より上,2026-09-24,2026-09-24T20:37:08.419568+09:00
4651,サニックスホールディングス,スタンダード（内国株式）,サービス業,TOPIX Small 2,247.0,69.505455,2,25日線が75日線より上／前日より出来高増加,2026-09-24,2026-09-24T20:37:08.426778+09:00
4658,日本空調サービス,プライム（内国株式）,サービス業,TOPIX Small 2,1641.0,252.915425,3,株価が25日線より上／MACDがプラス／前日より出来高増加,2026-09-24,2026-09-24T20:37:08.430766+09:00
4661,オリエンタルランド,プライム（内国株式）,サービス業,TOPIX Large70,2956.5,14615.04997,3,25日線が75日線より上／MACDがプラス／前日より出来高増加,2026-09-24,2026-09-24T20:37:08.432751+09:00
4662,フォーカスシステムズ,プライム（内国株式）,情報・通信業,TOPIX Small 2,1633.0,63.561345,1,前日より出来高増加,2026-09-24,2026-09-24T20:37:08.434572+09:00
4664,アール・エス・シー,スタンダード（内国株式）,サービス業,-,1221.0,103.25486,4,株価が25日線より上／25日線が75日線より上／MACDがプラス／前日より出来高増加,2026-09-24,2026-09-24T20:37:08.436573+09:00
4665,ダスキン,プライム（内国株式）,サービス業,TOPIX Mid400,4737.0,470.521585,4,株価が25日線より上／25日線が75日線より上／MACDがプラス／前日より出来高増加,2026-09-24,2026-09-24T20:37:08.440614+09:00
4666,パーク２４,プライム（内国株式）,不動産業,TOPIX Mid400,2008.5,1999.88802,3,株価が25日線より上／25日線が75日線より上／MACDがプラス,2026-09-24,2026-09-24T20:37:08.442674+09:00
4667,アイサンテクノロジー,スタンダード（内国株式）,情報・通信業,-,3260.0,3454.129215,3,株価が25日線より上／25日線が75日線より上／MACDがプラス,2026-09-24,2026-09-24T20:37:08.444594+09:00
4668,明光ネットワークジャパン,プライム（内国株式）,サービス業,TOPIX Small 2,762.0,105.38644261962891,3,25日線が75日線より上／MACDがプラス／前日より出来高増加,2026-09-24,2026-09-24T20:37:08.446426+09:00
4671,ファルコホールディングス,スタンダード（内国株式）,サービス業,TOPIX Small 2,2835.0,41.09644,3,25日線が75日線より上／MACDがプラス／前日より出来高増加,2026-09-24,2026-09-24T20:37:08.448269+09:00
4673,川崎地質,スタンダード（内国株式）,サービス業,-,4855.0,11.570375,4,株価が25日線より上／25日線が75日線より上／MACDがプラス／前日より出来高増加,2026-09-24,2026-09-24T20:37:08.450146+09:00
4674,クレスコ,プライム（内国株式）,情報・通信業,TOPIX Small 2,1841.0,367.223425,1,25日線が75日線より上,2026-09-24,2026-09-24T20:37:08.453340+09:00
4676,フジ・メディア・ホールディングス,プライム（内国株式）,情報・通信業,TOPIX Mid400,4076.0,2206.78048,1,25日線が75日線より上,2026-09-24,2026-09-24T20:37:08.456958+09:00
4680,ラウンドワン,プライム（内国株式）,サービス業,TOPIX Mid400,1182.5,2755.8047975,1,25日線が75日線より上,2026-09-24,2026-09-24T20:37:08.462484+09:00
4681,リゾートトラスト,プライム（内国株式）,サービス業,TOPIX Mid400,1786.0,803.522625,1,25日線が75日線より上,2026-09-24,2026-09-24T20:37:08.464365+09:00
4684,オービック,プライム（内国株式）,情報・通信業,TOPIX Mid400,5057.0,9857.35917,3,株価が25日線より上／25日線が75日線より上／MACDがプラス,2026-09-24,2026-09-24T20:37:08.466576+09:00
4685,菱友システムズ,スタンダード（内国株式）,情報・通信業,-,2768.0,52.7822,1,株価が25日線より上,2026-09-24,2026-09-24T20:37:08.468534+09:00
4686,ジャストシステム,プライム（内国株式）,情報・通信業,TOPIX Small 1,4370.0,449.895675,3,株価が25日線より上／25日線が75日線より上／MACDがプラス,2026-09-24,2026-09-24T20:37:08.471446+09:00
4687,ＴＤＣソフト,プライム（内国株式）,情報・通信業,TOPIX Small 2,1054.0,87.480305,3,株価が25日線より上／25日線が75日線より上／MACDがプラス,2026-09-24,2026-09-24T20:37:08.473707+09:00
4689,ＬＩＮＥヤフー,プライム（内国株式）,情報・通信業,TOPIX Large70,519.7999877929688,10742.544550742492,2,25日線が75日線より上／MACDがプラス,2026-09-24,2026-09-24T20:37:08.475692+09:00
4691,ワシントンホテル,スタンダード（内国株式）,サービス業,-,2060.0,123.492165,1,前日より出来高増加,2026-09-24,2026-09-24T20:37:08.478688+09:00
4694,ビー・エム・エル,プライム（内国株式）,サービス業,TOPIX Small 1,3685.0,208.33385,3,株価が25日線より上／25日線が75日線より上／MACDがプラス,2026-09-24,2026-09-24T20:37:08.480631+09:00
4704,トレンドマイクロ,プライム（内国株式）,情報・通信業,TOPIX Mid400,6588.0,6619.17723,2,株価が25日線より上／MACDがプラス,2026-09-24,2026-09-24T20:37:08.486029+09:00
4707,キタック,スタンダード（内国株式）,サービス業,-,352.0,14.3547,4,株価が25日線より上／25日線が75日線より上／MACDがプラス／前日より出来高増加,2026-09-24,2026-09-24T20:37:08.491954+09:00
4709,ＩＤホールディングス,プライム（内国株式）,情報・通信業,TOPIX Small 2,1090.0,54.59828,4,株価が25日線より上／25日線が75日線より上／MACDがプラス／前日より出来高増加,2026-09-24,2026-09-24T20:37:08.493934+09:00
4712,ＫｅｙＨｏｌｄｅｒ,スタンダード（内国株式）,サービス業,-,821.0,11.63679,4,株価が25日線より上／25日線が75日線より上／MACDがプラス／前日より出来高増加,2026-09-24,2026-09-24T20:37:08.495801+09:00
4714,リソー教育グループ,プライム（内国株式）,サービス業,TOPIX Small 2,214.0,139.542105,4,株価が25日線より上／25日線が75日線より上／MACDがプラス／前日より出来高増加,2026-09-24,2026-09-24T20:37:08.497653+09:00
4716,日本オラクル,スタンダード（内国株式）,情報・通信業,TOPIX Mid400,9145.0,2119.798125,2,25日線が75日線より上／MACDがプラス,2026-09-24,2026-09-24T20:37:08.499498+09:00
4718,早稲田アカデミー,プライム（内国株式）,サービス業,TOPIX Small 2,2464.0,95.502075,3,25日線が75日線より上／MACDがプラス／前日より出来高増加,2026-09-24,2026-09-24T20:37:08.502163+09:00
4719,アルファシステムズ,プライム（内国株式）,情報・通信業,TOPIX Small 2,3315.0,41.593075,2,25日線が75日線より上／前日より出来高増加,2026-09-24,2026-09-24T20:37:08.506155+09:00
471A,ＮＳグループ,プライム（内国株式）,その他金融業,TOPIX Small 2,1543.0,323.38064,1,25日線が75日線より上,2026-09-24,2026-09-24T20:37:08.509219+09:00
4722,フューチャー,プライム（内国株式）,情報・通信業,TOPIX Small 1,2426.0,1699.460465,3,25日線が75日線より上／MACDがプラス／前日より出来高増加,2026-09-24,2026-09-24T20:37:08.513091+09:00
4725,ＣＡＣ　Ｈｏｌｄｉｎｇｓ,プライム（内国株式）,情報・通信業,TOPIX Small 2,1947.0,79.854335,3,株価が25日線より上／25日線が75日線より上／MACDがプラス,2026-09-24,2026-09-24T20:37:08.514995+09:00
472A,ミラティブ,グロース（内国株式）,情報・通信業,-,571.0,93.223905,4,株価が25日線より上／25日線が75日線より上／MACDがプラス／前日より出来高増加,2026-09-24,2026-09-24T20:37:08.519579+09:00
4732,ユー・エス・エス,プライム（内国株式）,サービス業,TOPIX Mid400,1876.0,2327.2396575,1,25日線が75日線より上,2026-09-24,2026-09-24T20:37:08.523255+09:00
4733,オービックビジネスコンサルタント,プライム（内国株式）,情報・通信業,TOPIX Mid400,8205.0,1541.12755,2,25日線が75日線より上／MACDがプラス,2026-09-24,2026-09-24T20:37:08.525313+09:00
4743,アイティフォー,プライム（内国株式）,情報・通信業,TOPIX Small 2,1666.0,147.727835,1,株価が25日線より上,2026-09-24,2026-09-24T20:37:08.530628+09:00
4746,東計電算,スタンダード（内国株式）,情報・通信業,TOPIX Small 2,7230.0,328.24725,4,株価が25日線より上／25日線が75日線より上／MACDがプラス／前日より出来高増加,2026-09-24,2026-09-24T20:37:08.532498+09:00
4751,サイバーエージェント,プライム（内国株式）,サービス業,TOPIX Mid400,1246.0,5771.2777025,1,前日より出来高増加,2026-09-24,2026-09-24T20:37:08.536117+09:00
4755,楽天グループ,プライム（内国株式）,サービス業,TOPIX Mid400,691.7999877929688,11527.864733721619,1,前日より出来高増加,2026-09-24,2026-09-24T20:37:08.542903+09:00
475A,ギミック,スタンダード（内国株式）,サービス業,-,716.0,11.501705,3,株価が25日線より上／25日線が75日線より上／MACDがプラス,2026-09-24,2026-09-24T20:37:08.544747+09:00
4763,クリーク・アンド・リバー社,プライム（内国株式）,サービス業,TOPIX Small 2,1480.0,54.316645,3,25日線が75日線より上／MACDがプラス／前日より出来高増加,2026-09-24,2026-09-24T20:37:10.735434+09:00
4765,ＳＢＩグローバルアセットマネジメント,プライム（内国株式）,サービス業,TOPIX Small 2,628.0,182.62723,3,25日線が75日線より上／MACDがプラス／前日より出来高増加,2026-09-24,2026-09-24T20:37:10.738142+09:00
4767,テー・オー・ダブリュー,スタンダード（内国株式）,サービス業,TOPIX Small 2,389.0,44.36528,4,株価が25日線より上／25日線が75日線より上／MACDがプラス／前日より出来高増加,2026-09-24,2026-09-24T20:37:10.741955+09:00
4768,大塚商会,プライム（内国株式）,情報・通信業,TOPIX Mid400,3642.0,4218.612035,3,株価が25日線より上／25日線が75日線より上／MACDがプラス,2026-09-24,2026-09-24T20:37:10.743811+09:00
4771,エフアンドエム,スタンダード（内国株式）,サービス業,-,2802.0,42.45332,4,株価が25日線より上／25日線が75日線より上／MACDがプラス／前日より出来高増加,2026-09-24,2026-09-24T20:37:10.751467+09:00
4776,サイボウズ,プライム（内国株式）,情報・通信業,TOPIX Small 1,3100.0,813.920545,3,株価が25日線より上／25日線が75日線より上／MACDがプラス,2026-09-24,2026-09-24T20:37:10.755202+09:00
477A,スタートライン,グロース（内国株式）,サービス業,-,849.0,31.529735,4,株価が25日線より上／25日線が75日線より上／MACDがプラス／前日より出来高増加,2026-09-24,2026-09-24T20:37:10.758754+09:00
4783,ＮＣＤ,スタンダード（内国株式）,情報・通信業,-,2633.0,29.550745,4,株価が25日線より上／25日線が75日線より上／MACDがプラス／前日より出来高増加,2026-09-24,2026-09-24T20:37:10.760988+09:00
4784,ＧＭＯインターネット,プライム（内国株式）,サービス業,TOPIX Small 2,528.0,1091.50813,1,25日線が75日線より上,2026-09-24,2026-09-24T20:37:10.762929+09:00
478A,フツパー,グロース（内国株式）,情報・通信業,-,741.0,59.017065,2,25日線が75日線より上／前日より出来高増加,2026-09-24,2026-09-24T20:37:10.766195+09:00
4792,山田コンサルティンググループ,プライム（内国株式）,サービス業,TOPIX Small 2,1782.0,42.177465,4,株価が25日線より上／25日線が75日線より上／MACDがプラス／前日より出来高増加,2026-09-24,2026-09-24T20:37:10.769139+09:00
479A,ＰＲＯＮＩ,グロース（内国株式）,情報・通信業,-,2188.0,133.566685,3,株価が25日線より上／25日線が75日線より上／MACDがプラス,2026-09-24,2026-09-24T20:37:10.771289+09:00
4800,オリコン,スタンダード（内国株式）,情報・通信業,-,1359.0,33.147765,4,株価が25日線より上／25日線が75日線より上／MACDがプラス／前日より出来高増加,2026-09-24,2026-09-24T20:37:10.773217+09:00
4801,セントラルスポーツ,プライム（内国株式）,サービス業,TOPIX Small 2,2405.0,38.471705,1,25日線が75日線より上,2026-09-24,2026-09-24T20:37:10.775059+09:00
4809,パラカ,プライム（内国株式）,不動産業,TOPIX Small 2,2030.0,31.049555,1,25日線が75日線より上,2026-09-24,2026-09-24T20:37:10.777132+09:00
480A,リブ・コンサルティング,グロース（内国株式）,サービス業,-,987.0,21.84059,3,株価が25日線より上／MACDがプラス／前日より出来高増加,2026-09-24,2026-09-24T20:37:10.779014+09:00
4811,ドリーム・アーツ,グロース（内国株式）,情報・通信業,-,898.0,15.984155,4,株価が25日線より上／25日線が75日線より上／MACDがプラス／前日より出来高増加,2026-09-24,2026-09-24T20:37:10.781835+09:00
4812,電通総研,プライム（内国株式）,情報・通信業,TOPIX Small 1,2861.0,3746.441015,3,株価が25日線より上／25日線が75日線より上／MACDがプラス,2026-09-24,2026-09-24T20:37:10.784409+09:00
4813,ＡＣＣＥＳＳ,プライム（内国株式）,情報・通信業,-,418.0,249.40048,2,25日線が75日線より上／前日より出来高増加,2026-09-24,2026-09-24T20:37:10.786371+09:00
4814,ネクストウェア,スタンダード（内国株式）,情報・通信業,-,166.0,31.014715,2,25日線が75日線より上／MACDがプラス,2026-09-24,2026-09-24T20:37:10.788256+09:00
4816,東映アニメーション,スタンダード（内国株式）,情報・通信業,-,3000.0,1154.56896,2,25日線が75日線より上／MACDがプラス,2026-09-24,2026-09-24T20:37:10.790096+09:00
4819,デジタルガレージ,プライム（内国株式）,情報・通信業,TOPIX Small 1,2393.0,578.93963,4,株価が25日線より上／25日線が75日線より上／MACDがプラス／前日より出来高増加,2026-09-24,2026-09-24T20:37:10.792163+09:00
4820,イーエムシステムズ,プライム（内国株式）,情報・通信業,TOPIX Small 2,599.0,49.90331,3,株価が25日線より上／25日線が75日線より上／MACDがプラス,2026-09-24,2026-09-24T20:37:10.794137+09:00
4825,ウェザーニューズ,プライム（内国株式）,情報・通信業,TOPIX Small 1,2007.0,402.414105,1,25日線が75日線より上,2026-09-24,2026-09-24T20:37:10.796086+09:00
4826,ＣＩＪ,プライム（内国株式）,情報・通信業,TOPIX Small 2,544.0,110.114045,4,株価が25日線より上／25日線が75日線より上／MACDがプラス／前日より出来高増加,2026-09-24,2026-09-24T20:37:10.798734+09:00
4828,ビジネスエンジニアリング,プライム（内国株式）,情報・通信業,TOPIX Small 2,1403.0,173.444435,3,株価が25日線より上／25日線が75日線より上／MACDがプラス,2026-09-24,2026-09-24T20:37:10.801278+09:00
4829,日本エンタープライズ,スタンダード（内国株式）,情報・通信業,-,109.0,16.70545,2,25日線が75日線より上／前日より出来高増加,2026-09-24,2026-09-24T20:37:10.803185+09:00
4832,ＪＦＥシステムズ,スタンダード（内国株式）,情報・通信業,-,1912.0,28.571595,1,前日より出来高増加,2026-09-24,2026-09-24T20:37:10.805121+09:00
4833,Ｄｅｆ　ｃｏｎｓｕｌｔｉｎｇ,グロース（内国株式）,サービス業,-,58.0,214.827355,4,株価が25日線より上／25日線が75日線より上／MACDがプラス／前日より出来高増加,2026-09-24,2026-09-24T20:37:10.806966+09:00
4838,スペースシャワーＳＫＩＹＡＫＩホールディングス,スタンダード（内国株式）,情報・通信業,-,713.0,25.62062,4,株価が25日線より上／25日線が75日線より上／MACDがプラス／前日より出来高増加,2026-09-24,2026-09-24T20:37:10.809502+09:00
4839,ＷＯＷＯＷ,プライム（内国株式）,情報・通信業,TOPIX Small 2,997.0,67.17392,2,25日線が75日線より上／前日より出来高増加,2026-09-24,2026-09-24T20:37:10.811773+09:00
4840,トライアイズ,スタンダード（内国株式）,サービス業,-,709.0,398.85954,3,株価が25日線より上／25日線が75日線より上／MACDがプラス,2026-09-24,2026-09-24T20:37:10.817107+09:00
4845,スカラ,スタンダード（内国株式）,情報・通信業,TOPIX Small 2,347.0,15.95928,3,25日線が75日線より上／MACDがプラス／前日より出来高増加,2026-09-24,2026-09-24T20:37:10.819057+09:00
4847,インテリジェント　ウェイブ,プライム（内国株式）,情報・通信業,-,1539.0,127.91676,3,株価が25日線より上／25日線が75日線より上／MACDがプラス,2026-09-24,2026-09-24T20:37:10.821119+09:00
4848,フルキャストホールディングス,プライム（内国株式）,サービス業,TOPIX Small 2,1867.0,125.56618,3,株価が25日線より上／25日線が75日線より上／MACDがプラス,2026-09-24,2026-09-24T20:37:10.823451+09:00
4849,エン,プライム（内国株式）,サービス業,TOPIX Small 1,1713.0,560.3175,4,株価が25日線より上／25日線が75日線より上／MACDがプラス／前日より出来高増加,2026-09-24,2026-09-24T20:37:10.826886+09:00
485A,パワーエックス,グロース（内国株式）,電気機器,-,2247.0,20216.63303,2,株価が25日線より上／MACDがプラス,2026-09-24,2026-09-24T20:37:10.829431+09:00
4880,セルソース,スタンダード（内国株式）,医薬品,TOPIX Small 2,322.0,24.21682,2,25日線が75日線より上／前日より出来高増加,2026-09-24,2026-09-24T20:37:10.833754+09:00
4881,ファンペップ,グロース（内国株式）,医薬品,-,49.0,11.273555,0,,2026-09-24,2026-09-24T20:37:10.836101+09:00
4882,ペルセウスプロテオミクス,グロース（内国株式）,医薬品,-,175.0,170.645645,3,株価が25日線より上／25日線が75日線より上／MACDがプラス,2026-09-24,2026-09-24T20:37:10.838064+09:00
4883,モダリス,グロース（内国株式）,医薬品,-,33.0,124.735515,1,25日線が75日線より上,2026-09-24,2026-09-24T20:37:10.840113+09:00
4884,クリングルファーマ,グロース（内国株式）,医薬品,-,511.0,57.031505,4,株価が25日線より上／25日線が75日線より上／MACDがプラス／前日より出来高増加,2026-09-24,2026-09-24T20:37:10.842534+09:00
4886,あすか製薬ホールディングス,プライム（内国株式）,医薬品,TOPIX Small 2,2136.0,102.46492,1,株価が25日線より上,2026-09-24,2026-09-24T20:37:10.846175+09:00
4887,サワイグループホールディングス,プライム（内国株式）,医薬品,TOPIX Mid400,1667.5,1092.61908,2,株価が25日線より上／MACDがプラス,2026-09-24,2026-09-24T20:37:10.849120+09:00
4888,ステラファーマ,グロース（内国株式）,医薬品,-,436.0,152.62455,4,株価が25日線より上／25日線が75日線より上／MACDがプラス／前日より出来高増加,2026-09-24,2026-09-24T20:37:10.851999+09:00
4889,レナサイエンス,グロース（内国株式）,医薬品,-,1171.0,327.0024,0,,2026-09-24,2026-09-24T20:37:10.853976+09:00
4890,坪田ラボ,グロース（内国株式）,医薬品,-,259.0,12.520695,2,25日線が75日線より上／前日より出来高増加,2026-09-24,2026-09-24T20:37:10.856467+09:00
4891,ティムス,グロース（内国株式）,医薬品,-,136.0,58.590945,4,株価が25日線より上／25日線が75日線より上／MACDがプラス／前日より出来高増加,2026-09-24,2026-09-24T20:37:10.858911+09:00
4892,サイフューズ,グロース（内国株式）,医薬品,-,683.0,50.066675,3,株価が25日線より上／25日線が75日線より上／MACDがプラス,2026-09-24,2026-09-24T20:37:10.860789+09:00
4893,ノイルイミューン・バイオテック,グロース（内国株式）,医薬品,-,124.0,22.49887,2,25日線が75日線より上／前日より出来高増加,2026-09-24,2026-09-24T20:37:10.863253+09:00
4894,クオリプス,グロース（内国株式）,医薬品,-,5890.0,512.9182,3,株価が25日線より上／25日線が75日線より上／MACDがプラス,2026-09-24,2026-09-24T20:37:13.121920+09:00
4896,ケイファーマ,グロース（内国株式）,医薬品,-,815.0,14.75102,3,株価が25日線より上／25日線が75日線より上／MACDがプラス,2026-09-24,2026-09-24T20:37:13.125941+09:00
4901,富士フイルムホールディングス,プライム（内国株式）,化学,TOPIX Large70,3369.0,12625.65384,1,株価が25日線より上,2026-09-24,2026-09-24T20:37:13.129342+09:00
4902,コニカミノルタ,プライム（内国株式）,電気機器,TOPIX Mid400,661.0999755859375,2678.381309043579,2,株価が25日線より上／25日線が75日線より上,2026-09-24,2026-09-24T20:37:13.132201+09:00
4911,資生堂,プライム（内国株式）,化学,TOPIX Mid400,3530.0,8500.745975,2,25日線が75日線より上／MACDがプラス,2026-09-24,2026-09-24T20:37:13.134225+09:00
4912,ライオン,プライム（内国株式）,化学,TOPIX Mid400,1718.0,2067.6355575,1,25日線が75日線より上,2026-09-24,2026-09-24T20:37:13.136315+09:00
4914,高砂香料工業,プライム（内国株式）,化学,TOPIX Small 1,1324.0,209.379555,3,株価が25日線より上／25日線が75日線より上／MACDがプラス,2026-09-24,2026-09-24T20:37:13.138194+09:00
4919,ミルボン,プライム（内国株式）,化学,TOPIX Small 1,3235.0,595.7783,4,株価が25日線より上／25日線が75日線より上／MACDがプラス／前日より出来高増加,2026-09-24,2026-09-24T20:37:13.142852+09:00
4922,コーセーホールディングス,プライム（内国株式）,化学,TOPIX Mid400,5701.0,1591.278615,1,25日線が75日線より上,2026-09-24,2026-09-24T20:37:13.147634+09:00
4923,コタ,プライム（内国株式）,化学,TOPIX Small 2,1221.0,33.080555,1,25日線が75日線より上,2026-09-24,2026-09-24T20:37:13.149631+09:00
4927,ポーラ・オルビスホールディングス,プライム（内国株式）,化学,TOPIX Mid400,1383.0,707.4594925,3,株価が25日線より上／25日線が75日線より上／MACDがプラス,2026-09-24,2026-09-24T20:37:13.155571+09:00
4928,ノエビアホールディングス,プライム（内国株式）,化学,TOPIX Small 1,4805.0,378.11115,3,25日線が75日線より上／MACDがプラス／前日より出来高増加,2026-09-24,2026-09-24T20:37:13.159144+09:00
4931,新日本製薬,プライム（内国株式）,化学,TOPIX Small 2,2040.0,119.643015,2,25日線が75日線より上／前日より出来高増加,2026-09-24,2026-09-24T20:37:13.163819+09:00
4932,アルマード,スタンダード（内国株式）,化学,-,815.0,18.40429,4,株価が25日線より上／25日線が75日線より上／MACDがプラス／前日より出来高増加,2026-09-24,2026-09-24T20:37:13.165768+09:00
4933,Ｉ－ｎｅ,プライム（内国株式）,化学,TOPIX Small 2,2409.0,426.822545,3,株価が25日線より上／25日線が75日線より上／MACDがプラス,2026-09-24,2026-09-24T20:37:13.167842+09:00
4935,リベルタ,スタンダード（内国株式）,化学,-,144.0,96.63617,1,前日より出来高増加,2026-09-24,2026-09-24T20:37:13.171587+09:00
4936,アクシージア,スタンダード（内国株式）,化学,TOPIX Small 2,307.0,13.996415,0,,2026-09-24,2026-09-24T20:37:13.173627+09:00
4937,Ｗａｑｏｏ,グロース（内国株式）,化学,-,2383.0,12.11592,4,株価が25日線より上／25日線が75日線より上／MACDがプラス／前日より出来高増加,2026-09-24,2026-09-24T20:37:13.177080+09:00
4951,エステー,プライム（内国株式）,化学,TOPIX Small 2,1533.0,43.72568,4,株価が25日線より上／25日線が75日線より上／MACDがプラス／前日より出来高増加,2026-09-24,2026-09-24T20:37:13.179120+09:00
4956,コニシ,プライム（内国株式）,化学,TOPIX Small 2,1510.0,96.41762,3,株価が25日線より上／25日線が75日線より上／MACDがプラス,2026-09-24,2026-09-24T20:37:13.181037+09:00
4958,長谷川香料,プライム（内国株式）,化学,TOPIX Small 1,3475.0,256.7931,4,株価が25日線より上／25日線が75日線より上／MACDがプラス／前日より出来高増加,2026-09-24,2026-09-24T20:37:13.183449+09:00
4960,ケミプロ化成,スタンダード（内国株式）,化学,-,679.0,64.594335,4,株価が25日線より上／25日線が75日線より上／MACDがプラス／前日より出来高増加,2026-09-24,2026-09-24T20:37:13.186550+09:00
4966,上村工業,スタンダード（内国株式）,化学,-,20110.0,1079.21155,2,株価が25日線より上／前日より出来高増加,2026-09-24,2026-09-24T20:37:13.188707+09:00
4967,小林製薬,プライム（内国株式）,化学,TOPIX Mid400,5885.0,1233.936865,3,株価が25日線より上／25日線が75日線より上／MACDがプラス,2026-09-24,2026-09-24T20:37:13.191510+09:00
4968,荒川化学工業,プライム（内国株式）,化学,TOPIX Small 2,2398.0,408.66045,4,株価が25日線より上／25日線が75日線より上／MACDがプラス／前日より出来高増加,2026-09-24,2026-09-24T20:37:13.194160+09:00
4970,東洋合成工業,スタンダード（内国株式）,化学,-,10150.0,831.0034,1,前日より出来高増加,2026-09-24,2026-09-24T20:37:13.196245+09:00
4971,メック,プライム（内国株式）,化学,TOPIX Small 1,6720.0,2014.29025,2,株価が25日線より上／前日より出来高増加,2026-09-24,2026-09-24T20:37:13.198188+09:00
4972,綜研化学,スタンダード（内国株式）,化学,-,4130.0,259.7356,4,株価が25日線より上／25日線が75日線より上／MACDがプラス／前日より出来高増加,2026-09-24,2026-09-24T20:37:13.200126+09:00
4973,日本高純度化学,プライム（内国株式）,化学,TOPIX Small 2,4850.0,270.2593,3,株価が25日線より上／MACDがプラス／前日より出来高増加,2026-09-24,2026-09-24T20:37:13.202023+09:00
4975,ＪＣＵ,プライム（内国株式）,化学,TOPIX Small 1,5830.0,590.9396,1,株価が25日線より上,2026-09-24,2026-09-24T20:37:13.203891+09:00
4977,新田ゼラチン,スタンダード（内国株式）,化学,-,1196.0,35.07599,0,,2026-09-24,2026-09-24T20:37:13.208303+09:00
4978,リプロセル,グロース（内国株式）,化学,-,139.0,73.56917,2,25日線が75日線より上／前日より出来高増加,2026-09-24,2026-09-24T20:37:13.210617+09:00
4979,ＯＡＴアグリオ,スタンダード（内国株式）,化学,TOPIX Small 2,2862.0,71.567335,4,株価が25日線より上／25日線が75日線より上／MACDがプラス／前日より出来高増加,2026-09-24,2026-09-24T20:37:13.212618+09:00
4980,デクセリアルズ,プライム（内国株式）,化学,TOPIX Mid400,3057.0,4100.5486725,1,株価が25日線より上,2026-09-24,2026-09-24T20:37:13.214586+09:00
4985,アース製薬,プライム（内国株式）,化学,TOPIX Small 1,4730.0,230.84115,1,25日線が75日線より上,2026-09-24,2026-09-24T20:37:13.216624+09:00
4992,北興化学工業,スタンダード（内国株式）,化学,TOPIX Small 2,1948.0,123.29329,0,,2026-09-24,2026-09-24T20:37:13.220458+09:00
4994,大成ラミックグループ,スタンダード（内国株式）,化学,TOPIX Small 2,2746.0,50.40189,3,25日線が75日線より上／MACDがプラス／前日より出来高増加,2026-09-24,2026-09-24T20:37:13.222356+09:00
4996,クミアイ化学工業,プライム（内国株式）,化学,TOPIX Small 1,684.0,479.98709,1,25日線が75日線より上,2026-09-24,2026-09-24T20:37:13.225575+09:00
4997,日本農薬,プライム（内国株式）,化学,TOPIX Small 2,1183.0,421.647565,3,25日線が75日線より上／MACDがプラス／前日より出来高増加,2026-09-24,2026-09-24T20:37:13.227788+09:00
4998,フマキラー,スタンダード（内国株式）,化学,-,1178.0,18.19622,2,25日線が75日線より上／前日より出来高増加,2026-09-24,2026-09-24T20:37:13.229696+09:00
500A,ＴＯブックス,スタンダード（内国株式）,情報・通信業,-,3610.0,35.052775,3,株価が25日線より上／25日線が75日線より上／MACDがプラス,2026-09-24,2026-09-24T20:37:13.231567+09:00
5010,日本精蝋,スタンダード（内国株式）,石油・石炭製品,-,293.0,38.59286,2,25日線が75日線より上／MACDがプラス,2026-09-24,2026-09-24T20:37:13.233410+09:00
5011,ニチレキグループ,プライム（内国株式）,石油・石炭製品,TOPIX Small 2,2330.0,157.07823,4,株価が25日線より上／25日線が75日線より上／MACDがプラス／前日より出来高増加,2026-09-24,2026-09-24T20:37:13.235289+09:00
5013,ユシロ,スタンダード（内国株式）,石油・石炭製品,TOPIX Small 2,3095.0,147.735125,2,株価が25日線より上／前日より出来高増加,2026-09-24,2026-09-24T20:37:13.237353+09:00
5016,ＪＸ金属,プライム（内国株式）,非鉄金属,TOPIX Mid400,3570.0,61778.557615,0,,2026-09-24,2026-09-24T20:37:13.242725+09:00
5018,ＭＯＲＥＳＣＯ,スタンダード（内国株式）,石油・石炭製品,-,2374.0,44.26432756225586,4,株価が25日線より上／25日線が75日線より上／MACDがプラス／前日より出来高増加,2026-09-24,2026-09-24T20:37:13.245549+09:00
5019,出光興産,プライム（内国株式）,石油・石炭製品,TOPIX Mid400,1650.5,8461.95048,3,株価が25日線より上／25日線が75日線より上／MACDがプラス,2026-09-24,2026-09-24T20:37:13.247622+09:00
5020,ＥＮＥＯＳホールディングス,プライム（内国株式）,石油・石炭製品,TOPIX Large70,1422.0,13215.4620275,3,株価が25日線より上／25日線が75日線より上／MACDがプラス,2026-09-24,2026-09-24T20:37:13.249496+09:00
5021,コスモエネルギーホールディングス,プライム（内国株式）,石油・石炭製品,TOPIX Mid400,4488.0,3012.555795,3,株価が25日線より上／25日線が75日線より上／MACDがプラス,2026-09-24,2026-09-24T20:37:13.251329+09:00
5026,トリプルアイズ,グロース（内国株式）,情報・通信業,-,595.0,16.351915,1,25日線が75日線より上,2026-09-24,2026-09-24T20:37:13.255166+09:00
5027,ＡｎｙＭｉｎｄ　Ｇｒｏｕｐ,グロース（内国株式）,情報・通信業,-,820.0,277.757555,4,株価が25日線より上／25日線が75日線より上／MACDがプラス／前日より出来高増加,2026-09-24,2026-09-24T20:37:15.657712+09:00
5029,サークレイス,グロース（内国株式）,情報・通信業,-,965.0,35.7683,4,株価が25日線より上／25日線が75日線より上／MACDがプラス／前日より出来高増加,2026-09-24,2026-09-24T20:37:15.662634+09:00
5031,モイ,グロース（内国株式）,情報・通信業,-,381.0,289.744965,3,株価が25日線より上／25日線が75日線より上／MACDがプラス,2026-09-24,2026-09-24T20:37:15.665551+09:00
5032,ＡＮＹＣＯＬＯＲ,プライム（内国株式）,情報・通信業,TOPIX Small 1,3010.0,2275.771235,3,株価が25日線より上／25日線が75日線より上／MACDがプラス,2026-09-24,2026-09-24T20:37:15.668684+09:00
5033,ヌーラボ,グロース（内国株式）,情報・通信業,-,1218.0,104.84784,3,株価が25日線より上／25日線が75日線より上／MACDがプラス,2026-09-24,2026-09-24T20:37:15.671587+09:00
5034,ｕｎｅｒｒｙ,グロース（内国株式）,情報・通信業,-,2420.0,31.11443,3,株価が25日線より上／25日線が75日線より上／MACDがプラス,2026-09-24,2026-09-24T20:37:15.673703+09:00
5036,日本ビジネスシステムズ,プライム（内国株式）,情報・通信業,TOPIX Small 2,1587.0,170.022165,3,株価が25日線より上／25日線が75日線より上／前日より出来高増加,2026-09-24,2026-09-24T20:37:15.677867+09:00
5038,ｅＷｅＬＬ,グロース（内国株式）,情報・通信業,-,2129.0,99.511475,1,25日線が75日線より上,2026-09-24,2026-09-24T20:37:15.679788+09:00
504A,イノバセル,グロース（内国株式）,医薬品,-,573.0,62.113585,3,株価が25日線より上／25日線が75日線より上／MACDがプラス,2026-09-24,2026-09-24T20:37:15.681836+09:00
505A,ギークリー,スタンダード（内国株式）,サービス業,-,1391.0,39.20149,2,25日線が75日線より上／MACDがプラス,2026-09-24,2026-09-24T20:37:15.683956+09:00
5071,ヴィス,スタンダード（内国株式）,サービス業,-,1401.0,37.10266,4,株価が25日線より上／25日線が75日線より上／MACDがプラス／前日より出来高増加,2026-09-24,2026-09-24T20:37:15.686832+09:00
5074,テスホールディングス,プライム（内国株式）,建設業,TOPIX Small 2,580.0,647.945845,0,,2026-09-24,2026-09-24T20:37:15.688878+09:00
5076,インフロニア・ホールディングス,プライム（内国株式）,建設業,TOPIX Mid400,2913.0,4089.083045,3,株価が25日線より上／25日線が75日線より上／MACDがプラス,2026-09-24,2026-09-24T20:37:15.690731+09:00
5079,ノバック,スタンダード（内国株式）,建設業,-,2591.0,11.875405,2,25日線が75日線より上／前日より出来高増加,2026-09-24,2026-09-24T20:37:15.693859+09:00
5101,横浜ゴム,プライム（内国株式）,ゴム製品,TOPIX Mid400,6974.0,6152.911985,0,,2026-09-24,2026-09-24T20:37:15.695710+09:00
5105,ＴＯＹＯ　ＴＩＲＥ,プライム（内国株式）,ゴム製品,TOPIX Mid400,3834.0,5936.061775,1,株価が25日線より上,2026-09-24,2026-09-24T20:37:15.698422+09:00
5108,ブリヂストン,プライム（内国株式）,ゴム製品,TOPIX Large70,3801.0,14206.616925,1,25日線が75日線より上,2026-09-24,2026-09-24T20:37:15.701769+09:00
5110,住友ゴム工業,プライム（内国株式）,ゴム製品,TOPIX Mid400,2031.5,4210.609205,1,前日より出来高増加,2026-09-24,2026-09-24T20:37:15.704383+09:00
5121,藤倉コンポジット,プライム（内国株式）,ゴム製品,TOPIX Small 2,2895.0,205.870425,4,株価が25日線より上／25日線が75日線より上／MACDがプラス／前日より出来高増加,2026-09-24,2026-09-24T20:37:15.707049+09:00
5122,オカモト,プライム（内国株式）,ゴム製品,TOPIX Small 2,6260.0,165.7971,2,25日線が75日線より上／MACDがプラス,2026-09-24,2026-09-24T20:37:15.709546+09:00
5129,ＦＩＸＥＲ,グロース（内国株式）,情報・通信業,-,257.0,158.224275,2,25日線が75日線より上／前日より出来高増加,2026-09-24,2026-09-24T20:37:15.716226+09:00
5131,リンカーズ,グロース（内国株式）,情報・通信業,-,179.0,871.192425,3,株価が25日線より上／25日線が75日線より上／MACDがプラス,2026-09-24,2026-09-24T20:37:15.719472+09:00
5132,ｐｌｕｓｚｅｒｏ,グロース（内国株式）,情報・通信業,-,1903.0,79.7025,2,25日線が75日線より上／前日より出来高増加,2026-09-24,2026-09-24T20:37:15.721434+09:00
5133,テリロジーホールディングス,スタンダード（内国株式）,情報・通信業,-,303.0,15.70151,2,25日線が75日線より上／前日より出来高増加,2026-09-24,2026-09-24T20:37:15.723292+09:00
5136,ｔｒｉｐｌａ,グロース（内国株式）,情報・通信業,-,2325.0,156.45056,3,株価が25日線より上／25日線が75日線より上／MACDがプラス,2026-09-24,2026-09-24T20:37:15.728017+09:00
5137,スマートドライブ,グロース（内国株式）,情報・通信業,-,316.0,215.632805,3,株価が25日線より上／25日線が75日線より上／MACDがプラス,2026-09-24,2026-09-24T20:37:15.730318+09:00
5139,オープンワーク,グロース（内国株式）,情報・通信業,-,937.0,10.868145,1,25日線が75日線より上,2026-09-24,2026-09-24T20:37:15.734228+09:00
5142,アキレス,プライム（内国株式）,化学,TOPIX Small 2,1866.0,156.473155,4,株価が25日線より上／25日線が75日線より上／MACDがプラス／前日より出来高増加,2026-09-24,2026-09-24T20:37:15.736717+09:00
5161,西川ゴム工業,スタンダード（内国株式）,ゴム製品,-,3610.0,459.49465,3,株価が25日線より上／25日線が75日線より上／MACDがプラス,2026-09-24,2026-09-24T20:37:15.738660+09:00
5184,ニチリン,スタンダード（内国株式）,ゴム製品,-,4125.0,46.158775,4,株価が25日線より上／25日線が75日線より上／MACDがプラス／前日より出来高増加,2026-09-24,2026-09-24T20:37:15.743226+09:00
5185,フコク,プライム（内国株式）,ゴム製品,TOPIX Small 2,2011.0,85.245515,3,25日線が75日線より上／MACDがプラス／前日より出来高増加,2026-09-24,2026-09-24T20:37:15.746106+09:00
5186,ニッタ,プライム（内国株式）,ゴム製品,TOPIX Small 2,6890.0,282.59315,3,株価が25日線より上／25日線が75日線より上／MACDがプラス,2026-09-24,2026-09-24T20:37:15.748796+09:00
5192,三ツ星ベルト,プライム（内国株式）,ゴム製品,TOPIX Small 1,4310.0,272.409675,1,25日線が75日線より上,2026-09-24,2026-09-24T20:37:15.755597+09:00
5195,バンドー化学,プライム（内国株式）,ゴム製品,TOPIX Small 2,2463.0,151.321485,3,株価が25日線より上／25日線が75日線より上／MACDがプラス,2026-09-24,2026-09-24T20:37:15.759186+09:00
5201,ＡＧＣ,プライム（内国株式）,ガラス・土石製品,TOPIX Mid400,5688.0,6777.997775,1,株価が25日線より上,2026-09-24,2026-09-24T20:37:15.765531+09:00
5202,日本板硝子,プライム（内国株式）,ガラス・土石製品,TOPIX Small 1,496.0,1315.20593,3,株価が25日線より上／25日線が75日線より上／MACDがプラス,2026-09-24,2026-09-24T20:37:15.768196+09:00
5204,石塚硝子,スタンダード（内国株式）,ガラス・土石製品,-,3085.0,16.377755,4,株価が25日線より上／25日線が75日線より上／MACDがプラス／前日より出来高増加,2026-09-24,2026-09-24T20:37:15.770315+09:00
5208,有沢製作所,プライム（内国株式）,化学,TOPIX Small 1,2720.0,494.23479,4,株価が25日線より上／25日線が75日線より上／MACDがプラス／前日より出来高増加,2026-09-24,2026-09-24T20:37:15.772276+09:00
520A,ジェイファーマ,グロース（内国株式）,医薬品,-,407.0,349.063465,3,株価が25日線より上／25日線が75日線より上／MACDがプラス,2026-09-24,2026-09-24T20:37:15.774252+09:00
5210,日本山村硝子,スタンダード（内国株式）,ガラス・土石製品,-,2880.0,82.55117,2,25日線が75日線より上／前日より出来高増加,2026-09-24,2026-09-24T20:37:15.776076+09:00
5214,日本電気硝子,プライム（内国株式）,ガラス・土石製品,TOPIX Mid400,4858.0,3174.589365,1,株価が25日線より上,2026-09-24,2026-09-24T20:37:15.779023+09:00
5216,倉元製作所,スタンダード（内国株式）,ガラス・土石製品,-,141.0,19.315515,1,前日より出来高増加,2026-09-24,2026-09-24T20:37:15.782014+09:00
5218,オハラ,スタンダード（内国株式）,ガラス・土石製品,TOPIX Small 2,1671.0,149.08459,4,株価が25日線より上／25日線が75日線より上／MACDがプラス／前日より出来高増加,2026-09-24,2026-09-24T20:37:15.786223+09:00
5232,住友大阪セメント,プライム（内国株式）,ガラス・土石製品,TOPIX Mid400,5759.0,947.187475,2,株価が25日線より上／MACDがプラス,2026-09-24,2026-09-24T20:37:15.789140+09:00
5233,太平洋セメント,プライム（内国株式）,ガラス・土石製品,TOPIX Mid400,4186.0,1741.59586,3,株価が25日線より上／25日線が75日線より上／MACDがプラス,2026-09-24,2026-09-24T20:37:15.791882+09:00
523A,セイワホールディングス,グロース（内国株式）,金属製品,-,1816.0,252.706705,4,株価が25日線より上／25日線が75日線より上／MACDがプラス／前日より出来高増加,2026-09-24,2026-09-24T20:37:15.796841+09:00
5240,ｍｏｎｏＡＩ　ｔｅｃｈｎｏｌｏｇｙ,グロース（内国株式）,情報・通信業,-,186.0,108.79928,1,25日線が75日線より上,2026-09-24,2026-09-24T20:37:17.964319+09:00
5242,アイズ,グロース（内国株式）,情報・通信業,-,2311.0,44.075705,4,株価が25日線より上／25日線が75日線より上／MACDがプラス／前日より出来高増加,2026-09-24,2026-09-24T20:37:17.966132+09:00
5243,ｎｏｔｅ,グロース（内国株式）,情報・通信業,-,3155.0,894.396945,3,株価が25日線より上／25日線が75日線より上／MACDがプラス,2026-09-24,2026-09-24T20:37:17.967744+09:00
5244,ｊｉｇ．ｊｐ,グロース（内国株式）,情報・通信業,-,173.0,35.94151,1,25日線が75日線より上,2026-09-24,2026-09-24T20:37:17.969276+09:00
5246,ＥＬＥＭＥＮＴＳ,グロース（内国株式）,情報・通信業,-,865.0,368.211865,4,株価が25日線より上／25日線が75日線より上／MACDがプラス／前日より出来高増加,2026-09-24,2026-09-24T20:37:17.970844+09:00
5248,テクノロジーズ,グロース（内国株式）,情報・通信業,-,523.0,10.87894,3,株価が25日線より上／25日線が75日線より上／MACDがプラス,2026-09-24,2026-09-24T20:37:17.974199+09:00
5252,日本ナレッジ,グロース（内国株式）,情報・通信業,-,1019.0,15.60811,3,株価が25日線より上／25日線が75日線より上／MACDがプラス,2026-09-24,2026-09-24T20:37:17.978998+09:00
5253,カバー,グロース（内国株式）,情報・通信業,-,1615.0,2025.922825,2,25日線が75日線より上／MACDがプラス,2026-09-24,2026-09-24T20:37:17.981091+09:00
5254,Ａｒｅｎｔ,グロース（内国株式）,情報・通信業,-,4130.0,53.609,3,株価が25日線より上／25日線が75日線より上／前日より出来高増加,2026-09-24,2026-09-24T20:37:17.983400+09:00
5255,モンスターラボ,グロース（内国株式）,情報・通信業,-,82.0,24.373495,1,25日線が75日線より上,2026-09-24,2026-09-24T20:37:17.985803+09:00
5256,Ｆｕｓｉｃ,グロース（内国株式）,情報・通信業,-,3250.0,16.469375,3,株価が25日線より上／25日線が75日線より上／MACDがプラス,2026-09-24,2026-09-24T20:37:17.988035+09:00
5258,トランザクション・メディア・ネットワークス,グロース（内国株式）,情報・通信業,-,436.0,25.53097,3,株価が25日線より上／25日線が75日線より上／MACDがプラス,2026-09-24,2026-09-24T20:37:17.992422+09:00
5261,リソルホールディングス,プライム（内国株式）,サービス業,-,7630.0,22.7734,1,25日線が75日線より上,2026-09-24,2026-09-24T20:37:17.994457+09:00
5262,日本ヒューム,プライム（内国株式）,ガラス・土石製品,TOPIX Small 1,1119.0,218.708445,3,25日線が75日線より上／MACDがプラス／前日より出来高増加,2026-09-24,2026-09-24T20:37:17.997052+09:00
5269,日本コンクリート工業,プライム（内国株式）,ガラス・土石製品,TOPIX Small 2,363.0,61.849125,2,25日線が75日線より上／前日より出来高増加,2026-09-24,2026-09-24T20:37:18.001115+09:00
5273,三谷セキサン,スタンダード（内国株式）,ガラス・土石製品,TOPIX Small 2,2132.0,109.9653,3,株価が25日線より上／25日線が75日線より上／MACDがプラス,2026-09-24,2026-09-24T20:37:18.005501+09:00
5280,ヨシコン,スタンダード（内国株式）,不動産業,-,2247.0,20.441175,3,株価が25日線より上／MACDがプラス／前日より出来高増加,2026-09-24,2026-09-24T20:37:18.009554+09:00
5282,ジオスター,スタンダード（内国株式）,ガラス・土石製品,-,409.0,27.63011,1,25日線が75日線より上,2026-09-24,2026-09-24T20:37:18.012344+09:00
5284,ヤマウホールディングス,スタンダード（内国株式）,ガラス・土石製品,-,2223.0,14.545515,2,25日線が75日線より上／前日より出来高増加,2026-09-24,2026-09-24T20:37:18.016483+09:00
5285,ヤマックス,スタンダード（内国株式）,ガラス・土石製品,-,1344.0,31.86009,2,25日線が75日線より上／前日より出来高増加,2026-09-24,2026-09-24T20:37:18.018118+09:00
5287,イトーヨーギョー,スタンダード（内国株式）,ガラス・土石製品,-,913.0,105.75142,4,株価が25日線より上／25日線が75日線より上／MACDがプラス／前日より出来高増加,2026-09-24,2026-09-24T20:37:18.019689+09:00
5288,アジアパイルホールディングス,プライム（内国株式）,ガラス・土石製品,TOPIX Small 2,1485.0,270.29907,1,25日線が75日線より上,2026-09-24,2026-09-24T20:37:18.021238+09:00
5290,ベルテクスコーポレーション,スタンダード（内国株式）,ガラス・土石製品,-,1252.0,91.055365,3,株価が25日線より上／MACDがプラス／前日より出来高増加,2026-09-24,2026-09-24T20:37:18.023307+09:00
5301,東海カーボン,プライム（内国株式）,ガラス・土石製品,TOPIX Mid400,2273.0,4275.38183,4,株価が25日線より上／25日線が75日線より上／MACDがプラス／前日より出来高増加,2026-09-24,2026-09-24T20:37:18.024815+09:00
5302,日本カーボン,プライム（内国株式）,ガラス・土石製品,TOPIX Small 1,5070.0,285.35095,3,株価が25日線より上／25日線が75日線より上／MACDがプラス,2026-09-24,2026-09-24T20:37:18.026322+09:00
5304,ＳＥＣカーボン,スタンダード（内国株式）,ガラス・土石製品,-,2522.0,45.560895,1,25日線が75日線より上,2026-09-24,2026-09-24T20:37:18.028566+09:00
5310,東洋炭素,プライム（内国株式）,ガラス・土石製品,TOPIX Small 1,7480.0,639.5172,3,株価が25日線より上／MACDがプラス／前日より出来高増加,2026-09-24,2026-09-24T20:37:18.030378+09:00
5331,ノリタケ,プライム（内国株式）,ガラス・土石製品,TOPIX Small 1,3695.0,663.79935,1,株価が25日線より上,2026-09-24,2026-09-24T20:37:18.031898+09:00
5332,ＴＯＴＯ,プライム（内国株式）,ガラス・土石製品,TOPIX Mid400,5859.0,6019.45445,1,前日より出来高増加,2026-09-24,2026-09-24T20:37:18.033446+09:00
5333,ＮＧＫ,プライム（内国株式）,ガラス・土石製品,TOPIX Mid400,5366.0,7582.90099,1,株価が25日線より上,2026-09-24,2026-09-24T20:37:18.034955+09:00
5334,日本特殊陶業,プライム（内国株式）,ガラス・土石製品,TOPIX Mid400,7417.0,9712.227575,1,前日より出来高増加,2026-09-24,2026-09-24T20:37:18.036464+09:00
5344,ＭＡＲＵＷＡ,プライム（内国株式）,ガラス・土石製品,TOPIX Mid400,55790.0,4895.606,1,株価が25日線より上,2026-09-24,2026-09-24T20:37:18.043401+09:00
5351,品川リフラ,プライム（内国株式）,ガラス・土石製品,TOPIX Small 1,2081.0,187.63704,4,株価が25日線より上／25日線が75日線より上／MACDがプラス／前日より出来高増加,2026-09-24,2026-09-24T20:37:18.047012+09:00
5357,ヨータイ,プライム（内国株式）,ガラス・土石製品,TOPIX Small 2,1755.0,59.79772,2,25日線が75日線より上／前日より出来高増加,2026-09-24,2026-09-24T20:37:18.052306+09:00
5363,東京窯業,スタンダード（内国株式）,ガラス・土石製品,-,707.0,31.741555,2,株価が25日線より上／前日より出来高増加,2026-09-24,2026-09-24T20:37:18.054447+09:00
5367,ニッカトー,スタンダード（内国株式）,ガラス・土石製品,-,1397.0,259.87902,3,株価が25日線より上／MACDがプラス／前日より出来高増加,2026-09-24,2026-09-24T20:37:18.056390+09:00
5381,マイポックス,スタンダード（内国株式）,ガラス・土石製品,-,1059.0,212.70128,4,株価が25日線より上／25日線が75日線より上／MACDがプラス／前日より出来高増加,2026-09-24,2026-09-24T20:37:18.062534+09:00
5384,フジミインコーポレーテッド,プライム（内国株式）,ガラス・土石製品,TOPIX Small 1,3410.0,1042.04725,0,,2026-09-24,2026-09-24T20:37:18.065462+09:00
5388,クニミネ工業,スタンダード（内国株式）,ガラス・土石製品,-,1395.0,12.82199,3,株価が25日線より上／25日線が75日線より上／MACDがプラス,2026-09-24,2026-09-24T20:37:18.068241+09:00
5391,エーアンドエーマテリアル,スタンダード（内国株式）,ガラス・土石製品,-,1522.0,11.905095,4,株価が25日線より上／25日線が75日線より上／MACDがプラス／前日より出来高増加,2026-09-24,2026-09-24T20:37:18.070827+09:00
5393,ニチアス,プライム（内国株式）,ガラス・土石製品,TOPIX Mid400,3410.0,1661.72956,2,株価が25日線より上／前日より出来高増加,2026-09-24,2026-09-24T20:37:18.074920+09:00
5401,日本製鉄,プライム（内国株式）,鉄鋼,TOPIX Large70,681.0,24661.645579204713,3,25日線が75日線より上／MACDがプラス／前日より出来高増加,2026-09-24,2026-09-24T20:37:18.077131+09:00
5406,神戸製鋼所,プライム（内国株式）,鉄鋼,TOPIX Mid400,2056.5,3379.485025,4,株価が25日線より上／25日線が75日線より上／MACDがプラス／前日より出来高増加,2026-09-24,2026-09-24T20:37:18.083435+09:00
5408,中山製鋼所,プライム（内国株式）,鉄鋼,TOPIX Small 2,643.0,117.1732,3,25日線が75日線より上／MACDがプラス／前日より出来高増加,2026-09-24,2026-09-24T20:37:18.085426+09:00
5410,合同製鐵,プライム（内国株式）,鉄鋼,TOPIX Small 1,2990.0,244.352025,3,25日線が75日線より上／MACDがプラス／前日より出来高増加,2026-09-24,2026-09-24T20:37:18.087584+09:00
5411,ＪＦＥホールディングス,プライム（内国株式）,鉄鋼,TOPIX Mid400,1846.5,14504.41197,2,25日線が75日線より上／MACDがプラス,2026-09-24,2026-09-24T20:37:18.089211+09:00
5423,東京製鐵,プライム（内国株式）,鉄鋼,TOPIX Small 1,1712.0,616.036145,1,MACDがプラス,2026-09-24,2026-09-24T20:37:18.091153+09:00
543A,ＡＲＣＨＩＯＮ,プライム（内国株式）,輸送用機器,TOPIX Small 1,286.0,5778.94137,2,株価が25日線より上／MACDがプラス,2026-09-24,2026-09-24T20:37:20.655938+09:00
5440,共英製鋼,プライム（内国株式）,鉄鋼,TOPIX Small 1,2008.0,272.42055,2,25日線が75日線より上／MACDがプラス,2026-09-24,2026-09-24T20:37:20.660619+09:00
5444,大和工業,プライム（内国株式）,鉄鋼,TOPIX Mid400,12485.0,1910.885225,1,株価が25日線より上,2026-09-24,2026-09-24T20:37:20.663399+09:00
5445,東京鐵鋼,プライム（内国株式）,鉄鋼,TOPIX Small 1,2056.0,174.82288,4,株価が25日線より上／25日線が75日線より上／MACDがプラス／前日より出来高増加,2026-09-24,2026-09-24T20:37:20.665420+09:00
5446,北越メタル,スタンダード（内国株式）,鉄鋼,-,1097.0,25.920145,1,株価が25日線より上,2026-09-24,2026-09-24T20:37:20.667003+09:00
5449,大阪製鐵,スタンダード（内国株式）,鉄鋼,TOPIX Small 2,2626.0,68.42986,2,25日線が75日線より上／前日より出来高増加,2026-09-24,2026-09-24T20:37:20.668609+09:00
544A,ＧＭＳグループ,プライム（内国株式）,機械,TOPIX Small 2,327.0,116.859915,1,前日より出来高増加,2026-09-24,2026-09-24T20:37:20.672978+09:00
5451,ヨドコウ,プライム（内国株式）,鉄鋼,TOPIX Small 1,1436.0,345.061695,4,株価が25日線より上／25日線が75日線より上／MACDがプラス／前日より出来高増加,2026-09-24,2026-09-24T20:37:20.675684+09:00
545A,トランヴィア,プライム（内国株式）,情報・通信業,TOPIX Small 2,990.0,64.399815,4,株価が25日線より上／25日線が75日線より上／MACDがプラス／前日より出来高増加,2026-09-24,2026-09-24T20:37:20.679418+09:00
5461,中部鋼鈑,プライム（内国株式）,鉄鋼,TOPIX Small 1,2120.0,231.552585,2,25日線が75日線より上／MACDがプラス,2026-09-24,2026-09-24T20:37:20.680944+09:00
5463,丸一鋼管,プライム（内国株式）,鉄鋼,TOPIX Mid400,1718.0,1244.7559925,0,,2026-09-24,2026-09-24T20:37:20.682468+09:00
5464,モリ工業,スタンダード（内国株式）,鉄鋼,TOPIX Small 2,934.0,21.03415,1,前日より出来高増加,2026-09-24,2026-09-24T20:37:20.683997+09:00
546A,ＭＩＲＡＩＮＩホールディングス,プライム（内国株式）,卸売業,TOPIX Small 2,2585.0,431.0037,4,株価が25日線より上／25日線が75日線より上／MACDがプラス／前日より出来高増加,2026-09-24,2026-09-24T20:37:20.685615+09:00
5471,大同特殊鋼,プライム（内国株式）,鉄鋼,TOPIX Mid400,2451.5,2071.4704625,2,株価が25日線より上／MACDがプラス,2026-09-24,2026-09-24T20:37:20.688868+09:00
547A,ムニノバホールディングス,プライム（内国株式）,その他金融業,TOPIX Small 1,436.0,772.220205,0,,2026-09-24,2026-09-24T20:37:20.691379+09:00
5480,日本冶金工業,プライム（内国株式）,鉄鋼,TOPIX Small 1,5450.0,333.80225,3,株価が25日線より上／25日線が75日線より上／MACDがプラス,2026-09-24,2026-09-24T20:37:20.693651+09:00
5482,愛知製鋼,プライム（内国株式）,鉄鋼,TOPIX Small 1,3230.0,477.561175,3,株価が25日線より上／25日線が75日線より上／MACDがプラス,2026-09-24,2026-09-24T20:37:20.695461+09:00
548A,システムエグゼ,スタンダード（内国株式）,情報・通信業,-,959.0,19.418945,2,株価が25日線より上／前日より出来高増加,2026-09-24,2026-09-24T20:37:20.698826+09:00
5491,日本金属,スタンダード（内国株式）,鉄鋼,-,911.0,32.089015,1,25日線が75日線より上,2026-09-24,2026-09-24T20:37:20.700419+09:00
549A,ヒトトヒトホールディングス,スタンダード（内国株式）,サービス業,-,489.0,28.84505,1,25日線が75日線より上,2026-09-24,2026-09-24T20:37:20.702298+09:00
5527,ｐｒｏｐｅｒｔｙ　ｔｅｃｈｎｏｌｏｇｉｅｓ,グロース（内国株式）,不動産業,-,746.0,13.06437,3,株価が25日線より上／25日線が75日線より上／MACDがプラス,2026-09-24,2026-09-24T20:37:20.707387+09:00
5532,リアルゲイト,グロース（内国株式）,不動産業,-,3545.0,69.376025,3,株価が25日線より上／25日線が75日線より上／MACDがプラス,2026-09-24,2026-09-24T20:37:20.709225+09:00
5535,ミガロホールディングス,プライム（内国株式）,不動産業,-,295.0,51.76087,4,株価が25日線より上／25日線が75日線より上／MACDがプラス／前日より出来高増加,2026-09-24,2026-09-24T20:37:20.712321+09:00
5537,ＡｌｂａＬｉｎｋ,グロース（内国株式）,不動産業,-,3915.0,279.634425,4,株価が25日線より上／25日線が75日線より上／MACDがプラス／前日より出来高増加,2026-09-24,2026-09-24T20:37:20.713868+09:00
5541,大平洋金属,プライム（内国株式）,鉄鋼,TOPIX Small 2,2660.0,580.370065,3,株価が25日線より上／25日線が75日線より上／MACDがプラス,2026-09-24,2026-09-24T20:37:20.715375+09:00
5542,新報国マテリアル,スタンダード（内国株式）,鉄鋼,-,1127.0,81.140515,3,株価が25日線より上／25日線が75日線より上／MACDがプラス,2026-09-24,2026-09-24T20:37:20.716921+09:00
554A,バトンズ,グロース（内国株式）,情報・通信業,-,1443.0,23.2273,2,25日線が75日線より上／前日より出来高増加,2026-09-24,2026-09-24T20:37:20.719435+09:00
5563,新日本電工,プライム（内国株式）,鉄鋼,TOPIX Small 1,445.0,243.68876,2,株価が25日線より上／前日より出来高増加,2026-09-24,2026-09-24T20:37:20.722431+09:00
556A,犬猫生活,グロース（内国株式）,小売業,-,2650.0,95.99067,3,株価が25日線より上／25日線が75日線より上／MACDがプラス,2026-09-24,2026-09-24T20:37:20.724308+09:00
5570,ジェノバ,グロース（内国株式）,情報・通信業,-,614.0,11.32175,2,25日線が75日線より上／前日より出来高増加,2026-09-24,2026-09-24T20:37:20.726002+09:00
5572,Ｒｉｄｇｅ－ｉ,グロース（内国株式）,情報・通信業,-,3185.0,274.351185,3,株価が25日線より上／25日線が75日線より上／MACDがプラス,2026-09-24,2026-09-24T20:37:20.728964+09:00
5574,ＡＢＥＪＡ,グロース（内国株式）,情報・通信業,-,3345.0,640.202295,3,株価が25日線より上／25日線が75日線より上／MACDがプラス,2026-09-24,2026-09-24T20:37:20.730486+09:00
5575,Ｇｌｏｂｅｅ,グロース（内国株式）,情報・通信業,-,1176.0,17.8959,4,株価が25日線より上／25日線が75日線より上／MACDがプラス／前日より出来高増加,2026-09-24,2026-09-24T20:37:20.732052+09:00
5578,ＡＲアドバンストテクノロジ,グロース（内国株式）,情報・通信業,-,911.0,31.844824797058106,4,株価が25日線より上／25日線が75日線より上／MACDがプラス／前日より出来高増加,2026-09-24,2026-09-24T20:37:20.735491+09:00
5582,グリッド,グロース（内国株式）,情報・通信業,-,2103.0,43.706025,4,株価が25日線より上／25日線が75日線より上／MACDがプラス／前日より出来高増加,2026-09-24,2026-09-24T20:37:20.740276+09:00
5586,Ｌａｂｏｒｏ．ＡＩ,グロース（内国株式）,情報・通信業,-,939.0,55.788355,4,株価が25日線より上／25日線が75日線より上／MACDがプラス／前日より出来高増加,2026-09-24,2026-09-24T20:37:20.742028+09:00
5587,インバウンドプラットフォーム,グロース（内国株式）,情報・通信業,-,804.0,16.38477,1,前日より出来高増加,2026-09-24,2026-09-24T20:37:20.743618+09:00
5588,ファーストアカウンティング,グロース（内国株式）,情報・通信業,-,925.0,12.46419,4,株価が25日線より上／25日線が75日線より上／MACDがプラス／前日より出来高増加,2026-09-24,2026-09-24T20:37:20.745475+09:00
558A,ＳＱＵＥＥＺＥ,グロース（内国株式）,サービス業,-,6200.0,165.314,4,株価が25日線より上／25日線が75日線より上／MACDがプラス／前日より出来高増加,2026-09-24,2026-09-24T20:37:20.748810+09:00
5590,ネットスターズ,グロース（内国株式）,情報・通信業,-,724.0,62.83233,3,株価が25日線より上／25日線が75日線より上／MACDがプラス,2026-09-24,2026-09-24T20:37:20.751206+09:00
5591,ＡＶＩＬＥＮ,グロース（内国株式）,情報・通信業,-,914.0,17.02307,4,株価が25日線より上／25日線が75日線より上／MACDがプラス／前日より出来高増加,2026-09-24,2026-09-24T20:37:20.752886+09:00
5592,くすりの窓口,グロース（内国株式）,情報・通信業,-,2724.0,98.103565,4,株価が25日線より上／25日線が75日線より上／MACDがプラス／前日より出来高増加,2026-09-24,2026-09-24T20:37:20.755901+09:00
5597,ブルーイノベーション,グロース（内国株式）,情報・通信業,-,1404.0,98.28271,4,株価が25日線より上／25日線が75日線より上／MACDがプラス／前日より出来高増加,2026-09-24,2026-09-24T20:37:20.757766+09:00
5599,Ｓ＆Ｊ,グロース（内国株式）,情報・通信業,-,1084.0,13.19265,3,株価が25日線より上／MACDがプラス／前日より出来高増加,2026-09-24,2026-09-24T20:37:20.759376+09:00
559A,梅乃宿酒造,スタンダード（内国株式）,食料品,-,1168.0,15.74651,4,株価が25日線より上／25日線が75日線より上／MACDがプラス／前日より出来高増加,2026-09-24,2026-09-24T20:37:20.761021+09:00
5602,栗本鐵工所,プライム（内国株式）,鉄鋼,TOPIX Small 1,1659.0,509.59095,1,25日線が75日線より上,2026-09-24,2026-09-24T20:37:20.762549+09:00
5612,日本鋳鉄管,スタンダード（内国株式）,鉄鋼,-,1609.0,11.869055,2,25日線が75日線より上／前日より出来高増加,2026-09-24,2026-09-24T20:37:20.766993+09:00
5621,ヒューマンテクノロジーズ,グロース（内国株式）,情報・通信業,-,1622.0,32.96423,3,株価が25日線より上／25日線が75日線より上／前日より出来高増加,2026-09-24,2026-09-24T20:37:23.015067+09:00
5631,日本製鋼所,プライム（内国株式）,機械,TOPIX Mid400,7459.0,6598.92775,1,株価が25日線より上,2026-09-24,2026-09-24T20:37:23.017620+09:00
5632,三菱製鋼,プライム（内国株式）,鉄鋼,TOPIX Small 2,2570.0,325.69985,3,株価が25日線より上／25日線が75日線より上／MACDがプラス,2026-09-24,2026-09-24T20:37:23.019743+09:00
5644,メタルアート,スタンダード（内国株式）,鉄鋼,-,7240.0,26.8374,1,前日より出来高増加,2026-09-24,2026-09-24T20:37:23.022235+09:00
5658,日亜鋼業,スタンダード（内国株式）,鉄鋼,-,410.0,10.35863,4,株価が25日線より上／25日線が75日線より上／MACDがプラス／前日より出来高増加,2026-09-24,2026-09-24T20:37:23.024587+09:00
5659,日本精線,プライム（内国株式）,鉄鋼,TOPIX Small 2,1439.0,66.59437,2,株価が25日線より上／前日より出来高増加,2026-09-24,2026-09-24T20:37:23.026462+09:00
5698,エンビプロ・ホールディングス,スタンダード（内国株式）,鉄鋼,TOPIX Small 2,740.0,109.776785,0,,2026-09-24,2026-09-24T20:37:23.033139+09:00
5702,大紀アルミニウム工業所,プライム（内国株式）,非鉄金属,TOPIX Small 1,1818.0,477.034015,3,25日線が75日線より上／MACDがプラス／前日より出来高増加,2026-09-24,2026-09-24T20:37:23.037135+09:00
5703,日本軽金属ホールディングス,プライム（内国株式）,非鉄金属,TOPIX Small 1,2985.0,678.467135,3,25日線が75日線より上／MACDがプラス／前日より出来高増加,2026-09-24,2026-09-24T20:37:23.038996+09:00
5706,三井金属,プライム（内国株式）,非鉄金属,TOPIX Mid400,23025.0,37955.211,0,,2026-09-24,2026-09-24T20:37:23.042570+09:00
5707,東邦亜鉛,プライム（内国株式）,非鉄金属,TOPIX Small 2,931.0,1037.09483,1,25日線が75日線より上,2026-09-24,2026-09-24T20:37:23.044410+09:00
5711,三菱マテリアル,プライム（内国株式）,非鉄金属,TOPIX Mid400,5158.0,13772.63975,1,25日線が75日線より上,2026-09-24,2026-09-24T20:37:23.047574+09:00
5713,住友金属鉱山,プライム（内国株式）,非鉄金属,TOPIX Mid400,9538.0,28828.040085,1,25日線が75日線より上,2026-09-24,2026-09-24T20:37:23.050697+09:00
5714,ＤＯＷＡホールディングス,プライム（内国株式）,非鉄金属,TOPIX Mid400,8964.0,4447.407195,2,25日線が75日線より上／前日より出来高増加,2026-09-24,2026-09-24T20:37:23.052719+09:00
5715,古河機械金属,プライム（内国株式）,非鉄金属,TOPIX Small 1,4140.0,1145.193875,2,25日線が75日線より上／MACDがプラス,2026-09-24,2026-09-24T20:37:23.055075+09:00
5721,エスクリプトエナジー,スタンダード（内国株式）,非鉄金属,-,69.0,119.115145,2,株価が25日線より上／前日より出来高増加,2026-09-24,2026-09-24T20:37:23.057481+09:00
5724,アサカ理研,スタンダード（内国株式）,非鉄金属,-,3155.0,647.8881,3,株価が25日線より上／25日線が75日線より上／MACDがプラス,2026-09-24,2026-09-24T20:37:23.059485+09:00
5726,大阪チタニウムテクノロジーズ,プライム（内国株式）,非鉄金属,TOPIX Small 1,2408.0,1887.315725,0,,2026-09-24,2026-09-24T20:37:23.061912+09:00
5729,日本精鉱,スタンダード（内国株式）,非鉄金属,-,1689.0,30.71555,1,25日線が75日線より上,2026-09-24,2026-09-24T20:37:23.064597+09:00
5741,ＵＡＣＪ,プライム（内国株式）,非鉄金属,TOPIX Small 1,2219.0,1882.69803,0,,2026-09-24,2026-09-24T20:37:23.067719+09:00
5757,ＣＫサンエツ,プライム（内国株式）,非鉄金属,TOPIX Small 2,4950.0,42.389225,1,前日より出来高増加,2026-09-24,2026-09-24T20:37:23.073476+09:00
575A,前澤ホールディングス,プライム（内国株式）,機械,TOPIX Small 2,1922.0,152.894915,3,株価が25日線より上／25日線が75日線より上／MACDがプラス,2026-09-24,2026-09-24T20:37:23.075691+09:00
5801,古河電気工業,プライム（内国株式）,非鉄金属,TOPIX Mid400,3807.0,89553.57937,0,,2026-09-24,2026-09-24T20:37:23.078288+09:00
5802,住友電気工業,プライム（内国株式）,非鉄金属,TOPIX Large70,2200.5,38023.9112325,2,株価が25日線より上／前日より出来高増加,2026-09-24,2026-09-24T20:37:23.081215+09:00
5803,フジクラ,プライム（内国株式）,非鉄金属,TOPIX Large70,4911.0,208377.74179,1,25日線が75日線より上,2026-09-24,2026-09-24T20:37:23.084281+09:00
5805,ＳＷＣＣ,プライム（内国株式）,非鉄金属,TOPIX Small 1,13410.0,4113.34695,1,25日線が75日線より上,2026-09-24,2026-09-24T20:37:23.086469+09:00
5816,オーナンバ,スタンダード（内国株式）,非鉄金属,-,1434.0,23.274655,1,前日より出来高増加,2026-09-24,2026-09-24T20:37:23.088413+09:00
5817,ＪＭＡＣＳ,スタンダード（内国株式）,非鉄金属,-,1136.0,51.202895,3,株価が25日線より上／25日線が75日線より上／MACDがプラス,2026-09-24,2026-09-24T20:37:23.090268+09:00
5820,三ッ星,スタンダード（内国株式）,非鉄金属,-,919.0,44.91553,4,株価が25日線より上／25日線が75日線より上／MACDがプラス／前日より出来高増加,2026-09-24,2026-09-24T20:37:23.095906+09:00
5821,平河ヒューテック,プライム（内国株式）,非鉄金属,TOPIX Small 2,3215.0,140.445525,2,株価が25日線より上／前日より出来高増加,2026-09-24,2026-09-24T20:37:23.099625+09:00
5830,いよぎんホールディングス,プライム（内国株式）,銀行業,TOPIX Mid400,3741.0,3578.11966,2,25日線が75日線より上／MACDがプラス,2026-09-24,2026-09-24T20:37:23.101843+09:00
5831,しずおかフィナンシャルグループ,プライム（内国株式）,銀行業,TOPIX Mid400,3460.0,6434.837985,2,25日線が75日線より上／MACDがプラス,2026-09-24,2026-09-24T20:37:23.103885+09:00
5832,ちゅうぎんフィナンシャルグループ,プライム（内国株式）,銀行業,TOPIX Mid400,3652.0,1301.889195,3,株価が25日線より上／25日線が75日線より上／MACDがプラス,2026-09-24,2026-09-24T20:37:23.105788+09:00
5834,ＳＢＩリーシングサービス,グロース（内国株式）,証券、商品先物取引業,-,2863.0,119.634135,4,株価が25日線より上／25日線が75日線より上／MACDがプラス／前日より出来高増加,2026-09-24,2026-09-24T20:37:23.107642+09:00
5838,楽天銀行,プライム（内国株式）,銀行業,TOPIX Mid400,6098.0,6566.45767,2,25日線が75日線より上／MACDがプラス,2026-09-24,2026-09-24T20:37:23.110101+09:00
5842,インテグラル,グロース（内国株式）,証券、商品先物取引業,-,2980.0,335.656785,3,25日線が75日線より上／MACDがプラス／前日より出来高増加,2026-09-24,2026-09-24T20:37:23.112631+09:00
5843,ニッポンインシュア,スタンダード（内国株式）,その他金融業,-,2310.0,16.153595,1,25日線が75日線より上,2026-09-24,2026-09-24T20:37:23.116014+09:00
5844,京都フィナンシャルグループ,プライム（内国株式）,銀行業,TOPIX Mid400,4740.0,4038.145555,2,25日線が75日線より上／MACDがプラス,2026-09-24,2026-09-24T20:37:23.119448+09:00
5845,全保連,スタンダード（内国株式）,その他金融業,-,1220.0,36.60261,4,株価が25日線より上／25日線が75日線より上／MACDがプラス／前日より出来高増加,2026-09-24,2026-09-24T20:37:23.122429+09:00
5851,リョービ,プライム（内国株式）,非鉄金属,TOPIX Small 1,2736.0,360.100265,1,25日線が75日線より上,2026-09-24,2026-09-24T20:37:23.126893+09:00
5852,アーレスティ,プライム（内国株式）,非鉄金属,-,668.0,58.08512,1,前日より出来高増加,2026-09-24,2026-09-24T20:37:23.129994+09:00
5857,ＡＲＥホールディングス,プライム（内国株式）,非鉄金属,TOPIX Small 1,3670.0,2544.2048,2,25日線が75日線より上／MACDがプラス,2026-09-24,2026-09-24T20:37:23.134005+09:00
5871,ＳＯＬＩＺＥ　Ｈｏｌｄｉｎｇｓ,スタンダード（内国株式）,サービス業,-,1384.0,26.754405,3,25日線が75日線より上／MACDがプラス／前日より出来高増加,2026-09-24,2026-09-24T20:37:23.147872+09:00
5885,ジーデップ・アドバンス,スタンダード（内国株式）,卸売業,-,3260.0,160.44725,4,株価が25日線より上／25日線が75日線より上／MACDがプラス／前日より出来高増加,2026-09-24,2026-09-24T20:37:23.152418+09:00
5888,ＤＡＩＷＡ　ＣＹＣＬＥ,グロース（内国株式）,小売業,-,2750.0,10.049995,1,前日より出来高増加,2026-09-24,2026-09-24T20:37:25.587447+09:00
5889,Ｊａｐａｎ　Ｅｙｅｗｅａｒ　Ｈｏｌｄｉｎｇｓ,プライム（内国株式）,小売業,TOPIX Small 2,2318.0,489.591875,2,25日線が75日線より上／前日より出来高増加,2026-09-24,2026-09-24T20:37:25.590382+09:00
5892,ｙｕｔｏｒｉ,グロース（内国株式）,小売業,-,2994.0,258.657855,4,株価が25日線より上／25日線が75日線より上／MACDがプラス／前日より出来高増加,2026-09-24,2026-09-24T20:37:25.596442+09:00
5901,東洋製罐グループホールディングス,プライム（内国株式）,金属製品,TOPIX Mid400,4496.0,1537.65643,3,25日線が75日線より上／MACDがプラス／前日より出来高増加,2026-09-24,2026-09-24T20:37:25.601253+09:00
5902,ホッカンホールディングス,プライム（内国株式）,金属製品,TOPIX Small 2,2739.0,58.90102,4,株価が25日線より上／25日線が75日線より上／MACDがプラス／前日より出来高増加,2026-09-24,2026-09-24T20:37:25.602832+09:00
5909,コロナ,スタンダード（内国株式）,金属製品,TOPIX Small 2,966.0,13.13146,0,,2026-09-24,2026-09-24T20:37:25.612235+09:00
590A,ギフティグループ,プライム（内国株式）,情報・通信業,TOPIX Small 2,1228.0,264.627595,3,25日線が75日線より上／MACDがプラス／前日より出来高増加,2026-09-24,2026-09-24T20:37:25.614605+09:00
5911,横河ブリッジホールディングス,プライム（内国株式）,金属製品,TOPIX Small 1,3005.0,266.96399,3,株価が25日線より上／25日線が75日線より上／MACDがプラス,2026-09-24,2026-09-24T20:37:25.616266+09:00
5929,三和ホールディングス,プライム（内国株式）,金属製品,TOPIX Mid400,3480.0,2121.29627,0,,2026-09-24,2026-09-24T20:37:25.628861+09:00
5930,文化シヤッター,プライム（内国株式）,金属製品,TOPIX Small 1,1908.0,185.10132,2,株価が25日線より上／MACDがプラス,2026-09-24,2026-09-24T20:37:25.630779+09:00
5932,三協立山,プライム（内国株式）,金属製品,TOPIX Small 2,659.0,42.17053,2,25日線が75日線より上／前日より出来高増加,2026-09-24,2026-09-24T20:37:25.632416+09:00
5933,アルインコ,プライム（内国株式）,金属製品,TOPIX Small 2,1115.0,40.90514217956543,4,株価が25日線より上／25日線が75日線より上／MACDがプラス／前日より出来高増加,2026-09-24,2026-09-24T20:37:25.634147+09:00
5938,ＬＩＸＩＬ,プライム（内国株式）,金属製品,TOPIX Mid400,1725.0,3256.377495,0,,2026-09-24,2026-09-24T20:37:25.638195+09:00
5940,不二サッシ,スタンダード（内国株式）,金属製品,-,748.0,10.949065,3,25日線が75日線より上／MACDがプラス／前日より出来高増加,2026-09-24,2026-09-24T20:37:25.645085+09:00
5942,日本フイルコン,スタンダード（内国株式）,金属製品,-,655.0,19.183995,4,株価が25日線より上／25日線が75日線より上／MACDがプラス／前日より出来高増加,2026-09-24,2026-09-24T20:37:25.649792+09:00
5943,ノーリツ,プライム（内国株式）,金属製品,TOPIX Small 1,2219.0,200.425785,1,25日線が75日線より上,2026-09-24,2026-09-24T20:37:25.651985+09:00
5946,長府製作所,プライム（内国株式）,金属製品,TOPIX Small 2,1986.0,108.49572,1,25日線が75日線より上,2026-09-24,2026-09-24T20:37:25.655311+09:00
5947,リンナイ,プライム（内国株式）,金属製品,TOPIX Mid400,3438.0,1098.20748,0,,2026-09-24,2026-09-24T20:37:25.657652+09:00
5949,ユニプレス,プライム（内国株式）,輸送用機器,TOPIX Small 1,1329.0,219.686125,3,25日線が75日線より上／MACDがプラス／前日より出来高増加,2026-09-24,2026-09-24T20:37:25.660270+09:00
5951,ダイニチ工業,スタンダード（内国株式）,金属製品,-,1135.0,11.495325,1,25日線が75日線より上,2026-09-24,2026-09-24T20:37:25.663411+09:00
5955,ワイズホールディングス,スタンダード（内国株式）,金属製品,-,84.0,60.894575,3,株価が25日線より上／25日線が75日線より上／前日より出来高増加,2026-09-24,2026-09-24T20:37:25.668216+09:00
5957,日東精工,プライム（内国株式）,金属製品,TOPIX Small 2,781.0,61.13947,2,株価が25日線より上／前日より出来高増加,2026-09-24,2026-09-24T20:37:25.673044+09:00
5959,岡部,プライム（内国株式）,金属製品,TOPIX Small 2,945.0,69.50599,3,25日線が75日線より上／MACDがプラス／前日より出来高増加,2026-09-24,2026-09-24T20:37:25.680673+09:00
5965,フジマック,スタンダード（内国株式）,金属製品,-,1211.0,12.212615,3,株価が25日線より上／25日線が75日線より上／MACDがプラス,2026-09-24,2026-09-24T20:37:25.693143+09:00
5970,ジーテクト,プライム（内国株式）,金属製品,TOPIX Small 1,2283.0,221.22752,3,25日線が75日線より上／MACDがプラス／前日より出来高増加,2026-09-24,2026-09-24T20:37:25.703180+09:00
5975,東プレ,プライム（内国株式）,金属製品,TOPIX Small 1,3405.0,398.6087,3,株価が25日線より上／25日線が75日線より上／MACDがプラス,2026-09-24,2026-09-24T20:37:25.716542+09:00
5976,高周波熱錬,プライム（内国株式）,金属製品,TOPIX Small 2,1481.0,113.815375,2,25日線が75日線より上／MACDがプラス,2026-09-24,2026-09-24T20:37:25.719773+09:00
5981,東京製綱,プライム（内国株式）,金属製品,TOPIX Small 2,1891.0,177.922125,1,前日より出来高増加,2026-09-24,2026-09-24T20:37:25.722621+09:00
5982,マルゼン,スタンダード（内国株式）,金属製品,-,4075.0,13.609065185546875,3,25日線が75日線より上／MACDがプラス／前日より出来高増加,2026-09-24,2026-09-24T20:37:25.728959+09:00
5983,イワブチ,スタンダード（内国株式）,金属製品,-,14020.0,24.9889,3,株価が25日線より上／MACDがプラス／前日より出来高増加,2026-09-24,2026-09-24T20:37:25.732120+09:00
5985,サンコール,スタンダード（内国株式）,金属製品,TOPIX Small 2,2416.0,2121.45153,4,株価が25日線より上／25日線が75日線より上／MACDがプラス／前日より出来高増加,2026-09-24,2026-09-24T20:37:25.737104+09:00
5988,パイオラックス,プライム（内国株式）,金属製品,TOPIX Small 1,1696.0,124.298715,1,25日線が75日線より上,2026-09-24,2026-09-24T20:37:27.697879+09:00
5989,エイチワン,プライム（内国株式）,金属製品,TOPIX Small 2,1495.0,184.8747,0,,2026-09-24,2026-09-24T20:37:27.700516+09:00
5991,日本発條,プライム（内国株式）,金属製品,TOPIX Mid400,3430.0,2196.00042,1,株価が25日線より上,2026-09-24,2026-09-24T20:37:27.708412+09:00
5992,中央発條,スタンダード（内国株式）,金属製品,TOPIX Small 2,3695.0,77.922825,2,株価が25日線より上／前日より出来高増加,2026-09-24,2026-09-24T20:37:27.711570+09:00
5998,アドバネクス,スタンダード（内国株式）,金属製品,-,2881.0,36.593065,3,株価が25日線より上／MACDがプラス／前日より出来高増加,2026-09-24,2026-09-24T20:37:27.719691+09:00
6005,三浦工業,プライム（内国株式）,機械,TOPIX Mid400,3201.0,1128.55085,2,株価が25日線より上／前日より出来高増加,2026-09-24,2026-09-24T20:37:27.723479+09:00
6013,タクマ,プライム（内国株式）,機械,TOPIX Small 1,3010.0,597.73712,0,,2026-09-24,2026-09-24T20:37:27.726423+09:00
6016,ジャパンエンジンコーポレーション,スタンダード（内国株式）,輸送用機器,-,12010.0,1445.65825,3,株価が25日線より上／25日線が75日線より上／MACDがプラス,2026-09-24,2026-09-24T20:37:27.728859+09:00
6023,ダイハツインフィニアース,スタンダード（内国株式）,輸送用機器,-,3370.0,482.17417,4,株価が25日線より上／25日線が75日線より上／MACDがプラス／前日より出来高増加,2026-09-24,2026-09-24T20:37:27.738444+09:00
6027,弁護士ドットコム,プライム（内国株式）,サービス業,TOPIX Small 2,5300.0,1999.169675,4,株価が25日線より上／25日線が75日線より上／MACDがプラス／前日より出来高増加,2026-09-24,2026-09-24T20:37:27.741409+09:00
6030,アドベンチャー,グロース（内国株式）,サービス業,-,1790.0,24.652615,4,株価が25日線より上／25日線が75日線より上／MACDがプラス／前日より出来高増加,2026-09-24,2026-09-24T20:37:27.746532+09:00
6031,ＺＥＴＡ,グロース（内国株式）,サービス業,-,287.0,20.10654,4,株価が25日線より上／25日線が75日線より上／MACDがプラス／前日より出来高増加,2026-09-24,2026-09-24T20:37:27.749983+09:00
6033,エクストリーム,グロース（内国株式）,サービス業,-,1726.0,43.9902,4,株価が25日線より上／25日線が75日線より上／MACDがプラス／前日より出来高増加,2026-09-24,2026-09-24T20:37:27.755019+09:00
6035,アイ・アールジャパンホールディングス,スタンダード（内国株式）,サービス業,TOPIX Small 2,760.0,25.328385,3,株価が25日線より上／25日線が75日線より上／MACDがプラス,2026-09-24,2026-09-24T20:37:27.759542+09:00
6036,ＫｅｅＰｅｒ技研,プライム（内国株式）,サービス業,TOPIX Small 1,3495.0,517.7342,4,株価が25日線より上／25日線が75日線より上／MACDがプラス／前日より出来高増加,2026-09-24,2026-09-24T20:37:27.761555+09:00
6037,楽待,スタンダード（内国株式）,サービス業,-,1089.0,54.35222,4,株価が25日線より上／25日線が75日線より上／MACDがプラス／前日より出来高増加,2026-09-24,2026-09-24T20:37:27.763446+09:00
6039,日本動物高度医療センター,グロース（内国株式）,サービス業,-,1012.0,44.36811,0,,2026-09-24,2026-09-24T20:37:27.768893+09:00
6040,日本スキー場開発,グロース（内国株式）,サービス業,-,459.0,11.035575,1,前日より出来高増加,2026-09-24,2026-09-24T20:37:27.773965+09:00
6045,レントラックス,グロース（内国株式）,サービス業,-,2093.0,77.29388,3,25日線が75日線より上／MACDがプラス／前日より出来高増加,2026-09-24,2026-09-24T20:37:27.780203+09:00
6046,リンクバル,スタンダード（内国株式）,サービス業,-,154.0,83.05013,4,株価が25日線より上／25日線が75日線より上／MACDがプラス／前日より出来高増加,2026-09-24,2026-09-24T20:37:27.782103+09:00
6047,Ｇｕｎｏｓｙ,スタンダード（内国株式）,サービス業,TOPIX Small 2,387.0,38.14451,1,前日より出来高増加,2026-09-24,2026-09-24T20:37:27.784008+09:00
6050,イー・ガーディアン,プライム（内国株式）,サービス業,TOPIX Small 2,1812.0,30.84597,4,株価が25日線より上／25日線が75日線より上／MACDがプラス／前日より出来高増加,2026-09-24,2026-09-24T20:37:27.791494+09:00
6055,ジャパンマテリアル,プライム（内国株式）,サービス業,TOPIX Small 1,2325.0,1265.30675,2,株価が25日線より上／前日より出来高増加,2026-09-24,2026-09-24T20:37:27.797059+09:00
6058,ベクトル,プライム（内国株式）,サービス業,TOPIX Small 2,1916.0,1106.030045,3,25日線が75日線より上／MACDがプラス／前日より出来高増加,2026-09-24,2026-09-24T20:37:27.799635+09:00
6061,ユニバーサル園芸社,スタンダード（内国株式）,サービス業,-,3160.0,16.87045,3,25日線が75日線より上／MACDがプラス／前日より出来高増加,2026-09-24,2026-09-24T20:37:27.807037+09:00
6062,チャーム・ケア・コーポレーション,プライム（内国株式）,サービス業,TOPIX Small 2,1426.0,127.46015,4,株価が25日線より上／25日線が75日線より上／MACDがプラス／前日より出来高増加,2026-09-24,2026-09-24T20:37:27.810424+09:00
6069,トレンダーズ,グロース（内国株式）,サービス業,-,679.0,12.22798,2,25日線が75日線より上／前日より出来高増加,2026-09-24,2026-09-24T20:37:27.816357+09:00
6070,キャリアリンク,プライム（内国株式）,サービス業,TOPIX Small 2,2536.0,90.91928,3,25日線が75日線より上／MACDがプラス／前日より出来高増加,2026-09-24,2026-09-24T20:37:27.820739+09:00
6071,ＩＢＪ,プライム（内国株式）,サービス業,TOPIX Small 2,914.0,237.412285,3,25日線が75日線より上／MACDがプラス／前日より出来高増加,2026-09-24,2026-09-24T20:37:27.823880+09:00
6072,地盤ネットホールディングス,スタンダード（内国株式）,サービス業,-,1080.0,505.645095,4,株価が25日線より上／25日線が75日線より上／MACDがプラス／前日より出来高増加,2026-09-24,2026-09-24T20:37:27.826396+09:00
6073,アサンテ,プライム（内国株式）,サービス業,TOPIX Small 2,1494.0,22.07722,3,25日線が75日線より上／MACDがプラス／前日より出来高増加,2026-09-24,2026-09-24T20:37:27.828675+09:00
6078,バリューＨＲ,プライム（内国株式）,サービス業,TOPIX Small 2,1568.0,44.771715,3,25日線が75日線より上／MACDがプラス／前日より出来高増加,2026-09-24,2026-09-24T20:37:27.835162+09:00
6080,Ｍ＆Ａキャピタルパートナーズ,プライム（内国株式）,サービス業,TOPIX Small 1,4275.0,383.9327,3,株価が25日線より上／25日線が75日線より上／MACDがプラス,2026-09-24,2026-09-24T20:37:27.839054+09:00
6081,アライドアーキテクツ,グロース（内国株式）,サービス業,-,141.0,199.0625,0,,2026-09-24,2026-09-24T20:37:27.841249+09:00
6082,ライドオンエクスプレスホールディングス,スタンダード（内国株式）,サービス業,TOPIX Small 2,990.0,22.507865,1,25日線が75日線より上,2026-09-24,2026-09-24T20:37:27.843198+09:00
6083,ＥＲＩホールディングス,スタンダード（内国株式）,サービス業,-,1678.0,54.61565,4,株価が25日線より上／25日線が75日線より上／MACDがプラス／前日より出来高増加,2026-09-24,2026-09-24T20:37:27.845091+09:00
6085,アーキテクツ・スタジオ・ジャパン,グロース（内国株式）,サービス業,-,120.0,2158.809935,0,,2026-09-24,2026-09-24T20:37:27.846960+09:00
6086,シンメンテホールディングス,グロース（内国株式）,サービス業,-,1034.0,25.44883,2,株価が25日線より上／前日より出来高増加,2026-09-24,2026-09-24T20:37:27.850114+09:00
6088,シグマクシス・ホールディングス,プライム（内国株式）,サービス業,TOPIX Small 1,589.0,232.02269,4,株価が25日線より上／25日線が75日線より上／MACDがプラス／前日より出来高増加,2026-09-24,2026-09-24T20:37:27.857097+09:00
6089,ウィルグループ,プライム（内国株式）,サービス業,TOPIX Small 2,1167.0,53.813395,4,株価が25日線より上／25日線が75日線より上／MACDがプラス／前日より出来高増加,2026-09-24,2026-09-24T20:37:29.893730+09:00
6091,ウエスコホールディングス,スタンダード（内国株式）,サービス業,-,993.0,29.05003,4,株価が25日線より上／25日線が75日線より上／MACDがプラス／前日より出来高増加,2026-09-24,2026-09-24T20:37:29.903761+09:00
6092,エンバイオ・ホールディングス,スタンダード（内国株式）,サービス業,-,821.0,15.648295,3,25日線が75日線より上／MACDがプラス／前日より出来高増加,2026-09-24,2026-09-24T20:37:29.907764+09:00
6093,ミトラグループ,スタンダード（内国株式）,サービス業,-,163.0,11.797154217681884,3,株価が25日線より上／25日線が75日線より上／MACDがプラス,2026-09-24,2026-09-24T20:37:29.910190+09:00
6094,フリークアウト・ホールディングス,グロース（内国株式）,サービス業,-,530.0,14.174975,1,25日線が75日線より上,2026-09-24,2026-09-24T20:37:29.915053+09:00
6098,リクルートホールディングス,プライム（内国株式）,サービス業,TOPIX Core30,16000.0,77675.0416,3,25日線が75日線より上／MACDがプラス／前日より出来高増加,2026-09-24,2026-09-24T20:37:29.920469+09:00
6099,エラン,プライム（内国株式）,サービス業,TOPIX Small 2,731.0,56.43939,1,前日より出来高増加,2026-09-24,2026-09-24T20:37:29.923360+09:00
6101,ツガミ,プライム（内国株式）,機械,TOPIX Small 1,5150.0,1541.26655,0,,2026-09-24,2026-09-24T20:37:29.925952+09:00
6103,オークマ,プライム（内国株式）,機械,TOPIX Small 1,4560.0,1804.387975,0,,2026-09-24,2026-09-24T20:37:29.929160+09:00
6104,芝浦機械,プライム（内国株式）,機械,TOPIX Small 1,4635.0,644.1408,3,株価が25日線より上／MACDがプラス／前日より出来高増加,2026-09-24,2026-09-24T20:37:29.933386+09:00
6113,アマダ,プライム（内国株式）,機械,TOPIX Mid400,2486.0,5606.33971,0,,2026-09-24,2026-09-24T20:37:29.935561+09:00
6118,アイダエンジニアリング,プライム（内国株式）,機械,TOPIX Small 1,1194.0,393.41227,2,25日線が75日線より上／前日より出来高増加,2026-09-24,2026-09-24T20:37:29.937577+09:00
6125,岡本工作機械製作所,スタンダード（内国株式）,機械,-,4805.0,172.9166,2,株価が25日線より上／前日より出来高増加,2026-09-24,2026-09-24T20:37:29.939523+09:00
6134,ＦＵＪＩ,プライム（内国株式）,機械,TOPIX Mid400,7399.0,5281.21688,1,株価が25日線より上,2026-09-24,2026-09-24T20:37:29.941447+09:00
6135,牧野フライス製作所,プライム（内国株式）,機械,TOPIX Small 1,15460.0,1764.6213,3,株価が25日線より上／25日線が75日線より上／MACDがプラス,2026-09-24,2026-09-24T20:37:29.943474+09:00
6136,オーエスジー,プライム（内国株式）,機械,TOPIX Mid400,3540.0,1132.35786,0,,2026-09-24,2026-09-24T20:37:29.947804+09:00
6137,小池酸素工業,スタンダード（内国株式）,機械,-,1536.0,38.64061,4,株価が25日線より上／25日線が75日線より上／MACDがプラス／前日より出来高増加,2026-09-24,2026-09-24T20:37:29.951042+09:00
6138,ダイジェット工業,スタンダード（内国株式）,機械,-,1986.0,22.344685,3,25日線が75日線より上／MACDがプラス／前日より出来高増加,2026-09-24,2026-09-24T20:37:29.954094+09:00
6140,旭ダイヤモンド工業,プライム（内国株式）,機械,TOPIX Small 1,1128.0,577.426605,0,,2026-09-24,2026-09-24T20:37:29.956665+09:00
6141,ＤＭＧ森精機,プライム（内国株式）,機械,TOPIX Mid400,2896.0,4569.5355625,1,前日より出来高増加,2026-09-24,2026-09-24T20:37:29.959225+09:00
6143,ソディック,プライム（内国株式）,機械,TOPIX Small 1,1688.0,714.3022,1,前日より出来高増加,2026-09-24,2026-09-24T20:37:29.961971+09:00
6144,西部電機,スタンダード（内国株式）,機械,-,2837.0,12.083985,0,,2026-09-24,2026-09-24T20:37:29.965701+09:00
6145,ＮＩＴＴＯＫＵ,スタンダード（内国株式）,機械,-,2663.0,226.034005,2,株価が25日線より上／MACDがプラス,2026-09-24,2026-09-24T20:37:29.968655+09:00
6146,ディスコ,プライム（内国株式）,機械,TOPIX Large70,53320.0,76593.38385,0,,2026-09-24,2026-09-24T20:37:29.971199+09:00
6149,小田原エンジニアリング,スタンダード（内国株式）,機械,-,2207.0,21.124505,2,25日線が75日線より上／前日より出来高増加,2026-09-24,2026-09-24T20:37:29.976057+09:00
6151,日東工器,プライム（内国株式）,機械,TOPIX Small 2,1754.0,23.768705,3,株価が25日線より上／25日線が75日線より上／MACDがプラス,2026-09-24,2026-09-24T20:37:29.982813+09:00
6156,エーワン精密,スタンダード（内国株式）,機械,-,1836.0,19.17006,2,25日線が75日線より上／前日より出来高増加,2026-09-24,2026-09-24T20:37:29.987216+09:00
6157,日進工具,スタンダード（内国株式）,機械,TOPIX Small 2,817.0,60.853905,1,前日より出来高増加,2026-09-24,2026-09-24T20:37:29.989139+09:00
6165,パンチ工業,スタンダード（内国株式）,機械,-,550.0,40.97268,4,株価が25日線より上／25日線が75日線より上／MACDがプラス／前日より出来高増加,2026-09-24,2026-09-24T20:37:29.999860+09:00
6166,中村超硬,グロース（内国株式）,機械,-,660.0,95.662745,4,株価が25日線より上／25日線が75日線より上／MACDがプラス／前日より出来高増加,2026-09-24,2026-09-24T20:37:30.002483+09:00
6167,冨士ダイス,プライム（内国株式）,機械,TOPIX Small 2,1008.0,56.026135,2,25日線が75日線より上／前日より出来高増加,2026-09-24,2026-09-24T20:37:30.005027+09:00
6176,ブランジスタ,スタンダード（内国株式）,サービス業,-,1050.0,226.329825,4,株価が25日線より上／25日線が75日線より上／MACDがプラス／前日より出来高増加,2026-09-24,2026-09-24T20:37:30.010062+09:00
6177,ＡｐｐＢａｎｋ,グロース（内国株式）,サービス業,-,84.0,34.38909,2,25日線が75日線より上／MACDがプラス,2026-09-24,2026-09-24T20:37:30.013789+09:00
6178,日本郵政,プライム（内国株式）,サービス業,TOPIX Large70,2485.0,13820.3129775,3,株価が25日線より上／25日線が75日線より上／MACDがプラス,2026-09-24,2026-09-24T20:37:30.016772+09:00
6182,メタリアル,グロース（内国株式）,サービス業,-,534.0,12.347405,4,株価が25日線より上／25日線が75日線より上／MACDがプラス／前日より出来高増加,2026-09-24,2026-09-24T20:37:30.022501+09:00
6183,ベルシステム２４ホールディングス,プライム（内国株式）,サービス業,TOPIX Small 2,1368.0,383.1672553442383,2,25日線が75日線より上／MACDがプラス,2026-09-24,2026-09-24T20:37:30.024493+09:00
6184,鎌倉新書,プライム（内国株式）,サービス業,TOPIX Small 2,606.0,101.202655,4,株価が25日線より上／25日線が75日線より上／MACDがプラス／前日より出来高増加,2026-09-24,2026-09-24T20:37:30.027162+09:00
6189,グローバルキッズＣＯＭＰＡＮＹ,スタンダード（内国株式）,サービス業,-,1013.0,11.87622,2,25日線が75日線より上／前日より出来高増加,2026-09-24,2026-09-24T20:37:30.037100+09:00
6191,エアトリ,プライム（内国株式）,サービス業,TOPIX Small 2,1545.0,1377.139995,4,株価が25日線より上／25日線が75日線より上／MACDがプラス／前日より出来高増加,2026-09-24,2026-09-24T20:37:30.042191+09:00
6193,バーチャレクス・ホールディングス,グロース（内国株式）,サービス業,-,1197.0,11.66716,4,株価が25日線より上／25日線が75日線より上／MACDがプラス／前日より出来高増加,2026-09-24,2026-09-24T20:37:30.045194+09:00
6194,アトラエ,プライム（内国株式）,サービス業,TOPIX Small 2,890.0,141.16309,4,株価が25日線より上／25日線が75日線より上／MACDがプラス／前日より出来高増加,2026-09-24,2026-09-24T20:37:30.049830+09:00
6196,ストライクグループ,プライム（内国株式）,サービス業,TOPIX Small 1,1423.0,669.111925,3,株価が25日線より上／25日線が75日線より上／MACDがプラス,2026-09-24,2026-09-24T20:37:30.054655+09:00
6199,セラク,スタンダード（内国株式）,情報・通信業,TOPIX Small 2,1401.0,26.2965477734375,4,株価が25日線より上／25日線が75日線より上／MACDがプラス／前日より出来高増加,2026-09-24,2026-09-24T20:37:30.060064+09:00
6200,インソース,プライム（内国株式）,サービス業,TOPIX Small 1,726.0,248.97278,4,株価が25日線より上／25日線が75日線より上／MACDがプラス／前日より出来高増加,2026-09-24,2026-09-24T20:37:30.065311+09:00
6203,豊和工業,スタンダード（内国株式）,機械,-,2455.0,18004.75456,3,株価が25日線より上／25日線が75日線より上／MACDがプラス,2026-09-24,2026-09-24T20:37:30.068606+09:00
6208,石川製作所,スタンダード（内国株式）,機械,-,1781.0,640.9089,2,株価が25日線より上／MACDがプラス,2026-09-24,2026-09-24T20:37:32.413296+09:00
6209,リケンＮＰＲ,プライム（内国株式）,機械,TOPIX Small 1,3950.0,341.39965,1,株価が25日線より上,2026-09-24,2026-09-24T20:37:32.416750+09:00
6217,津田駒工業,スタンダード（内国株式）,機械,-,824.0,60.37621,1,株価が25日線より上,2026-09-24,2026-09-24T20:37:32.419723+09:00
6222,島精機製作所,プライム（内国株式）,機械,TOPIX Small 1,928.0,140.86093,2,25日線が75日線より上／前日より出来高増加,2026-09-24,2026-09-24T20:37:32.426149+09:00
6223,西部技研,スタンダード（内国株式）,機械,-,1970.0,57.230555,2,株価が25日線より上／前日より出来高増加,2026-09-24,2026-09-24T20:37:32.428210+09:00
6224,ＪＲＣ,グロース（内国株式）,機械,-,1200.0,38.505884360351565,3,株価が25日線より上／MACDがプラス／前日より出来高増加,2026-09-24,2026-09-24T20:37:32.430155+09:00
6226,守谷輸送機工業,スタンダード（内国株式）,機械,-,2165.0,259.504145,1,前日より出来高増加,2026-09-24,2026-09-24T20:37:32.432034+09:00
6227,ＡＩメカテック,スタンダード（内国株式）,機械,-,6610.0,6357.24265,2,株価が25日線より上／前日より出来高増加,2026-09-24,2026-09-24T20:37:32.434015+09:00
6228,ジェイ・イー・ティ,スタンダード（内国株式）,機械,-,540.0,23.32016,3,株価が25日線より上／MACDがプラス／前日より出来高増加,2026-09-24,2026-09-24T20:37:32.436435+09:00
6229,オーケーエム,スタンダード（内国株式）,機械,-,1490.0,17.24648,1,前日より出来高増加,2026-09-24,2026-09-24T20:37:32.439294+09:00
6231,木村工機,スタンダード（内国株式）,機械,-,12100.0,136.52285,2,25日線が75日線より上／前日より出来高増加,2026-09-24,2026-09-24T20:37:32.444295+09:00
6232,ＡＣＳＬ,グロース（内国株式）,機械,-,1359.0,1828.863185,0,,2026-09-24,2026-09-24T20:37:32.446324+09:00
6235,オプトラン,プライム（内国株式）,機械,TOPIX Small 1,2542.0,753.696795,1,前日より出来高増加,2026-09-24,2026-09-24T20:37:32.450163+09:00
6237,イワキポンプ,プライム（内国株式）,機械,TOPIX Small 2,4080.0,289.7864,2,株価が25日線より上／前日より出来高増加,2026-09-24,2026-09-24T20:37:32.452804+09:00
6238,フリュー,プライム（内国株式）,機械,TOPIX Small 2,1451.0,145.017705,4,株価が25日線より上／25日線が75日線より上／MACDがプラス／前日より出来高増加,2026-09-24,2026-09-24T20:37:32.455150+09:00
6240,ヤマシンフィルタ,プライム（内国株式）,機械,TOPIX Small 2,524.0,142.696695,2,25日線が75日線より上／前日より出来高増加,2026-09-24,2026-09-24T20:37:32.460471+09:00
6245,ヒラノテクシード,スタンダード（内国株式）,機械,-,1829.0,93.32825,4,株価が25日線より上／25日線が75日線より上／MACDがプラス／前日より出来高増加,2026-09-24,2026-09-24T20:37:32.462446+09:00
6246,テクノスマート,スタンダード（内国株式）,機械,-,1838.0,10.227085,2,株価が25日線より上／前日より出来高増加,2026-09-24,2026-09-24T20:37:32.464348+09:00
6247,日阪製作所,プライム（内国株式）,機械,TOPIX Small 2,1720.0,105.63033,1,25日線が75日線より上,2026-09-24,2026-09-24T20:37:32.466661+09:00
6249,ゲームカードホールディングス,スタンダード（内国株式）,機械,-,2880.0,17.55068,4,株価が25日線より上／25日線が75日線より上／MACDがプラス／前日より出来高増加,2026-09-24,2026-09-24T20:37:32.470491+09:00
6250,やまびこ,プライム（内国株式）,機械,TOPIX Small 1,4440.0,551.49455,3,株価が25日線より上／25日線が75日線より上／MACDがプラス,2026-09-24,2026-09-24T20:37:32.474134+09:00
6254,野村マイクロ・サイエンス,プライム（内国株式）,機械,TOPIX Small 1,3375.0,1498.6018,0,,2026-09-24,2026-09-24T20:37:32.476538+09:00
6255,エヌ・ピー・シー,グロース（内国株式）,機械,-,675.0,126.86202600341797,3,株価が25日線より上／MACDがプラス／前日より出来高増加,2026-09-24,2026-09-24T20:37:32.478708+09:00
6257,藤商事,スタンダード（内国株式）,機械,-,1020.0,23.240715,4,株価が25日線より上／25日線が75日線より上／MACDがプラス／前日より出来高増加,2026-09-24,2026-09-24T20:37:32.480654+09:00
6258,平田機工,プライム（内国株式）,機械,TOPIX Small 1,3795.0,1001.437125,3,株価が25日線より上／25日線が75日線より上／MACDがプラス,2026-09-24,2026-09-24T20:37:32.482628+09:00
6262,ＰＥＧＡＳＵＳ,スタンダード（内国株式）,機械,TOPIX Small 2,534.0,25.05073,2,株価が25日線より上／25日線が75日線より上,2026-09-24,2026-09-24T20:37:32.484489+09:00
6264,マルマエ,プライム（内国株式）,機械,TOPIX Small 2,1895.0,959.2319303686523,1,前日より出来高増加,2026-09-24,2026-09-24T20:37:32.486344+09:00
6266,タツモ,プライム（内国株式）,機械,TOPIX Small 2,3720.0,779.20845,2,株価が25日線より上／前日より出来高増加,2026-09-24,2026-09-24T20:37:32.492698+09:00
6268,ナブテスコ,プライム（内国株式）,機械,TOPIX Mid400,4759.0,4347.317125,1,株価が25日線より上,2026-09-24,2026-09-24T20:37:32.496614+09:00
6269,三井海洋開発,プライム（内国株式）,機械,TOPIX Mid400,9133.0,5786.75016,0,,2026-09-24,2026-09-24T20:37:32.498897+09:00
6272,レオン自動機,プライム（内国株式）,機械,TOPIX Small 2,1518.0,90.172345,2,25日線が75日線より上／前日より出来高増加,2026-09-24,2026-09-24T20:37:32.501042+09:00
6273,ＳＭＣ,プライム（内国株式）,機械,TOPIX Large70,68510.0,17096.5973,0,,2026-09-24,2026-09-24T20:37:32.503050+09:00
6276,シリウスビジョン,スタンダード（内国株式）,電気機器,-,372.0,29.13198,4,株価が25日線より上／25日線が75日線より上／MACDがプラス／前日より出来高増加,2026-09-24,2026-09-24T20:37:32.506556+09:00
6277,ホソカワミクロン,プライム（内国株式）,機械,TOPIX Small 1,6130.0,231.7734,4,株価が25日線より上／25日線が75日線より上／MACDがプラス／前日より出来高増加,2026-09-24,2026-09-24T20:37:32.510086+09:00
6278,ユニオンツール,プライム（内国株式）,機械,TOPIX Small 1,14250.0,2739.42175,2,株価が25日線より上／前日より出来高増加,2026-09-24,2026-09-24T20:37:32.513122+09:00
6279,瑞光,プライム（内国株式）,機械,TOPIX Small 2,944.0,16.3825,4,株価が25日線より上／25日線が75日線より上／MACDがプラス／前日より出来高増加,2026-09-24,2026-09-24T20:37:32.516343+09:00
6282,オイレス工業,プライム（内国株式）,機械,TOPIX Small 1,2974.0,383.73892,4,株価が25日線より上／25日線が75日線より上／MACDがプラス／前日より出来高増加,2026-09-24,2026-09-24T20:37:32.519424+09:00
6284,日精エー・エス・ビー機械,プライム（内国株式）,機械,TOPIX Small 1,8550.0,245.04755,0,,2026-09-24,2026-09-24T20:37:32.523766+09:00
6287,サトー,プライム（内国株式）,機械,TOPIX Small 1,2708.0,280.29849,2,25日線が75日線より上／前日より出来高増加,2026-09-24,2026-09-24T20:37:32.529876+09:00
6289,技研製作所,プライム（内国株式）,機械,TOPIX Small 2,1933.0,142.3692487976074,4,株価が25日線より上／25日線が75日線より上／MACDがプラス／前日より出来高増加,2026-09-24,2026-09-24T20:37:32.532945+09:00
6291,日本エアーテック,スタンダード（内国株式）,機械,TOPIX Small 2,1339.0,36.40552,2,25日線が75日線より上／前日より出来高増加,2026-09-24,2026-09-24T20:37:32.535904+09:00
6294,オカダアイヨン,プライム（内国株式）,機械,-,1965.0,42.29574,1,株価が25日線より上,2026-09-24,2026-09-24T20:37:32.542621+09:00
6298,ワイエイシイホールディングス,プライム（内国株式）,機械,TOPIX Small 2,1271.0,165.57481,1,前日より出来高増加,2026-09-24,2026-09-24T20:37:32.545035+09:00
6301,小松製作所,プライム（内国株式）,機械,TOPIX Large70,7209.0,20785.097545,1,25日線が75日線より上,2026-09-24,2026-09-24T20:37:32.548367+09:00
6302,住友重機械工業,プライム（内国株式）,機械,TOPIX Mid400,5921.0,4525.915265,3,株価が25日線より上／25日線が75日線より上／MACDがプラス,2026-09-24,2026-09-24T20:37:32.551415+09:00
6305,日立建機,プライム（内国株式）,機械,TOPIX Mid400,5645.0,8268.89336,2,25日線が75日線より上／MACDがプラス,2026-09-24,2026-09-24T20:37:32.554925+09:00
6306,日工,プライム（内国株式）,機械,TOPIX Small 2,1010.0,89.079125,3,25日線が75日線より上／MACDがプラス／前日より出来高増加,2026-09-24,2026-09-24T20:37:32.559136+09:00
6309,巴工業,プライム（内国株式）,機械,TOPIX Small 2,1964.0,212.799885,3,25日線が75日線より上／MACDがプラス／前日より出来高増加,2026-09-24,2026-09-24T20:37:32.565425+09:00
6310,井関農機,プライム（内国株式）,機械,TOPIX Small 2,1969.0,251.67211,4,株価が25日線より上／25日線が75日線より上／MACDがプラス／前日より出来高増加,2026-09-24,2026-09-24T20:37:32.568544+09:00
6315,ＴＯＷＡ,プライム（内国株式）,機械,TOPIX Small 1,2175.0,6635.28812,1,前日より出来高増加,2026-09-24,2026-09-24T20:37:32.573549+09:00
6316,丸山製作所,スタンダード（内国株式）,機械,-,2994.0,29.87275,4,株価が25日線より上／25日線が75日線より上／MACDがプラス／前日より出来高増加,2026-09-24,2026-09-24T20:37:34.524486+09:00
6317,北川鉄工所,スタンダード（内国株式）,機械,TOPIX Small 2,2570.0,215.586395,4,株価が25日線より上／25日線が75日線より上／MACDがプラス／前日より出来高増加,2026-09-24,2026-09-24T20:37:34.527391+09:00
6323,ローツェ,プライム（内国株式）,機械,TOPIX Mid400,3706.0,4702.759,0,,2026-09-24,2026-09-24T20:37:34.531235+09:00
6324,ハーモニック・ドライブ・システムズ,プライム（内国株式）,機械,TOPIX Small 2,6350.0,5857.3649,2,株価が25日線より上／前日より出来高増加,2026-09-24,2026-09-24T20:37:34.534556+09:00
6326,クボタ,プライム（内国株式）,機械,TOPIX Large70,2750.5,13683.23079,2,25日線が75日線より上／前日より出来高増加,2026-09-24,2026-09-24T20:37:34.540437+09:00
6327,北川精機,スタンダード（内国株式）,機械,-,3160.0,680.47984,2,株価が25日線より上／前日より出来高増加,2026-09-24,2026-09-24T20:37:34.542575+09:00
6328,荏原実業,プライム（内国株式）,機械,TOPIX Small 2,2391.0,148.759785,3,株価が25日線より上／25日線が75日線より上／前日より出来高増加,2026-09-24,2026-09-24T20:37:34.544677+09:00
6330,東洋エンジニアリング,プライム（内国株式）,建設業,TOPIX Small 2,2640.0,22529.028005,4,株価が25日線より上／25日線が75日線より上／MACDがプラス／前日より出来高増加,2026-09-24,2026-09-24T20:37:34.547448+09:00
6331,三菱化工機,プライム（内国株式）,機械,TOPIX Small 1,3350.0,393.4698,3,株価が25日線より上／MACDがプラス／前日より出来高増加,2026-09-24,2026-09-24T20:37:34.550270+09:00
6332,月島ホールディングス,プライム（内国株式）,機械,TOPIX Small 1,2700.0,355.938315,1,25日線が75日線より上,2026-09-24,2026-09-24T20:37:34.553972+09:00
6333,ＴＥＩＫＯＫＵ,プライム（内国株式）,機械,TOPIX Small 2,3570.0,117.3473,4,株価が25日線より上／25日線が75日線より上／MACDがプラス／前日より出来高増加,2026-09-24,2026-09-24T20:37:34.556441+09:00
6335,東京機械製作所,スタンダード（内国株式）,機械,-,584.0,14.19006,1,前日より出来高増加,2026-09-24,2026-09-24T20:37:34.560228+09:00
6336,石井表記,スタンダード（内国株式）,機械,-,1483.0,234.55783,1,前日より出来高増加,2026-09-24,2026-09-24T20:37:34.562077+09:00
6337,テセック,スタンダード（内国株式）,機械,-,3565.0,135.19905,3,株価が25日線より上／25日線が75日線より上／MACDがプラス,2026-09-24,2026-09-24T20:37:34.563910+09:00
6338,タカトリ,スタンダード（内国株式）,機械,-,1668.0,17.5827,3,株価が25日線より上／25日線が75日線より上／MACDがプラス,2026-09-24,2026-09-24T20:37:34.567799+09:00
6339,新東工業,プライム（内国株式）,機械,TOPIX Small 2,1215.0,195.958595,3,株価が25日線より上／25日線が75日線より上／前日より出来高増加,2026-09-24,2026-09-24T20:37:34.570370+09:00
6340,澁谷工業,プライム（内国株式）,機械,TOPIX Small 2,5490.0,361.4621,4,株価が25日線より上／25日線が75日線より上／MACDがプラス／前日より出来高増加,2026-09-24,2026-09-24T20:37:34.572374+09:00
6345,アイチ　コーポレーション,プライム（内国株式）,機械,TOPIX Small 2,1467.0,266.43708,4,株価が25日線より上／25日線が75日線より上／MACDがプラス／前日より出来高増加,2026-09-24,2026-09-24T20:37:34.577755+09:00
6349,小森コーポレーション,プライム（内国株式）,機械,TOPIX Small 1,1997.0,273.60317,3,株価が25日線より上／25日線が75日線より上／MACDがプラス,2026-09-24,2026-09-24T20:37:34.585325+09:00
6351,鶴見製作所,プライム（内国株式）,機械,TOPIX Small 2,2636.0,158.437265,3,株価が25日線より上／25日線が75日線より上／MACDがプラス,2026-09-24,2026-09-24T20:37:34.587622+09:00
6356,日本ギア工業,スタンダード（内国株式）,機械,-,1362.0,1279.073035,2,株価が25日線より上／MACDがプラス,2026-09-24,2026-09-24T20:37:34.589635+09:00
6357,三精テクノロジーズ,スタンダード（内国株式）,機械,-,2772.0,124.13988,3,株価が25日線より上／25日線が75日線より上／MACDがプラス,2026-09-24,2026-09-24T20:37:34.591629+09:00
6358,酒井重工業,プライム（内国株式）,機械,TOPIX Small 2,2173.0,43.01006,4,株価が25日線より上／25日線が75日線より上／MACDがプラス／前日より出来高増加,2026-09-24,2026-09-24T20:37:34.593539+09:00
6361,荏原製作所,プライム（内国株式）,機械,TOPIX Mid400,4510.0,13454.56962,1,前日より出来高増加,2026-09-24,2026-09-24T20:37:34.597585+09:00
6363,酉島製作所,プライム（内国株式）,機械,TOPIX Small 1,2956.0,521.389175,1,25日線が75日線より上,2026-09-24,2026-09-24T20:37:34.601498+09:00
6364,ＡＩＲＭＡＮ,プライム（内国株式）,機械,TOPIX Small 2,2544.0,144.492975,4,株価が25日線より上／25日線が75日線より上／MACDがプラス／前日より出来高増加,2026-09-24,2026-09-24T20:37:34.605526+09:00
6366,千代田化工建設,スタンダード（内国株式）,建設業,-,681.0,1200.26579,2,25日線が75日線より上／前日より出来高増加,2026-09-24,2026-09-24T20:37:34.610356+09:00
6367,ダイキン工業,プライム（内国株式）,機械,TOPIX Core30,20720.0,23586.7264,1,前日より出来高増加,2026-09-24,2026-09-24T20:37:34.612374+09:00
6368,オルガノ,プライム（内国株式）,機械,TOPIX Mid400,12675.0,3203.84705,0,,2026-09-24,2026-09-24T20:37:34.614240+09:00
6369,トーヨーカネツ,プライム（内国株式）,機械,TOPIX Small 2,2425.0,192.509255,1,25日線が75日線より上,2026-09-24,2026-09-24T20:37:34.616712+09:00
6370,栗田工業,プライム（内国株式）,機械,TOPIX Mid400,7674.0,4498.23007,0,,2026-09-24,2026-09-24T20:37:34.620465+09:00
6371,椿本チエイン,プライム（内国株式）,機械,TOPIX Small 1,2693.0,458.470875,3,株価が25日線より上／25日線が75日線より上／MACDがプラス,2026-09-24,2026-09-24T20:37:34.622611+09:00
6376,日機装,プライム（内国株式）,精密機器,TOPIX Small 1,3485.0,1844.149725,1,前日より出来高増加,2026-09-24,2026-09-24T20:37:34.624554+09:00
6378,木村化工機,スタンダード（内国株式）,機械,TOPIX Small 2,1199.0,185.261145,0,,2026-09-24,2026-09-24T20:37:34.626474+09:00
6379,レイズネクスト,プライム（内国株式）,建設業,TOPIX Small 2,3100.0,612.04273,4,株価が25日線より上／25日線が75日線より上／MACDがプラス／前日より出来高増加,2026-09-24,2026-09-24T20:37:34.628343+09:00
6380,オリエンタルチエン工業,スタンダード（内国株式）,機械,-,3640.0,62.1478,1,前日より出来高増加,2026-09-24,2026-09-24T20:37:34.630367+09:00
6381,アネスト岩田,プライム（内国株式）,機械,TOPIX Small 2,1920.0,142.421545,2,25日線が75日線より上／MACDがプラス,2026-09-24,2026-09-24T20:37:34.633191+09:00
6382,トリニティ工業,スタンダード（内国株式）,機械,-,1233.0,13.757305,1,25日線が75日線より上,2026-09-24,2026-09-24T20:37:34.636785+09:00
6383,ダイフク,プライム（内国株式）,機械,TOPIX Mid400,5521.0,9188.9853,0,,2026-09-24,2026-09-24T20:37:34.638898+09:00
6384,昭和真空,スタンダード（内国株式）,機械,-,1730.0,16.04635,4,株価が25日線より上／25日線が75日線より上／MACDがプラス／前日より出来高増加,2026-09-24,2026-09-24T20:37:34.640841+09:00
6387,サムコ,プライム（内国株式）,機械,TOPIX Small 2,7960.0,1114.2424,0,,2026-09-24,2026-09-24T20:37:34.642747+09:00
6390,加藤製作所,プライム（内国株式）,機械,-,1326.0,72.20394,2,25日線が75日線より上／前日より出来高増加,2026-09-24,2026-09-24T20:37:34.644576+09:00
6395,タダノ,プライム（内国株式）,機械,TOPIX Small 1,1370.0,428.487575,1,25日線が75日線より上,2026-09-24,2026-09-24T20:37:34.653028+09:00
6405,鈴茂器工,スタンダード（内国株式）,機械,-,1240.0,33.14051,4,株価が25日線より上／25日線が75日線より上／MACDがプラス／前日より出来高増加,2026-09-24,2026-09-24T20:37:34.659857+09:00
6407,ＣＫＤ,プライム（内国株式）,機械,TOPIX Small 1,5200.0,2603.9497,0,,2026-09-24,2026-09-24T20:37:34.661783+09:00
6412,平和,プライム（内国株式）,機械,TOPIX Small 1,2197.0,614.822155,3,25日線が75日線より上／MACDがプラス／前日より出来高増加,2026-09-24,2026-09-24T20:37:36.794667+09:00
6413,理想科学工業,プライム（内国株式）,機械,TOPIX Small 2,1058.0,110.21516,2,25日線が75日線より上／前日より出来高増加,2026-09-24,2026-09-24T20:37:36.797474+09:00
6417,ＳＡＮＫＹＯ,プライム（内国株式）,機械,TOPIX Mid400,2120.0,2398.835075,3,株価が25日線より上／25日線が75日線より上／MACDがプラス,2026-09-24,2026-09-24T20:37:36.799674+09:00
6418,日本金銭機械,プライム（内国株式）,機械,TOPIX Small 2,1268.0,154.547025,3,株価が25日線より上／25日線が75日線より上／MACDがプラス,2026-09-24,2026-09-24T20:37:36.801836+09:00
6419,マースグループホールディングス,プライム（内国株式）,機械,TOPIX Small 1,3165.0,183.444025,2,25日線が75日線より上／MACDがプラス,2026-09-24,2026-09-24T20:37:36.804300+09:00
6420,ガリレイホールディングス,プライム（内国株式）,機械,TOPIX Small 1,3500.0,142.682325,3,株価が25日線より上／25日線が75日線より上／MACDがプラス,2026-09-24,2026-09-24T20:37:36.807243+09:00
6425,ユニバーサルエンターテインメント,スタンダード（内国株式）,機械,-,725.0,126.908735,2,25日線が75日線より上／MACDがプラス,2026-09-24,2026-09-24T20:37:36.814125+09:00
6430,ダイコク電機,プライム（内国株式）,機械,TOPIX Small 2,2477.0,107.259975,2,25日線が75日線より上／MACDがプラス,2026-09-24,2026-09-24T20:37:36.820136+09:00
6432,竹内製作所,プライム（内国株式）,機械,TOPIX Small 1,7300.0,1495.1262881518555,1,25日線が75日線より上,2026-09-24,2026-09-24T20:37:36.823388+09:00
6433,ヒーハイスト,スタンダード（内国株式）,機械,-,1357.0,347.28197,3,株価が25日線より上／25日線が75日線より上／MACDがプラス,2026-09-24,2026-09-24T20:37:36.826942+09:00
6436,アマノ,プライム（内国株式）,機械,TOPIX Mid400,3875.0,969.53586,1,25日線が75日線より上,2026-09-24,2026-09-24T20:37:36.830423+09:00
6440,ＪＵＫＩ,プライム（内国株式）,機械,TOPIX Small 2,789.0,296.414645,4,株価が25日線より上／25日線が75日線より上／MACDがプラス／前日より出来高増加,2026-09-24,2026-09-24T20:37:36.833763+09:00
6444,サンデン,スタンダード（内国株式）,機械,-,198.0,20.77826,4,株価が25日線より上／25日線が75日線より上／MACDがプラス／前日より出来高増加,2026-09-24,2026-09-24T20:37:36.836649+09:00
6445,ジャノメ,プライム（内国株式）,機械,TOPIX Small 2,1357.0,43.444305,2,25日線が75日線より上／前日より出来高増加,2026-09-24,2026-09-24T20:37:36.838649+09:00
6448,ブラザー工業,プライム（内国株式）,電気機器,TOPIX Mid400,4668.0,5278.61605,3,株価が25日線より上／25日線が75日線より上／MACDがプラス,2026-09-24,2026-09-24T20:37:36.840525+09:00
6454,マックス,プライム（内国株式）,機械,TOPIX Small 1,1877.0,525.74931,3,株価が25日線より上／25日線が75日線より上／MACDがプラス,2026-09-24,2026-09-24T20:37:36.843050+09:00
6455,モリタホールディングス,プライム（内国株式）,輸送用機器,TOPIX Small 2,2515.0,177.309855,3,株価が25日線より上／25日線が75日線より上／MACDがプラス,2026-09-24,2026-09-24T20:37:36.846579+09:00
6457,グローリー,プライム（内国株式）,機械,TOPIX Mid400,4511.0,921.800365,1,25日線が75日線より上,2026-09-24,2026-09-24T20:37:36.848947+09:00
6458,新晃工業,プライム（内国株式）,機械,TOPIX Small 1,1241.0,354.087025,1,前日より出来高増加,2026-09-24,2026-09-24T20:37:36.851099+09:00
6459,だいわ,プライム（内国株式）,機械,TOPIX Small 2,1688.0,209.440785,1,株価が25日線より上,2026-09-24,2026-09-24T20:37:36.853678+09:00
6460,セガサミーホールディングス,プライム（内国株式）,機械,TOPIX Mid400,3260.0,3587.54701,3,株価が25日線より上／25日線が75日線より上／MACDがプラス,2026-09-24,2026-09-24T20:37:36.855553+09:00
6463,ＴＰＲ,プライム（内国株式）,機械,TOPIX Small 1,1572.0,221.270225,4,株価が25日線より上／25日線が75日線より上／MACDがプラス／前日より出来高増加,2026-09-24,2026-09-24T20:37:36.857433+09:00
6464,ツバキ・ナカシマ,プライム（内国株式）,機械,TOPIX Small 2,342.0,119.310935,1,前日より出来高増加,2026-09-24,2026-09-24T20:37:36.859803+09:00
6465,ホシザキ,プライム（内国株式）,機械,TOPIX Mid400,5350.0,1758.332915,1,25日線が75日線より上,2026-09-24,2026-09-24T20:37:36.863098+09:00
6466,ＴＶＥ,スタンダード（内国株式）,機械,-,4095.0,90.854325,2,株価が25日線より上／MACDがプラス,2026-09-24,2026-09-24T20:37:36.865142+09:00
6469,放電精密加工研究所,スタンダード（内国株式）,機械,-,2886.0,151.287175,2,株価が25日線より上／25日線が75日線より上,2026-09-24,2026-09-24T20:37:36.869659+09:00
6470,大豊工業,スタンダード（内国株式）,機械,TOPIX Small 2,1141.0,100.9141,2,株価が25日線より上／25日線が75日線より上,2026-09-24,2026-09-24T20:37:36.871554+09:00
6471,日本精工,プライム（内国株式）,機械,TOPIX Mid400,1098.5,2589.2303075,1,株価が25日線より上,2026-09-24,2026-09-24T20:37:36.873475+09:00
6472,ＮＴＮ,プライム（内国株式）,機械,TOPIX Mid400,387.0,1117.9279121977233,1,株価が25日線より上,2026-09-24,2026-09-24T20:37:36.875339+09:00
6473,ジェイテクト,プライム（内国株式）,機械,TOPIX Mid400,2095.5,2688.613635,2,株価が25日線より上／25日線が75日線より上,2026-09-24,2026-09-24T20:37:36.880142+09:00
6474,不二越,プライム（内国株式）,機械,TOPIX Small 1,5460.0,332.7753,0,,2026-09-24,2026-09-24T20:37:36.882321+09:00
6479,ミネベアミツミ,プライム（内国株式）,電気機器,TOPIX Mid400,3606.0,8570.59091,1,株価が25日線より上,2026-09-24,2026-09-24T20:37:36.884937+09:00
6480,日本トムソン,プライム（内国株式）,機械,TOPIX Small 2,1834.0,1210.774905,2,株価が25日線より上／前日より出来高増加,2026-09-24,2026-09-24T20:37:36.886920+09:00
6481,ＴＨＫ,プライム（内国株式）,機械,TOPIX Mid400,6235.0,6374.746885,0,,2026-09-24,2026-09-24T20:37:36.888876+09:00
6482,ＹＵＳＨＩＮ,スタンダード（内国株式）,機械,TOPIX Small 2,724.0,67.61415,2,株価が25日線より上／25日線が75日線より上,2026-09-24,2026-09-24T20:37:36.891246+09:00
6485,前澤給装工業,スタンダード（内国株式）,機械,TOPIX Small 2,1648.0,45.158085,2,25日線が75日線より上／MACDがプラス,2026-09-24,2026-09-24T20:37:36.897962+09:00
6486,イーグル工業,プライム（内国株式）,機械,TOPIX Small 1,3015.0,358.435985,3,株価が25日線より上／25日線が75日線より上／前日より出来高増加,2026-09-24,2026-09-24T20:37:36.901923+09:00
6490,ＰＩＬＬＡＲ,プライム（内国株式）,機械,TOPIX Small 1,10010.0,947.9613,2,株価が25日線より上／前日より出来高増加,2026-09-24,2026-09-24T20:37:36.907365+09:00
6492,岡野バルブ製造,スタンダード（内国株式）,機械,-,15100.0,274.6411,3,株価が25日線より上／MACDがプラス／前日より出来高増加,2026-09-24,2026-09-24T20:37:36.912290+09:00
6493,ＮＩＴＴＡＮ,スタンダード（内国株式）,輸送用機器,-,485.0,31.08577,1,25日線が75日線より上,2026-09-24,2026-09-24T20:37:36.915591+09:00
6494,ＮＦＫホールディングス,スタンダード（内国株式）,機械,-,100.0,16.68968,3,株価が25日線より上／25日線が75日線より上／MACDがプラス,2026-09-24,2026-09-24T20:37:36.918493+09:00
6495,宮入バルブ製作所,スタンダード（内国株式）,機械,-,111.0,35.9801,1,前日より出来高増加,2026-09-24,2026-09-24T20:37:36.921558+09:00
6496,中北製作所,スタンダード（内国株式）,機械,-,5730.0,20.4492,4,株価が25日線より上／25日線が75日線より上／MACDがプラス／前日より出来高増加,2026-09-24,2026-09-24T20:37:36.925320+09:00
6497,ハマイ,スタンダード（内国株式）,機械,-,1422.0,12.66272,3,25日線が75日線より上／MACDがプラス／前日より出来高増加,2026-09-24,2026-09-24T20:37:36.929731+09:00
6498,キッツ,プライム（内国株式）,機械,TOPIX Small 1,1993.0,918.844475,2,株価が25日線より上／前日より出来高増加,2026-09-24,2026-09-24T20:37:36.932602+09:00
6501,日立製作所,プライム（内国株式）,電気機器,TOPIX Core30,5497.0,51290.888675,3,株価が25日線より上／25日線が75日線より上／MACDがプラス,2026-09-24,2026-09-24T20:37:36.935544+09:00
6503,三菱電機,プライム（内国株式）,電気機器,TOPIX Core30,5274.0,29873.52184,0,,2026-09-24,2026-09-24T20:37:36.938393+09:00
6504,富士電機,プライム（内国株式）,電気機器,TOPIX Mid400,13370.0,8274.905775,1,株価が25日線より上,2026-09-24,2026-09-24T20:37:36.941237+09:00
6505,東洋電機製造,スタンダード（内国株式）,電気機器,-,2451.0,82.81982,4,株価が25日線より上／25日線が75日線より上／MACDがプラス／前日より出来高増加,2026-09-24,2026-09-24T20:37:36.945588+09:00
6506,安川電機,プライム（内国株式）,電気機器,TOPIX Mid400,4507.0,15857.479987094726,0,,2026-09-24,2026-09-24T20:37:36.948944+09:00
6507,シンフォニアテクノロジー,プライム（内国株式）,電気機器,TOPIX Small 1,12710.0,2027.0565,1,株価が25日線より上,2026-09-24,2026-09-24T20:37:36.951903+09:00
6508,明電舎,プライム（内国株式）,電気機器,TOPIX Small 1,11060.0,2850.64875,1,25日線が75日線より上,2026-09-24,2026-09-24T20:37:36.954762+09:00
6513,オリジン,スタンダード（内国株式）,電気機器,-,1309.0,32.09365,4,株価が25日線より上／25日線が75日線より上／MACDがプラス／前日より出来高増加,2026-09-24,2026-09-24T20:37:36.957467+09:00
6516,山洋電気,プライム（内国株式）,電気機器,TOPIX Small 1,5420.0,494.7708,1,株価が25日線より上,2026-09-24,2026-09-24T20:37:36.961498+09:00
6517,デンヨー,プライム（内国株式）,電気機器,TOPIX Small 2,4060.0,184.3998,3,株価が25日線より上／25日線が75日線より上／MACDがプラス,2026-09-24,2026-09-24T20:37:39.202466+09:00
6518,三相電機,スタンダード（内国株式）,電気機器,-,1732.0,19.382665,2,株価が25日線より上／前日より出来高増加,2026-09-24,2026-09-24T20:37:39.206477+09:00
6521,オキサイド,グロース（内国株式）,電気機器,-,3280.0,441.574685,1,株価が25日線より上,2026-09-24,2026-09-24T20:37:39.208794+09:00
6522,アスタリスク,グロース（内国株式）,電気機器,-,1409.0,3862.86369,1,25日線が75日線より上,2026-09-24,2026-09-24T20:37:39.210830+09:00
6523,ＰＨＣホールディングス,プライム（内国株式）,電気機器,TOPIX Small 1,1395.0,1089.94279,2,25日線が75日線より上／MACDがプラス,2026-09-24,2026-09-24T20:37:39.212847+09:00
6524,湖北工業,スタンダード（内国株式）,電気機器,-,5310.0,1351.0699,2,株価が25日線より上／MACDがプラス,2026-09-24,2026-09-24T20:37:39.215064+09:00
6525,ＫＯＫＵＳＡＩ　ＥＬＥＣＴＲＩＣ,プライム（内国株式）,電気機器,TOPIX Mid400,9089.0,70626.60064,2,株価が25日線より上／MACDがプラス,2026-09-24,2026-09-24T20:37:39.217567+09:00
6526,ソシオネクスト,プライム（内国株式）,電気機器,TOPIX Mid400,2300.0,12436.37325,2,株価が25日線より上／前日より出来高増加,2026-09-24,2026-09-24T20:37:39.221186+09:00
6532,ベイカレント,プライム（内国株式）,サービス業,TOPIX Mid400,7671.0,8191.878621621094,3,25日線が75日線より上／MACDがプラス／前日より出来高増加,2026-09-24,2026-09-24T20:37:39.224193+09:00
6533,Ｏｒｃｈｅｓｔｒａ　Ｈｏｌｄｉｎｇｓ,プライム（内国株式）,サービス業,TOPIX Small 2,1213.0,28.90258,3,株価が25日線より上／25日線が75日線より上／MACDがプラス,2026-09-24,2026-09-24T20:37:39.226389+09:00
6535,アイモバイル,プライム（内国株式）,サービス業,TOPIX Small 2,496.0,179.51011,2,25日線が75日線より上／前日より出来高増加,2026-09-24,2026-09-24T20:37:39.228336+09:00
6538,ディスラプターズ,スタンダード（内国株式）,サービス業,-,251.0,12.144495,4,株価が25日線より上／25日線が75日線より上／MACDがプラス／前日より出来高増加,2026-09-24,2026-09-24T20:37:39.232215+09:00
6539,ＭＳ－Ｊａｐａｎ,プライム（内国株式）,サービス業,TOPIX Small 2,996.0,36.568885,3,25日線が75日線より上／MACDがプラス／前日より出来高増加,2026-09-24,2026-09-24T20:37:39.234566+09:00
6540,船場,スタンダード（内国株式）,サービス業,-,1518.0,20.43135,1,25日線が75日線より上,2026-09-24,2026-09-24T20:37:39.236976+09:00
6544,ジャパンエレベーターサービスホールディングス,プライム（内国株式）,サービス業,TOPIX Mid400,1534.5,994.3352275,2,株価が25日線より上／前日より出来高増加,2026-09-24,2026-09-24T20:37:39.242609+09:00
6547,グリーンズ,スタンダード（内国株式）,サービス業,-,2131.0,96.39125,3,株価が25日線より上／25日線が75日線より上／MACDがプラス,2026-09-24,2026-09-24T20:37:39.249172+09:00
6548,旅工房,グロース（内国株式）,サービス業,-,123.0,17.734625,4,株価が25日線より上／25日線が75日線より上／MACDがプラス／前日より出来高増加,2026-09-24,2026-09-24T20:37:39.252149+09:00
6551,ツナググループ・ホールディングス,スタンダード（内国株式）,サービス業,-,610.0,10.03783,3,25日線が75日線より上／MACDがプラス／前日より出来高増加,2026-09-24,2026-09-24T20:37:39.258571+09:00
6554,エスユーエス,グロース（内国株式）,サービス業,-,1153.0,11.511445,4,株価が25日線より上／25日線が75日線より上／MACDがプラス／前日より出来高増加,2026-09-24,2026-09-24T20:37:39.262597+09:00
6557,ＡＩＡＩグループ,グロース（内国株式）,サービス業,-,712.0,13.512265,1,25日線が75日線より上,2026-09-24,2026-09-24T20:37:39.266891+09:00
6560,エル・ティー・エス,プライム（内国株式）,サービス業,TOPIX Small 2,1806.0,46.1916,4,株価が25日線より上／25日線が75日線より上／MACDがプラス／前日より出来高増加,2026-09-24,2026-09-24T20:37:39.272309+09:00
6562,ジーニー,グロース（内国株式）,サービス業,-,1018.0,45.581685,3,株価が25日線より上／MACDがプラス／前日より出来高増加,2026-09-24,2026-09-24T20:37:39.278238+09:00
6563,みらいワークス,グロース（内国株式）,サービス業,-,463.0,11.56793,1,株価が25日線より上,2026-09-24,2026-09-24T20:37:39.280681+09:00
6564,ミダックホールディングス,プライム（内国株式）,サービス業,TOPIX Small 2,2037.0,120.728575,1,株価が25日線より上,2026-09-24,2026-09-24T20:37:39.282853+09:00
6570,共和コーポレーション,スタンダード（内国株式）,サービス業,-,3805.0,346.817325,4,株価が25日線より上／25日線が75日線より上／MACDがプラス／前日より出来高増加,2026-09-24,2026-09-24T20:37:39.293353+09:00
6571,キュービーネットホールディングス,プライム（内国株式）,サービス業,TOPIX Small 2,1275.0,57.730355,2,25日線が75日線より上／前日より出来高増加,2026-09-24,2026-09-24T20:37:39.295787+09:00
6572,オープングループ,プライム（内国株式）,サービス業,TOPIX Small 2,270.0,59.39486,2,25日線が75日線より上／MACDがプラス,2026-09-24,2026-09-24T20:37:39.297882+09:00
6573,ＣＲＡＶＩＡ,グロース（内国株式）,サービス業,-,27.0,16.605705,1,25日線が75日線より上,2026-09-24,2026-09-24T20:37:39.299872+09:00
6574,コンヴァノ,グロース（内国株式）,サービス業,-,124.0,101.645345,3,株価が25日線より上／25日線が75日線より上／MACDがプラス,2026-09-24,2026-09-24T20:37:39.301873+09:00
6577,ベストワンドットコム,グロース（内国株式）,サービス業,-,1361.0,21.50925,0,,2026-09-24,2026-09-24T20:37:39.306748+09:00
6580,ライトアップ,グロース（内国株式）,サービス業,-,876.0,25.657525,3,25日線が75日線より上／MACDがプラス／前日より出来高増加,2026-09-24,2026-09-24T20:37:39.315322+09:00
6584,三櫻工業,プライム（内国株式）,輸送用機器,TOPIX Small 2,794.0,275.88421,2,株価が25日線より上／前日より出来高増加,2026-09-24,2026-09-24T20:37:39.318050+09:00
6586,マキタ,プライム（内国株式）,機械,TOPIX Mid400,5344.0,3786.99325,2,株価が25日線より上／前日より出来高増加,2026-09-24,2026-09-24T20:37:39.322119+09:00
6588,東芝テック,プライム（内国株式）,電気機器,TOPIX Small 1,2909.0,405.03538,1,前日より出来高増加,2026-09-24,2026-09-24T20:37:39.325139+09:00
6590,芝浦メカトロニクス,プライム（内国株式）,電気機器,TOPIX Small 1,3825.0,4915.1597,1,前日より出来高増加,2026-09-24,2026-09-24T20:37:39.328141+09:00
6592,マブチモーター,プライム（内国株式）,電気機器,TOPIX Mid400,1721.5,2051.8795475,1,25日線が75日線より上,2026-09-24,2026-09-24T20:37:39.330824+09:00
6594,ニデック,プライム（内国株式）,電気機器,-,2822.0,12531.465445,3,株価が25日線より上／MACDがプラス／前日より出来高増加,2026-09-24,2026-09-24T20:37:39.333409+09:00
6597,ＨＰＣシステムズ,グロース（内国株式）,電気機器,-,4185.0,323.3557,3,株価が25日線より上／MACDがプラス／前日より出来高増加,2026-09-24,2026-09-24T20:37:39.335888+09:00
6599,エブレン,スタンダード（内国株式）,電気機器,-,4330.0,33.443225,4,株価が25日線より上／25日線が75日線より上／MACDがプラス／前日より出来高増加,2026-09-24,2026-09-24T20:37:39.339795+09:00
6613,ＱＤレーザ,グロース（内国株式）,電気機器,-,2175.0,5438.800105,2,株価が25日線より上／MACDがプラス,2026-09-24,2026-09-24T20:37:39.344348+09:00
6615,ユー・エム・シー・エレクトロニクス,プライム（内国株式）,電気機器,TOPIX Small 2,239.0,12.869165,3,株価が25日線より上／25日線が75日線より上／MACDがプラス,2026-09-24,2026-09-24T20:37:39.349302+09:00
6616,トレックス・セミコンダクター,プライム（内国株式）,電気機器,TOPIX Small 2,1970.0,184.131015,2,株価が25日線より上／前日より出来高増加,2026-09-24,2026-09-24T20:37:39.352612+09:00
6617,東光高岳,プライム（内国株式）,電気機器,TOPIX Small 2,6900.0,559.0446,0,,2026-09-24,2026-09-24T20:37:39.357270+09:00
6619,ダブル・スコープ,プライム（内国株式）,電気機器,TOPIX Small 2,155.0,344.587725,2,株価が25日線より上／前日より出来高増加,2026-09-24,2026-09-24T20:37:39.360296+09:00
6620,宮越ホールディングス,プライム（内国株式）,不動産業,TOPIX Small 2,684.0,28.82498,0,,2026-09-24,2026-09-24T20:37:39.362580+09:00
6622,ダイヘン,プライム（内国株式）,電気機器,TOPIX Small 1,12840.0,2041.01325,1,株価が25日線より上,2026-09-24,2026-09-24T20:37:41.569219+09:00
6625,ＪＡＬＣＯホールディングス,スタンダード（内国株式）,不動産業,-,364.0,76.605335,2,25日線が75日線より上／前日より出来高増加,2026-09-24,2026-09-24T20:37:41.571650+09:00
6626,ＳＥＭＩＴＥＣ,スタンダード（内国株式）,電気機器,-,2408.0,31.96382,4,株価が25日線より上／25日線が75日線より上／MACDがプラス／前日より出来高増加,2026-09-24,2026-09-24T20:37:41.573805+09:00
6627,テラプローブ,スタンダード（内国株式）,電気機器,-,12030.0,1109.36615,2,株価が25日線より上／MACDがプラス,2026-09-24,2026-09-24T20:37:41.575753+09:00
6629,テクノホライゾン,スタンダード（内国株式）,電気機器,-,1040.0,135.637505,3,株価が25日線より上／MACDがプラス／前日より出来高増加,2026-09-24,2026-09-24T20:37:41.577570+09:00
6630,ヤーマン,プライム（内国株式）,電気機器,TOPIX Small 1,767.0,95.367375,1,25日線が75日線より上,2026-09-24,2026-09-24T20:37:41.579414+09:00
6632,ＪＶＣケンウッド,プライム（内国株式）,電気機器,TOPIX Mid400,1004.5,1288.7559084024049,1,株価が25日線より上,2026-09-24,2026-09-24T20:37:41.583605+09:00
6634,ＪＮグループ,スタンダード（内国株式）,電気機器,-,69.0,12.729935,2,25日線が75日線より上／前日より出来高増加,2026-09-24,2026-09-24T20:37:41.587773+09:00
6635,大日光・エンジニアリング,スタンダード（内国株式）,電気機器,-,672.0,15.978505,2,株価が25日線より上／MACDがプラス,2026-09-24,2026-09-24T20:37:41.589642+09:00
6637,寺崎電気産業,スタンダード（内国株式）,電気機器,-,4365.0,122.931975,4,株価が25日線より上／25日線が75日線より上／MACDがプラス／前日より出来高増加,2026-09-24,2026-09-24T20:37:41.591517+09:00
6638,ミマキエンジニアリング,プライム（内国株式）,電気機器,TOPIX Small 2,2152.0,231.91687,2,株価が25日線より上／MACDがプラス,2026-09-24,2026-09-24T20:37:41.593467+09:00
6643,戸上電機製作所,スタンダード（内国株式）,電気機器,-,5670.0,22.5414,3,株価が25日線より上／25日線が75日線より上／前日より出来高増加,2026-09-24,2026-09-24T20:37:41.595352+09:00
6644,大崎電気工業,プライム（内国株式）,電気機器,TOPIX Small 2,1484.0,462.31346,1,前日より出来高増加,2026-09-24,2026-09-24T20:37:41.598596+09:00
6645,オムロン,プライム（内国株式）,電気機器,TOPIX Mid400,6328.0,7433.899295,2,株価が25日線より上／25日線が75日線より上,2026-09-24,2026-09-24T20:37:41.601418+09:00
6648,かわでん,スタンダード（内国株式）,電気機器,-,1663.0,48.76485,1,前日より出来高増加,2026-09-24,2026-09-24T20:37:41.605503+09:00
6651,日東工業,プライム（内国株式）,電気機器,TOPIX Small 1,4440.0,280.97745,1,株価が25日線より上,2026-09-24,2026-09-24T20:37:41.607360+09:00
6652,ＩＤＥＣ,プライム（内国株式）,電気機器,TOPIX Small 1,3835.0,358.61545,3,株価が25日線より上／25日線が75日線より上／MACDがプラス,2026-09-24,2026-09-24T20:37:41.609193+09:00
6653,正興電機製作所,プライム（内国株式）,電気機器,-,2142.0,159.07626,2,株価が25日線より上／前日より出来高増加,2026-09-24,2026-09-24T20:37:41.611007+09:00
6654,不二電機工業,スタンダード（内国株式）,電気機器,-,1079.0,10.872405,1,前日より出来高増加,2026-09-24,2026-09-24T20:37:41.614418+09:00
6656,インスペック,スタンダード（内国株式）,電気機器,-,790.0,33.28855,0,,2026-09-24,2026-09-24T20:37:41.618481+09:00
6658,シライ電子工業,スタンダード（内国株式）,電気機器,-,448.0,18.2423,3,25日線が75日線より上／MACDがプラス／前日より出来高増加,2026-09-24,2026-09-24T20:37:41.621547+09:00
6659,メディアリンクス,スタンダード（内国株式）,電気機器,-,47.0,197.84999,1,前日より出来高増加,2026-09-24,2026-09-24T20:37:41.624122+09:00
6666,リバーエレテック,スタンダード（内国株式）,電気機器,-,818.0,31.55363,2,株価が25日線より上／MACDがプラス,2026-09-24,2026-09-24T20:37:41.635200+09:00
6668,アドテック　プラズマ　テクノロジー,スタンダード（内国株式）,電気機器,-,4280.0,363.91028875976565,3,株価が25日線より上／25日線が75日線より上／MACDがプラス,2026-09-24,2026-09-24T20:37:41.638345+09:00
6674,ジーエス・ユアサ　コーポレーション,プライム（内国株式）,電気機器,TOPIX Mid400,5480.0,3812.920875,1,株価が25日線より上,2026-09-24,2026-09-24T20:37:41.641430+09:00
6675,サクサ,スタンダード（内国株式）,電気機器,-,2194.0,70.085225,4,株価が25日線より上／25日線が75日線より上／MACDがプラス／前日より出来高増加,2026-09-24,2026-09-24T20:37:41.644421+09:00
6676,ＢＵＦＦＡＬＯ,スタンダード（内国株式）,電気機器,TOPIX Small 2,3475.0,198.2281,4,株価が25日線より上／25日線が75日線より上／MACDがプラス／前日より出来高増加,2026-09-24,2026-09-24T20:37:41.648880+09:00
6677,エスケーエレクトロニクス,スタンダード（内国株式）,電気機器,-,3250.0,287.9665,2,株価が25日線より上／前日より出来高増加,2026-09-24,2026-09-24T20:37:41.652365+09:00
6678,テクノメディカ,スタンダード（内国株式）,電気機器,TOPIX Small 2,2031.0,21.025595,2,25日線が75日線より上／前日より出来高増加,2026-09-24,2026-09-24T20:37:41.655682+09:00
6694,ズーム,スタンダード（内国株式）,電気機器,-,817.0,10.010825,4,株価が25日線より上／25日線が75日線より上／MACDがプラス／前日より出来高増加,2026-09-24,2026-09-24T20:37:41.658797+09:00
6699,ダイヤモンドエレクトリックホールディングス,スタンダード（内国株式）,電気機器,TOPIX Small 2,493.0,37.32751,1,25日線が75日線より上,2026-09-24,2026-09-24T20:37:41.668696+09:00
6701,日本電気,プライム（内国株式）,電気機器,TOPIX Large70,4792.0,29139.024785,4,株価が25日線より上／25日線が75日線より上／MACDがプラス／前日より出来高増加,2026-09-24,2026-09-24T20:37:41.672181+09:00
6702,富士通,プライム（内国株式）,電気機器,TOPIX Large70,3993.0,26147.191185,4,株価が25日線より上／25日線が75日線より上／MACDがプラス／前日より出来高増加,2026-09-24,2026-09-24T20:37:41.675397+09:00
6703,沖電気工業,プライム（内国株式）,電気機器,TOPIX Small 1,2771.0,1769.289175,1,株価が25日線より上,2026-09-24,2026-09-24T20:37:41.679018+09:00
6706,電気興業,プライム（内国株式）,電気機器,TOPIX Small 2,3365.0,96.52205,3,株価が25日線より上／25日線が75日線より上／MACDがプラス,2026-09-24,2026-09-24T20:37:41.684172+09:00
6707,サンケン電気,プライム（内国株式）,電気機器,TOPIX Mid400,6915.0,1020.17296,1,前日より出来高増加,2026-09-24,2026-09-24T20:37:41.687573+09:00
6718,アイホン,プライム（内国株式）,電気機器,TOPIX Small 2,2839.0,60.21502,3,25日線が75日線より上／MACDがプラス／前日より出来高増加,2026-09-24,2026-09-24T20:37:41.690811+09:00
6721,ウインテスト,スタンダード（内国株式）,電気機器,-,73.0,18.9872,1,前日より出来高増加,2026-09-24,2026-09-24T20:37:41.693953+09:00
6723,ルネサスエレクトロニクス,プライム（内国株式）,電気機器,TOPIX Large70,3490.0,34746.853165,2,株価が25日線より上／前日より出来高増加,2026-09-24,2026-09-24T20:37:41.695981+09:00
6724,セイコーエプソン,プライム（内国株式）,電気機器,TOPIX Mid400,3209.0,4444.315215,3,株価が25日線より上／25日線が75日線より上／MACDがプラス,2026-09-24,2026-09-24T20:37:41.700147+09:00
6727,ワコム,プライム（内国株式）,電気機器,TOPIX Small 1,851.0,419.561115,3,株価が25日線より上／25日線が75日線より上／MACDがプラス,2026-09-24,2026-09-24T20:37:41.703479+09:00
6728,アルバック,プライム（内国株式）,電気機器,TOPIX Mid400,7431.0,3630.183685,1,株価が25日線より上,2026-09-24,2026-09-24T20:37:41.706536+09:00
6730,アクセル,スタンダード（内国株式）,電気機器,TOPIX Small 2,1233.0,1026.247725,4,株価が25日線より上／25日線が75日線より上／MACDがプラス／前日より出来高増加,2026-09-24,2026-09-24T20:37:41.709622+09:00
6736,サン電子,スタンダード（内国株式）,電気機器,-,9850.0,377.24535,2,株価が25日線より上／MACDがプラス,2026-09-24,2026-09-24T20:37:41.716736+09:00
6737,ＥＩＺＯ,プライム（内国株式）,電気機器,TOPIX Small 1,3090.0,531.90955,4,株価が25日線より上／25日線が75日線より上／MACDがプラス／前日より出来高増加,2026-09-24,2026-09-24T20:37:41.720106+09:00
6740,ジャパンディスプレイ,プライム（内国株式）,電気機器,TOPIX Small 2,49.0,419.885395,2,株価が25日線より上／MACDがプラス,2026-09-24,2026-09-24T20:37:41.723184+09:00
6741,日本信号,プライム（内国株式）,電気機器,TOPIX Small 2,1828.0,256.550085,4,株価が25日線より上／25日線が75日線より上／MACDがプラス／前日より出来高増加,2026-09-24,2026-09-24T20:37:41.725635+09:00
6742,京三製作所,プライム（内国株式）,電気機器,TOPIX Small 2,1110.0,264.947045,3,株価が25日線より上／25日線が75日線より上／MACDがプラス,2026-09-24,2026-09-24T20:37:41.727636+09:00
6743,大同信号,スタンダード（内国株式）,電気機器,-,1055.0,18.92676,3,株価が25日線より上／25日線が75日線より上／MACDがプラス,2026-09-24,2026-09-24T20:37:41.730212+09:00
6744,能美防災,プライム（内国株式）,電気機器,TOPIX Small 1,4085.0,329.226025,0,,2026-09-24,2026-09-24T20:37:41.733783+09:00
6745,ホーチキ,プライム（内国株式）,電気機器,TOPIX Small 2,1959.0,328.84772,1,株価が25日線より上,2026-09-24,2026-09-24T20:37:41.736958+09:00
6750,エレコム,プライム（内国株式）,電気機器,TOPIX Small 1,2021.0,345.699195,3,株価が25日線より上／25日線が75日線より上／MACDがプラス,2026-09-24,2026-09-24T20:37:41.742364+09:00
6752,パナソニック　ホールディングス,プライム（内国株式）,電気機器,TOPIX Large70,4508.0,34416.142325,3,株価が25日線より上／25日線が75日線より上／MACDがプラス,2026-09-24,2026-09-24T20:37:43.951036+09:00
6753,シャープ,プライム（内国株式）,電気機器,TOPIX Mid400,656.4000244140625,2431.2631700210572,3,株価が25日線より上／25日線が75日線より上／MACDがプラス,2026-09-24,2026-09-24T20:37:43.955200+09:00
6754,アンリツ,プライム（内国株式）,電気機器,TOPIX Mid400,3333.0,2827.71401,1,株価が25日線より上,2026-09-24,2026-09-24T20:37:43.962102+09:00
6758,ソニーグループ,プライム（内国株式）,電気機器,TOPIX Core30,3663.0,53554.803465,2,25日線が75日線より上／前日より出来高増加,2026-09-24,2026-09-24T20:37:43.968775+09:00
6762,ＴＤＫ,プライム（内国株式）,電気機器,TOPIX Large70,2954.5,25690.9963475,2,株価が25日線より上／前日より出来高増加,2026-09-24,2026-09-24T20:37:43.971478+09:00
6763,帝国通信工業,プライム（内国株式）,電気機器,TOPIX Small 2,2840.0,43.84566,1,株価が25日線より上,2026-09-24,2026-09-24T20:37:43.976726+09:00
6768,タムラ製作所,プライム（内国株式）,電気機器,TOPIX Small 1,869.0,792.717945,3,株価が25日線より上／MACDがプラス／前日より出来高増加,2026-09-24,2026-09-24T20:37:43.979330+09:00
6769,ザインエレクトロニクス,スタンダード（内国株式）,電気機器,-,1269.0,163.325855,4,株価が25日線より上／25日線が75日線より上／MACDがプラス／前日より出来高増加,2026-09-24,2026-09-24T20:37:43.982567+09:00
6770,アルプスアルパイン,プライム（内国株式）,電気機器,TOPIX Mid400,2210.0,3585.6897175,2,25日線が75日線より上／MACDがプラス,2026-09-24,2026-09-24T20:37:43.985913+09:00
6775,ＴＢグループ,スタンダード（内国株式）,電気機器,-,131.0,83.956765,4,株価が25日線より上／25日線が75日線より上／MACDがプラス／前日より出来高増加,2026-09-24,2026-09-24T20:37:43.997926+09:00
6777,ｓａｎｔｅｃ　Ｈｏｌｄｉｎｇｓ,スタンダード（内国株式）,電気機器,-,21520.0,2074.60345,3,株価が25日線より上／MACDがプラス／前日より出来高増加,2026-09-24,2026-09-24T20:37:44.004062+09:00
6778,アルチザネットワークス,スタンダード（内国株式）,電気機器,-,635.0,11.482835,1,25日線が75日線より上,2026-09-24,2026-09-24T20:37:44.009743+09:00
6779,日本電波工業,プライム（内国株式）,電気機器,TOPIX Small 2,3290.0,2600.8994,2,株価が25日線より上／MACDがプラス,2026-09-24,2026-09-24T20:37:44.012526+09:00
6785,鈴木,プライム（内国株式）,電気機器,TOPIX Small 2,3195.0,245.354935,3,株価が25日線より上／MACDがプラス／前日より出来高増加,2026-09-24,2026-09-24T20:37:44.014802+09:00
6787,メイコー,プライム（内国株式）,電気機器,TOPIX Small 1,23780.0,10785.38695,3,株価が25日線より上／MACDがプラス／前日より出来高増加,2026-09-24,2026-09-24T20:37:44.018484+09:00
6788,日本トリム,プライム（内国株式）,電気機器,TOPIX Small 2,5100.0,51.210775,4,株価が25日線より上／25日線が75日線より上／MACDがプラス／前日より出来高増加,2026-09-24,2026-09-24T20:37:44.020329+09:00
6794,フォスター電機,プライム（内国株式）,電気機器,TOPIX Small 2,3255.0,433.40543,3,株価が25日線より上／25日線が75日線より上／MACDがプラス,2026-09-24,2026-09-24T20:37:44.022149+09:00
6798,ＳＭＫ,プライム（内国株式）,電気機器,TOPIX Small 2,3370.0,40.24705,3,株価が25日線より上／25日線が75日線より上／MACDがプラス,2026-09-24,2026-09-24T20:37:44.029195+09:00
6800,ヨコオ,プライム（内国株式）,電気機器,TOPIX Small 2,4465.0,563.9727,2,株価が25日線より上／MACDがプラス,2026-09-24,2026-09-24T20:37:44.031414+09:00
6803,ティアック,スタンダード（内国株式）,電気機器,-,100.0,29.46457,3,株価が25日線より上／25日線が75日線より上／MACDがプラス,2026-09-24,2026-09-24T20:37:44.033508+09:00
6804,ホシデン,プライム（内国株式）,電気機器,TOPIX Small 1,2532.0,610.851155,0,,2026-09-24,2026-09-24T20:37:44.035371+09:00
6806,ヒロセ電機,プライム（内国株式）,電気機器,TOPIX Mid400,24920.0,3634.32465,0,,2026-09-24,2026-09-24T20:37:44.037204+09:00
6807,日本航空電子工業,プライム（内国株式）,電気機器,TOPIX Small 1,2570.0,575.16453,4,株価が25日線より上／25日線が75日線より上／MACDがプラス／前日より出来高増加,2026-09-24,2026-09-24T20:37:44.039198+09:00
6809,ＴＯＡ,プライム（内国株式）,電気機器,TOPIX Small 2,1767.0,138.661795,3,株価が25日線より上／25日線が75日線より上／MACDがプラス,2026-09-24,2026-09-24T20:37:44.044522+09:00
6810,マクセル,プライム（内国株式）,電気機器,TOPIX Small 1,2560.0,693.738765,3,株価が25日線より上／25日線が75日線より上／MACDがプラス,2026-09-24,2026-09-24T20:37:44.046859+09:00
6814,古野電気,プライム（内国株式）,電気機器,TOPIX Small 1,7590.0,1853.624108659668,2,株価が25日線より上／25日線が75日線より上,2026-09-24,2026-09-24T20:37:44.048907+09:00
6817,スミダコーポレーション,プライム（内国株式）,電気機器,TOPIX Small 2,1237.0,196.276585,1,株価が25日線より上,2026-09-24,2026-09-24T20:37:44.051018+09:00
6820,アイコム,プライム（内国株式）,電気機器,TOPIX Small 2,3715.0,55.954125,3,株価が25日線より上／25日線が75日線より上／MACDがプラス,2026-09-24,2026-09-24T20:37:44.054532+09:00
6822,大井電気,スタンダード（内国株式）,電気機器,-,4990.0,13.39765,1,前日より出来高増加,2026-09-24,2026-09-24T20:37:44.057911+09:00
6823,リオン,プライム（内国株式）,電気機器,TOPIX Small 2,3315.0,123.5838,2,株価が25日線より上／前日より出来高増加,2026-09-24,2026-09-24T20:37:44.062084+09:00
6824,新コスモス電機,スタンダード（内国株式）,電気機器,-,4060.0,49.377225,0,,2026-09-24,2026-09-24T20:37:44.064414+09:00
6832,アオイ電子,スタンダード（内国株式）,電気機器,-,2508.0,66.78962,3,株価が25日線より上／MACDがプラス／前日より出来高増加,2026-09-24,2026-09-24T20:37:44.066503+09:00
6834,精工技研,スタンダード（内国株式）,電気機器,-,6040.0,5596.408975,3,株価が25日線より上／25日線が75日線より上／MACDがプラス,2026-09-24,2026-09-24T20:37:44.068405+09:00
6835,アライドテレシスホールディングス,スタンダード（内国株式）,電気機器,-,272.0,57.48453,3,株価が25日線より上／25日線が75日線より上／MACDがプラス,2026-09-24,2026-09-24T20:37:44.070239+09:00
6837,京写,スタンダード（内国株式）,電気機器,-,404.0,12.865295,4,株価が25日線より上／25日線が75日線より上／MACDがプラス／前日より出来高増加,2026-09-24,2026-09-24T20:37:44.076205+09:00
6838,多摩川ホールディングス,スタンダード（内国株式）,電気機器,-,1436.0,392.509945,0,,2026-09-24,2026-09-24T20:37:44.078848+09:00
6840,ＡＫＩＢＡホールディングス,スタンダード（内国株式）,電気機器,-,889.0,281.270115,4,株価が25日線より上／25日線が75日線より上／MACDがプラス／前日より出来高増加,2026-09-24,2026-09-24T20:37:44.080920+09:00
6841,横河電機,プライム（内国株式）,電気機器,TOPIX Mid400,4693.0,5017.38405,0,,2026-09-24,2026-09-24T20:37:44.082817+09:00
6844,新電元工業,プライム（内国株式）,電気機器,TOPIX Small 2,3100.0,279.22869,2,株価が25日線より上／前日より出来高増加,2026-09-24,2026-09-24T20:37:44.084868+09:00
6845,アズビル,プライム（内国株式）,電気機器,TOPIX Mid400,1464.5,2129.30914,0,,2026-09-24,2026-09-24T20:37:44.086701+09:00
6849,日本光電工業,プライム（内国株式）,電気機器,TOPIX Mid400,1608.0,1277.2519775,3,株価が25日線より上／25日線が75日線より上／MACDがプラス,2026-09-24,2026-09-24T20:37:44.092505+09:00
6850,チノー,プライム（内国株式）,電気機器,TOPIX Small 2,1767.0,53.75683,4,株価が25日線より上／25日線が75日線より上／MACDがプラス／前日より出来高増加,2026-09-24,2026-09-24T20:37:44.094784+09:00
6853,共和電業,スタンダード（内国株式）,電気機器,-,775.0,14.76802,2,株価が25日線より上／前日より出来高増加,2026-09-24,2026-09-24T20:37:44.096865+09:00
6855,日本電子材料,スタンダード（内国株式）,電気機器,TOPIX Small 2,7490.0,3361.88645,2,株価が25日線より上／MACDがプラス,2026-09-24,2026-09-24T20:37:44.098778+09:00
6856,堀場製作所,プライム（内国株式）,電気機器,TOPIX Mid400,23530.0,4926.77325,1,株価が25日線より上,2026-09-24,2026-09-24T20:37:44.100617+09:00
6857,アドバンテスト,プライム（内国株式）,電気機器,TOPIX Core30,33060.0,294266.91465,1,25日線が75日線より上,2026-09-24,2026-09-24T20:37:44.102434+09:00
6858,小野測器,スタンダード（内国株式）,電気機器,-,871.0,34.026775,3,株価が25日線より上／MACDがプラス／前日より出来高増加,2026-09-24,2026-09-24T20:37:44.104359+09:00
6859,エスペック,プライム（内国株式）,電気機器,TOPIX Small 1,3975.0,254.384275,1,株価が25日線より上,2026-09-24,2026-09-24T20:37:44.108773+09:00
6861,キーエンス,プライム（内国株式）,電気機器,TOPIX Core30,77270.0,41007.784521328125,2,25日線が75日線より上／前日より出来高増加,2026-09-24,2026-09-24T20:37:44.111171+09:00
6862,ミナトホールディングス,スタンダード（内国株式）,電気機器,-,5590.0,1360.56785,4,株価が25日線より上／25日線が75日線より上／MACDがプラス／前日より出来高増加,2026-09-24,2026-09-24T20:37:44.113356+09:00
6863,ニレコ,スタンダード（内国株式）,電気機器,-,1120.0,87.63547,3,株価が25日線より上／25日線が75日線より上／MACDがプラス,2026-09-24,2026-09-24T20:37:44.115250+09:00
6864,エヌエフホールディングス,スタンダード（内国株式）,電気機器,-,1641.0,48.40246,2,株価が25日線より上／MACDがプラス,2026-09-24,2026-09-24T20:37:46.695201+09:00
6866,日置電機,プライム（内国株式）,電気機器,TOPIX Small 1,10480.0,306.0246,1,前日より出来高増加,2026-09-24,2026-09-24T20:37:46.697523+09:00
6869,シスメックス,プライム（内国株式）,電気機器,TOPIX Mid400,1854.0,4792.60984,2,25日線が75日線より上／MACDがプラス,2026-09-24,2026-09-24T20:37:46.705610+09:00
6871,日本マイクロニクス,プライム（内国株式）,電気機器,TOPIX Small 1,13760.0,14777.5045,1,株価が25日線より上,2026-09-24,2026-09-24T20:37:46.709717+09:00
6875,メガチップス,プライム（内国株式）,電気機器,TOPIX Small 1,10870.0,993.89795,3,株価が25日線より上／25日線が75日線より上／MACDがプラス,2026-09-24,2026-09-24T20:37:46.715102+09:00
6877,ＯＢＡＲＡ　ＧＲＯＵＰ,スタンダード（内国株式）,電気機器,TOPIX Small 2,5310.0,156.2218,1,前日より出来高増加,2026-09-24,2026-09-24T20:37:46.719932+09:00
6882,三社電機製作所,スタンダード（内国株式）,電気機器,-,1179.0,42.634405,2,株価が25日線より上／前日より出来高増加,2026-09-24,2026-09-24T20:37:46.723184+09:00
6890,フェローテック,スタンダード（内国株式）,電気機器,-,10300.0,9778.4349,4,株価が25日線より上／25日線が75日線より上／MACDがプラス／前日より出来高増加,2026-09-24,2026-09-24T20:37:46.728212+09:00
6897,ツインバード,スタンダード（内国株式）,電気機器,-,632.0,214.3391933618164,1,25日線が75日線より上,2026-09-24,2026-09-24T20:37:46.733767+09:00
6898,トミタ電機,スタンダード（内国株式）,電気機器,-,4780.0,51.553725,4,株価が25日線より上／25日線が75日線より上／MACDがプラス／前日より出来高増加,2026-09-24,2026-09-24T20:37:46.737329+09:00
6899,ＡＳＴＩ,スタンダード（内国株式）,電気機器,-,2266.0,11.63828,0,,2026-09-24,2026-09-24T20:37:46.739451+09:00
6902,デンソー,プライム（内国株式）,輸送用機器,TOPIX Large70,1911.5,12904.6985,0,,2026-09-24,2026-09-24T20:37:46.741486+09:00
6904,原田工業,スタンダード（内国株式）,電気機器,-,749.0,50.005255,4,株価が25日線より上／25日線が75日線より上／MACDがプラス／前日より出来高増加,2026-09-24,2026-09-24T20:37:46.743493+09:00
6905,コーセル,プライム（内国株式）,電気機器,TOPIX Small 2,1463.0,329.48633,2,株価が25日線より上／MACDがプラス,2026-09-24,2026-09-24T20:37:46.745654+09:00
6907,ジオマテック,スタンダード（内国株式）,電気機器,-,795.0,15.650035,4,株価が25日線より上／25日線が75日線より上／MACDがプラス／前日より出来高増加,2026-09-24,2026-09-24T20:37:46.748130+09:00
6908,イリソ電子工業,プライム（内国株式）,電気機器,TOPIX Small 1,2858.0,311.00809,2,株価が25日線より上／MACDがプラス,2026-09-24,2026-09-24T20:37:46.754775+09:00
6912,菊水ホールディングス,スタンダード（内国株式）,電気機器,-,2671.0,28.48922,4,株価が25日線より上／25日線が75日線より上／MACDがプラス／前日より出来高増加,2026-09-24,2026-09-24T20:37:46.758471+09:00
6914,オプテックスグループ,プライム（内国株式）,電気機器,TOPIX Small 1,3270.0,491.314175,1,株価が25日線より上,2026-09-24,2026-09-24T20:37:46.762462+09:00
6915,千代田インテグレ,スタンダード（内国株式）,電気機器,TOPIX Small 2,3545.0,33.312725,4,株価が25日線より上／25日線が75日線より上／MACDがプラス／前日より出来高増加,2026-09-24,2026-09-24T20:37:46.765149+09:00
6918,アバールデータ,スタンダード（内国株式）,電気機器,-,3970.0,165.987875,4,株価が25日線より上／25日線が75日線より上／MACDがプラス／前日より出来高増加,2026-09-24,2026-09-24T20:37:46.770054+09:00
6919,ケル,スタンダード（内国株式）,電気機器,-,1442.0,13.944565,4,株価が25日線より上／25日線が75日線より上／MACDがプラス／前日より出来高増加,2026-09-24,2026-09-24T20:37:46.774059+09:00
6920,レーザーテック,プライム（内国株式）,電気機器,TOPIX Large70,39780.0,111812.2172,1,株価が25日線より上,2026-09-24,2026-09-24T20:37:46.777631+09:00
6923,スタンレー電気,プライム（内国株式）,電気機器,TOPIX Mid400,3574.0,1715.90664,1,株価が25日線より上,2026-09-24,2026-09-24T20:37:46.779745+09:00
6925,ウシオ電機,プライム（内国株式）,電気機器,TOPIX Mid400,4053.0,1473.302475,2,株価が25日線より上／前日より出来高増加,2026-09-24,2026-09-24T20:37:46.781753+09:00
6927,ヘリオス　テクノ　ホールディング,スタンダード（内国株式）,電気機器,-,996.0,46.30329,3,株価が25日線より上／25日線が75日線より上／MACDがプラス,2026-09-24,2026-09-24T20:37:46.790736+09:00
6928,エノモト,スタンダード（内国株式）,電気機器,-,3115.0,138.283995,4,株価が25日線より上／25日線が75日線より上／MACDがプラス／前日より出来高増加,2026-09-24,2026-09-24T20:37:46.793972+09:00
6929,日本セラミック,プライム（内国株式）,電気機器,TOPIX Small 1,3680.0,335.864825,0,,2026-09-24,2026-09-24T20:37:46.797088+09:00
6932,遠藤照明,スタンダード（内国株式）,電気機器,-,2605.0,77.39264,3,株価が25日線より上／25日線が75日線より上／MACDがプラス,2026-09-24,2026-09-24T20:37:46.803749+09:00
6941,山一電機,プライム（内国株式）,電気機器,TOPIX Small 1,8460.0,2126.1219,2,株価が25日線より上／前日より出来高増加,2026-09-24,2026-09-24T20:37:46.807444+09:00
6946,日本アビオニクス,スタンダード（内国株式）,電気機器,-,7450.0,1301.24335,3,株価が25日線より上／25日線が75日線より上／MACDがプラス,2026-09-24,2026-09-24T20:37:46.818372+09:00
6947,図研,プライム（内国株式）,電気機器,TOPIX Small 1,5130.0,299.552075,3,株価が25日線より上／25日線が75日線より上／MACDがプラス,2026-09-24,2026-09-24T20:37:46.821890+09:00
6951,日本電子,プライム（内国株式）,電気機器,TOPIX Mid400,7564.0,1887.25246,2,株価が25日線より上／前日より出来高増加,2026-09-24,2026-09-24T20:37:46.825024+09:00
6952,カシオ計算機,プライム（内国株式）,電気機器,TOPIX Mid400,2183.0,3999.2276375,1,25日線が75日線より上,2026-09-24,2026-09-24T20:37:46.828058+09:00
6954,ファナック,プライム（内国株式）,電気機器,TOPIX Large70,6021.0,26252.780525,2,株価が25日線より上／前日より出来高増加,2026-09-24,2026-09-24T20:37:46.831198+09:00
6955,ＦＤＫ,スタンダード（内国株式）,電気機器,-,408.0,25.613815,1,前日より出来高増加,2026-09-24,2026-09-24T20:37:46.836179+09:00
6958,日本シイエムケイ,プライム（内国株式）,電気機器,TOPIX Small 2,804.0,675.95754,4,株価が25日線より上／25日線が75日線より上／MACDがプラス／前日より出来高増加,2026-09-24,2026-09-24T20:37:46.838574+09:00
6960,フクダ電子,スタンダード（内国株式）,電気機器,-,12050.0,693.51635,3,株価が25日線より上／25日線が75日線より上／MACDがプラス,2026-09-24,2026-09-24T20:37:46.840672+09:00
6961,エンプラス,プライム（内国株式）,電気機器,TOPIX Small 2,10200.0,1325.24,1,株価が25日線より上,2026-09-24,2026-09-24T20:37:46.842773+09:00
6962,大真空,プライム（内国株式）,電気機器,TOPIX Small 2,830.0,267.170945,2,株価が25日線より上／MACDがプラス,2026-09-24,2026-09-24T20:37:46.844700+09:00
6963,ローム,プライム（内国株式）,電気機器,TOPIX Mid400,4742.0,13928.286665,1,前日より出来高増加,2026-09-24,2026-09-24T20:37:46.846589+09:00
6965,浜松ホトニクス,プライム（内国株式）,電気機器,TOPIX Mid400,2316.0,4834.2214925,2,株価が25日線より上／前日より出来高増加,2026-09-24,2026-09-24T20:37:46.854216+09:00
6966,三井ハイテック,プライム（内国株式）,電気機器,TOPIX Small 1,901.0,2849.733945,0,,2026-09-24,2026-09-24T20:37:46.857326+09:00
6969,松尾電機,スタンダード（内国株式）,電気機器,-,1007.0,27.51766,2,株価が25日線より上／前日より出来高増加,2026-09-24,2026-09-24T20:37:46.859474+09:00
6971,京セラ,プライム（内国株式）,電気機器,TOPIX Large70,3650.0,15892.39417,1,株価が25日線より上,2026-09-24,2026-09-24T20:37:46.861541+09:00
6976,太陽誘電,プライム（内国株式）,電気機器,TOPIX Mid400,8935.0,252482.31899,1,前日より出来高増加,2026-09-24,2026-09-24T20:37:46.863769+09:00
6977,日本抵抗器製作所,スタンダード（内国株式）,電気機器,-,1893.0,42.856245,3,株価が25日線より上／MACDがプラス／前日より出来高増加,2026-09-24,2026-09-24T20:37:46.867948+09:00
6981,村田製作所,プライム（内国株式）,電気機器,TOPIX Large70,7823.0,151946.8689,1,株価が25日線より上,2026-09-24,2026-09-24T20:37:46.870456+09:00
6986,双葉電子工業,プライム（内国株式）,電気機器,TOPIX Small 2,825.0,424.184135,3,株価が25日線より上／25日線が75日線より上／MACDがプラス,2026-09-24,2026-09-24T20:37:46.874278+09:00
6988,日東電工,プライム（内国株式）,化学,TOPIX Mid400,3513.0,9362.697075,2,株価が25日線より上／25日線が75日線より上,2026-09-24,2026-09-24T20:37:46.876151+09:00
6989,北陸電気工業,スタンダード（内国株式）,電気機器,-,2371.0,25.537315,0,,2026-09-24,2026-09-24T20:37:46.878042+09:00
6993,大黒屋ホールディングス,スタンダード（内国株式）,小売業,-,89.0,145.39695,2,株価が25日線より上／前日より出来高増加,2026-09-24,2026-09-24T20:37:48.891154+09:00
6994,指月電機製作所,スタンダード（内国株式）,電気機器,-,1236.0,144.161715,4,株価が25日線より上／25日線が75日線より上／MACDがプラス／前日より出来高増加,2026-09-24,2026-09-24T20:37:48.898474+09:00
6995,東海理化電機製作所,プライム（内国株式）,輸送用機器,TOPIX Small 1,3195.0,405.8233,4,株価が25日線より上／25日線が75日線より上／MACDがプラス／前日より出来高増加,2026-09-24,2026-09-24T20:37:48.901975+09:00
6996,ニチコン,プライム（内国株式）,電気機器,TOPIX Small 1,2632.0,2322.00472,1,前日より出来高増加,2026-09-24,2026-09-24T20:37:48.905352+09:00
6997,日本ケミコン,プライム（内国株式）,電気機器,TOPIX Small 2,2795.0,2418.878775,1,株価が25日線より上,2026-09-24,2026-09-24T20:37:48.908697+09:00
6998,日本タングステン,スタンダード（内国株式）,電気機器,-,4250.0,414.3736,4,株価が25日線より上／25日線が75日線より上／MACDがプラス／前日より出来高増加,2026-09-24,2026-09-24T20:37:48.914772+09:00
6999,ＫＯＡ,プライム（内国株式）,電気機器,TOPIX Small 1,2291.0,1033.838705,1,株価が25日線より上,2026-09-24,2026-09-24T20:37:48.918120+09:00
7003,三井Ｅ＆Ｓ,プライム（内国株式）,機械,TOPIX Mid400,4363.0,8549.94491,1,株価が25日線より上,2026-09-24,2026-09-24T20:37:48.921547+09:00
7004,カナデビア,プライム（内国株式）,機械,TOPIX Small 1,1181.0,1093.099395,1,株価が25日線より上,2026-09-24,2026-09-24T20:37:48.925110+09:00
7011,三菱重工業,プライム（内国株式）,機械,TOPIX Core30,3929.0,60885.397925,3,株価が25日線より上／25日線が75日線より上／前日より出来高増加,2026-09-24,2026-09-24T20:37:48.931987+09:00
7012,川崎重工業,プライム（内国株式）,輸送用機器,TOPIX Mid400,2400.0,27578.6308975,0,,2026-09-24,2026-09-24T20:37:48.935763+09:00
7013,ＩＨＩ,プライム（内国株式）,機械,TOPIX Mid400,2809.0,32336.4569375,2,株価が25日線より上／MACDがプラス,2026-09-24,2026-09-24T20:37:48.938966+09:00
7014,名村造船所,スタンダード（内国株式）,輸送用機器,TOPIX Small 1,4905.0,8043.8147,3,株価が25日線より上／25日線が75日線より上／MACDがプラス,2026-09-24,2026-09-24T20:37:48.942044+09:00
7018,内海造船,スタンダード（内国株式）,輸送用機器,-,13420.0,411.8487,3,株価が25日線より上／25日線が75日線より上／MACDがプラス,2026-09-24,2026-09-24T20:37:48.947047+09:00
7022,サノヤスホールディングス,スタンダード（内国株式）,機械,-,360.0,22.895945,3,株価が25日線より上／25日線が75日線より上／MACDがプラス,2026-09-24,2026-09-24T20:37:48.952981+09:00
7030,スプリックス,スタンダード（内国株式）,サービス業,-,972.0,12.497715,1,前日より出来高増加,2026-09-24,2026-09-24T20:37:48.956877+09:00
7033,マネジメントソリューションズ,プライム（内国株式）,サービス業,TOPIX Small 2,1575.0,134.291735,2,25日線が75日線より上／MACDがプラス,2026-09-24,2026-09-24T20:37:48.968802+09:00
7034,プロレド・パートナーズ,プライム（内国株式）,サービス業,TOPIX Small 2,314.0,11.17234,0,,2026-09-24,2026-09-24T20:37:48.971513+09:00
7035,ａｎｄ　ｆａｃｔｏｒｙ,スタンダード（内国株式）,サービス業,-,216.0,20.95937,2,25日線が75日線より上／前日より出来高増加,2026-09-24,2026-09-24T20:37:48.973830+09:00
7037,テノ．ホールディングス,スタンダード（内国株式）,サービス業,-,800.0,10.293815,1,前日より出来高増加,2026-09-24,2026-09-24T20:37:48.980746+09:00
7039,ブリッジインターナショナルグループ,グロース（内国株式）,サービス業,-,1349.0,17.79519,1,前日より出来高増加,2026-09-24,2026-09-24T20:37:48.985637+09:00
7047,ポート,グロース（内国株式）,サービス業,-,2200.0,299.75374,0,,2026-09-24,2026-09-24T20:37:49.008789+09:00
7048,ベルトラ,グロース（内国株式）,サービス業,-,150.0,24.24069,0,,2026-09-24,2026-09-24T20:37:49.013567+09:00
7049,識学,グロース（内国株式）,サービス業,-,777.0,19.61023,1,前日より出来高増加,2026-09-24,2026-09-24T20:37:49.016623+09:00
7050,フロンティアインターナショナル,グロース（内国株式）,サービス業,-,1529.0,24.30851,3,株価が25日線より上／25日線が75日線より上／MACDがプラス,2026-09-24,2026-09-24T20:37:49.019705+09:00
7059,コプロ・ホールディングス,プライム（内国株式）,サービス業,-,965.0,96.513255,4,株価が25日線より上／25日線が75日線より上／MACDがプラス／前日より出来高増加,2026-09-24,2026-09-24T20:37:49.030187+09:00
7061,日本ホスピスホールディングス,グロース（内国株式）,サービス業,-,488.0,47.626435,1,株価が25日線より上,2026-09-24,2026-09-24T20:37:49.036803+09:00
7063,Ｂｉｒｄｍａｎ,グロース（内国株式）,サービス業,-,63.0,40.889005,0,,2026-09-24,2026-09-24T20:37:49.042210+09:00
7065,ユーピーアール,スタンダード（内国株式）,サービス業,-,944.0,13.716084813537597,2,25日線が75日線より上／前日より出来高増加,2026-09-24,2026-09-24T20:37:49.051204+09:00
7066,ピアズ,グロース（内国株式）,サービス業,-,455.0,10.58657,3,株価が25日線より上／25日線が75日線より上／MACDがプラス,2026-09-24,2026-09-24T20:37:49.054332+09:00
7068,フィードフォースグループ,グロース（内国株式）,サービス業,-,607.0,21.933125,4,株価が25日線より上／25日線が75日線より上／MACDがプラス／前日より出来高増加,2026-09-24,2026-09-24T20:37:49.062222+09:00
7069,サイバー・バズ,グロース（内国株式）,サービス業,-,503.0,10.54705,1,前日より出来高増加,2026-09-24,2026-09-24T20:37:49.065441+09:00
7071,アンビスホールディングス,プライム（内国株式）,サービス業,TOPIX Small 2,391.0,99.822735,2,25日線が75日線より上／前日より出来高増加,2026-09-24,2026-09-24T20:37:49.068683+09:00
7075,ＱＬＳホールディングス,グロース（内国株式）,サービス業,-,1000.0,21.16518,3,株価が25日線より上／25日線が75日線より上／MACDがプラス,2026-09-24,2026-09-24T20:37:49.081462+09:00
7078,ＩＮＣＬＵＳＩＶＥ　Ｈｏｌｄｉｎｇｓ,グロース（内国株式）,サービス業,-,347.0,13.75257,1,前日より出来高増加,2026-09-24,2026-09-24T20:37:49.085376+09:00
7080,スポーツフィールド,グロース（内国株式）,サービス業,-,902.0,15.200375,3,株価が25日線より上／25日線が75日線より上／MACDがプラス,2026-09-24,2026-09-24T20:37:49.088897+09:00
7082,ジモティー,グロース（内国株式）,サービス業,-,1406.0,16.49548,2,MACDがプラス／前日より出来高増加,2026-09-24,2026-09-24T20:37:49.094331+09:00
7084,Ｓｍｉｌｅ　Ｈｏｌｄｉｎｇｓ,グロース（内国株式）,サービス業,-,2832.0,15.160795,3,25日線が75日線より上／MACDがプラス／前日より出来高増加,2026-09-24,2026-09-24T20:37:51.504440+09:00
7085,カーブスホールディングス,プライム（内国株式）,サービス業,TOPIX Small 1,884.0,467.53781251983645,2,25日線が75日線より上／前日より出来高増加,2026-09-24,2026-09-24T20:37:51.509039+09:00
7089,フォースタートアップス,グロース（内国株式）,サービス業,-,1438.0,29.4447,1,前日より出来高増加,2026-09-24,2026-09-24T20:37:51.515450+09:00
7091,リビングプラットフォーム,グロース（内国株式）,サービス業,-,1306.0,24.551845,4,株価が25日線より上／25日線が75日線より上／MACDがプラス／前日より出来高増加,2026-09-24,2026-09-24T20:37:51.522823+09:00
7094,ＮｅｘＴｏｎｅ,グロース（内国株式）,サービス業,-,1848.0,162.330225,4,株価が25日線より上／25日線が75日線より上／MACDがプラス／前日より出来高増加,2026-09-24,2026-09-24T20:37:51.527863+09:00
7095,Ｍａｃｂｅｅ　Ｐｌａｎｅｔ,プライム（内国株式）,サービス業,TOPIX Small 2,1154.0,79.375315,2,25日線が75日線より上／前日より出来高増加,2026-09-24,2026-09-24T20:37:51.529795+09:00
7097,さくらさくプラス,グロース（内国株式）,サービス業,-,2764.0,11.71817,2,株価が25日線より上／前日より出来高増加,2026-09-24,2026-09-24T20:37:51.533743+09:00
7102,日本車輌製造,プライム（内国株式）,輸送用機器,TOPIX Small 2,3635.0,112.512875,3,株価が25日線より上／25日線が75日線より上／MACDがプラス,2026-09-24,2026-09-24T20:37:51.535723+09:00
7110,クラシコム,グロース（内国株式）,小売業,-,1907.0,12.685755,1,25日線が75日線より上,2026-09-24,2026-09-24T20:37:51.540059+09:00
7119,ハルメクホールディングス,グロース（内国株式）,小売業,-,2073.0,53.11957,3,株価が25日線より上／25日線が75日線より上／MACDがプラス,2026-09-24,2026-09-24T20:37:51.549694+09:00
7120,ＳＨＩＮＫＯ,スタンダード（内国株式）,卸売業,-,997.0,11.54659,1,前日より出来高増加,2026-09-24,2026-09-24T20:37:51.551543+09:00
7128,ユニソルホールディングス,プライム（内国株式）,卸売業,TOPIX Small 1,2843.0,260.432725,3,株価が25日線より上／25日線が75日線より上／MACDがプラス,2026-09-24,2026-09-24T20:37:51.563223+09:00
7130,ヤマエグループホールディングス,プライム（内国株式）,卸売業,TOPIX Small 1,2798.0,188.89944,0,,2026-09-24,2026-09-24T20:37:51.567617+09:00
7131,のむら産業,スタンダード（内国株式）,卸売業,-,3710.0,17.275675,4,株価が25日線より上／25日線が75日線より上／MACDがプラス／前日より出来高増加,2026-09-24,2026-09-24T20:37:51.574820+09:00
7134,アップガレージグループ,スタンダード（内国株式）,小売業,-,1442.0,13.47258,3,株価が25日線より上／25日線が75日線より上／MACDがプラス,2026-09-24,2026-09-24T20:37:51.580142+09:00
7138,ＴＯＲＩＣＯ,グロース（内国株式）,小売業,-,167.0,254.732885,3,株価が25日線より上／25日線が75日線より上／前日より出来高増加,2026-09-24,2026-09-24T20:37:51.583936+09:00
7148,ＦＰＧ,プライム（内国株式）,証券、商品先物取引業,TOPIX Small 1,1709.0,858.102185,4,株価が25日線より上／25日線が75日線より上／MACDがプラス／前日より出来高増加,2026-09-24,2026-09-24T20:37:51.590384+09:00
7150,島根銀行,スタンダード（内国株式）,銀行業,-,511.0,11.88748,3,25日線が75日線より上／MACDがプラス／前日より出来高増加,2026-09-24,2026-09-24T20:37:51.592634+09:00
7157,ライフネット生命保険,プライム（内国株式）,保険業,TOPIX Small 1,1410.0,374.968085,1,前日より出来高増加,2026-09-24,2026-09-24T20:37:51.595134+09:00
7161,じもとホールディングス,スタンダード（内国株式）,銀行業,-,626.0,86.033665,3,株価が25日線より上／25日線が75日線より上／MACDがプラス,2026-09-24,2026-09-24T20:37:51.598260+09:00
7162,アストマックス,スタンダード（内国株式）,電気・ガス業,-,285.0,38.84514,4,株価が25日線より上／25日線が75日線より上／MACDがプラス／前日より出来高増加,2026-09-24,2026-09-24T20:37:51.601374+09:00
7164,全国保証,プライム（内国株式）,その他金融業,TOPIX Mid400,3133.0,851.342975,3,25日線が75日線より上／MACDがプラス／前日より出来高増加,2026-09-24,2026-09-24T20:37:51.607347+09:00
7167,めぶきフィナンシャルグループ,プライム（内国株式）,銀行業,TOPIX Mid400,1663.0,4627.93006,3,25日線が75日線より上／MACDがプラス／前日より出来高増加,2026-09-24,2026-09-24T20:37:51.610118+09:00
7172,ジャパンインベストメントアドバイザー,プライム（内国株式）,証券、商品先物取引業,TOPIX Small 1,2134.0,296.528895,3,株価が25日線より上／25日線が75日線より上／MACDがプラス,2026-09-24,2026-09-24T20:37:51.612261+09:00
7173,東京きらぼしフィナンシャルグループ,プライム（内国株式）,銀行業,TOPIX Small 1,1702.0,1868.989045,2,株価が25日線より上／25日線が75日線より上,2026-09-24,2026-09-24T20:37:51.614173+09:00
7175,今村証券,スタンダード（内国株式）,証券、商品先物取引業,-,2112.0,34.467355,3,株価が25日線より上／25日線が75日線より上／MACDがプラス,2026-09-24,2026-09-24T20:37:51.616012+09:00
7177,ＧＭＯフィナンシャルホールディングス,スタンダード（内国株式）,証券、商品先物取引業,-,1176.0,278.06239,4,株価が25日線より上／25日線が75日線より上／MACDがプラス／前日より出来高増加,2026-09-24,2026-09-24T20:37:51.618053+09:00
7180,九州フィナンシャルグループ,プライム（内国株式）,銀行業,TOPIX Mid400,1645.0,1807.7370125,3,株価が25日線より上／25日線が75日線より上／MACDがプラス,2026-09-24,2026-09-24T20:37:51.621872+09:00
7181,かんぽ生命保険,プライム（内国株式）,保険業,TOPIX Mid400,1782.5,4000.5629625,3,株価が25日線より上／25日線が75日線より上／MACDがプラス,2026-09-24,2026-09-24T20:37:51.624092+09:00
7182,ゆうちょ銀行,プライム（内国株式）,銀行業,TOPIX Large70,3200.0,18212.098195,2,25日線が75日線より上／MACDがプラス,2026-09-24,2026-09-24T20:37:51.626222+09:00
7184,富山第一銀行,プライム（内国株式）,銀行業,TOPIX Small 1,3485.0,608.924475,3,株価が25日線より上／25日線が75日線より上／MACDがプラス,2026-09-24,2026-09-24T20:37:51.630278+09:00
7185,ヒロセ通商,スタンダード（内国株式）,証券、商品先物取引業,-,3890.0,27.7943,2,25日線が75日線より上／前日より出来高増加,2026-09-24,2026-09-24T20:37:51.632213+09:00
7186,横浜フィナンシャルグループ,プライム（内国株式）,銀行業,TOPIX Mid400,1856.5,7467.7300475,1,25日線が75日線より上,2026-09-24,2026-09-24T20:37:51.634348+09:00
7187,ジェイリース,プライム（内国株式）,その他金融業,TOPIX Small 2,1350.0,67.729695,1,25日線が75日線より上,2026-09-24,2026-09-24T20:37:51.637876+09:00
7189,西日本フィナンシャルホールディングス,プライム（内国株式）,銀行業,TOPIX Mid400,4913.0,2131.900425,4,株価が25日線より上／25日線が75日線より上／MACDがプラス／前日より出来高増加,2026-09-24,2026-09-24T20:37:51.640368+09:00
7191,イントラスト,スタンダード（内国株式）,その他金融業,-,1209.0,25.26159,4,株価が25日線より上／25日線が75日線より上／MACDがプラス／前日より出来高増加,2026-09-24,2026-09-24T20:37:51.642462+09:00
7192,日本モーゲージサービス,スタンダード（内国株式）,その他金融業,-,703.0,48.99124,4,株価が25日線より上／25日線が75日線より上／MACDがプラス／前日より出来高増加,2026-09-24,2026-09-24T20:37:51.644350+09:00
7198,ＳＢＩアルヒ,プライム（内国株式）,その他金融業,TOPIX Small 2,840.0,80.700235,3,株価が25日線より上／25日線が75日線より上／MACDがプラス,2026-09-24,2026-09-24T20:37:51.648157+09:00
7199,プレミアグループ,プライム（内国株式）,その他金融業,TOPIX Small 1,2118.0,382.94682,4,株価が25日線より上／25日線が75日線より上／MACDがプラス／前日より出来高増加,2026-09-24,2026-09-24T20:37:51.650853+09:00
7201,日産自動車,プライム（内国株式）,輸送用機器,TOPIX Mid400,303.5,11958.078107668,1,前日より出来高増加,2026-09-24,2026-09-24T20:37:51.655288+09:00
7202,いすゞ自動車,プライム（内国株式）,輸送用機器,TOPIX Mid400,2199.0,5954.2178825,1,前日より出来高増加,2026-09-24,2026-09-24T20:37:51.658017+09:00
7203,トヨタ自動車,プライム（内国株式）,輸送用機器,TOPIX Core30,2969.0,74902.9436925,1,25日線が75日線より上,2026-09-24,2026-09-24T20:37:51.660110+09:00
7211,三菱自動車工業,プライム（内国株式）,輸送用機器,TOPIX Mid400,367.5,3837.794775379486,3,株価が25日線より上／25日線が75日線より上／MACDがプラス,2026-09-24,2026-09-24T20:37:54.165429+09:00
7212,エフテック,スタンダード（内国株式）,輸送用機器,-,744.0,17.80967,4,株価が25日線より上／25日線が75日線より上／MACDがプラス／前日より出来高増加,2026-09-24,2026-09-24T20:37:54.167934+09:00
7213,レシップホールディングス,スタンダード（内国株式）,輸送用機器,-,665.0,13.133335,3,25日線が75日線より上／MACDがプラス／前日より出来高増加,2026-09-24,2026-09-24T20:37:54.170730+09:00
7220,武蔵精密工業,プライム（内国株式）,輸送用機器,TOPIX Small 1,2930.0,2732.175445,1,前日より出来高増加,2026-09-24,2026-09-24T20:37:54.186080+09:00
7222,日産車体,スタンダード（内国株式）,輸送用機器,TOPIX Small 2,930.0,92.35547,0,,2026-09-24,2026-09-24T20:37:54.188030+09:00
7224,新明和工業,プライム（内国株式）,輸送用機器,TOPIX Small 1,1963.0,289.59291,2,株価が25日線より上／前日より出来高増加,2026-09-24,2026-09-24T20:37:54.189885+09:00
7226,極東開発工業,プライム（内国株式）,輸送用機器,TOPIX Small 1,2308.0,500.76649,1,25日線が75日線より上,2026-09-24,2026-09-24T20:37:54.191709+09:00
7231,トピー工業,プライム（内国株式）,輸送用機器,TOPIX Small 2,3135.0,164.592375,4,株価が25日線より上／25日線が75日線より上／MACDがプラス／前日より出来高増加,2026-09-24,2026-09-24T20:37:54.196888+09:00
7235,東京ラヂエーター製造,スタンダード（内国株式）,輸送用機器,-,1574.0,34.65399,4,株価が25日線より上／25日線が75日線より上／MACDがプラス／前日より出来高増加,2026-09-24,2026-09-24T20:37:54.200480+09:00
7236,ティラド,プライム（内国株式）,輸送用機器,TOPIX Small 2,1505.0,425.58806,1,25日線が75日線より上,2026-09-24,2026-09-24T20:37:54.202611+09:00
7238,曙ブレーキ工業,プライム（内国株式）,輸送用機器,TOPIX Small 2,109.0,381.01267,2,株価が25日線より上／前日より出来高増加,2026-09-24,2026-09-24T20:37:54.204639+09:00
7239,タチエス,プライム（内国株式）,輸送用機器,TOPIX Small 1,2375.0,194.922535,4,株価が25日線より上／25日線が75日線より上／MACDがプラス／前日より出来高増加,2026-09-24,2026-09-24T20:37:54.207846+09:00
7240,ＮＯＫ,プライム（内国株式）,輸送用機器,TOPIX Mid400,3003.0,1129.2884125,1,25日線が75日線より上,2026-09-24,2026-09-24T20:37:54.211081+09:00
7241,フタバ産業,プライム（内国株式）,輸送用機器,TOPIX Small 1,1109.0,365.276495,4,株価が25日線より上／25日線が75日線より上／MACDがプラス／前日より出来高増加,2026-09-24,2026-09-24T20:37:54.217576+09:00
7242,カヤバ,プライム（内国株式）,輸送用機器,TOPIX Small 1,4745.0,529.653475,3,株価が25日線より上／25日線が75日線より上／MACDがプラス,2026-09-24,2026-09-24T20:37:54.221198+09:00
7244,市光工業,プライム（内国株式）,電気機器,TOPIX Small 2,566.0,82.76357,3,25日線が75日線より上／MACDがプラス／前日より出来高増加,2026-09-24,2026-09-24T20:37:54.224044+09:00
7245,大同メタル工業,プライム（内国株式）,輸送用機器,TOPIX Small 2,1153.0,395.69867,0,,2026-09-24,2026-09-24T20:37:54.227435+09:00
7246,プレス工業,プライム（内国株式）,輸送用機器,TOPIX Small 1,1009.0,351.96504,3,株価が25日線より上／25日線が75日線より上／MACDがプラス,2026-09-24,2026-09-24T20:37:54.244592+09:00
7247,ミクニ,スタンダード（内国株式）,輸送用機器,-,369.0,17.170935,3,25日線が75日線より上／MACDがプラス／前日より出来高増加,2026-09-24,2026-09-24T20:37:54.253466+09:00
7256,河西工業,スタンダード（内国株式）,輸送用機器,-,515.0,109.340805,4,株価が25日線より上／25日線が75日線より上／MACDがプラス／前日より出来高増加,2026-09-24,2026-09-24T20:37:54.263822+09:00
7259,アイシン,プライム（内国株式）,輸送用機器,TOPIX Mid400,2229.0,5513.0825675,0,,2026-09-24,2026-09-24T20:37:54.269392+09:00
7261,マツダ,プライム（内国株式）,輸送用機器,TOPIX Mid400,1156.0,7960.321125,2,25日線が75日線より上／前日より出来高増加,2026-09-24,2026-09-24T20:37:54.272543+09:00
7266,今仙電機製作所,スタンダード（内国株式）,輸送用機器,-,992.0,24.52913,3,25日線が75日線より上／MACDがプラス／前日より出来高増加,2026-09-24,2026-09-24T20:37:54.282243+09:00
7267,本田技研工業,プライム（内国株式）,輸送用機器,TOPIX Core30,1733.0,24407.13555,4,株価が25日線より上／25日線が75日線より上／MACDがプラス／前日より出来高増加,2026-09-24,2026-09-24T20:37:54.284703+09:00
7269,スズキ,プライム（内国株式）,輸送用機器,TOPIX Large70,1991.0,13063.322875,2,25日線が75日線より上／前日より出来高増加,2026-09-24,2026-09-24T20:37:54.287784+09:00
7270,ＳＵＢＡＲＵ,プライム（内国株式）,輸送用機器,TOPIX Large70,2628.0,9761.855835,3,株価が25日線より上／25日線が75日線より上／MACDがプラス,2026-09-24,2026-09-24T20:37:54.294753+09:00
7271,安永,スタンダード（内国株式）,輸送用機器,-,801.0,41.350765,0,,2026-09-24,2026-09-24T20:37:54.299808+09:00
7272,ヤマハ発動機,プライム（内国株式）,輸送用機器,TOPIX Mid400,1825.0,11425.9233425,2,25日線が75日線より上／MACDがプラス,2026-09-24,2026-09-24T20:37:54.302234+09:00
7273,イクヨ,スタンダード（内国株式）,輸送用機器,-,632.0,92.556275,3,株価が25日線より上／MACDがプラス／前日より出来高増加,2026-09-24,2026-09-24T20:37:54.304287+09:00
7276,小糸製作所,プライム（内国株式）,電気機器,TOPIX Mid400,2667.0,2103.6148,2,株価が25日線より上／25日線が75日線より上,2026-09-24,2026-09-24T20:37:54.309469+09:00
7278,エクセディ,プライム（内国株式）,輸送用機器,TOPIX Small 1,6000.0,1593.81635,1,25日線が75日線より上,2026-09-24,2026-09-24T20:37:54.321528+09:00
7279,ハイレックスコーポレーション,スタンダード（内国株式）,輸送用機器,-,2514.0,267.61274,2,25日線が75日線より上／MACDがプラス,2026-09-24,2026-09-24T20:37:54.325268+09:00
7280,ミツバ,プライム（内国株式）,電気機器,TOPIX Small 1,1359.0,269.526125,3,株価が25日線より上／25日線が75日線より上／MACDがプラス,2026-09-24,2026-09-24T20:37:54.328076+09:00
7282,豊田合成,プライム（内国株式）,輸送用機器,TOPIX Mid400,5255.0,2511.444355,1,25日線が75日線より上,2026-09-24,2026-09-24T20:37:54.332241+09:00
7283,愛三工業,プライム（内国株式）,輸送用機器,TOPIX Small 1,2215.0,319.754485,2,25日線が75日線より上／前日より出来高増加,2026-09-24,2026-09-24T20:37:54.334356+09:00
7287,日本精機,スタンダード（内国株式）,輸送用機器,-,2771.0,549.85391,3,株価が25日線より上／25日線が75日線より上／MACDがプラス,2026-09-24,2026-09-24T20:37:54.339804+09:00
7291,日本プラスト,スタンダード（内国株式）,輸送用機器,-,467.0,12.48845,2,株価が25日線より上／MACDがプラス,2026-09-24,2026-09-24T20:37:54.342519+09:00
7292,村上開明堂,スタンダード（内国株式）,輸送用機器,-,6820.0,27.10965,3,株価が25日線より上／25日線が75日線より上／MACDがプラス,2026-09-24,2026-09-24T20:37:54.347072+09:00
7294,ヨロズ,プライム（内国株式）,輸送用機器,TOPIX Small 2,891.0,69.023845,1,25日線が75日線より上,2026-09-24,2026-09-24T20:37:54.349475+09:00
7296,エフ・シー・シー,プライム（内国株式）,輸送用機器,TOPIX Small 1,4235.0,529.167475,3,株価が25日線より上／25日線が75日線より上／MACDがプラス,2026-09-24,2026-09-24T20:37:54.351641+09:00
7305,新家工業,スタンダード（内国株式）,鉄鋼,-,2794.0,56.92501,3,株価が25日線より上／25日線が75日線より上／MACDがプラス,2026-09-24,2026-09-24T20:37:54.356982+09:00
7309,シマノ,プライム（内国株式）,輸送用機器,TOPIX Large70,17960.0,5232.567175,1,25日線が75日線より上,2026-09-24,2026-09-24T20:37:54.358929+09:00
7313,テイ・エス　テック,プライム（内国株式）,輸送用機器,TOPIX Mid400,1833.5,579.175075,3,25日線が75日線より上／MACDがプラス／前日より出来高増加,2026-09-24,2026-09-24T20:37:54.360972+09:00
7318,セレンディップ・ホールディングス,グロース（内国株式）,輸送用機器,-,1371.0,140.06382,1,前日より出来高増加,2026-09-24,2026-09-24T20:37:54.366913+09:00
7320,Ｓｏｌｖｖｙ,グロース（内国株式）,その他金融業,-,1467.0,47.59324,2,株価が25日線より上／前日より出来高増加,2026-09-24,2026-09-24T20:37:54.369311+09:00
7322,三十三フィナンシャルグループ,プライム（内国株式）,銀行業,TOPIX Small 2,2057.0,933.97262,2,25日線が75日線より上／MACDがプラス,2026-09-24,2026-09-24T20:37:56.100542+09:00
7326,ＳＢＩインシュアランスグループ,グロース（内国株式）,保険業,-,2290.0,46.692085,3,株価が25日線より上／25日線が75日線より上／MACDがプラス,2026-09-24,2026-09-24T20:37:56.108423+09:00
7327,第四北越フィナンシャルグループ,プライム（内国株式）,銀行業,TOPIX Small 1,2692.0,2193.11251,4,株価が25日線より上／25日線が75日線より上／MACDがプラス／前日より出来高増加,2026-09-24,2026-09-24T20:37:56.111897+09:00
7337,ひろぎんホールディングス,プライム（内国株式）,銀行業,TOPIX Mid400,2382.5,1382.554295,3,株価が25日線より上／25日線が75日線より上／MACDがプラス,2026-09-24,2026-09-24T20:37:56.114259+09:00
7350,おきなわフィナンシャルグループ,プライム（内国株式）,銀行業,TOPIX Small 1,7930.0,864.26965,3,株価が25日線より上／25日線が75日線より上／MACDがプラス,2026-09-24,2026-09-24T20:37:56.121588+09:00
7351,グッドパッチ,グロース（内国株式）,サービス業,-,481.0,11.799885036315917,4,株価が25日線より上／25日線が75日線より上／MACDがプラス／前日より出来高増加,2026-09-24,2026-09-24T20:37:56.124618+09:00
7352,ＴＷＯＳＴＯＮＥ＆Ｓｏｎｓ,グロース（内国株式）,サービス業,-,324.0,23.506332804870606,0,,2026-09-24,2026-09-24T20:37:56.127331+09:00
7354,ダイレクトマーケティングミックス,スタンダード（内国株式）,サービス業,TOPIX Small 2,360.0,180.199915,3,25日線が75日線より上／MACDがプラス／前日より出来高増加,2026-09-24,2026-09-24T20:37:56.131201+09:00
7356,Ｒｅｔｔｙ,グロース（内国株式）,サービス業,-,117.0,23.34526,2,株価が25日線より上／25日線が75日線より上,2026-09-24,2026-09-24T20:37:56.133047+09:00
7357,ジオコード,スタンダード（内国株式）,サービス業,-,1701.0,14.026672299804687,2,25日線が75日線より上／前日より出来高増加,2026-09-24,2026-09-24T20:37:56.134869+09:00
7358,ポピンズ,スタンダード（内国株式）,サービス業,TOPIX Small 2,1819.0,33.14526,3,25日線が75日線より上／MACDがプラス／前日より出来高増加,2026-09-24,2026-09-24T20:37:56.137217+09:00
7359,東京通信グループ,グロース（内国株式）,サービス業,-,275.0,22.84595,4,株価が25日線より上／25日線が75日線より上／MACDがプラス／前日より出来高増加,2026-09-24,2026-09-24T20:37:56.139154+09:00
7363,ベビーカレンダー,グロース（内国株式）,サービス業,-,1425.0,32.3662,4,株価が25日線より上／25日線が75日線より上／MACDがプラス／前日より出来高増加,2026-09-24,2026-09-24T20:37:56.149393+09:00
7366,ＬＩＴＡＬＩＣＯ,プライム（内国株式）,サービス業,TOPIX Small 2,1921.0,186.59017,4,株価が25日線より上／25日線が75日線より上／MACDがプラス／前日より出来高増加,2026-09-24,2026-09-24T20:37:56.152462+09:00
7371,Ｚｅｎｋｅｎ,グロース（内国株式）,サービス業,-,803.0,17.501795,4,株価が25日線より上／25日線が75日線より上／MACDがプラス／前日より出来高増加,2026-09-24,2026-09-24T20:37:56.166387+09:00
7373,アイドマ・ホールディングス,グロース（内国株式）,サービス業,-,914.0,68.43072237518311,1,前日より出来高増加,2026-09-24,2026-09-24T20:37:56.169940+09:00
7374,コンフィデンス・インターワークス,グロース（内国株式）,サービス業,-,1516.0,17.14267,1,前日より出来高増加,2026-09-24,2026-09-24T20:37:56.171760+09:00
7375,リファインバースグループ,グロース（内国株式）,サービス業,-,1335.0,71.847825,3,株価が25日線より上／MACDがプラス／前日より出来高増加,2026-09-24,2026-09-24T20:37:56.175687+09:00
7376,ＢＣＣ,グロース（内国株式）,サービス業,-,794.0,56.972905,1,前日より出来高増加,2026-09-24,2026-09-24T20:37:56.179017+09:00
7377,ＤＮホールディングス,スタンダード（内国株式）,サービス業,-,1720.0,14.021035,1,株価が25日線より上,2026-09-24,2026-09-24T20:37:56.181701+09:00
7378,アシロ,グロース（内国株式）,サービス業,-,1571.0,26.432845,3,株価が25日線より上／25日線が75日線より上／MACDがプラス,2026-09-24,2026-09-24T20:37:56.184546+09:00
7380,十六フィナンシャルグループ,プライム（内国株式）,銀行業,TOPIX Small 1,2709.0,1126.277915,3,株価が25日線より上／25日線が75日線より上／MACDがプラス,2026-09-24,2026-09-24T20:37:56.187090+09:00
7381,ＣＣＩグループ,プライム（内国株式）,銀行業,TOPIX Small 1,1324.0,517.73395,3,株価が25日線より上／25日線が75日線より上／MACDがプラス,2026-09-24,2026-09-24T20:37:56.190009+09:00
7383,ネットプロテクションズホールディングス,プライム（内国株式）,その他金融業,TOPIX Small 1,397.0,299.504815,1,25日線が75日線より上,2026-09-24,2026-09-24T20:37:56.193383+09:00
7384,プロクレアホールディングス,プライム（内国株式）,銀行業,TOPIX Small 2,5400.0,492.670875,4,株価が25日線より上／25日線が75日線より上／MACDがプラス／前日より出来高増加,2026-09-24,2026-09-24T20:37:56.195658+09:00
7388,ＦＰパートナー,プライム（内国株式）,保険業,TOPIX Small 2,2335.0,76.38405,3,株価が25日線より上／25日線が75日線より上／MACDがプラス,2026-09-24,2026-09-24T20:37:56.197800+09:00
7389,あいちフィナンシャルグループ,プライム（内国株式）,銀行業,TOPIX Small 1,1905.0,2007.584975,2,25日線が75日線より上／MACDがプラス,2026-09-24,2026-09-24T20:37:56.199678+09:00
7409,ＡｅｒｏＥｄｇｅ,グロース（内国株式）,輸送用機器,-,1503.0,218.737155,2,株価が25日線より上／前日より出来高増加,2026-09-24,2026-09-24T20:37:56.203170+09:00
7412,アトム,スタンダード（内国株式）,小売業,-,348.0,250.160205,0,,2026-09-24,2026-09-24T20:37:56.205021+09:00
7414,小野建,プライム（内国株式）,卸売業,TOPIX Small 2,1440.0,63.78091,2,株価が25日線より上／25日線が75日線より上,2026-09-24,2026-09-24T20:37:56.211196+09:00
7419,ノジマ,プライム（内国株式）,小売業,TOPIX Small 1,1282.0,796.4655,1,株価が25日線より上,2026-09-24,2026-09-24T20:37:56.216694+09:00
7421,カッパ・クリエイト,プライム（内国株式）,小売業,TOPIX Small 1,1620.0,119.47725,4,株価が25日線より上／25日線が75日線より上／MACDがプラス／前日より出来高増加,2026-09-24,2026-09-24T20:37:56.218527+09:00
7425,初穂商事,スタンダード（内国株式）,卸売業,-,1101.0,24.642055,1,前日より出来高増加,2026-09-24,2026-09-24T20:37:56.222138+09:00
7427,エコートレーディング,スタンダード（内国株式）,卸売業,-,838.0,10.68245453491211,4,株価が25日線より上／25日線が75日線より上／MACDがプラス／前日より出来高増加,2026-09-24,2026-09-24T20:37:56.227800+09:00
7433,伯東,プライム（内国株式）,卸売業,TOPIX Small 1,5610.0,448.7051,4,株価が25日線より上／25日線が75日線より上／MACDがプラス／前日より出来高増加,2026-09-24,2026-09-24T20:37:56.229942+09:00
7435,ナ・デックス,スタンダード（内国株式）,卸売業,-,1342.0,30.10004,4,株価が25日線より上／25日線が75日線より上／MACDがプラス／前日より出来高増加,2026-09-24,2026-09-24T20:37:56.233578+09:00
7438,コンドーテック,プライム（内国株式）,卸売業,TOPIX Small 2,1775.0,84.99343,3,株価が25日線より上／25日線が75日線より上／MACDがプラス,2026-09-24,2026-09-24T20:37:56.235764+09:00
7447,ナガイレーベン,プライム（内国株式）,卸売業,TOPIX Small 2,1649.0,170.38992247192382,2,25日線が75日線より上／前日より出来高増加,2026-09-24,2026-09-24T20:37:58.588076+09:00
7453,良品計画,プライム（内国株式）,小売業,TOPIX Mid400,3943.0,10776.054650085449,1,25日線が75日線より上,2026-09-24,2026-09-24T20:37:58.590330+09:00
7456,松田産業,プライム（内国株式）,卸売業,TOPIX Small 1,7110.0,910.1973,3,株価が25日線より上／25日線が75日線より上／MACDがプラス,2026-09-24,2026-09-24T20:37:58.592405+09:00
7458,第一興商,プライム（内国株式）,卸売業,TOPIX Mid400,1882.5,651.6595925,4,株価が25日線より上／25日線が75日線より上／MACDがプラス／前日より出来高増加,2026-09-24,2026-09-24T20:37:58.594366+09:00
7459,メディパルホールディングス,プライム（内国株式）,卸売業,TOPIX Mid400,3122.0,1673.207765,4,株価が25日線より上／25日線が75日線より上／MACDがプラス／前日より出来高増加,2026-09-24,2026-09-24T20:37:58.596449+09:00
7460,ヤギ,スタンダード（内国株式）,卸売業,-,1627.0,21.30741,2,25日線が75日線より上／前日より出来高増加,2026-09-24,2026-09-24T20:37:58.598488+09:00
7463,アドヴァングループ,スタンダード（内国株式）,小売業,TOPIX Small 2,993.0,29.71011,4,株価が25日線より上／25日線が75日線より上／MACDがプラス／前日より出来高増加,2026-09-24,2026-09-24T20:37:58.606888+09:00
7466,ＳＰＫ,プライム（内国株式）,卸売業,TOPIX Small 2,1476.0,50.01984,4,株価が25日線より上／25日線が75日線より上／MACDがプラス／前日より出来高増加,2026-09-24,2026-09-24T20:37:58.610920+09:00
7475,アルビス,プライム（内国株式）,小売業,TOPIX Small 2,3765.0,329.373915,4,株価が25日線より上／25日線が75日線より上／MACDがプラス／前日より出来高増加,2026-09-24,2026-09-24T20:37:58.614667+09:00
7476,アズワン,プライム（内国株式）,卸売業,TOPIX Mid400,2513.5,316.4328875,3,株価が25日線より上／25日線が75日線より上／MACDがプラス,2026-09-24,2026-09-24T20:37:58.617024+09:00
7480,スズデン,スタンダード（内国株式）,卸売業,TOPIX Small 2,3605.0,208.623675,4,株価が25日線より上／25日線が75日線より上／MACDがプラス／前日より出来高増加,2026-09-24,2026-09-24T20:37:58.623013+09:00
7482,シモジマ,プライム（内国株式）,卸売業,TOPIX Small 2,1511.0,64.22993,2,25日線が75日線より上／MACDがプラス,2026-09-24,2026-09-24T20:37:58.626786+09:00
7483,ドウシシャ,プライム（内国株式）,卸売業,TOPIX Small 2,3105.0,176.6576,3,株価が25日線より上／25日線が75日線より上／MACDがプラス,2026-09-24,2026-09-24T20:37:58.629137+09:00
7504,高速,プライム（内国株式）,卸売業,TOPIX Small 2,4370.0,324.2491,1,25日線が75日線より上,2026-09-24,2026-09-24T20:37:58.648214+09:00
7505,扶桑電通,スタンダード（内国株式）,卸売業,-,2084.0,37.98188,1,前日より出来高増加,2026-09-24,2026-09-24T20:37:58.651651+09:00
7508,Ｇ‐７ホールディングス,プライム（内国株式）,小売業,TOPIX Small 2,1448.0,70.363465,3,株価が25日線より上／25日線が75日線より上／MACDがプラス,2026-09-24,2026-09-24T20:37:58.656019+09:00
7510,たけびし,プライム（内国株式）,卸売業,TOPIX Small 2,2809.0,139.19164,4,株価が25日線より上／25日線が75日線より上／MACDがプラス／前日より出来高増加,2026-09-24,2026-09-24T20:37:58.659686+09:00
7512,イオン北海道,スタンダード（内国株式）,小売業,TOPIX Small 1,856.0,113.69707,2,25日線が75日線より上／MACDがプラス,2026-09-24,2026-09-24T20:37:58.661532+09:00
7513,コジマ,プライム（内国株式）,小売業,TOPIX Small 1,1471.0,484.1240456036377,4,株価が25日線より上／25日線が75日線より上／MACDがプラス／前日より出来高増加,2026-09-24,2026-09-24T20:37:58.663655+09:00
7516,コーナン商事,プライム（内国株式）,小売業,TOPIX Small 1,4555.0,392.8701170239258,4,株価が25日線より上／25日線が75日線より上／MACDがプラス／前日より出来高増加,2026-09-24,2026-09-24T20:37:58.671594+09:00
7520,エコス,プライム（内国株式）,小売業,TOPIX Small 2,2569.0,53.98811,3,25日線が75日線より上／MACDがプラス／前日より出来高増加,2026-09-24,2026-09-24T20:37:58.673695+09:00
7522,ワタミ,プライム（内国株式）,小売業,TOPIX Small 2,896.0,126.653485,2,25日線が75日線より上／前日より出来高増加,2026-09-24,2026-09-24T20:37:58.677433+09:00
7525,リックス,プライム（内国株式）,卸売業,TOPIX Small 2,3610.0,50.28505,2,25日線が75日線より上／前日より出来高増加,2026-09-24,2026-09-24T20:37:58.686096+09:00
7527,システムソフト,スタンダード（内国株式）,情報・通信業,TOPIX Small 2,49.0,62.781495,2,25日線が75日線より上／前日より出来高増加,2026-09-24,2026-09-24T20:37:58.688369+09:00
7532,パン・パシフィック・インターナショナルホールディングス,プライム（内国株式）,小売業,TOPIX Mid400,716.0,13491.237025757142,0,,2026-09-24,2026-09-24T20:37:58.692170+09:00
7537,丸文,プライム（内国株式）,卸売業,TOPIX Small 2,1896.0,141.312995,4,株価が25日線より上／25日線が75日線より上／MACDがプラス／前日より出来高増加,2026-09-24,2026-09-24T20:37:58.693990+09:00
7539,アイナボホールディングス,スタンダード（内国株式）,卸売業,-,817.0,10.704465,4,株価が25日線より上／25日線が75日線より上／MACDがプラス／前日より出来高増加,2026-09-24,2026-09-24T20:37:58.698599+09:00
7545,西松屋チェーン,プライム（内国株式）,小売業,TOPIX Small 1,1952.0,361.562925,1,25日線が75日線より上,2026-09-24,2026-09-24T20:37:58.704150+09:00
7550,ゼンショーホールディングス,プライム（内国株式）,小売業,TOPIX Mid400,10220.0,5925.4076,1,25日線が75日線より上,2026-09-24,2026-09-24T20:37:58.706280+09:00
7552,ハピネット,プライム（内国株式）,卸売業,TOPIX Small 1,4190.0,654.570425,4,株価が25日線より上／25日線が75日線より上／MACDがプラス／前日より出来高増加,2026-09-24,2026-09-24T20:37:58.711065+09:00
7554,幸楽苑,プライム（内国株式）,小売業,TOPIX Small 2,1173.0,60.477365,3,25日線が75日線より上／MACDがプラス／前日より出来高増加,2026-09-24,2026-09-24T20:37:58.714054+09:00
7561,ハークスレイホールディングス,スタンダード（内国株式）,小売業,-,709.0,10.25889,4,株価が25日線より上／25日線が75日線より上／MACDがプラス／前日より出来高増加,2026-09-24,2026-09-24T20:37:58.721026+09:00
7562,安楽亭,スタンダード（内国株式）,小売業,-,3830.0,12.3599,3,25日線が75日線より上／MACDがプラス／前日より出来高増加,2026-09-24,2026-09-24T20:37:58.723392+09:00
7564,ワークマン,スタンダード（内国株式）,小売業,-,5220.0,2664.10765,1,前日より出来高増加,2026-09-24,2026-09-24T20:37:58.725299+09:00
7570,橋本総業ホールディングス,スタンダード（内国株式）,卸売業,TOPIX Small 2,1409.0,12.688765,3,25日線が75日線より上／MACDがプラス／前日より出来高増加,2026-09-24,2026-09-24T20:38:01.157911+09:00
7571,ヤマノホールディングス,スタンダード（内国株式）,小売業,-,84.0,26.14141,1,25日線が75日線より上,2026-09-24,2026-09-24T20:38:01.161100+09:00
7575,日本ライフライン,プライム（内国株式）,卸売業,TOPIX Small 1,1562.0,278.27402,4,株価が25日線より上／25日線が75日線より上／MACDがプラス／前日より出来高増加,2026-09-24,2026-09-24T20:38:01.164097+09:00
7581,サイゼリヤ,プライム（内国株式）,小売業,TOPIX Small 1,6310.0,2806.489024140625,1,25日線が75日線より上,2026-09-24,2026-09-24T20:38:01.168217+09:00
7590,タカショー,スタンダード（内国株式）,卸売業,TOPIX Small 2,394.0,16.05403,2,25日線が75日線より上／前日より出来高増加,2026-09-24,2026-09-24T20:38:01.171935+09:00
7593,ＶＴホールディングス,プライム（内国株式）,小売業,TOPIX Small 1,526.0,239.63523,3,25日線が75日線より上／MACDがプラス／前日より出来高増加,2026-09-24,2026-09-24T20:38:01.173932+09:00
7595,アルゴグラフィックス,プライム（内国株式）,情報・通信業,TOPIX Small 1,1291.0,241.12999,2,25日線が75日線より上／前日より出来高増加,2026-09-24,2026-09-24T20:38:01.175899+09:00
7596,魚力,プライム（内国株式）,小売業,TOPIX Small 2,2339.0,66.44107,3,25日線が75日線より上／MACDがプラス／前日より出来高増加,2026-09-24,2026-09-24T20:38:01.179877+09:00
7599,ＩＤＯＭ,プライム（内国株式）,卸売業,TOPIX Small 1,1202.0,1278.5182788366699,1,前日より出来高増加,2026-09-24,2026-09-24T20:38:01.182004+09:00
7600,日本エム・ディ・エム,プライム（内国株式）,精密機器,TOPIX Small 2,660.0,258.731225,1,前日より出来高増加,2026-09-24,2026-09-24T20:38:01.184153+09:00
7602,レダックス,スタンダード（内国株式）,卸売業,-,173.0,41.78241,2,25日線が75日線より上／MACDがプラス,2026-09-24,2026-09-24T20:38:01.187913+09:00
7603,ジーイエット,スタンダード（内国株式）,小売業,-,36.0,31.26096,1,前日より出来高増加,2026-09-24,2026-09-24T20:38:01.190115+09:00
7606,ユナイテッドアローズ,プライム（内国株式）,小売業,TOPIX Small 1,2405.0,473.695075,1,前日より出来高増加,2026-09-24,2026-09-24T20:38:01.195967+09:00
7607,進和,プライム（内国株式）,卸売業,TOPIX Small 2,3075.0,123.27853427001953,2,株価が25日線より上／前日より出来高増加,2026-09-24,2026-09-24T20:38:01.198276+09:00
7608,エスケイジャパン,スタンダード（内国株式）,卸売業,-,945.0,85.25142863433838,3,株価が25日線より上／25日線が75日線より上／MACDがプラス,2026-09-24,2026-09-24T20:38:01.200323+09:00
7609,ダイトロン,プライム（内国株式）,卸売業,TOPIX Small 2,4290.0,371.716375,4,株価が25日線より上／25日線が75日線より上／MACDがプラス／前日より出来高増加,2026-09-24,2026-09-24T20:38:01.202346+09:00
7610,テイツー,スタンダード（内国株式）,小売業,-,138.0,69.345125,1,前日より出来高増加,2026-09-24,2026-09-24T20:38:01.204232+09:00
7611,ハイデイ日高,プライム（内国株式）,小売業,TOPIX Small 1,2854.0,630.6811821289062,3,25日線が75日線より上／MACDがプラス／前日より出来高増加,2026-09-24,2026-09-24T20:38:01.206307+09:00
7613,シークス,プライム（内国株式）,卸売業,TOPIX Small 1,1596.0,332.48327,4,株価が25日線より上／25日線が75日線より上／MACDがプラス／前日より出来高増加,2026-09-24,2026-09-24T20:38:01.208200+09:00
7615,京都きもの友禅ホールディングス,スタンダード（内国株式）,小売業,-,97.0,64.974645,3,25日線が75日線より上／MACDがプラス／前日より出来高増加,2026-09-24,2026-09-24T20:38:01.215220+09:00
7616,コロワイド,プライム（内国株式）,小売業,TOPIX Mid400,2005.5,945.367385,2,25日線が75日線より上／前日より出来高増加,2026-09-24,2026-09-24T20:38:01.217404+09:00
7628,オーハシテクニカ,プライム（内国株式）,卸売業,TOPIX Small 2,1179.0,45.570715,2,25日線が75日線より上／前日より出来高増加,2026-09-24,2026-09-24T20:38:01.227399+09:00
7630,壱番屋,プライム（内国株式）,小売業,TOPIX Small 1,1086.0,905.7875556936646,4,株価が25日線より上／25日線が75日線より上／MACDがプラス／前日より出来高増加,2026-09-24,2026-09-24T20:38:01.230426+09:00
7637,白銅,プライム（内国株式）,卸売業,TOPIX Small 2,3680.0,105.5896,3,株価が25日線より上／25日線が75日線より上／前日より出来高増加,2026-09-24,2026-09-24T20:38:01.236168+09:00
7638,ＮＥＷ　ＡＲＴ　ＨＯＬＤＩＮＧＳ,スタンダード（内国株式）,小売業,-,1419.0,18.17485,3,株価が25日線より上／25日線が75日線より上／MACDがプラス,2026-09-24,2026-09-24T20:38:01.238057+09:00
7646,ＰＬＡＮＴ,スタンダード（内国株式）,小売業,-,1820.0,19.58970596862793,3,25日線が75日線より上／MACDがプラス／前日より出来高増加,2026-09-24,2026-09-24T20:38:01.244860+09:00
7649,スギホールディングス,プライム（内国株式）,小売業,TOPIX Mid400,1261.5,3083.346505574951,0,,2026-09-24,2026-09-24T20:38:01.247358+09:00
7674,ＮＡＴＴＹ　ＳＷＡＮＫＹホールディングス,グロース（内国株式）,小売業,-,2768.0,11.147485,3,株価が25日線より上／MACDがプラス／前日より出来高増加,2026-09-24,2026-09-24T20:38:01.253065+09:00
7678,あさくま,スタンダード（内国株式）,小売業,-,3875.0,52.6077,4,株価が25日線より上／25日線が75日線より上／MACDがプラス／前日より出来高増加,2026-09-24,2026-09-24T20:38:01.256656+09:00
7679,薬王堂ホールディングス,プライム（内国株式）,小売業,TOPIX Small 2,1633.0,91.3749,1,前日より出来高増加,2026-09-24,2026-09-24T20:38:01.258546+09:00
7683,ダブルエー,プライム（内国株式）,小売業,TOPIX Small 2,1415.0,29.15303,3,株価が25日線より上／25日線が75日線より上／MACDがプラス,2026-09-24,2026-09-24T20:38:01.267480+09:00
7685,ＢｕｙＳｅｌｌ　Ｔｅｃｈｎｏｌｏｇｉｅｓ,グロース（内国株式）,卸売業,-,3055.0,1059.29094,0,,2026-09-24,2026-09-24T20:38:01.270386+09:00
7686,ひとまいる,スタンダード（内国株式）,小売業,-,446.0,10.045395,4,株価が25日線より上／25日線が75日線より上／MACDがプラス／前日より出来高増加,2026-09-24,2026-09-24T20:38:01.272847+09:00
7689,コパ・コーポレーション,グロース（内国株式）,卸売業,-,436.0,70.065655,4,株価が25日線より上／25日線が75日線より上／MACDがプラス／前日より出来高増加,2026-09-24,2026-09-24T20:38:01.278533+09:00
7692,アースインフィニティ,スタンダード（内国株式）,電気・ガス業,-,78.0,20.25395,2,25日線が75日線より上／前日より出来高増加,2026-09-24,2026-09-24T20:38:01.281500+09:00
7694,いつも,グロース（内国株式）,小売業,-,545.0,96.092595,3,25日線が75日線より上／MACDがプラス／前日より出来高増加,2026-09-24,2026-09-24T20:38:01.284484+09:00
7695,交換できるくん,グロース（内国株式）,小売業,-,946.0,11.00724,4,株価が25日線より上／25日線が75日線より上／MACDがプラス／前日より出来高増加,2026-09-24,2026-09-24T20:38:01.287087+09:00
7701,島津製作所,プライム（内国株式）,精密機器,TOPIX Mid400,3962.0,3730.35326,1,株価が25日線より上,2026-09-24,2026-09-24T20:38:01.291947+09:00
7702,ＪＭＳ,スタンダード（内国株式）,精密機器,TOPIX Small 2,459.0,10.47992,4,株価が25日線より上／25日線が75日線より上／MACDがプラス／前日より出来高増加,2026-09-24,2026-09-24T20:38:03.717558+09:00
7707,プレシジョン・システム・サイエンス,グロース（内国株式）,精密機器,-,211.0,18.51316,2,25日線が75日線より上／前日より出来高増加,2026-09-24,2026-09-24T20:38:03.722943+09:00
7709,クボテック,スタンダード（内国株式）,精密機器,-,54.0,152.611055,2,25日線が75日線より上／MACDがプラス,2026-09-24,2026-09-24T20:38:03.725303+09:00
7711,助川電気工業,スタンダード（内国株式）,精密機器,-,5080.0,465.123125,3,株価が25日線より上／25日線が75日線より上／MACDがプラス,2026-09-24,2026-09-24T20:38:03.727622+09:00
7713,シグマ光機,スタンダード（内国株式）,精密機器,-,2522.0,57.542725,3,株価が25日線より上／25日線が75日線より上／MACDがプラス,2026-09-24,2026-09-24T20:38:03.731022+09:00
7715,長野計器,プライム（内国株式）,精密機器,TOPIX Small 2,4100.0,364.87205,2,株価が25日線より上／MACDがプラス,2026-09-24,2026-09-24T20:38:03.733401+09:00
7716,ナカニシ,スタンダード（内国株式）,精密機器,-,3060.0,831.56903,1,25日線が75日線より上,2026-09-24,2026-09-24T20:38:03.735318+09:00
7717,ブイ・テクノロジー,プライム（内国株式）,精密機器,TOPIX Small 2,5980.0,877.95185,2,株価が25日線より上／前日より出来高増加,2026-09-24,2026-09-24T20:38:03.739839+09:00
7719,東京衡機,スタンダード（内国株式）,精密機器,-,534.0,279.065555,4,株価が25日線より上／25日線が75日線より上／MACDがプラス／前日より出来高増加,2026-09-24,2026-09-24T20:38:03.742019+09:00
7721,東京計器,プライム（内国株式）,精密機器,TOPIX Small 1,7320.0,1911.28985,3,株価が25日線より上／25日線が75日線より上／MACDがプラス,2026-09-24,2026-09-24T20:38:03.744044+09:00
7722,国際計測器,スタンダード（内国株式）,精密機器,-,788.0,18.67219,2,株価が25日線より上／25日線が75日線より上,2026-09-24,2026-09-24T20:38:03.746149+09:00
7723,愛知時計電機,プライム（内国株式）,精密機器,TOPIX Small 2,2882.0,66.01094,2,株価が25日線より上／前日より出来高増加,2026-09-24,2026-09-24T20:38:03.748454+09:00
7725,インターアクション,プライム（内国株式）,精密機器,TOPIX Small 2,1821.0,136.974795,2,株価が25日線より上／前日より出来高増加,2026-09-24,2026-09-24T20:38:03.751087+09:00
7726,黒田精工,スタンダード（内国株式）,機械,-,1438.0,10.475585,3,株価が25日線より上／25日線が75日線より上／MACDがプラス,2026-09-24,2026-09-24T20:38:03.755382+09:00
7727,オーバル,スタンダード（内国株式）,精密機器,-,948.0,107.489315,4,株価が25日線より上／25日線が75日線より上／MACDがプラス／前日より出来高増加,2026-09-24,2026-09-24T20:38:03.758587+09:00
7729,東京精密,プライム（内国株式）,精密機器,TOPIX Mid400,17290.0,5109.571725,1,株価が25日線より上,2026-09-24,2026-09-24T20:38:03.760750+09:00
7730,マニー,プライム（内国株式）,精密機器,TOPIX Small 1,1459.0,455.9113686376953,1,前日より出来高増加,2026-09-24,2026-09-24T20:38:03.763002+09:00
7731,ニコン,プライム（内国株式）,精密機器,TOPIX Mid400,1858.5,3001.788795,1,前日より出来高増加,2026-09-24,2026-09-24T20:38:03.765840+09:00
7733,オリンパス,プライム（内国株式）,精密機器,TOPIX Large70,1995.0,8664.2120175,1,25日線が75日線より上,2026-09-24,2026-09-24T20:38:03.768341+09:00
7734,理研計器,プライム（内国株式）,精密機器,TOPIX Small 1,3585.0,312.545875,3,株価が25日線より上／MACDがプラス／前日より出来高増加,2026-09-24,2026-09-24T20:38:03.772241+09:00
7735,ＳＣＲＥＥＮホールディングス,プライム（内国株式）,電気機器,TOPIX Mid400,13300.0,22628.92155,1,株価が25日線より上,2026-09-24,2026-09-24T20:38:03.776076+09:00
7740,タムロン,プライム（内国株式）,精密機器,TOPIX Small 1,1347.0,565.109855,2,25日線が75日線より上／MACDがプラス,2026-09-24,2026-09-24T20:38:03.778278+09:00
7741,ＨＯＹＡ,プライム（内国株式）,精密機器,TOPIX Core30,23140.0,27570.525525,1,前日より出来高増加,2026-09-24,2026-09-24T20:38:03.780270+09:00
7743,シード,スタンダード（内国株式）,精密機器,-,792.0,457.6033,4,株価が25日線より上／25日線が75日線より上／MACDがプラス／前日より出来高増加,2026-09-24,2026-09-24T20:38:03.782126+09:00
7744,ノーリツ鋼機,プライム（内国株式）,精密機器,TOPIX Small 1,2013.0,609.59928,3,株価が25日線より上／25日線が75日線より上／前日より出来高増加,2026-09-24,2026-09-24T20:38:03.784250+09:00
7745,Ａ＆Ｄホロンホールディングス,プライム（内国株式）,精密機器,TOPIX Small 1,2943.0,223.729535,2,株価が25日線より上／MACDがプラス,2026-09-24,2026-09-24T20:38:03.787860+09:00
7746,岡本硝子,スタンダード（内国株式）,精密機器,-,812.0,433.138335,3,株価が25日線より上／25日線が75日線より上／MACDがプラス,2026-09-24,2026-09-24T20:38:03.790784+09:00
7747,朝日インテック,プライム（内国株式）,精密機器,TOPIX Mid400,3338.0,4755.25642,0,,2026-09-24,2026-09-24T20:38:03.793577+09:00
7751,キヤノン,プライム（内国株式）,電気機器,TOPIX Large70,4564.0,13554.796335,2,株価が25日線より上／25日線が75日線より上,2026-09-24,2026-09-24T20:38:03.798270+09:00
7752,リコー,プライム（内国株式）,電気機器,TOPIX Mid400,1659.0,3182.083815,3,株価が25日線より上／25日線が75日線より上／MACDがプラス,2026-09-24,2026-09-24T20:38:03.800686+09:00
7760,ＩＭＶ,スタンダード（内国株式）,精密機器,-,2120.0,143.510485,2,株価が25日線より上／前日より出来高増加,2026-09-24,2026-09-24T20:38:03.804540+09:00
7762,シチズン時計,プライム（内国株式）,精密機器,TOPIX Small 1,2377.0,4216.796665,1,25日線が75日線より上,2026-09-24,2026-09-24T20:38:03.807451+09:00
7769,リズム,プライム（内国株式）,精密機器,-,3855.0,74.642375,2,25日線が75日線より上／前日より出来高増加,2026-09-24,2026-09-24T20:38:03.810120+09:00
7771,日本精密,スタンダード（内国株式）,精密機器,-,257.0,39.714185,1,前日より出来高増加,2026-09-24,2026-09-24T20:38:03.812487+09:00
7774,ジャパン・ティッシュエンジニアリング,グロース（内国株式）,精密機器,-,858.0,84.793015,4,株価が25日線より上／25日線が75日線より上／MACDがプラス／前日より出来高増加,2026-09-24,2026-09-24T20:38:03.814629+09:00
7776,セルシード,グロース（内国株式）,精密機器,-,226.0,33.35197,1,25日線が75日線より上,2026-09-24,2026-09-24T20:38:03.818539+09:00
7777,スリー・ディー・マトリックス,グロース（内国株式）,精密機器,-,431.0,1192.93411,3,株価が25日線より上／25日線が75日線より上／MACDがプラス,2026-09-24,2026-09-24T20:38:03.822787+09:00
7779,ＣＹＢＥＲＤＹＮＥ,グロース（内国株式）,精密機器,-,239.0,234.579215,2,株価が25日線より上／前日より出来高増加,2026-09-24,2026-09-24T20:38:03.825435+09:00
7780,メニコン,プライム（内国株式）,精密機器,TOPIX Small 1,1763.0,438.497675,1,25日線が75日線より上,2026-09-24,2026-09-24T20:38:03.827927+09:00
7781,平山ホールディングス,スタンダード（内国株式）,精密機器,-,889.0,15.76655,4,株価が25日線より上／25日線が75日線より上／MACDがプラス／前日より出来高増加,2026-09-24,2026-09-24T20:38:03.829913+09:00
7792,コラントッテ,グロース（内国株式）,その他製品,-,1503.0,15.856235,4,株価が25日線より上／25日線が75日線より上／MACDがプラス／前日より出来高増加,2026-09-24,2026-09-24T20:38:03.837775+09:00
7794,イーディーピー,グロース（内国株式）,その他製品,-,1013.0,387.7741,3,株価が25日線より上／MACDがプラス／前日より出来高増加,2026-09-24,2026-09-24T20:38:03.843382+09:00
7795,ＫＹＯＲＩＴＳＵ,スタンダード（内国株式）,その他製品,-,220.0,11.80686,3,25日線が75日線より上／MACDがプラス／前日より出来高増加,2026-09-24,2026-09-24T20:38:03.845741+09:00
7803,ブシロード,グロース（内国株式）,その他製品,-,479.0,621.668475,4,株価が25日線より上／25日線が75日線より上／MACDがプラス／前日より出来高増加,2026-09-24,2026-09-24T20:38:03.849633+09:00
7805,プリントネット,スタンダード（内国株式）,その他製品,-,712.0,14.960504672546387,1,前日より出来高増加,2026-09-24,2026-09-24T20:38:03.855459+09:00
7806,ＭＴＧ,グロース（内国株式）,その他製品,-,8170.0,1403.8813,1,25日線が75日線より上,2026-09-24,2026-09-24T20:38:03.857566+09:00
7810,クロスフォー,スタンダード（内国株式）,その他製品,-,152.0,374.4235,2,25日線が75日線より上／前日より出来高増加,2026-09-24,2026-09-24T20:38:03.866088+09:00
7811,中本パックス,スタンダード（内国株式）,その他製品,-,2306.0,70.44344992797852,4,株価が25日線より上／25日線が75日線より上／MACDがプラス／前日より出来高増加,2026-09-24,2026-09-24T20:38:03.867978+09:00
7818,トランザクション,プライム（内国株式）,その他製品,TOPIX Small 2,1230.0,242.14151590759278,2,株価が25日線より上／MACDがプラス,2026-09-24,2026-09-24T20:38:07.865934+09:00
7819,粧美堂,スタンダード（内国株式）,その他製品,-,992.0,29.187885,2,25日線が75日線より上／MACDがプラス,2026-09-24,2026-09-24T20:38:07.872021+09:00
7820,ニホンフラッシュ,プライム（内国株式）,その他製品,TOPIX Small 2,716.0,28.83157,2,株価が25日線より上／前日より出来高増加,2026-09-24,2026-09-24T20:38:07.880677+09:00
7821,前田工繊,プライム（内国株式）,その他製品,TOPIX Small 1,1979.0,219.003335,2,25日線が75日線より上／前日より出来高増加,2026-09-24,2026-09-24T20:38:07.886909+09:00
7823,アートネイチャー,スタンダード（内国株式）,その他製品,TOPIX Small 2,822.0,69.498535,1,前日より出来高増加,2026-09-24,2026-09-24T20:38:07.900004+09:00
7826,フルヤ金属,プライム（内国株式）,その他製品,TOPIX Small 1,10700.0,6022.6732,3,株価が25日線より上／25日線が75日線より上／MACDがプラス,2026-09-24,2026-09-24T20:38:07.908998+09:00
7832,バンダイナムコホールディングス,プライム（内国株式）,その他製品,TOPIX Large70,5479.0,14673.140285,2,25日線が75日線より上／MACDがプラス,2026-09-24,2026-09-24T20:38:07.924053+09:00
7839,ＳＨＯＥＩ,プライム（内国株式）,その他製品,TOPIX Small 1,2144.0,421.881335,3,株価が25日線より上／25日線が75日線より上／MACDがプラス,2026-09-24,2026-09-24T20:38:07.949947+09:00
7840,フランスベッドホールディングス,プライム（内国株式）,その他製品,TOPIX Small 2,1304.0,38.96783,3,株価が25日線より上／25日線が75日線より上／MACDがプラス,2026-09-24,2026-09-24T20:38:07.955850+09:00
7841,遠藤製作所,スタンダード（内国株式）,その他製品,-,1087.0,14.960255,2,25日線が75日線より上／前日より出来高増加,2026-09-24,2026-09-24T20:38:07.963878+09:00
7844,マーベラス,プライム（内国株式）,情報・通信業,TOPIX Small 2,534.0,85.314905,4,株価が25日線より上／25日線が75日線より上／MACDがプラス／前日より出来高増加,2026-09-24,2026-09-24T20:38:07.970113+09:00
7846,パイロットコーポレーション,プライム（内国株式）,その他製品,TOPIX Mid400,2137.0,843.668255,3,株価が25日線より上／25日線が75日線より上／MACDがプラス,2026-09-24,2026-09-24T20:38:07.977351+09:00
7856,萩原工業,プライム（内国株式）,その他製品,TOPIX Small 2,2002.0,227.97424,4,株価が25日線より上／25日線が75日線より上／MACDがプラス／前日より出来高増加,2026-09-24,2026-09-24T20:38:08.005628+09:00
7859,アルメディオ,スタンダード（内国株式）,その他製品,-,282.0,32.37757,4,株価が25日線より上／25日線が75日線より上／MACDがプラス／前日より出来高増加,2026-09-24,2026-09-24T20:38:08.018429+09:00
7860,エイベックス,プライム（内国株式）,情報・通信業,TOPIX Small 1,1268.0,132.337775,3,25日線が75日線より上／MACDがプラス／前日より出来高増加,2026-09-24,2026-09-24T20:38:08.024729+09:00
7864,フジシールインターナショナル,プライム（内国株式）,その他製品,TOPIX Small 1,3400.0,384.8857,3,株価が25日線より上／25日線が75日線より上／MACDがプラス,2026-09-24,2026-09-24T20:38:08.038507+09:00
7867,タカラトミー,プライム（内国株式）,その他製品,TOPIX Mid400,4052.0,2379.491635,3,株価が25日線より上／25日線が75日線より上／MACDがプラス,2026-09-24,2026-09-24T20:38:08.050971+09:00
7868,広済堂ホールディングス,プライム（内国株式）,その他製品,TOPIX Small 2,545.0,183.2945,1,25日線が75日線より上,2026-09-24,2026-09-24T20:38:08.058592+09:00
7874,レック,プライム（内国株式）,化学,TOPIX Small 2,970.0,73.14239,4,株価が25日線より上／25日線が75日線より上／MACDがプラス／前日より出来高増加,2026-09-24,2026-09-24T20:38:08.075714+09:00
7875,竹田ｉＰホールディングス,スタンダード（内国株式）,その他製品,-,852.0,15.839415,2,株価が25日線より上／MACDがプラス,2026-09-24,2026-09-24T20:38:08.081031+09:00
7878,光・彩,スタンダード（内国株式）,その他製品,-,1159.0,15.312355,1,25日線が75日線より上,2026-09-24,2026-09-24T20:38:08.094552+09:00
7885,タカノ,スタンダード（内国株式）,その他製品,-,1142.0,10.35653,4,株価が25日線より上／25日線が75日線より上／MACDがプラス／前日より出来高増加,2026-09-24,2026-09-24T20:38:08.115097+09:00
7888,三光合成,プライム（内国株式）,化学,TOPIX Small 2,899.0,85.226495,3,株価が25日線より上／25日線が75日線より上／前日より出来高増加,2026-09-24,2026-09-24T20:38:08.135918+09:00
7893,プロネクサス,プライム（内国株式）,その他製品,TOPIX Small 2,1111.0,56.02129,1,25日線が75日線より上,2026-09-24,2026-09-24T20:38:08.144092+09:00
7897,ホクシン,スタンダード（内国株式）,その他製品,-,107.0,13.615415,4,株価が25日線より上／25日線が75日線より上／MACDがプラス／前日より出来高増加,2026-09-24,2026-09-24T20:38:08.159359+09:00
7906,ヨネックス,スタンダード（内国株式）,その他製品,-,2382.0,1006.699935,2,25日線が75日線より上／前日より出来高増加,2026-09-24,2026-09-24T20:38:08.187067+09:00
7908,きもと,スタンダード（内国株式）,化学,-,245.0,21.96936,3,株価が25日線より上／25日線が75日線より上／MACDがプラス,2026-09-24,2026-09-24T20:38:08.194176+09:00
7911,ＴＯＰＰＡＮホールディングス,プライム（内国株式）,その他製品,TOPIX Mid400,4921.0,7728.71689,1,25日線が75日線より上,2026-09-24,2026-09-24T20:38:08.199485+09:00
7912,大日本印刷,プライム（内国株式）,その他製品,TOPIX Mid400,2974.0,4228.5767025,1,25日線が75日線より上,2026-09-24,2026-09-24T20:38:08.206102+09:00
7914,共同印刷,プライム（内国株式）,その他製品,TOPIX Small 2,1767.0,115.92523,4,株価が25日線より上／25日線が75日線より上／MACDがプラス／前日より出来高増加,2026-09-24,2026-09-24T20:38:08.213809+09:00
7915,ＮＩＳＳＨＡ,プライム（内国株式）,その他製品,TOPIX Small 1,1194.0,290.59801,0,,2026-09-24,2026-09-24T20:38:08.220415+09:00
7917,ＺＡＣＲＯＳ,プライム（内国株式）,化学,TOPIX Small 2,1255.0,142.752185,0,,2026-09-24,2026-09-24T20:38:08.231070+09:00
7921,ＴＡＫＡＲＡ　＆　ＣＯＭＰＡＮＹ,プライム（内国株式）,その他製品,TOPIX Small 2,4100.0,80.299075,2,25日線が75日線より上／前日より出来高増加,2026-09-24,2026-09-24T20:38:19.408223+09:00
7927,ムトー精工,スタンダード（内国株式）,化学,-,2382.0,38.24716,4,株価が25日線より上／25日線が75日線より上／MACDがプラス／前日より出来高増加,2026-09-24,2026-09-24T20:38:19.410905+09:00
7931,未来工業,プライム（内国株式）,化学,TOPIX Small 2,3660.0,91.78464675048828,3,株価が25日線より上／25日線が75日線より上／MACDがプラス,2026-09-24,2026-09-24T20:38:19.427184+09:00
7932,ニッピ,スタンダード（内国株式）,その他製品,-,11500.0,65.52775,1,前日より出来高増加,2026-09-24,2026-09-24T20:38:19.431049+09:00
7936,アシックス,プライム（内国株式）,その他製品,TOPIX Large70,4110.0,24531.547465,0,,2026-09-24,2026-09-24T20:38:19.433435+09:00
7937,ツツミ,スタンダード（内国株式）,その他製品,TOPIX Small 2,2552.0,35.625995,1,前日より出来高増加,2026-09-24,2026-09-24T20:38:19.436125+09:00
7942,ＪＳＰ,プライム（内国株式）,化学,TOPIX Small 2,3010.0,166.261135,2,25日線が75日線より上／MACDがプラス,2026-09-24,2026-09-24T20:38:19.442550+09:00
7943,ニチハ,プライム（内国株式）,ガラス・土石製品,TOPIX Small 1,3055.0,180.69374,2,株価が25日線より上／25日線が75日線より上,2026-09-24,2026-09-24T20:38:19.445318+09:00
7944,ローランド,プライム（内国株式）,その他製品,TOPIX Small 1,3740.0,326.087425,1,前日より出来高増加,2026-09-24,2026-09-24T20:38:19.447408+09:00
7947,エフピコ,プライム（内国株式）,化学,TOPIX Small 1,2813.0,529.329485,3,株価が25日線より上／25日線が75日線より上／MACDがプラス,2026-09-24,2026-09-24T20:38:19.451146+09:00
7949,小松ウオール工業,プライム（内国株式）,その他製品,TOPIX Small 2,2829.0,127.83621,4,株価が25日線より上／25日線が75日線より上／MACDがプラス／前日より出来高増加,2026-09-24,2026-09-24T20:38:19.453218+09:00
7951,ヤマハ,プライム（内国株式）,その他製品,TOPIX Mid400,1247.5,2785.0625975,1,25日線が75日線より上,2026-09-24,2026-09-24T20:38:19.455491+09:00
7952,河合楽器製作所,プライム（内国株式）,その他製品,TOPIX Small 2,3300.0,50.6974,2,25日線が75日線より上／前日より出来高増加,2026-09-24,2026-09-24T20:38:19.460517+09:00
7955,クリナップ,プライム（内国株式）,その他製品,TOPIX Small 2,954.0,37.406575,2,25日線が75日線より上／前日より出来高増加,2026-09-24,2026-09-24T20:38:19.465646+09:00
7956,ピジョン,プライム（内国株式）,その他製品,TOPIX Mid400,2027.5,2008.258625,1,25日線が75日線より上,2026-09-24,2026-09-24T20:38:19.467719+09:00
7957,フジコピアン,スタンダード（内国株式）,その他製品,-,2601.0,12.38013,4,株価が25日線より上／25日線が75日線より上／MACDがプラス／前日より出来高増加,2026-09-24,2026-09-24T20:38:19.469405+09:00
7962,キングジム,プライム（内国株式）,その他製品,TOPIX Small 2,797.0,18.603425,1,25日線が75日線より上,2026-09-24,2026-09-24T20:38:19.470927+09:00
7965,象印マホービン,プライム（内国株式）,電気機器,TOPIX Small 1,1450.0,152.45584,2,25日線が75日線より上／MACDがプラス,2026-09-24,2026-09-24T20:38:19.475056+09:00
7966,リンテック,プライム（内国株式）,その他製品,TOPIX Small 1,5710.0,8263.12605,2,株価が25日線より上／前日より出来高増加,2026-09-24,2026-09-24T20:38:19.477102+09:00
7970,信越ポリマー,プライム（内国株式）,化学,TOPIX Small 1,2330.0,232.23961,2,株価が25日線より上／MACDがプラス,2026-09-24,2026-09-24T20:38:19.478854+09:00
7971,東リ,スタンダード（内国株式）,化学,-,696.0,51.01104,3,25日線が75日線より上／MACDがプラス／前日より出来高増加,2026-09-24,2026-09-24T20:38:19.480569+09:00
7972,イトーキ,プライム（内国株式）,その他製品,TOPIX Small 1,2511.0,413.460415,0,,2026-09-24,2026-09-24T20:38:19.482255+09:00
7974,任天堂,プライム（内国株式）,その他製品,TOPIX Core30,8196.0,68459.45042,2,25日線が75日線より上／前日より出来高増加,2026-09-24,2026-09-24T20:38:19.484231+09:00
7976,三菱鉛筆,プライム（内国株式）,その他製品,TOPIX Small 1,3370.0,304.723965,3,株価が25日線より上／25日線が75日線より上／MACDがプラス,2026-09-24,2026-09-24T20:38:19.488401+09:00
7979,松風,プライム（内国株式）,精密機器,TOPIX Small 2,2262.0,149.185005,2,25日線が75日線より上／前日より出来高増加,2026-09-24,2026-09-24T20:38:19.491467+09:00
7980,重松製作所,スタンダード（内国株式）,その他製品,-,860.0,20.97833,3,株価が25日線より上／25日線が75日線より上／MACDがプラス,2026-09-24,2026-09-24T20:38:19.495301+09:00
7981,タカラスタンダード,プライム（内国株式）,その他製品,TOPIX Small 1,3110.0,309.37985,3,株価が25日線より上／25日線が75日線より上／MACDがプラス,2026-09-24,2026-09-24T20:38:19.497878+09:00
7983,ミロク,スタンダード（内国株式）,その他製品,-,1151.0,27.905935,3,25日線が75日線より上／MACDがプラス／前日より出来高増加,2026-09-24,2026-09-24T20:38:19.500646+09:00
7984,コクヨ,プライム（内国株式）,その他製品,TOPIX Mid400,896.7000122070312,841.1138158718873,2,25日線が75日線より上／MACDがプラス,2026-09-24,2026-09-24T20:38:19.503834+09:00
7987,ナカバヤシ,スタンダード（内国株式）,その他製品,TOPIX Small 2,567.0,26.267065,3,株価が25日線より上／25日線が75日線より上／前日より出来高増加,2026-09-24,2026-09-24T20:38:19.512048+09:00
7988,ニフコ,プライム（内国株式）,化学,TOPIX Mid400,4938.0,1392.69008,1,25日線が75日線より上,2026-09-24,2026-09-24T20:38:19.516744+09:00
7989,立川ブラインド工業,プライム（内国株式）,金属製品,TOPIX Small 2,2694.0,83.49182,4,株価が25日線より上／25日線が75日線より上／MACDがプラス／前日より出来高増加,2026-09-24,2026-09-24T20:38:19.531967+09:00
7990,グローブライド,プライム（内国株式）,その他製品,TOPIX Small 1,2433.0,177.928945,1,前日より出来高増加,2026-09-24,2026-09-24T20:38:19.544111+09:00
7994,オカムラ,プライム（内国株式）,その他製品,TOPIX Small 1,2340.0,453.982105,2,25日線が75日線より上／MACDがプラス,2026-09-24,2026-09-24T20:38:19.663887+09:00
7995,バルカー,プライム（内国株式）,化学,TOPIX Small 1,6700.0,346.9271,2,株価が25日線より上／前日より出来高増加,2026-09-24,2026-09-24T20:38:19.691514+09:00
8001,伊藤忠商事,プライム（内国株式）,卸売業,TOPIX Core30,2220.5,39552.0375325,3,株価が25日線より上／25日線が75日線より上／MACDがプラス,2026-09-24,2026-09-24T20:38:19.708318+09:00
8002,丸紅,プライム（内国株式）,卸売業,TOPIX Large70,4878.0,23789.689855,1,25日線が75日線より上,2026-09-24,2026-09-24T20:38:19.716901+09:00
8005,スクロール,プライム（内国株式）,小売業,TOPIX Small 2,1793.0,438.87258,2,25日線が75日線より上／前日より出来高増加,2026-09-24,2026-09-24T20:38:19.724257+09:00
8007,高島,プライム（内国株式）,卸売業,-,806.0,87.738315,3,25日線が75日線より上／MACDがプラス／前日より出来高増加,2026-09-24,2026-09-24T20:38:19.751139+09:00
8008,ヨンドシーホールディングス,プライム（内国株式）,小売業,TOPIX Small 1,2090.0,204.86813701416017,3,25日線が75日線より上／MACDがプラス／前日より出来高増加,2026-09-24,2026-09-24T20:38:19.772994+09:00
8011,三陽商会,プライム（内国株式）,繊維製品,TOPIX Small 2,1368.0,265.9904648071289,1,25日線が75日線より上,2026-09-24,2026-09-24T20:38:19.798767+09:00
8012,長瀬産業,プライム（内国株式）,卸売業,TOPIX Mid400,1178.0,1069.90303,1,株価が25日線より上,2026-09-24,2026-09-24T20:38:19.830845+09:00
8014,蝶理,プライム（内国株式）,卸売業,TOPIX Small 2,4245.0,153.939375,2,25日線が75日線より上／MACDがプラス,2026-09-24,2026-09-24T20:38:19.849578+09:00
8015,豊田通商,プライム（内国株式）,卸売業,TOPIX Large70,7361.0,15883.427455,2,25日線が75日線より上／MACDがプラス,2026-09-24,2026-09-24T20:38:19.857662+09:00
8016,オンワードホールディングス,プライム（内国株式）,繊維製品,TOPIX Small 1,726.0,619.6869798046876,1,25日線が75日線より上,2026-09-24,2026-09-24T20:38:19.864678+09:00
8018,三共生興,スタンダード（内国株式）,卸売業,TOPIX Small 2,847.0,27.428145,2,25日線が75日線より上／MACDがプラス,2026-09-24,2026-09-24T20:38:26.253333+09:00
8020,兼松,プライム（内国株式）,卸売業,TOPIX Mid400,2317.0,1387.8710375,3,株価が25日線より上／25日線が75日線より上／MACDがプラス,2026-09-24,2026-09-24T20:38:26.261397+09:00
8022,美津濃,プライム（内国株式）,その他製品,TOPIX Small 1,4105.0,929.463375,3,株価が25日線より上／25日線が75日線より上／MACDがプラス,2026-09-24,2026-09-24T20:38:26.269255+09:00
8023,ＤＡＩＫＯ　ＸＴＥＣＨ,スタンダード（内国株式）,情報・通信業,-,1055.0,10.465375,4,株価が25日線より上／25日線が75日線より上／MACDがプラス／前日より出来高増加,2026-09-24,2026-09-24T20:38:26.280019+09:00
8029,ルックホールディングス,スタンダード（内国株式）,繊維製品,TOPIX Small 2,2690.0,25.32448,4,株価が25日線より上／25日線が75日線より上／MACDがプラス／前日より出来高増加,2026-09-24,2026-09-24T20:38:26.293587+09:00
8031,三井物産,プライム（内国株式）,卸売業,TOPIX Core30,5033.0,33104.578955,2,25日線が75日線より上／MACDがプラス,2026-09-24,2026-09-24T20:38:26.306653+09:00
8032,日本紙パルプ商事,プライム（内国株式）,卸売業,TOPIX Small 2,1266.0,280.12411,3,株価が25日線より上／25日線が75日線より上／MACDがプラス,2026-09-24,2026-09-24T20:38:26.313180+09:00
8035,東京エレクトロン,プライム（内国株式）,電気機器,TOPIX Core30,53920.0,158010.1794,1,株価が25日線より上,2026-09-24,2026-09-24T20:38:26.319700+09:00
8037,カメイ,プライム（内国株式）,卸売業,TOPIX Small 2,5160.0,335.513475,3,株価が25日線より上／25日線が75日線より上／MACDがプラス,2026-09-24,2026-09-24T20:38:26.326667+09:00
8041,ＯＵＧホールディングス,スタンダード（内国株式）,卸売業,-,4645.0,15.86795,4,株価が25日線より上／25日線が75日線より上／MACDがプラス／前日より出来高増加,2026-09-24,2026-09-24T20:38:26.349108+09:00
8043,スターゼン,プライム（内国株式）,卸売業,TOPIX Small 2,1549.0,287.25083,4,株価が25日線より上／25日線が75日線より上／MACDがプラス／前日より出来高増加,2026-09-24,2026-09-24T20:38:26.356301+09:00
8046,丸藤シートパイル,スタンダード（内国株式）,卸売業,-,987.0,15.32777,3,25日線が75日線より上／MACDがプラス／前日より出来高増加,2026-09-24,2026-09-24T20:38:26.369177+09:00
8050,セイコーグループ,プライム（内国株式）,精密機器,TOPIX Small 1,10200.0,6032.091,1,25日線が75日線より上,2026-09-24,2026-09-24T20:38:26.376009+09:00
8051,山善,プライム（内国株式）,卸売業,TOPIX Small 1,2001.0,426.44317,3,株価が25日線より上／25日線が75日線より上／MACDがプラス,2026-09-24,2026-09-24T20:38:26.383297+09:00
8052,椿本興業,プライム（内国株式）,卸売業,TOPIX Small 2,2929.0,208.63834,3,株価が25日線より上／25日線が75日線より上／MACDがプラス,2026-09-24,2026-09-24T20:38:26.418792+09:00
8053,住友商事,プライム（内国株式）,卸売業,TOPIX Large70,1768.5,19182.8336425,2,25日線が75日線より上／MACDがプラス,2026-09-24,2026-09-24T20:38:26.427197+09:00
8056,ＢＩＰＲＯＧＹ,プライム（内国株式）,情報・通信業,TOPIX Mid400,4793.0,2092.215545,3,株価が25日線より上／25日線が75日線より上／MACDがプラス,2026-09-24,2026-09-24T20:38:26.434557+09:00
8057,内田洋行,プライム（内国株式）,卸売業,TOPIX Small 1,2224.0,479.698645,2,25日線が75日線より上／MACDがプラス,2026-09-24,2026-09-24T20:38:26.438036+09:00
8058,三菱商事,プライム（内国株式）,卸売業,TOPIX Core30,4811.0,38987.2866,3,25日線が75日線より上／MACDがプラス／前日より出来高増加,2026-09-24,2026-09-24T20:38:26.454442+09:00
8059,第一実業,プライム（内国株式）,卸売業,TOPIX Small 2,3660.0,403.436025,3,25日線が75日線より上／MACDがプラス／前日より出来高増加,2026-09-24,2026-09-24T20:38:26.464981+09:00
8060,キヤノンマーケティングジャパン,プライム（内国株式）,卸売業,TOPIX Mid400,3679.0,1541.87955,3,株価が25日線より上／25日線が75日線より上／MACDがプラス,2026-09-24,2026-09-24T20:38:26.470943+09:00
8061,西華産業,プライム（内国株式）,卸売業,TOPIX Small 1,3065.0,420.343665,4,株価が25日線より上／25日線が75日線より上／MACDがプラス／前日より出来高増加,2026-09-24,2026-09-24T20:38:26.478607+09:00
8065,佐藤商事,プライム（内国株式）,卸売業,TOPIX Small 2,3100.0,493.50535,1,25日線が75日線より上,2026-09-24,2026-09-24T20:38:26.528888+09:00
8066,三谷商事,スタンダード（内国株式）,卸売業,-,3575.0,96.71995,4,株価が25日線より上／25日線が75日線より上／MACDがプラス／前日より出来高増加,2026-09-24,2026-09-24T20:38:26.698967+09:00
8070,東京産業,プライム（内国株式）,卸売業,TOPIX Small 2,1023.0,117.909555,4,株価が25日線より上／25日線が75日線より上／MACDがプラス／前日より出来高増加,2026-09-24,2026-09-24T20:38:26.713284+09:00
8074,ＹＵＡＳＡ,プライム（内国株式）,卸売業,TOPIX Small 1,6370.0,233.3444,3,株価が25日線より上／25日線が75日線より上／MACDがプラス,2026-09-24,2026-09-24T20:38:26.721867+09:00
8075,神鋼商事,プライム（内国株式）,卸売業,TOPIX Small 2,3185.0,148.66285,3,株価が25日線より上／25日線が75日線より上／MACDがプラス,2026-09-24,2026-09-24T20:38:26.733305+09:00
8078,阪和興業,プライム（内国株式）,卸売業,TOPIX Small 1,1907.0,935.403255,3,株価が25日線より上／25日線が75日線より上／MACDがプラス,2026-09-24,2026-09-24T20:38:26.754144+09:00
8079,正栄食品工業,プライム（内国株式）,卸売業,TOPIX Small 1,4425.0,185.231475,3,25日線が75日線より上／MACDがプラス／前日より出来高増加,2026-09-24,2026-09-24T20:38:26.762120+09:00
8081,カナデン,プライム（内国株式）,卸売業,TOPIX Small 2,2601.0,118.433905,4,株価が25日線より上／25日線が75日線より上／MACDがプラス／前日より出来高増加,2026-09-24,2026-09-24T20:38:26.769894+09:00
8084,ＲＹＯＤＥＮ,プライム（内国株式）,卸売業,TOPIX Small 2,4820.0,185.23385,3,株価が25日線より上／25日線が75日線より上／MACDがプラス,2026-09-24,2026-09-24T20:38:26.778749+09:00
8086,ニプロ,プライム（内国株式）,精密機器,TOPIX Mid400,1441.0,1136.7740625,0,,2026-09-24,2026-09-24T20:38:26.789964+09:00
8088,岩谷産業,プライム（内国株式）,卸売業,TOPIX Mid400,2123.0,1477.65985,1,25日線が75日線より上,2026-09-24,2026-09-24T20:38:26.795051+09:00
8091,ニチモウ,プライム（内国株式）,卸売業,-,2420.0,19.139235,3,株価が25日線より上／25日線が75日線より上／MACDがプラス,2026-09-24,2026-09-24T20:38:26.807500+09:00
8093,極東貿易,プライム（内国株式）,卸売業,TOPIX Small 2,1809.0,63.86839,1,25日線が75日線より上,2026-09-24,2026-09-24T20:38:26.813807+09:00
8095,アステナホールディングス,プライム（内国株式）,卸売業,TOPIX Small 2,524.0,45.872695,2,25日線が75日線より上／前日より出来高増加,2026-09-24,2026-09-24T20:38:26.819974+09:00
8097,三愛オブリ,プライム（内国株式）,卸売業,TOPIX Small 1,2497.0,276.22671,3,株価が25日線より上／25日線が75日線より上／MACDがプラス,2026-09-24,2026-09-24T20:38:26.825589+09:00
8098,稲畑産業,プライム（内国株式）,卸売業,TOPIX Small 1,4490.0,547.353175,3,株価が25日線より上／25日線が75日線より上／MACDがプラス,2026-09-24,2026-09-24T20:38:26.830696+09:00
8101,ＧＳＩクレオス,プライム（内国株式）,卸売業,TOPIX Small 2,2602.0,81.519255,2,25日線が75日線より上／前日より出来高増加,2026-09-24,2026-09-24T20:38:26.835493+09:00
8103,明和産業,プライム（内国株式）,卸売業,TOPIX Small 2,997.0,135.03756,4,株価が25日線より上／25日線が75日線より上／MACDがプラス／前日より出来高増加,2026-09-24,2026-09-24T20:38:26.842274+09:00
8104,クワザワホールディングス,スタンダード（内国株式）,卸売業,-,810.0,10.907585,3,株価が25日線より上／25日線が75日線より上／MACDがプラス,2026-09-24,2026-09-24T20:38:26.848857+09:00
8105,Ｂｉｔｃｏｉｎ　Ｊａｐａｎ,スタンダード（内国株式）,卸売業,-,78.0,122.663335,0,,2026-09-24,2026-09-24T20:38:26.854574+09:00
8111,ゴールドウイン,プライム（内国株式）,繊維製品,TOPIX Mid400,2164.0,1272.21856,1,株価が25日線より上,2026-09-24,2026-09-24T20:38:26.863522+09:00
8113,ユニ・チャーム,プライム（内国株式）,化学,TOPIX Large70,952.9000244140625,4563.515493990173,1,25日線が75日線より上,2026-09-24,2026-09-24T20:38:26.867842+09:00
8117,中央自動車工業,スタンダード（内国株式）,卸売業,-,2178.0,1249.02882,3,株価が25日線より上／25日線が75日線より上／MACDがプラス,2026-09-24,2026-09-24T20:38:26.875883+09:00
8125,ワキタ,プライム（内国株式）,卸売業,TOPIX Small 1,1963.0,328.3909692767334,3,株価が25日線より上／25日線が75日線より上／MACDがプラス,2026-09-24,2026-09-24T20:38:26.896241+09:00
8129,東邦ホールディングス,プライム（内国株式）,卸売業,TOPIX Mid400,4063.0,491.145685,4,株価が25日線より上／25日線が75日線より上／MACDがプラス／前日より出来高増加,2026-09-24,2026-09-24T20:38:30.067967+09:00
8130,サンゲツ,プライム（内国株式）,卸売業,TOPIX Small 1,3220.0,338.963225,3,株価が25日線より上／25日線が75日線より上／MACDがプラス,2026-09-24,2026-09-24T20:38:30.074366+09:00
8131,ミツウロコグループホールディングス,スタンダード（内国株式）,卸売業,TOPIX Small 2,2474.0,167.271545,3,株価が25日線より上／25日線が75日線より上／MACDがプラス,2026-09-24,2026-09-24T20:38:30.079649+09:00
8132,シナネンホールディングス,プライム（内国株式）,卸売業,TOPIX Small 2,7540.0,61.054,1,25日線が75日線より上,2026-09-24,2026-09-24T20:38:30.085969+09:00
8133,伊藤忠エネクス,プライム（内国株式）,卸売業,TOPIX Small 1,2337.0,285.20216,3,株価が25日線より上／25日線が75日線より上／MACDがプラス,2026-09-24,2026-09-24T20:38:30.090731+09:00
8136,サンリオ,プライム（内国株式）,卸売業,TOPIX Mid400,1212.0,22076.654835,1,25日線が75日線より上,2026-09-24,2026-09-24T20:38:30.101222+09:00
8137,サンワテクノス,プライム（内国株式）,卸売業,TOPIX Small 2,4705.0,196.537,4,株価が25日線より上／25日線が75日線より上／MACDがプラス／前日より出来高増加,2026-09-24,2026-09-24T20:38:30.106778+09:00
8139,ナガホリ,スタンダード（内国株式）,卸売業,-,2160.0,34.325565,2,25日線が75日線より上／前日より出来高増加,2026-09-24,2026-09-24T20:38:30.116697+09:00
8141,新光商事,プライム（内国株式）,卸売業,TOPIX Small 2,1566.0,201.171015,0,,2026-09-24,2026-09-24T20:38:30.121820+09:00
8142,トーホー,プライム（内国株式）,卸売業,TOPIX Small 2,1375.0,125.611645,2,25日線が75日線より上／前日より出来高増加,2026-09-24,2026-09-24T20:38:30.126496+09:00
8143,ラピーヌ,スタンダード（内国株式）,繊維製品,-,163.0,38.828475,3,株価が25日線より上／25日線が75日線より上／MACDがプラス,2026-09-24,2026-09-24T20:38:30.131967+09:00
8150,三信電気,プライム（内国株式）,卸売業,TOPIX Small 2,3295.0,159.371925,3,株価が25日線より上／25日線が75日線より上／MACDがプラス,2026-09-24,2026-09-24T20:38:30.145716+09:00
8151,東陽テクニカ,プライム（内国株式）,卸売業,TOPIX Small 2,1885.0,376.092655,1,前日より出来高増加,2026-09-24,2026-09-24T20:38:30.151305+09:00
8152,ソマール,スタンダード（内国株式）,卸売業,-,7270.0,13.2302,0,,2026-09-24,2026-09-24T20:38:30.156024+09:00
8153,モスフードサービス,プライム（内国株式）,卸売業,TOPIX Small 1,3915.0,708.057825,2,25日線が75日線より上／MACDがプラス,2026-09-24,2026-09-24T20:38:30.160623+09:00
8154,加賀電子,プライム（内国株式）,卸売業,TOPIX Small 1,5120.0,539.632225,3,株価が25日線より上／25日線が75日線より上／MACDがプラス,2026-09-24,2026-09-24T20:38:30.165961+09:00
8157,都築電気,プライム（内国株式）,情報・通信業,TOPIX Small 2,4270.0,163.424725,4,株価が25日線より上／25日線が75日線より上／MACDがプラス／前日より出来高増加,2026-09-24,2026-09-24T20:38:30.170751+09:00
8158,ソーダニッカ,プライム（内国株式）,卸売業,TOPIX Small 2,1320.0,75.91899,2,25日線が75日線より上／MACDがプラス,2026-09-24,2026-09-24T20:38:30.175562+09:00
8159,立花エレテック,プライム（内国株式）,卸売業,TOPIX Small 2,4290.0,147.032175,4,株価が25日線より上／25日線が75日線より上／MACDがプラス／前日より出来高増加,2026-09-24,2026-09-24T20:38:30.182914+09:00
8160,木曽路,プライム（内国株式）,小売業,TOPIX Small 1,2401.0,245.288905,1,25日線が75日線より上,2026-09-24,2026-09-24T20:38:30.187731+09:00
8163,ＳＲＳホールディングス,プライム（内国株式）,小売業,TOPIX Small 2,1505.0,203.523025,3,25日線が75日線より上／MACDがプラス／前日より出来高増加,2026-09-24,2026-09-24T20:38:30.192372+09:00
8165,千趣会,スタンダード（内国株式）,小売業,TOPIX Small 2,101.0,15.478745,0,,2026-09-24,2026-09-24T20:38:30.197877+09:00
8167,リテールパートナーズ,プライム（内国株式）,小売業,TOPIX Small 2,1422.0,171.24430237487792,4,株価が25日線より上／25日線が75日線より上／MACDがプラス／前日より出来高増加,2026-09-24,2026-09-24T20:38:30.207151+09:00
8173,Ｊｏｓｈｉｎ,プライム（内国株式）,小売業,TOPIX Small 1,4420.0,810.00015,4,株価が25日線より上／25日線が75日線より上／MACDがプラス／前日より出来高増加,2026-09-24,2026-09-24T20:38:30.212084+09:00
8174,日本瓦斯,プライム（内国株式）,小売業,TOPIX Mid400,3036.0,742.981405,4,株価が25日線より上／25日線が75日線より上／MACDがプラス／前日より出来高増加,2026-09-24,2026-09-24T20:38:30.217487+09:00
8179,ロイヤルホールディングス,プライム（内国株式）,小売業,TOPIX Small 1,1301.0,374.384525,1,25日線が75日線より上,2026-09-24,2026-09-24T20:38:30.222024+09:00
8185,チヨダ,プライム（内国株式）,小売業,TOPIX Small 2,1003.0,213.73773124145507,3,25日線が75日線より上／MACDがプラス／前日より出来高増加,2026-09-24,2026-09-24T20:38:30.231634+09:00
8194,ライフコーポレーション,プライム（内国株式）,小売業,TOPIX Small 1,2681.0,610.8975006787109,2,25日線が75日線より上／MACDがプラス,2026-09-24,2026-09-24T20:38:30.236488+09:00
8198,マックスバリュ東海,スタンダード（内国株式）,小売業,-,3370.0,113.6319,3,株価が25日線より上／25日線が75日線より上／MACDがプラス,2026-09-24,2026-09-24T20:38:30.241186+09:00
8200,リンガーハット,プライム（内国株式）,小売業,TOPIX Small 1,2265.0,286.95652833251955,2,25日線が75日線より上／前日より出来高増加,2026-09-24,2026-09-24T20:38:30.246856+09:00
8203,ＭｒＭａｘＨＤ,プライム（内国株式）,小売業,TOPIX Small 2,751.0,42.008415,2,25日線が75日線より上／前日より出来高増加,2026-09-24,2026-09-24T20:38:30.256109+09:00
8214,ＡＯＫＩホールディングス,プライム（内国株式）,小売業,TOPIX Small 1,1734.0,289.82151,2,25日線が75日線より上／前日より出来高増加,2026-09-24,2026-09-24T20:38:30.266957+09:00
8217,オークワ,プライム（内国株式）,小売業,TOPIX Small 2,801.0,56.85624,3,25日線が75日線より上／MACDがプラス／前日より出来高増加,2026-09-24,2026-09-24T20:38:30.271875+09:00
8218,コメリ,プライム（内国株式）,小売業,TOPIX Small 1,3910.0,357.63315,3,株価が25日線より上／25日線が75日線より上／MACDがプラス,2026-09-24,2026-09-24T20:38:30.276948+09:00
8219,青山商事,プライム（内国株式）,小売業,TOPIX Small 1,757.0,445.76297,2,25日線が75日線より上／MACDがプラス,2026-09-24,2026-09-24T20:38:30.282273+09:00
8226,理経,スタンダード（内国株式）,卸売業,-,401.0,56.267225,3,株価が25日線より上／25日線が75日線より上／MACDがプラス,2026-09-24,2026-09-24T20:38:30.292297+09:00
8227,しまむら,プライム（内国株式）,小売業,TOPIX Mid400,3195.0,2109.836455,1,前日より出来高増加,2026-09-24,2026-09-24T20:38:30.297703+09:00
8233,高島屋,プライム（内国株式）,小売業,TOPIX Mid400,2120.5,4185.4890075537105,0,,2026-09-24,2026-09-24T20:38:30.307199+09:00
8237,松屋,プライム（内国株式）,小売業,TOPIX Small 1,2173.0,1405.5845501171875,2,25日線が75日線より上／MACDがプラス,2026-09-24,2026-09-24T20:38:30.311991+09:00
8242,エイチ・ツー・オー　リテイリング,プライム（内国株式）,小売業,TOPIX Mid400,2847.5,1065.2727075,1,25日線が75日線より上,2026-09-24,2026-09-24T20:38:30.317374+09:00
8244,近鉄百貨店,スタンダード（内国株式）,小売業,TOPIX Small 2,1886.0,134.30465,2,25日線が75日線より上／前日より出来高増加,2026-09-24,2026-09-24T20:38:30.323532+09:00
8252,丸井グループ,プライム（内国株式）,小売業,TOPIX Mid400,2864.0,3275.1177525,1,25日線が75日線より上,2026-09-24,2026-09-24T20:38:30.335931+09:00
8253,クレディセゾン,プライム（内国株式）,その他金融業,TOPIX Mid400,4590.0,3230.316815,2,25日線が75日線より上／前日より出来高増加,2026-09-24,2026-09-24T20:38:30.340929+09:00
8254,さいか屋,スタンダード（内国株式）,小売業,-,297.0,77.06727783218383,3,株価が25日線より上／25日線が75日線より上／前日より出来高増加,2026-09-24,2026-09-24T20:38:30.345484+09:00
8255,アクシアル　リテイリング,プライム（内国株式）,小売業,TOPIX Small 2,1316.0,236.211685,3,株価が25日線より上／25日線が75日線より上／MACDがプラス,2026-09-24,2026-09-24T20:38:30.351035+09:00
8267,イオン,プライム（内国株式）,小売業,TOPIX Large70,1300.0,14623.620054884643,0,,2026-09-24,2026-09-24T20:38:30.361327+09:00
8273,イズミ,プライム（内国株式）,小売業,TOPIX Small 1,978.0,781.3371933752442,1,25日線が75日線より上,2026-09-24,2026-09-24T20:38:30.366502+09:00
8275,フォーバル,スタンダード（内国株式）,卸売業,TOPIX Small 2,1001.0,29.45942,2,MACDがプラス／前日より出来高増加,2026-09-24,2026-09-24T20:38:35.389993+09:00
8276,平和堂,プライム（内国株式）,小売業,TOPIX Small 1,2658.0,275.805335,2,25日線が75日線より上／MACDがプラス,2026-09-24,2026-09-24T20:38:35.395604+09:00
8278,フジ,プライム（内国株式）,小売業,TOPIX Small 1,2034.0,273.2702587841797,2,25日線が75日線より上／MACDがプラス,2026-09-24,2026-09-24T20:38:35.401270+09:00
8281,ゼビオホールディングス,プライム（内国株式）,小売業,TOPIX Small 1,1133.0,160.974835,2,25日線が75日線より上／前日より出来高増加,2026-09-24,2026-09-24T20:38:35.407915+09:00
8282,ケーズホールディングス,プライム（内国株式）,小売業,TOPIX Mid400,1884.5,1614.0906375,0,,2026-09-24,2026-09-24T20:38:35.414341+09:00
8285,三谷産業,スタンダード（内国株式）,卸売業,TOPIX Small 2,835.0,42.46117,3,株価が25日線より上／25日線が75日線より上／MACDがプラス,2026-09-24,2026-09-24T20:38:35.420297+09:00
8291,日産東京販売ホールディングス,スタンダード（内国株式）,小売業,-,563.0,46.107825,3,株価が25日線より上／MACDがプラス／前日より出来高増加,2026-09-24,2026-09-24T20:38:35.427269+09:00
8303,ＳＢＩ新生銀行,プライム（内国株式）,銀行業,TOPIX Mid400,1573.0,4714.29806,3,25日線が75日線より上／MACDがプラス／前日より出来高増加,2026-09-24,2026-09-24T20:38:35.432987+09:00
8304,あおぞら銀行,プライム（内国株式）,銀行業,TOPIX Mid400,3403.0,4557.521965,2,25日線が75日線より上／MACDがプラス,2026-09-24,2026-09-24T20:38:35.438601+09:00
8306,三菱ＵＦＪフィナンシャル・グループ,プライム（内国株式）,銀行業,TOPIX Core30,3573.0,142722.912435,2,25日線が75日線より上／MACDがプラス,2026-09-24,2026-09-24T20:38:35.444705+09:00
8308,りそなホールディングス,プライム（内国株式）,銀行業,TOPIX Large70,2419.0,22931.3025375,2,25日線が75日線より上／MACDがプラス,2026-09-24,2026-09-24T20:38:35.450304+09:00
8309,三井住友トラストグループ,プライム（内国株式）,銀行業,TOPIX Large70,1760.0,15707.82858,3,株価が25日線より上／25日線が75日線より上／MACDがプラス,2026-09-24,2026-09-24T20:38:35.455858+09:00
8316,三井住友フィナンシャルグループ,プライム（内国株式）,銀行業,TOPIX Core30,6679.0,81980.75983,2,25日線が75日線より上／MACDがプラス,2026-09-24,2026-09-24T20:38:35.461499+09:00
8331,千葉銀行,プライム（内国株式）,銀行業,TOPIX Mid400,2732.0,7805.9087625,1,25日線が75日線より上,2026-09-24,2026-09-24T20:38:35.467829+09:00
8334,群馬銀行,プライム（内国株式）,銀行業,TOPIX Mid400,3001.0,3562.28221,4,株価が25日線より上／25日線が75日線より上／MACDがプラス／前日より出来高増加,2026-09-24,2026-09-24T20:38:35.473947+09:00
8336,武蔵野銀行,プライム（内国株式）,銀行業,TOPIX Small 1,2848.0,687.8879,3,株価が25日線より上／25日線が75日線より上／MACDがプラス,2026-09-24,2026-09-24T20:38:35.480816+09:00
8337,千葉興業銀行,プライム（内国株式）,銀行業,TOPIX Small 1,2667.0,450.08911,1,25日線が75日線より上,2026-09-24,2026-09-24T20:38:35.487148+09:00
8338,筑波銀行,プライム（内国株式）,銀行業,TOPIX Small 2,726.0,1280.701415,2,25日線が75日線より上／MACDがプラス,2026-09-24,2026-09-24T20:38:35.493303+09:00
8341,七十七銀行,プライム（内国株式）,銀行業,TOPIX Mid400,4053.0,2853.1465,3,株価が25日線より上／25日線が75日線より上／MACDがプラス,2026-09-24,2026-09-24T20:38:35.499430+09:00
8343,秋田銀行,プライム（内国株式）,銀行業,TOPIX Small 2,9490.0,1380.59065,3,株価が25日線より上／25日線が75日線より上／MACDがプラス,2026-09-24,2026-09-24T20:38:35.505540+09:00
8344,山形銀行,プライム（内国株式）,銀行業,TOPIX Small 2,5240.0,880.7193,3,株価が25日線より上／25日線が75日線より上／MACDがプラス,2026-09-24,2026-09-24T20:38:35.511682+09:00
8345,岩手銀行,プライム（内国株式）,銀行業,TOPIX Small 2,2739.0,957.267575,3,株価が25日線より上／25日線が75日線より上／MACDがプラス,2026-09-24,2026-09-24T20:38:35.516504+09:00
8346,東邦銀行,プライム（内国株式）,銀行業,TOPIX Small 1,1011.0,885.88762,3,株価が25日線より上／25日線が75日線より上／MACDがプラス,2026-09-24,2026-09-24T20:38:35.520738+09:00
8349,東北銀行,スタンダード（内国株式）,銀行業,-,1641.0,47.371855,2,25日線が75日線より上／MACDがプラス,2026-09-24,2026-09-24T20:38:35.527905+09:00
8354,ふくおかフィナンシャルグループ,プライム（内国株式）,銀行業,TOPIX Mid400,7659.0,5031.55796,2,25日線が75日線より上／MACDがプラス,2026-09-24,2026-09-24T20:38:35.533837+09:00
8358,スルガ銀行,プライム（内国株式）,銀行業,TOPIX Small 1,2820.0,2333.50165,2,25日線が75日線より上／MACDがプラス,2026-09-24,2026-09-24T20:38:35.539814+09:00
8359,八十二長野銀行,プライム（内国株式）,銀行業,TOPIX Mid400,2723.0,3242.472205,3,株価が25日線より上／25日線が75日線より上／MACDがプラス,2026-09-24,2026-09-24T20:38:35.546500+09:00
8360,山梨中央銀行,プライム（内国株式）,銀行業,TOPIX Small 1,7300.0,1013.2569,3,株価が25日線より上／25日線が75日線より上／MACDがプラス,2026-09-24,2026-09-24T20:38:35.551510+09:00
8361,大垣共立銀行,プライム（内国株式）,銀行業,TOPIX Small 1,8450.0,1347.948,3,株価が25日線より上／25日線が75日線より上／MACDがプラス,2026-09-24,2026-09-24T20:38:35.558796+09:00
8362,福井銀行,プライム（内国株式）,銀行業,TOPIX Small 2,7770.0,866.028,3,株価が25日線より上／25日線が75日線より上／MACDがプラス,2026-09-24,2026-09-24T20:38:35.565051+09:00
8364,清水銀行,プライム（内国株式）,銀行業,TOPIX Small 2,3100.0,106.9485,2,25日線が75日線より上／MACDがプラス,2026-09-24,2026-09-24T20:38:35.571365+09:00
8365,富山銀行,スタンダード（内国株式）,銀行業,-,2361.0,13.76438,3,株価が25日線より上／25日線が75日線より上／MACDがプラス,2026-09-24,2026-09-24T20:38:35.576970+09:00
8366,滋賀銀行,プライム（内国株式）,銀行業,TOPIX Small 1,2863.0,1720.707705,3,株価が25日線より上／25日線が75日線より上／MACDがプラス,2026-09-24,2026-09-24T20:38:35.584008+09:00
8367,南都銀行,プライム（内国株式）,銀行業,TOPIX Small 1,2005.0,854.112165,3,株価が25日線より上／25日線が75日線より上／MACDがプラス,2026-09-24,2026-09-24T20:38:35.589743+09:00
8368,百五銀行,プライム（内国株式）,銀行業,TOPIX Small 1,2459.0,1859.754785,3,株価が25日線より上／25日線が75日線より上／MACDがプラス,2026-09-24,2026-09-24T20:38:35.596604+09:00
8370,紀陽銀行,プライム（内国株式）,銀行業,TOPIX Small 1,5200.0,728.4332,3,株価が25日線より上／25日線が75日線より上／MACDがプラス,2026-09-24,2026-09-24T20:38:35.602223+09:00
8377,ほくほくフィナンシャルグループ,プライム（内国株式）,銀行業,TOPIX Mid400,8358.0,3294.209295,3,株価が25日線より上／25日線が75日線より上／MACDがプラス,2026-09-24,2026-09-24T20:38:35.608067+09:00
8381,山陰合同銀行,プライム（内国株式）,銀行業,TOPIX Small 1,2575.0,913.71571,2,25日線が75日線より上／MACDがプラス,2026-09-24,2026-09-24T20:38:35.614939+09:00
8383,鳥取銀行,スタンダード（内国株式）,銀行業,-,1911.0,46.711715,3,25日線が75日線より上／MACDがプラス／前日より出来高増加,2026-09-24,2026-09-24T20:38:35.619298+09:00
8386,百十四銀行,プライム（内国株式）,銀行業,TOPIX Small 1,3105.0,830.69326,3,株価が25日線より上／25日線が75日線より上／MACDがプラス,2026-09-24,2026-09-24T20:38:35.626287+09:00
8387,四国銀行,プライム（内国株式）,銀行業,TOPIX Small 2,4370.0,870.698675,3,株価が25日線より上／25日線が75日線より上／MACDがプラス,2026-09-24,2026-09-24T20:38:35.633218+09:00
8388,阿波銀行,プライム（内国株式）,銀行業,TOPIX Small 1,10230.0,1521.689,3,株価が25日線より上／25日線が75日線より上／MACDがプラス,2026-09-24,2026-09-24T20:38:35.640002+09:00
8392,大分銀行,プライム（内国株式）,銀行業,TOPIX Small 2,3110.0,741.65094,3,株価が25日線より上／25日線が75日線より上／MACDがプラス,2026-09-24,2026-09-24T20:38:35.646676+09:00
8393,宮崎銀行,プライム（内国株式）,銀行業,TOPIX Small 2,2754.0,731.96586,3,株価が25日線より上／25日線が75日線より上／MACDがプラス,2026-09-24,2026-09-24T20:38:35.652764+09:00
8395,佐賀銀行,プライム（内国株式）,銀行業,TOPIX Small 2,6720.0,314.56775,3,株価が25日線より上／25日線が75日線より上／MACDがプラス,2026-09-24,2026-09-24T20:38:35.656742+09:00
8399,琉球銀行,プライム（内国株式）,銀行業,TOPIX Small 1,3285.0,468.6101,3,株価が25日線より上／25日線が75日線より上／MACDがプラス,2026-09-24,2026-09-24T20:38:35.663133+09:00
8410,セブン銀行,プライム（内国株式）,銀行業,TOPIX Mid400,340.8999938964844,1283.028844427185,3,株価が25日線より上／25日線が75日線より上／MACDがプラス,2026-09-24,2026-09-24T20:38:35.669461+09:00
8411,みずほフィナンシャルグループ,プライム（内国株式）,銀行業,TOPIX Core30,8280.0,73166.557575,2,25日線が75日線より上／MACDがプラス,2026-09-24,2026-09-24T20:38:35.675474+09:00
8416,高知銀行,スタンダード（内国株式）,銀行業,-,1123.0,38.71654,0,,2026-09-24,2026-09-24T20:38:35.681552+09:00
8418,山口フィナンシャルグループ,プライム（内国株式）,銀行業,TOPIX Mid400,3430.0,1820.00288,3,株価が25日線より上／25日線が75日線より上／MACDがプラス,2026-09-24,2026-09-24T20:38:35.687526+09:00
8424,芙蓉総合リース,プライム（内国株式）,その他金融業,TOPIX Mid400,4500.0,780.238775,3,株価が25日線より上／25日線が75日線より上／MACDがプラス,2026-09-24,2026-09-24T20:38:35.694406+09:00
8425,みずほリース,プライム（内国株式）,その他金融業,TOPIX Small 1,1361.0,729.6544,3,25日線が75日線より上／MACDがプラス／前日より出来高増加,2026-09-24,2026-09-24T20:38:35.700051+09:00
8439,東京センチュリー,プライム（内国株式）,その他金融業,TOPIX Mid400,2669.5,1764.895415,3,株価が25日線より上／25日線が75日線より上／MACDがプラス,2026-09-24,2026-09-24T20:38:35.707844+09:00
8473,ＳＢＩホールディングス,プライム（内国株式）,証券、商品先物取引業,TOPIX Mid400,3251.0,13720.837315,2,25日線が75日線より上／MACDがプラス,2026-09-24,2026-09-24T20:38:35.715136+09:00
8508,Ｊトラスト,スタンダード（内国株式）,その他金融業,-,811.0,1384.034075,2,株価が25日線より上／前日より出来高増加,2026-09-24,2026-09-24T20:38:35.723484+09:00
8511,日本証券金融,プライム（内国株式）,その他金融業,TOPIX Small 1,2482.0,486.5206,4,株価が25日線より上／25日線が75日線より上／MACDがプラス／前日より出来高増加,2026-09-24,2026-09-24T20:38:35.730081+09:00
8518,日本アジア投資,スタンダード（内国株式）,証券、商品先物取引業,-,155.0,10.393095,4,株価が25日線より上／25日線が75日線より上／MACDがプラス／前日より出来高増加,2026-09-24,2026-09-24T20:38:35.737383+09:00
8522,名古屋銀行,プライム（内国株式）,銀行業,TOPIX Small 1,7140.0,817.0436,3,株価が25日線より上／25日線が75日線より上／MACDがプラス,2026-09-24,2026-09-24T20:38:35.744453+09:00
8524,北洋銀行,プライム（内国株式）,銀行業,TOPIX Small 1,1318.0,1920.07691,3,株価が25日線より上／25日線が75日線より上／MACDがプラス,2026-09-24,2026-09-24T20:38:35.749812+09:00
8537,大光銀行,スタンダード（内国株式）,銀行業,-,3230.0,112.38183,3,株価が25日線より上／25日線が75日線より上／MACDがプラス,2026-09-24,2026-09-24T20:38:35.754959+09:00
8541,愛媛銀行,プライム（内国株式）,銀行業,TOPIX Small 2,3470.0,533.47585,4,株価が25日線より上／25日線が75日線より上／MACDがプラス／前日より出来高増加,2026-09-24,2026-09-24T20:38:39.857696+09:00
8542,トマト銀行,スタンダード（内国株式）,銀行業,-,1901.0,49.348295,3,25日線が75日線より上／MACDがプラス／前日より出来高増加,2026-09-24,2026-09-24T20:38:39.865366+09:00
8544,京葉銀行,プライム（内国株式）,銀行業,TOPIX Small 1,2838.0,754.400545,3,株価が25日線より上／25日線が75日線より上／MACDがプラス,2026-09-24,2026-09-24T20:38:39.873185+09:00
8550,栃木銀行,プライム（内国株式）,銀行業,TOPIX Small 2,1119.0,624.97371,3,株価が25日線より上／25日線が75日線より上／MACDがプラス,2026-09-24,2026-09-24T20:38:39.879152+09:00
8551,北日本銀行,プライム（内国株式）,銀行業,TOPIX Small 2,8380.0,377.1094,3,株価が25日線より上／25日線が75日線より上／MACDがプラス,2026-09-24,2026-09-24T20:38:39.886244+09:00
8558,東和銀行,プライム（内国株式）,銀行業,TOPIX Small 2,1497.0,237.80708,3,株価が25日線より上／25日線が75日線より上／MACDがプラス,2026-09-24,2026-09-24T20:38:39.894168+09:00
8562,福島銀行,スタンダード（内国株式）,銀行業,-,385.0,106.7361,3,株価が25日線より上／25日線が75日線より上／MACDがプラス,2026-09-24,2026-09-24T20:38:39.901751+09:00
8563,大東銀行,スタンダード（内国株式）,銀行業,-,1179.0,64.38588,3,株価が25日線より上／25日線が75日線より上／MACDがプラス,2026-09-24,2026-09-24T20:38:39.910190+09:00
8566,リコーリース,プライム（内国株式）,その他金融業,TOPIX Small 1,6870.0,238.55695,4,株価が25日線より上／25日線が75日線より上／MACDがプラス／前日より出来高増加,2026-09-24,2026-09-24T20:38:39.917431+09:00
8570,イオンフィナンシャルサービス,プライム（内国株式）,その他金融業,TOPIX Mid400,1599.0,1001.3203653527833,2,25日線が75日線より上／MACDがプラス,2026-09-24,2026-09-24T20:38:39.926037+09:00
8572,アコム,スタンダード（内国株式）,その他金融業,TOPIX Mid400,482.0,564.3452733125305,2,25日線が75日線より上／MACDがプラス,2026-09-24,2026-09-24T20:38:39.933221+09:00
8584,ジャックス,プライム（内国株式）,その他金融業,TOPIX Small 1,3705.0,470.171675,1,25日線が75日線より上,2026-09-24,2026-09-24T20:38:39.940744+09:00
8585,オリエントコーポレーション,プライム（内国株式）,その他金融業,TOPIX Small 1,845.0,369.21804,0,,2026-09-24,2026-09-24T20:38:39.948045+09:00
8591,オリックス,プライム（内国株式）,その他金融業,TOPIX Large70,6050.0,20632.072125,0,,2026-09-24,2026-09-24T20:38:39.956339+09:00
8593,三菱ＨＣキャピタル,プライム（内国株式）,その他金融業,TOPIX Mid400,1365.5,5319.0897275,2,25日線が75日線より上／前日より出来高増加,2026-09-24,2026-09-24T20:38:39.963179+09:00
8595,ジャフコ　グループ,プライム（内国株式）,証券、商品先物取引業,TOPIX Mid400,2275.0,658.373635,2,25日線が75日線より上／前日より出来高増加,2026-09-24,2026-09-24T20:38:39.971050+09:00
8596,九州リースサービス,スタンダード（内国株式）,その他金融業,-,1568.0,35.0578,1,25日線が75日線より上,2026-09-24,2026-09-24T20:38:39.978434+09:00
8600,トモニホールディングス,プライム（内国株式）,銀行業,TOPIX Small 1,1180.0,546.749675,4,株価が25日線より上／25日線が75日線より上／MACDがプラス／前日より出来高増加,2026-09-24,2026-09-24T20:38:39.984451+09:00
8601,大和証券グループ本社,プライム（内国株式）,証券、商品先物取引業,TOPIX Mid400,1800.5,9639.9582275,2,25日線が75日線より上／MACDがプラス,2026-09-24,2026-09-24T20:38:39.992152+09:00
8604,野村ホールディングス,プライム（内国株式）,証券、商品先物取引業,TOPIX Large70,1549.5,15993.2719275,2,25日線が75日線より上／MACDがプラス,2026-09-24,2026-09-24T20:38:39.998879+09:00
8609,岡三証券グループ,プライム（内国株式）,証券、商品先物取引業,TOPIX Small 1,1228.0,647.126335,3,株価が25日線より上／25日線が75日線より上／MACDがプラス,2026-09-24,2026-09-24T20:38:40.005872+09:00
8613,丸三証券,プライム（内国株式）,証券、商品先物取引業,TOPIX Small 1,1278.0,312.11444,3,25日線が75日線より上／MACDがプラス／前日より出来高増加,2026-09-24,2026-09-24T20:38:40.011413+09:00
8614,東洋証券,プライム（内国株式）,証券、商品先物取引業,TOPIX Small 2,701.0,432.7747,3,25日線が75日線より上／MACDがプラス／前日より出来高増加,2026-09-24,2026-09-24T20:38:40.018280+09:00
8616,東海東京フィナンシャル・ホールディングス,プライム（内国株式）,証券、商品先物取引業,TOPIX Small 1,887.0,832.47959,4,株価が25日線より上／25日線が75日線より上／MACDがプラス／前日より出来高増加,2026-09-24,2026-09-24T20:38:40.025501+09:00
8622,水戸証券,プライム（内国株式）,証券、商品先物取引業,TOPIX Small 2,915.0,384.848155,3,25日線が75日線より上／MACDがプラス／前日より出来高増加,2026-09-24,2026-09-24T20:38:40.040250+09:00
8624,いちよし証券,プライム（内国株式）,証券、商品先物取引業,TOPIX Small 2,1675.0,249.775515,2,25日線が75日線より上／MACDがプラス,2026-09-24,2026-09-24T20:38:40.045037+09:00
8628,松井証券,プライム（内国株式）,証券、商品先物取引業,TOPIX Small 1,1144.0,1330.546285,2,25日線が75日線より上／MACDがプラス,2026-09-24,2026-09-24T20:38:40.049117+09:00
8630,ＳＯＭＰＯホールディングス,プライム（内国株式）,保険業,TOPIX Large70,6768.0,14847.330035,2,25日線が75日線より上／MACDがプラス,2026-09-24,2026-09-24T20:38:40.057067+09:00
8697,日本取引所グループ,プライム（内国株式）,その他金融業,TOPIX Large70,2274.0,7663.3400925,3,株価が25日線より上／25日線が75日線より上／MACDがプラス,2026-09-24,2026-09-24T20:38:40.061896+09:00
8698,マネックスグループ,プライム（内国株式）,証券、商品先物取引業,TOPIX Small 1,716.0,1088.578855,2,25日線が75日線より上／前日より出来高増加,2026-09-24,2026-09-24T20:38:40.066245+09:00
8699,ＨＳホールディングス,スタンダード（内国株式）,証券、商品先物取引業,-,1135.0,57.33442,1,株価が25日線より上,2026-09-24,2026-09-24T20:38:40.071994+09:00
8704,トレイダーズホールディングス,スタンダード（内国株式）,証券、商品先物取引業,-,1391.0,130.479745,3,株価が25日線より上／25日線が75日線より上／MACDがプラス,2026-09-24,2026-09-24T20:38:40.086274+09:00
8705,日産証券グループ,スタンダード（内国株式）,証券、商品先物取引業,-,226.0,18.39465,2,株価が25日線より上／MACDがプラス,2026-09-24,2026-09-24T20:38:40.094758+09:00
8706,極東証券,プライム（内国株式）,証券、商品先物取引業,TOPIX Small 1,1872.0,297.16712,2,25日線が75日線より上／MACDがプラス,2026-09-24,2026-09-24T20:38:40.104206+09:00
8707,岩井コスモホールディングス,プライム（内国株式）,証券、商品先物取引業,TOPIX Small 1,4655.0,554.9288,4,株価が25日線より上／25日線が75日線より上／MACDがプラス／前日より出来高増加,2026-09-24,2026-09-24T20:38:40.108138+09:00
8708,アイザワ証券グループ,プライム（内国株式）,証券、商品先物取引業,TOPIX Small 2,1730.0,288.796215,3,25日線が75日線より上／MACDがプラス／前日より出来高増加,2026-09-24,2026-09-24T20:38:40.110805+09:00
8713,フィデアホールディングス,プライム（内国株式）,銀行業,TOPIX Small 2,2751.0,208.613005,3,25日線が75日線より上／MACDがプラス／前日より出来高増加,2026-09-24,2026-09-24T20:38:40.116521+09:00
8714,池田泉州ホールディングス,プライム（内国株式）,銀行業,TOPIX Small 1,1090.0,834.47814,3,株価が25日線より上／25日線が75日線より上／MACDがプラス,2026-09-24,2026-09-24T20:38:40.121565+09:00
8715,アニコム　ホールディングス,プライム（内国株式）,保険業,TOPIX Small 1,1026.0,264.570765,0,,2026-09-24,2026-09-24T20:38:40.126381+09:00
8725,ＭＳ＆ＡＤインシュアランスグループホールディングス,プライム（内国株式）,保険業,TOPIX Large70,4970.0,23370.14,2,25日線が75日線より上／MACDがプラス,2026-09-24,2026-09-24T20:38:40.135356+09:00
8729,ソニーフィナンシャルグループ,プライム（内国株式）,保険業,TOPIX Core30,158.89999389648438,9650.986094728318,3,25日線が75日線より上／MACDがプラス／前日より出来高増加,2026-09-24,2026-09-24T20:38:40.143414+09:00
8737,あかつき本社,スタンダード（内国株式）,証券、商品先物取引業,-,614.0,18.76914,1,25日線が75日線より上,2026-09-24,2026-09-24T20:38:40.150797+09:00
8739,スパークス・グループ,プライム（内国株式）,証券、商品先物取引業,TOPIX Small 2,2629.0,358.72823,3,株価が25日線より上／25日線が75日線より上／MACDがプラス,2026-09-24,2026-09-24T20:38:40.158284+09:00
8746,ｕｎｂａｎｋｅｄ,スタンダード（内国株式）,証券、商品先物取引業,-,106.0,140.56201,0,,2026-09-24,2026-09-24T20:38:40.169389+09:00
8747,豊トラスティ証券,スタンダード（内国株式）,証券、商品先物取引業,-,2322.0,19.316545,2,株価が25日線より上／MACDがプラス,2026-09-24,2026-09-24T20:38:40.176828+09:00
8750,第一ライフグループ,プライム（内国株式）,保険業,TOPIX Large70,1870.5,16174.0866125,4,株価が25日線より上／25日線が75日線より上／MACDがプラス／前日より出来高増加,2026-09-24,2026-09-24T20:38:40.182214+09:00
8766,東京海上ホールディングス,プライム（内国株式）,保険業,TOPIX Core30,7932.0,46917.99339,4,株価が25日線より上／25日線が75日線より上／MACDがプラス／前日より出来高増加,2026-09-24,2026-09-24T20:38:40.188154+09:00
8769,アドバンテッジリスクマネジメント,スタンダード（内国株式）,サービス業,-,522.0,15.15866,3,株価が25日線より上／25日線が75日線より上／MACDがプラス,2026-09-24,2026-09-24T20:38:40.193942+09:00
8771,イー・ギャランティ,プライム（内国株式）,その他金融業,TOPIX Small 1,1774.0,283.29685,0,,2026-09-24,2026-09-24T20:38:40.199589+09:00
8783,ａｂｃ,スタンダード（内国株式）,その他金融業,-,46.0,38.674195,1,前日より出来高増加,2026-09-24,2026-09-24T20:38:40.210502+09:00
8789,フィンテック　グローバル,スタンダード（内国株式）,その他金融業,-,161.0,222.22322,3,25日線が75日線より上／MACDがプラス／前日より出来高増加,2026-09-24,2026-09-24T20:38:40.216507+09:00
8793,ＮＥＣキャピタルソリューション,プライム（内国株式）,その他金融業,TOPIX Small 2,4210.0,63.34045,2,25日線が75日線より上／MACDがプラス,2026-09-24,2026-09-24T20:38:40.227199+09:00
8795,Ｔ＆Ｄホールディングス,プライム（内国株式）,保険業,TOPIX Mid400,4877.0,6993.712875,2,株価が25日線より上／MACDがプラス,2026-09-24,2026-09-24T20:38:40.232945+09:00
8798,アドバンスクリエイト,プライム（内国株式）,保険業,TOPIX Small 2,140.0,28.15443,2,25日線が75日線より上／MACDがプラス,2026-09-24,2026-09-24T20:38:40.239627+09:00
8801,三井不動産,プライム（内国株式）,不動産業,TOPIX Large70,1501.0,13832.1998075,2,株価が25日線より上／前日より出来高増加,2026-09-24,2026-09-24T20:38:40.246886+09:00
8802,三菱地所,プライム（内国株式）,不動産業,TOPIX Large70,3635.0,13362.657385,0,,2026-09-24,2026-09-24T20:38:40.252012+09:00
8803,平和不動産,プライム（内国株式）,不動産業,TOPIX Small 1,2370.0,418.935465,1,25日線が75日線より上,2026-09-24,2026-09-24T20:38:44.716554+09:00
8804,東京建物,プライム（内国株式）,不動産業,TOPIX Mid400,3293.0,2763.759,1,25日線が75日線より上,2026-09-24,2026-09-24T20:38:44.721317+09:00
8818,京阪神ビルディング,プライム（内国株式）,不動産業,TOPIX Small 2,1081.0,502.76975,3,25日線が75日線より上／MACDがプラス／前日より出来高増加,2026-09-24,2026-09-24T20:38:44.725865+09:00
8830,住友不動産,プライム（内国株式）,不動産業,TOPIX Large70,3215.0,9606.70016,0,,2026-09-24,2026-09-24T20:38:44.730319+09:00
8835,太平洋興発,スタンダード（内国株式）,卸売業,-,793.0,12.649975,2,25日線が75日線より上／MACDがプラス,2026-09-24,2026-09-24T20:38:44.735130+09:00
8841,テーオーシー,スタンダード（内国株式）,不動産業,TOPIX Small 2,1026.0,91.38549,3,株価が25日線より上／25日線が75日線より上／MACDがプラス,2026-09-24,2026-09-24T20:38:44.743784+09:00
8844,コスモスイニシア,スタンダード（内国株式）,不動産業,-,1213.0,65.581765,1,前日より出来高増加,2026-09-24,2026-09-24T20:38:44.748623+09:00
8848,レオパレス２１,プライム（内国株式）,不動産業,TOPIX Small 1,1021.0,3571.31392,4,株価が25日線より上／25日線が75日線より上／MACDがプラス／前日より出来高増加,2026-09-24,2026-09-24T20:38:44.753064+09:00
8850,スターツコーポレーション,プライム（内国株式）,不動産業,TOPIX Small 1,4745.0,243.203675,3,株価が25日線より上／25日線が75日線より上／MACDがプラス,2026-09-24,2026-09-24T20:38:44.757560+09:00
8860,フジ住宅,プライム（内国株式）,不動産業,TOPIX Small 2,745.0,43.37958,0,,2026-09-24,2026-09-24T20:38:44.761705+09:00
8864,空港施設,スタンダード（内国株式）,不動産業,TOPIX Small 2,968.0,68.830515,4,株価が25日線より上／25日線が75日線より上／MACDがプラス／前日より出来高増加,2026-09-24,2026-09-24T20:38:44.765986+09:00
8869,明和地所,スタンダード（内国株式）,不動産業,TOPIX Small 2,807.0,43.498625,2,25日線が75日線より上／前日より出来高増加,2026-09-24,2026-09-24T20:38:44.770265+09:00
8871,ゴールドクレスト,スタンダード（内国株式）,不動産業,TOPIX Small 1,3205.0,160.447525,1,前日より出来高増加,2026-09-24,2026-09-24T20:38:44.774931+09:00
8876,リログループ,プライム（内国株式）,サービス業,TOPIX Mid400,2294.5,1335.06421,3,株価が25日線より上／25日線が75日線より上／MACDがプラス,2026-09-24,2026-09-24T20:38:44.779069+09:00
8877,エスリード,プライム（内国株式）,不動産業,TOPIX Small 2,5230.0,140.38915,1,25日線が75日線より上,2026-09-24,2026-09-24T20:38:44.783719+09:00
8881,日神グループホールディングス,プライム（内国株式）,不動産業,TOPIX Small 2,660.0,72.20531,2,25日線が75日線より上／前日より出来高増加,2026-09-24,2026-09-24T20:38:44.788705+09:00
8887,シーラホールディングス,スタンダード（内国株式）,不動産業,-,359.0,21.450455,1,25日線が75日線より上,2026-09-24,2026-09-24T20:38:44.794537+09:00
8892,エスコン,プライム（内国株式）,不動産業,TOPIX Small 1,1103.0,173.48954,3,25日線が75日線より上／MACDがプラス／前日より出来高増加,2026-09-24,2026-09-24T20:38:44.804281+09:00
8894,ＲＥＶＯＬＵＴＩＯＮ,スタンダード（内国株式）,不動産業,-,16.0,14.16225,0,,2026-09-24,2026-09-24T20:38:44.809895+09:00
8897,ＭＩＲＡＲＴＨホールディングス,プライム（内国株式）,不動産業,TOPIX Small 1,450.0,381.03331,3,25日線が75日線より上／MACDがプラス／前日より出来高増加,2026-09-24,2026-09-24T20:38:44.816447+09:00
8904,ＡＶＡＮＴＩＡ,スタンダード（内国株式）,不動産業,-,821.0,20.648113991394045,2,25日線が75日線より上／前日より出来高増加,2026-09-24,2026-09-24T20:38:44.828256+09:00
8912,エリアクエスト,スタンダード（内国株式）,不動産業,-,158.0,46.191245,4,株価が25日線より上／25日線が75日線より上／MACDがプラス／前日より出来高増加,2026-09-24,2026-09-24T20:38:44.835610+09:00
8914,エリアリンク,スタンダード（内国株式）,不動産業,-,895.0,56.94757,2,25日線が75日線より上／前日より出来高増加,2026-09-24,2026-09-24T20:38:44.840210+09:00
8917,ファースト住建,スタンダード（内国株式）,不動産業,-,1087.0,78.4863,2,25日線が75日線より上／前日より出来高増加,2026-09-24,2026-09-24T20:38:44.844348+09:00
8918,ランド,スタンダード（内国株式）,不動産業,TOPIX Small 2,10.0,3363.48442,1,25日線が75日線より上,2026-09-24,2026-09-24T20:38:44.848442+09:00
8919,カチタス,プライム（内国株式）,不動産業,TOPIX Small 1,3575.0,710.629425,1,25日線が75日線より上,2026-09-24,2026-09-24T20:38:44.852038+09:00
8920,東祥,スタンダード（内国株式）,サービス業,TOPIX Small 2,686.0,49.5329,1,前日より出来高増加,2026-09-24,2026-09-24T20:38:44.866285+09:00
8923,トーセイ,プライム（内国株式）,不動産業,TOPIX Small 1,1717.0,326.20066,1,25日線が75日線より上,2026-09-24,2026-09-24T20:38:44.880143+09:00
8927,明豊エンタープライズ,スタンダード（内国株式）,不動産業,-,503.0,46.124275,3,株価が25日線より上／25日線が75日線より上／MACDがプラス,2026-09-24,2026-09-24T20:38:44.888073+09:00
8928,穴吹興産,スタンダード（内国株式）,不動産業,-,2304.0,14.99817,2,25日線が75日線より上／前日より出来高増加,2026-09-24,2026-09-24T20:38:44.893630+09:00
8929,青山財産ネットワークス,スタンダード（内国株式）,不動産業,-,1368.0,101.703405,3,25日線が75日線より上／MACDがプラス／前日より出来高増加,2026-09-24,2026-09-24T20:38:44.898125+09:00
8931,和田興産,スタンダード（内国株式）,不動産業,-,1355.0,18.8841394329834,3,株価が25日線より上／25日線が75日線より上／前日より出来高増加,2026-09-24,2026-09-24T20:38:44.902488+09:00
8934,サンフロンティア不動産,プライム（内国株式）,不動産業,TOPIX Small 1,2400.0,311.002885,1,25日線が75日線より上,2026-09-24,2026-09-24T20:38:44.906995+09:00
8935,ＦＪネクストホールディングス,プライム（内国株式）,不動産業,TOPIX Small 2,1986.0,99.55911,2,25日線が75日線より上／MACDがプラス,2026-09-24,2026-09-24T20:38:44.910915+09:00
8944,ランドビジネス,スタンダード（内国株式）,不動産業,-,249.0,10.44154,3,株価が25日線より上／25日線が75日線より上／MACDがプラス,2026-09-24,2026-09-24T20:38:44.918733+09:00
8995,誠建設工業,スタンダード（内国株式）,不動産業,-,1909.0,935.5098,3,株価が25日線より上／25日線が75日線より上／MACDがプラス,2026-09-24,2026-09-24T20:38:44.931558+09:00
8999,グランディハウス,プライム（内国株式）,不動産業,TOPIX Small 2,568.0,26.31276,3,25日線が75日線より上／MACDがプラス／前日より出来高増加,2026-09-24,2026-09-24T20:38:44.942308+09:00
9001,東武鉄道,プライム（内国株式）,陸運業,TOPIX Mid400,2947.0,2193.60091,1,25日線が75日線より上,2026-09-24,2026-09-24T20:38:44.948308+09:00
9003,相鉄ホールディングス,プライム（内国株式）,陸運業,TOPIX Mid400,2625.0,1048.5147875,3,株価が25日線より上／25日線が75日線より上／MACDがプラス,2026-09-24,2026-09-24T20:38:44.954702+09:00
9005,東急,プライム（内国株式）,陸運業,TOPIX Mid400,1641.5,3546.114445,1,前日より出来高増加,2026-09-24,2026-09-24T20:38:44.961076+09:00
9006,京浜急行電鉄,プライム（内国株式）,陸運業,TOPIX Mid400,1548.5,1125.2333275,3,25日線が75日線より上／MACDがプラス／前日より出来高増加,2026-09-24,2026-09-24T20:38:44.968002+09:00
9007,小田急電鉄,プライム（内国株式）,陸運業,TOPIX Mid400,1775.5,2280.1905725,2,25日線が75日線より上／MACDがプラス,2026-09-24,2026-09-24T20:38:44.973669+09:00
9008,京王電鉄,プライム（内国株式）,陸運業,TOPIX Mid400,791.0,1785.530731527405,3,株価が25日線より上／25日線が75日線より上／MACDがプラス,2026-09-24,2026-09-24T20:38:44.978703+09:00
9009,京成電鉄,プライム（内国株式）,陸運業,TOPIX Mid400,1337.5,2520.7462625,2,25日線が75日線より上／MACDがプラス,2026-09-24,2026-09-24T20:38:44.984036+09:00
9010,富士急行,プライム（内国株式）,陸運業,TOPIX Small 1,2644.0,487.22782,1,25日線が75日線より上,2026-09-24,2026-09-24T20:38:44.988926+09:00
9020,東日本旅客鉄道,プライム（内国株式）,陸運業,TOPIX Large70,3463.0,9886.280725,1,25日線が75日線より上,2026-09-24,2026-09-24T20:38:45.006896+09:00
9021,西日本旅客鉄道,プライム（内国株式）,陸運業,TOPIX Large70,3006.0,5611.2562725,3,株価が25日線より上／25日線が75日線より上／MACDがプラス,2026-09-24,2026-09-24T20:38:45.012153+09:00
9022,東海旅客鉄道,プライム（内国株式）,陸運業,TOPIX Large70,3755.0,8292.67028,1,25日線が75日線より上,2026-09-24,2026-09-24T20:38:45.017531+09:00
9023,東京地下鉄,プライム（内国株式）,陸運業,TOPIX Mid400,1533.0,2507.0891175,3,株価が25日線より上／25日線が75日線より上／MACDがプラス,2026-09-24,2026-09-24T20:38:45.030706+09:00
9024,西武ホールディングス,プライム（内国株式）,陸運業,TOPIX Mid400,3551.0,6565.507835,3,株価が25日線より上／25日線が75日線より上／MACDがプラス,2026-09-24,2026-09-24T20:38:45.035818+09:00
9025,鴻池運輸,プライム（内国株式）,陸運業,TOPIX Small 1,2940.0,240.27015,3,株価が25日線より上／25日線が75日線より上／MACDがプラス,2026-09-24,2026-09-24T20:38:47.517031+09:00
9028,ゼロ,スタンダード（内国株式）,陸運業,-,3340.0,53.983425,0,,2026-09-24,2026-09-24T20:38:47.531184+09:00
9031,西日本鉄道,プライム（内国株式）,陸運業,TOPIX Mid400,3075.0,779.86526,3,25日線が75日線より上／MACDがプラス／前日より出来高増加,2026-09-24,2026-09-24T20:38:47.556561+09:00
9034,南総通運,スタンダード（内国株式）,陸運業,-,1684.0,10.52464,4,株価が25日線より上／25日線が75日線より上／MACDがプラス／前日より出来高増加,2026-09-24,2026-09-24T20:38:47.581515+09:00
9037,ハマキョウレックス,プライム（内国株式）,陸運業,TOPIX Small 1,1854.0,193.06878,3,株価が25日線より上／25日線が75日線より上／前日より出来高増加,2026-09-24,2026-09-24T20:38:47.595451+09:00
9039,サカイ引越センター,プライム（内国株式）,陸運業,TOPIX Small 1,3050.0,271.610235,4,株価が25日線より上／25日線が75日線より上／MACDがプラス／前日より出来高増加,2026-09-24,2026-09-24T20:38:47.603199+09:00
9041,近鉄グループホールディングス,プライム（内国株式）,陸運業,TOPIX Mid400,3520.0,2395.022625,3,株価が25日線より上／25日線が75日線より上／MACDがプラス,2026-09-24,2026-09-24T20:38:47.609619+09:00
9042,阪急阪神ホールディングス,プライム（内国株式）,陸運業,TOPIX Mid400,4507.0,3723.86294,1,25日線が75日線より上,2026-09-24,2026-09-24T20:38:47.614998+09:00
9044,ＮＡＮＫＡＩ,プライム（内国株式）,陸運業,TOPIX Mid400,3219.0,1339.53223,3,株価が25日線より上／25日線が75日線より上／MACDがプラス,2026-09-24,2026-09-24T20:38:47.623049+09:00
9045,京阪ホールディングス,プライム（内国株式）,陸運業,TOPIX Mid400,3211.0,898.49171,3,25日線が75日線より上／MACDがプラス／前日より出来高増加,2026-09-24,2026-09-24T20:38:47.648132+09:00
9046,神戸電鉄,スタンダード（内国株式）,陸運業,TOPIX Small 2,2465.0,20.963305,3,25日線が75日線より上／MACDがプラス／前日より出来高増加,2026-09-24,2026-09-24T20:38:47.658388+09:00
9048,名古屋鉄道,プライム（内国株式）,陸運業,TOPIX Mid400,1860.0,1503.4941025,3,25日線が75日線より上／MACDがプラス／前日より出来高増加,2026-09-24,2026-09-24T20:38:47.687093+09:00
9052,山陽電気鉄道,プライム（内国株式）,陸運業,TOPIX Small 2,1998.0,120.555535,3,25日線が75日線より上／MACDがプラス／前日より出来高増加,2026-09-24,2026-09-24T20:38:47.706030+09:00
9064,ヤマトホールディングス,プライム（内国株式）,陸運業,TOPIX Mid400,2002.0,2260.8108775,3,株価が25日線より上／25日線が75日線より上／MACDがプラス,2026-09-24,2026-09-24T20:38:47.727885+09:00
9065,山九,プライム（内国株式）,陸運業,TOPIX Mid400,8182.0,1709.657135,0,,2026-09-24,2026-09-24T20:38:47.732794+09:00
9068,丸全昭和運輸,プライム（内国株式）,陸運業,TOPIX Small 1,7320.0,175.7251,1,株価が25日線より上,2026-09-24,2026-09-24T20:38:47.737084+09:00
9069,センコーグループホールディングス,プライム（内国株式）,陸運業,TOPIX Mid400,2355.0,806.6854725,3,株価が25日線より上／25日線が75日線より上／MACDがプラス,2026-09-24,2026-09-24T20:38:47.741447+09:00
9072,ニッコンホールディングス,プライム（内国株式）,陸運業,TOPIX Mid400,5062.0,1018.967365,0,,2026-09-24,2026-09-24T20:38:47.745687+09:00
9074,日本石油輸送,スタンダード（内国株式）,陸運業,-,4935.0,12.369025,0,,2026-09-24,2026-09-24T20:38:47.754340+09:00
9075,福山通運,プライム（内国株式）,陸運業,TOPIX Small 1,6370.0,477.84475,3,株価が25日線より上／25日線が75日線より上／MACDがプラス,2026-09-24,2026-09-24T20:38:47.758743+09:00
9076,セイノーホールディングス,プライム（内国株式）,陸運業,TOPIX Mid400,2740.0,988.44312,1,25日線が75日線より上,2026-09-24,2026-09-24T20:38:47.761628+09:00
9081,神奈川中央交通,プライム（内国株式）,陸運業,TOPIX Small 2,4045.0,65.31885,4,株価が25日線より上／25日線が75日線より上／MACDがプラス／前日より出来高増加,2026-09-24,2026-09-24T20:38:47.765685+09:00
9082,大和自動車交通,スタンダード（内国株式）,陸運業,-,2794.0,27.369145,4,株価が25日線より上／25日線が75日線より上／MACDがプラス／前日より出来高増加,2026-09-24,2026-09-24T20:38:47.770592+09:00
9090,ＡＺ－ＣＯＭ丸和ホールディングス,プライム（内国株式）,陸運業,TOPIX Small 1,907.0,478.87362,4,株価が25日線より上／25日線が75日線より上／MACDがプラス／前日より出来高増加,2026-09-24,2026-09-24T20:38:47.782707+09:00
9101,日本郵船,プライム（内国株式）,海運業,TOPIX Large70,7255.0,22340.09091,3,株価が25日線より上／25日線が75日線より上／MACDがプラス,2026-09-24,2026-09-24T20:38:47.787198+09:00
9104,商船三井,プライム（内国株式）,海運業,TOPIX Large70,7104.0,22591.39457,3,株価が25日線より上／25日線が75日線より上／MACDがプラス,2026-09-24,2026-09-24T20:38:47.791567+09:00
9107,川崎汽船,プライム（内国株式）,海運業,TOPIX Mid400,3406.0,15678.48895,3,株価が25日線より上／25日線が75日線より上／MACDがプラス,2026-09-24,2026-09-24T20:38:47.795931+09:00
9110,ＮＳユナイテッド海運,プライム（内国株式）,海運業,TOPIX Small 1,10510.0,1495.0696,4,株価が25日線より上／25日線が75日線より上／MACDがプラス／前日より出来高増加,2026-09-24,2026-09-24T20:38:47.800152+09:00
9115,明海グループ,スタンダード（内国株式）,海運業,-,1060.0,139.555725,2,25日線が75日線より上／MACDがプラス,2026-09-24,2026-09-24T20:38:47.804562+09:00
9119,飯野海運,プライム（内国株式）,海運業,TOPIX Small 1,1744.0,487.891485,3,株価が25日線より上／25日線が75日線より上／MACDがプラス,2026-09-24,2026-09-24T20:38:47.808859+09:00
9127,玉井商船,スタンダード（内国株式）,海運業,-,3640.0,16.765225,4,株価が25日線より上／25日線が75日線より上／MACDがプラス／前日より出来高増加,2026-09-24,2026-09-24T20:38:47.812044+09:00
9130,共栄タンカー,スタンダード（内国株式）,海運業,-,1732.0,597.99463,3,株価が25日線より上／25日線が75日線より上／MACDがプラス,2026-09-24,2026-09-24T20:38:47.814873+09:00
9142,九州旅客鉄道,プライム（内国株式）,陸運業,TOPIX Mid400,3545.0,2863.679615,2,25日線が75日線より上／前日より出来高増加,2026-09-24,2026-09-24T20:38:47.819647+09:00
9143,ＳＧホールディングス,プライム（内国株式）,陸運業,TOPIX Mid400,1492.0,2166.403845,0,,2026-09-24,2026-09-24T20:38:47.824523+09:00
9145,ビーイングホールディングス,スタンダード（内国株式）,陸運業,-,575.0,10.117845,2,25日線が75日線より上／MACDがプラス,2026-09-24,2026-09-24T20:38:47.829343+09:00
9147,ＮＩＰＰＯＮ　ＥＸＰＲＥＳＳホールディングス,プライム（内国株式）,陸運業,TOPIX Mid400,5656.0,5683.86245,3,株価が25日線より上／25日線が75日線より上／MACDがプラス,2026-09-24,2026-09-24T20:38:47.834041+09:00
9158,シーユーシー,グロース（内国株式）,サービス業,-,797.0,21.621345,2,株価が25日線より上／MACDがプラス,2026-09-24,2026-09-24T20:38:47.838571+09:00
9160,オンザページ,スタンダード（内国株式）,サービス業,-,334.0,11.152145,3,株価が25日線より上／25日線が75日線より上／MACDがプラス,2026-09-24,2026-09-24T20:38:47.846982+09:00
9163,ナレルグループ,グロース（内国株式）,サービス業,-,2395.0,41.944275,4,株価が25日線より上／25日線が75日線より上／MACDがプラス／前日より出来高増加,2026-09-24,2026-09-24T20:38:47.853747+09:00
9165,クオルテック,グロース（内国株式）,サービス業,-,1797.0,10.41697,3,株価が25日線より上／25日線が75日線より上／MACDがプラス,2026-09-24,2026-09-24T20:38:47.858178+09:00
9166,ＧＥＮＤＡ,グロース（内国株式）,サービス業,-,677.0,1007.67839,1,25日線が75日線より上,2026-09-24,2026-09-24T20:38:47.861298+09:00
9168,ライズ・コンサルティング・グループ,グロース（内国株式）,サービス業,-,425.0,36.430125,3,株価が25日線より上／25日線が75日線より上／MACDがプラス,2026-09-24,2026-09-24T20:38:47.866010+09:00
9201,日本航空,プライム（内国株式）,空運業,TOPIX Mid400,3084.0,5741.208365,4,株価が25日線より上／25日線が75日線より上／MACDがプラス／前日より出来高増加,2026-09-24,2026-09-24T20:38:47.882655+09:00
9202,ＡＮＡホールディングス,プライム（内国株式）,空運業,TOPIX Large70,3012.0,6743.2750775,1,株価が25日線より上,2026-09-24,2026-09-24T20:38:51.253698+09:00
9204,スカイマーク,グロース（内国株式）,空運業,-,425.0,26.027945,3,株価が25日線より上／25日線が75日線より上／MACDがプラス,2026-09-24,2026-09-24T20:38:51.267764+09:00
9211,エフ・コード,グロース（内国株式）,サービス業,-,1557.0,142.692135,3,株価が25日線より上／25日線が75日線より上／MACDがプラス,2026-09-24,2026-09-24T20:38:51.297802+09:00
9212,Ｇｒｅｅｎ　Ｅａｒｔｈ　Ｉｎｓｔｉｔｕｔｅ,グロース（内国株式）,サービス業,-,306.0,25.801325,3,株価が25日線より上／MACDがプラス／前日より出来高増加,2026-09-24,2026-09-24T20:38:51.306332+09:00
9216,ビーウィズ,プライム（内国株式）,サービス業,TOPIX Small 2,1708.0,34.74769,3,株価が25日線より上／25日線が75日線より上／MACDがプラス,2026-09-24,2026-09-24T20:38:51.318124+09:00
9218,メンタルヘルステクノロジーズ,グロース（内国株式）,サービス業,-,797.0,17.43683,3,株価が25日線より上／25日線が75日線より上／MACDがプラス,2026-09-24,2026-09-24T20:38:51.323714+09:00
9221,フルハシＥＰＯ,スタンダード（内国株式）,サービス業,-,1217.0,59.28196,3,株価が25日線より上／MACDがプラス／前日より出来高増加,2026-09-24,2026-09-24T20:38:51.341701+09:00
9227,マイクロ波化学,グロース（内国株式）,サービス業,-,830.0,127.518955,1,前日より出来高増加,2026-09-24,2026-09-24T20:38:51.359609+09:00
9229,サンウェルズ,プライム（内国株式）,サービス業,TOPIX Small 2,112.0,18.81089,1,前日より出来高増加,2026-09-24,2026-09-24T20:38:51.365037+09:00
9233,アジア航測,スタンダード（内国株式）,空運業,-,1162.0,12.345755,4,株価が25日線より上／25日線が75日線より上／MACDがプラス／前日より出来高増加,2026-09-24,2026-09-24T20:38:51.370820+09:00
9235,売れるネット広告社グループ,グロース（内国株式）,サービス業,-,406.0,27.69888,0,,2026-09-24,2026-09-24T20:38:51.377066+09:00
9237,笑美面,グロース（内国株式）,サービス業,-,842.0,23.228215,2,25日線が75日線より上／前日より出来高増加,2026-09-24,2026-09-24T20:38:51.387927+09:00
9240,デリバリーコンサルティング,グロース（内国株式）,サービス業,-,384.0,10.509255,1,25日線が75日線より上,2026-09-24,2026-09-24T20:38:51.400645+09:00
9244,デジタリフト,グロース（内国株式）,サービス業,-,1492.0,10.16133,4,株価が25日線より上／25日線が75日線より上／MACDがプラス／前日より出来高増加,2026-09-24,2026-09-24T20:38:51.417704+09:00
9245,リベロ,グロース（内国株式）,サービス業,-,2028.0,10.79346,2,株価が25日線より上／前日より出来高増加,2026-09-24,2026-09-24T20:38:51.423998+09:00
9247,ＴＲＥホールディングス,プライム（内国株式）,サービス業,TOPIX Small 1,1782.0,478.031455,1,前日より出来高増加,2026-09-24,2026-09-24T20:38:51.434122+09:00
9248,人・夢・技術グループ,スタンダード（内国株式）,サービス業,TOPIX Small 2,1681.0,47.830355,2,25日線が75日線より上／MACDがプラス,2026-09-24,2026-09-24T20:38:51.441213+09:00
9251,ＡＢ＆Ｃｏｍｐａｎｙ,グロース（内国株式）,サービス業,-,1604.0,74.467175,4,株価が25日線より上／25日線が75日線より上／MACDがプラス／前日より出来高増加,2026-09-24,2026-09-24T20:38:51.456653+09:00
9252,ラストワンマイル,グロース（内国株式）,サービス業,-,4115.0,42.58006281982422,4,株価が25日線より上／25日線が75日線より上／MACDがプラス／前日より出来高増加,2026-09-24,2026-09-24T20:38:51.459184+09:00
9256,サクシード,グロース（内国株式）,サービス業,-,1014.0,38.48349,1,前日より出来高増加,2026-09-24,2026-09-24T20:38:51.465820+09:00
9262,シルバーライフ,スタンダード（内国株式）,小売業,TOPIX Small 2,683.0,13.02806,4,株価が25日線より上／25日線が75日線より上／MACDがプラス／前日より出来高増加,2026-09-24,2026-09-24T20:38:51.473624+09:00
9264,ポエック,スタンダード（内国株式）,卸売業,-,1628.0,45.83684966430664,1,25日線が75日線より上,2026-09-24,2026-09-24T20:38:51.479540+09:00
9267,Ｇｅｎｋｙ　ＤｒｕｇＳｔｏｒｅｓ,プライム（内国株式）,小売業,TOPIX Small 1,3495.0,248.1145,2,25日線が75日線より上／前日より出来高増加,2026-09-24,2026-09-24T20:38:51.490899+09:00
9268,オプティマスグループ,スタンダード（内国株式）,卸売業,-,413.0,78.69339,2,25日線が75日線より上／前日より出来高増加,2026-09-24,2026-09-24T20:38:51.498549+09:00
9270,バリュエンスホールディングス,グロース（内国株式）,卸売業,-,1993.0,104.67474202270508,1,前日より出来高増加,2026-09-24,2026-09-24T20:38:51.503888+09:00
9271,和心,グロース（内国株式）,小売業,-,915.0,10.9339,0,,2026-09-24,2026-09-24T20:38:51.511143+09:00
9272,ブティックス,グロース（内国株式）,サービス業,-,1475.0,10.283325,2,株価が25日線より上／MACDがプラス,2026-09-24,2026-09-24T20:38:51.516486+09:00
9273,コーア商事ホールディングス,プライム（内国株式）,卸売業,TOPIX Small 2,754.0,34.81745,1,前日より出来高増加,2026-09-24,2026-09-24T20:38:51.522731+09:00
9274,ＫＰＰグループホールディングス,プライム（内国株式）,卸売業,TOPIX Small 1,1138.0,332.80626,4,株価が25日線より上／25日線が75日線より上／MACDがプラス／前日より出来高増加,2026-09-24,2026-09-24T20:38:51.528201+09:00
9278,ブックオフグループホールディングス,プライム（内国株式）,小売業,TOPIX Small 2,2782.0,298.5698,2,25日線が75日線より上／前日より出来高増加,2026-09-24,2026-09-24T20:38:51.533428+09:00
9279,ギフトホールディングス,プライム（内国株式）,小売業,TOPIX Small 2,1976.0,665.65262,2,25日線が75日線より上／前日より出来高増加,2026-09-24,2026-09-24T20:38:51.539752+09:00
9301,三菱倉庫,プライム（内国株式）,倉庫・運輸関連業,TOPIX Mid400,1555.0,1380.11431,2,株価が25日線より上／MACDがプラス,2026-09-24,2026-09-24T20:38:51.545245+09:00
9302,三井倉庫ホールディングス,プライム（内国株式）,倉庫・運輸関連業,TOPIX Mid400,3337.0,795.138785,0,,2026-09-24,2026-09-24T20:38:51.551461+09:00
9303,住友倉庫,プライム（内国株式）,倉庫・運輸関連業,TOPIX Small 1,4175.0,374.30965,3,株価が25日線より上／25日線が75日線より上／MACDがプラス,2026-09-24,2026-09-24T20:38:51.558864+09:00
9304,澁澤倉庫,プライム（内国株式）,倉庫・運輸関連業,TOPIX Small 2,2144.0,388.247,3,株価が25日線より上／25日線が75日線より上／MACDがプラス,2026-09-24,2026-09-24T20:38:51.564418+09:00
9305,ヤマタネ,プライム（内国株式）,卸売業,TOPIX Small 2,2104.0,118.2688,4,株価が25日線より上／25日線が75日線より上／MACDがプラス／前日より出来高増加,2026-09-24,2026-09-24T20:38:51.569684+09:00
9308,乾汽船,スタンダード（内国株式）,海運業,TOPIX Small 2,2355.0,294.9914,3,株価が25日線より上／25日線が75日線より上／MACDがプラス,2026-09-24,2026-09-24T20:38:51.589702+09:00
9310,日本トランスシティ,プライム（内国株式）,倉庫・運輸関連業,TOPIX Small 2,1408.0,134.360375,3,株価が25日線より上／25日線が75日線より上／MACDがプラス,2026-09-24,2026-09-24T20:38:51.595974+09:00
9312,ケイヒン,スタンダード（内国株式）,倉庫・運輸関連業,-,2988.0,16.6464,4,株価が25日線より上／25日線が75日線より上／MACDがプラス／前日より出来高増加,2026-09-24,2026-09-24T20:38:54.982000+09:00
9319,中央倉庫,プライム（内国株式）,倉庫・運輸関連業,TOPIX Small 2,1806.0,42.537,2,25日線が75日線より上／前日より出来高増加,2026-09-24,2026-09-24T20:38:54.992236+09:00
9322,川西倉庫,スタンダード（内国株式）,倉庫・運輸関連業,-,2462.0,34.32392,3,25日線が75日線より上／MACDがプラス／前日より出来高増加,2026-09-24,2026-09-24T20:38:54.999618+09:00
9324,安田倉庫,プライム（内国株式）,倉庫・運輸関連業,TOPIX Small 2,2718.0,239.07401,4,株価が25日線より上／25日線が75日線より上／MACDがプラス／前日より出来高増加,2026-09-24,2026-09-24T20:38:55.006279+09:00
9332,ＮＩＳＳＯホールディングス,プライム（内国株式）,サービス業,TOPIX Small 2,682.0,80.6937,3,株価が25日線より上／25日線が75日線より上／MACDがプラス,2026-09-24,2026-09-24T20:38:55.039762+09:00
9336,大栄環境,プライム（内国株式）,サービス業,TOPIX Small 1,3790.0,515.726575,3,株価が25日線より上／MACDがプラス／前日より出来高増加,2026-09-24,2026-09-24T20:38:55.045413+09:00
9337,トリドリ,グロース（内国株式）,サービス業,-,1439.0,30.87615,1,前日より出来高増加,2026-09-24,2026-09-24T20:38:55.051267+09:00
9340,アソインターナショナル,スタンダード（内国株式）,サービス業,-,826.0,13.498855,4,株価が25日線より上／25日線が75日線より上／MACDがプラス／前日より出来高増加,2026-09-24,2026-09-24T20:38:55.060004+09:00
9341,ＧＥＮＯＶＡ,プライム（内国株式）,サービス業,TOPIX Small 2,614.0,49.623375,2,25日線が75日線より上／前日より出来高増加,2026-09-24,2026-09-24T20:38:55.065345+09:00
9343,アイビス,グロース（内国株式）,サービス業,-,800.0,50.362085,4,株価が25日線より上／25日線が75日線より上／MACDがプラス／前日より出来高増加,2026-09-24,2026-09-24T20:38:55.074442+09:00
9344,アクシスコンサルティング,グロース（内国株式）,サービス業,-,1341.0,20.15012,4,株価が25日線より上／25日線が75日線より上／MACDがプラス／前日より出来高増加,2026-09-24,2026-09-24T20:38:55.079974+09:00
9346,ココルポート,グロース（内国株式）,サービス業,-,1880.0,10.40157,4,株価が25日線より上／25日線が75日線より上／MACDがプラス／前日より出来高増加,2026-09-24,2026-09-24T20:38:55.088998+09:00
9347,日本管財ホールディングス,プライム（内国株式）,サービス業,TOPIX Small 2,2950.0,331.676735,4,株価が25日線より上／25日線が75日線より上／MACDがプラス／前日より出来高増加,2026-09-24,2026-09-24T20:38:55.093823+09:00
9348,ｉｓｐａｃｅ,グロース（内国株式）,サービス業,-,409.0,209.23377,0,,2026-09-24,2026-09-24T20:38:55.098888+09:00
9364,上組,プライム（内国株式）,倉庫・運輸関連業,TOPIX Mid400,4893.0,1375.725,1,株価が25日線より上,2026-09-24,2026-09-24T20:38:55.137565+09:00
9366,サンリツ,スタンダード（内国株式）,倉庫・運輸関連業,-,1296.0,12.375505,3,株価が25日線より上／25日線が75日線より上／MACDがプラス,2026-09-24,2026-09-24T20:38:55.149345+09:00
9368,キムラユニティー,スタンダード（内国株式）,倉庫・運輸関連業,-,964.0,18.19074,4,株価が25日線より上／25日線が75日線より上／MACDがプラス／前日より出来高増加,2026-09-24,2026-09-24T20:38:55.159766+09:00
9369,キユーソー流通システム,スタンダード（内国株式）,倉庫・運輸関連業,TOPIX Small 2,2919.0,109.64613,1,前日より出来高増加,2026-09-24,2026-09-24T20:38:55.166880+09:00
9381,エーアイテイー,プライム（内国株式）,倉庫・運輸関連業,TOPIX Small 2,2335.0,60.80787569702149,3,株価が25日線より上／25日線が75日線より上／MACDがプラス,2026-09-24,2026-09-24T20:38:55.183097+09:00
9401,ＴＢＳホールディングス,プライム（内国株式）,情報・通信業,TOPIX Mid400,5788.0,1779.63471,0,,2026-09-24,2026-09-24T20:38:55.194849+09:00
9404,日本テレビホールディングス,プライム（内国株式）,情報・通信業,TOPIX Mid400,2942.0,1457.9534825,2,25日線が75日線より上／MACDがプラス,2026-09-24,2026-09-24T20:38:55.201645+09:00
9405,朝日放送グループホールディングス,プライム（内国株式）,情報・通信業,TOPIX Small 2,870.0,74.43907,4,株価が25日線より上／25日線が75日線より上／MACDがプラス／前日より出来高増加,2026-09-24,2026-09-24T20:38:55.206969+09:00
9409,テレビ朝日ホールディングス,プライム（内国株式）,情報・通信業,TOPIX Small 1,3100.0,630.241775,1,MACDがプラス,2026-09-24,2026-09-24T20:38:55.218812+09:00
9412,スカパーＪＳＡＴ,プライム（内国株式）,情報・通信業,TOPIX Small 1,2067.0,3965.22146,0,,2026-09-24,2026-09-24T20:38:55.224080+09:00
9413,テレビ東京ホールディングス,プライム（内国株式）,情報・通信業,TOPIX Small 1,3410.0,223.60325,0,,2026-09-24,2026-09-24T20:38:55.229804+09:00
9414,日本ＢＳ放送,スタンダード（内国株式）,情報・通信業,-,963.0,147.5617111376953,3,株価が25日線より上／25日線が75日線より上／MACDがプラス,2026-09-24,2026-09-24T20:38:55.235494+09:00
9416,ビジョン,プライム（内国株式）,情報・通信業,TOPIX Small 1,1072.0,264.108035,4,株価が25日線より上／25日線が75日線より上／MACDがプラス／前日より出来高増加,2026-09-24,2026-09-24T20:38:55.240942+09:00
9418,Ｕ－ＮＥＸＴ　ＨＯＬＤＩＮＧＳ,プライム（内国株式）,情報・通信業,TOPIX Small 1,1791.0,1211.3264657897948,3,株価が25日線より上／25日線が75日線より上／MACDがプラス,2026-09-24,2026-09-24T20:38:55.256586+09:00
9423,フォーバル・リアルストレート,スタンダード（内国株式）,情報・通信業,-,106.0,10.14484,3,株価が25日線より上／25日線が75日線より上／MACDがプラス,2026-09-24,2026-09-24T20:38:55.280904+09:00
9424,日本通信,プライム（内国株式）,情報・通信業,TOPIX Small 2,120.0,234.053305,4,株価が25日線より上／25日線が75日線より上／MACDがプラス／前日より出来高増加,2026-09-24,2026-09-24T20:38:55.286754+09:00
9425,ＲｅＹｕｕ　Ｊａｐａｎ,スタンダード（内国株式）,情報・通信業,-,229.0,424.497165,2,25日線が75日線より上／MACDがプラス,2026-09-24,2026-09-24T20:38:55.292056+09:00
9432,ＮＴＴ,プライム（内国株式）,情報・通信業,TOPIX Core30,174.89999389648438,35706.92574719963,3,株価が25日線より上／25日線が75日線より上／MACDがプラス,2026-09-24,2026-09-24T20:38:55.303625+09:00
9433,ＫＤＤＩ,プライム（内国株式）,情報・通信業,TOPIX Core30,3031.0,25206.8742675,3,株価が25日線より上／25日線が75日線より上／MACDがプラス,2026-09-24,2026-09-24T20:38:55.308606+09:00
9434,ソフトバンク,プライム（内国株式）,情報・通信業,TOPIX Core30,246.3000030517578,18054.728888480837,3,株価が25日線より上／25日線が75日線より上／MACDがプラス,2026-09-24,2026-09-24T20:38:58.537341+09:00
9435,光通信,プライム（内国株式）,情報・通信業,TOPIX Mid400,38950.0,2724.65165,2,25日線が75日線より上／前日より出来高増加,2026-09-24,2026-09-24T20:38:58.542600+09:00
9436,沖縄セルラー電話,スタンダード（内国株式）,情報・通信業,-,4405.0,580.184075,4,株価が25日線より上／25日線が75日線より上／MACDがプラス／前日より出来高増加,2026-09-24,2026-09-24T20:38:58.547468+09:00
9438,エムティーアイ,プライム（内国株式）,情報・通信業,TOPIX Small 2,601.0,18.88589,4,株価が25日線より上／25日線が75日線より上／MACDがプラス／前日より出来高増加,2026-09-24,2026-09-24T20:38:58.552236+09:00
9449,ＧＭＯインターネットグループ,プライム（内国株式）,情報・通信業,TOPIX Mid400,3924.0,1088.86009,1,25日線が75日線より上,2026-09-24,2026-09-24T20:38:58.582356+09:00
9450,ファイバーゲート,スタンダード（内国株式）,情報・通信業,TOPIX Small 2,787.0,29.326635,4,株価が25日線より上／25日線が75日線より上／MACDがプラス／前日より出来高増加,2026-09-24,2026-09-24T20:38:58.588366+09:00
9467,アルファポリス,グロース（内国株式）,情報・通信業,-,1089.0,133.743255,2,25日線が75日線より上／前日より出来高増加,2026-09-24,2026-09-24T20:38:58.598109+09:00
9468,ＫＡＤＯＫＡＷＡ,プライム（内国株式）,情報・通信業,TOPIX Mid400,3656.0,1296.801115,3,株価が25日線より上／25日線が75日線より上／MACDがプラス,2026-09-24,2026-09-24T20:38:58.604131+09:00
9470,学研ホールディングス,プライム（内国株式）,情報・通信業,TOPIX Small 2,1073.0,221.804215,4,株価が25日線より上／25日線が75日線より上／MACDがプラス／前日より出来高増加,2026-09-24,2026-09-24T20:38:58.610298+09:00
9474,ゼンリン,プライム（内国株式）,情報・通信業,TOPIX Small 2,926.0,166.691315,4,株価が25日線より上／25日線が75日線より上／MACDがプラス／前日より出来高増加,2026-09-24,2026-09-24T20:38:58.615033+09:00
9501,東京電力ホールディングス,プライム（内国株式）,電気・ガス業,TOPIX Mid400,525.4000244140625,21652.121162619627,2,25日線が75日線より上／MACDがプラス,2026-09-24,2026-09-24T20:38:58.633570+09:00
9502,中部電力,プライム（内国株式）,電気・ガス業,TOPIX Mid400,2869.0,9263.51078,2,25日線が75日線より上／MACDがプラス,2026-09-24,2026-09-24T20:38:58.638936+09:00
9503,関西電力,プライム（内国株式）,電気・ガス業,TOPIX Mid400,2765.5,13911.8773925,3,25日線が75日線より上／MACDがプラス／前日より出来高増加,2026-09-24,2026-09-24T20:38:58.643618+09:00
9504,中国電力,プライム（内国株式）,電気・ガス業,TOPIX Mid400,1042.0,2467.6857596704103,3,株価が25日線より上／25日線が75日線より上／MACDがプラス,2026-09-24,2026-09-24T20:38:58.648148+09:00
9505,北陸電力,プライム（内国株式）,電気・ガス業,TOPIX Mid400,1121.0,1188.6814627087401,4,株価が25日線より上／25日線が75日線より上／MACDがプラス／前日より出来高増加,2026-09-24,2026-09-24T20:38:58.653444+09:00
9506,東北電力,プライム（内国株式）,電気・ガス業,TOPIX Mid400,1337.0,5994.3927825,2,25日線が75日線より上／MACDがプラス,2026-09-24,2026-09-24T20:38:58.656124+09:00
9507,四国電力,プライム（内国株式）,電気・ガス業,TOPIX Mid400,2120.5,2886.821215,3,株価が25日線より上／25日線が75日線より上／MACDがプラス,2026-09-24,2026-09-24T20:38:58.660741+09:00
9508,九州電力,プライム（内国株式）,電気・ガス業,TOPIX Mid400,2064.5,4942.267625,2,25日線が75日線より上／MACDがプラス,2026-09-24,2026-09-24T20:38:58.665320+09:00
9509,北海道電力,プライム（内国株式）,電気・ガス業,TOPIX Mid400,1109.0,2632.6957175,3,25日線が75日線より上／MACDがプラス／前日より出来高増加,2026-09-24,2026-09-24T20:38:58.670472+09:00
9511,沖縄電力,プライム（内国株式）,電気・ガス業,TOPIX Small 1,1209.0,319.61536,3,株価が25日線より上／25日線が75日線より上／MACDがプラス,2026-09-24,2026-09-24T20:38:58.675360+09:00
9513,電源開発,プライム（内国株式）,電気・ガス業,TOPIX Mid400,4092.0,2113.92487,3,25日線が75日線より上／MACDがプラス／前日より出来高増加,2026-09-24,2026-09-24T20:38:58.679900+09:00
9514,エフオン,スタンダード（内国株式）,電気・ガス業,TOPIX Small 2,341.0,33.639135,3,25日線が75日線より上／MACDがプラス／前日より出来高増加,2026-09-24,2026-09-24T20:38:58.684552+09:00
9517,イーレックス,プライム（内国株式）,電気・ガス業,TOPIX Small 2,824.0,145.40269,2,25日線が75日線より上／前日より出来高増加,2026-09-24,2026-09-24T20:38:58.690703+09:00
9519,レノバ,プライム（内国株式）,電気・ガス業,TOPIX Small 1,858.0,798.75169,0,,2026-09-24,2026-09-24T20:38:58.695391+09:00
9531,東京瓦斯,プライム（内国株式）,電気・ガス業,TOPIX Mid400,6167.0,6142.415765,3,25日線が75日線より上／MACDがプラス／前日より出来高増加,2026-09-24,2026-09-24T20:38:58.699988+09:00
9532,大阪瓦斯,プライム（内国株式）,電気・ガス業,TOPIX Mid400,5803.0,6051.78993,3,25日線が75日線より上／MACDがプラス／前日より出来高増加,2026-09-24,2026-09-24T20:38:58.705595+09:00
9533,東邦瓦斯,プライム（内国株式）,電気・ガス業,TOPIX Mid400,1237.5,1081.5226425,2,25日線が75日線より上／MACDがプラス,2026-09-24,2026-09-24T20:38:58.710563+09:00
9534,北海道瓦斯,プライム（内国株式）,電気・ガス業,TOPIX Small 2,925.0,287.341615,3,株価が25日線より上／25日線が75日線より上／MACDがプラス,2026-09-24,2026-09-24T20:38:58.715593+09:00
9535,広島ガス,プライム（内国株式）,電気・ガス業,TOPIX Small 2,441.0,38.045765,4,株価が25日線より上／25日線が75日線より上／MACDがプラス／前日より出来高増加,2026-09-24,2026-09-24T20:38:58.721695+09:00
9536,西部ガスホールディングス,プライム（内国株式）,電気・ガス業,TOPIX Small 2,2605.0,471.424095,3,株価が25日線より上／25日線が75日線より上／MACDがプラス,2026-09-24,2026-09-24T20:38:58.726303+09:00
9539,京葉瓦斯,スタンダード（内国株式）,電気・ガス業,-,1374.0,37.848695,2,株価が25日線より上／前日より出来高増加,2026-09-24,2026-09-24T20:38:58.736245+09:00
9543,静岡ガス,プライム（内国株式）,電気・ガス業,TOPIX Small 1,1342.0,213.693425,4,株価が25日線より上／25日線が75日線より上／MACDがプラス／前日より出来高増加,2026-09-24,2026-09-24T20:38:58.741172+09:00
9551,メタウォーター,プライム（内国株式）,電気・ガス業,TOPIX Small 1,3165.0,306.454275,1,株価が25日線より上,2026-09-24,2026-09-24T20:38:58.745790+09:00
9552,クオンツ総研ホールディングス,プライム（内国株式）,サービス業,TOPIX Small 1,1035.0,379.722655,2,25日線が75日線より上／MACDがプラス,2026-09-24,2026-09-24T20:38:58.750802+09:00
9553,マイクロアド,グロース（内国株式）,サービス業,-,655.0,49.187975,4,株価が25日線より上／25日線が75日線より上／MACDがプラス／前日より出来高増加,2026-09-24,2026-09-24T20:38:58.756204+09:00
9554,ＡＶｉＣ,グロース（内国株式）,サービス業,-,1795.0,60.700715,3,株価が25日線より上／25日線が75日線より上／MACDがプラス,2026-09-24,2026-09-24T20:38:58.760862+09:00
9556,ＩＮＴＬＯＯＰ,グロース（内国株式）,サービス業,-,2480.0,224.16428,4,株価が25日線より上／25日線が75日線より上／MACDがプラス／前日より出来高増加,2026-09-24,2026-09-24T20:38:58.766260+09:00
9557,エアークローゼット,グロース（内国株式）,サービス業,-,251.0,20.81321,3,株価が25日線より上／25日線が75日線より上／MACDがプラス,2026-09-24,2026-09-24T20:38:58.771739+09:00
9560,プログリット,グロース（内国株式）,サービス業,-,913.0,27.87596010284424,3,株価が25日線より上／25日線が75日線より上／MACDがプラス,2026-09-24,2026-09-24T20:38:58.780930+09:00
9564,ＦＣＥ,スタンダード（内国株式）,サービス業,-,561.0,22.579715,1,25日線が75日線より上,2026-09-24,2026-09-24T20:38:58.799421+09:00
9601,松竹,プライム（内国株式）,情報・通信業,TOPIX Small 1,10850.0,698.83065,2,25日線が75日線より上／MACDがプラス,2026-09-24,2026-09-24T20:38:58.809810+09:00
9602,東宝,プライム（内国株式）,情報・通信業,TOPIX Mid400,1580.0,5415.138645963135,3,株価が25日線より上／25日線が75日線より上／MACDがプラス,2026-09-24,2026-09-24T20:38:58.815718+09:00
9603,エイチ・アイ・エス,プライム（内国株式）,サービス業,TOPIX Small 1,1105.0,542.939515,3,25日線が75日線より上／MACDがプラス／前日より出来高増加,2026-09-24,2026-09-24T20:38:58.824038+09:00
9605,東映,プライム（内国株式）,情報・通信業,TOPIX Small 1,5990.0,329.2776,3,25日線が75日線より上／MACDがプラス／前日より出来高増加,2026-09-24,2026-09-24T20:38:58.831787+09:00
9610,ウィルソン・ラーニング　ワールドワイド,スタンダード（内国株式）,サービス業,-,108.0,146.23733,2,25日線が75日線より上／前日より出来高増加,2026-09-24,2026-09-24T20:38:58.837254+09:00
9612,ラックランド,プライム（内国株式）,サービス業,TOPIX Small 2,1243.0,60.375855,2,株価が25日線より上／前日より出来高増加,2026-09-24,2026-09-24T20:39:01.938635+09:00
9616,共立メンテナンス,プライム（内国株式）,サービス業,TOPIX Mid400,3233.0,2676.056145,2,25日線が75日線より上／前日より出来高増加,2026-09-24,2026-09-24T20:39:01.944945+09:00
9619,イチネンホールディングス,プライム（内国株式）,サービス業,TOPIX Small 2,2735.0,87.833745,3,株価が25日線より上／25日線が75日線より上／MACDがプラス,2026-09-24,2026-09-24T20:39:01.950197+09:00
9621,建設技術研究所,プライム（内国株式）,サービス業,TOPIX Small 1,3250.0,204.841425,3,株価が25日線より上／25日線が75日線より上／MACDがプラス,2026-09-24,2026-09-24T20:39:01.956982+09:00
9622,スペース,プライム（内国株式）,サービス業,TOPIX Small 2,1444.0,49.982755,3,株価が25日線より上／25日線が75日線より上／前日より出来高増加,2026-09-24,2026-09-24T20:39:01.963561+09:00
9627,アインホールディングス,プライム（内国株式）,小売業,TOPIX Mid400,5490.0,784.150245,2,25日線が75日線より上／前日より出来高増加,2026-09-24,2026-09-24T20:39:01.974982+09:00
9628,燦ホールディングス,プライム（内国株式）,サービス業,TOPIX Small 2,1352.0,103.6164207421875,2,株価が25日線より上／前日より出来高増加,2026-09-24,2026-09-24T20:39:01.980961+09:00
9629,ピー・シー・エー,プライム（内国株式）,情報・通信業,TOPIX Small 2,1570.0,47.43169,3,25日線が75日線より上／MACDがプラス／前日より出来高増加,2026-09-24,2026-09-24T20:39:01.986550+09:00
9632,スバル興業,スタンダード（内国株式）,サービス業,TOPIX Small 2,3525.0,62.063075,2,25日線が75日線より上／前日より出来高増加,2026-09-24,2026-09-24T20:39:01.992015+09:00
9633,東京テアトル,スタンダード（内国株式）,不動産業,-,1909.0,21.51838,4,株価が25日線より上／25日線が75日線より上／MACDがプラス／前日より出来高増加,2026-09-24,2026-09-24T20:39:01.998787+09:00
9639,三協フロンテア,スタンダード（内国株式）,サービス業,-,2383.0,17.26838,4,株価が25日線より上／25日線が75日線より上／MACDがプラス／前日より出来高増加,2026-09-24,2026-09-24T20:39:02.018979+09:00
9644,タナベコンサルティンググループ,プライム（内国株式）,サービス業,TOPIX Small 2,751.0,54.954265,2,25日線が75日線より上／前日より出来高増加,2026-09-24,2026-09-24T20:39:02.031496+09:00
9651,日本プロセス,スタンダード（内国株式）,情報・通信業,-,1917.0,30.35771,2,25日線が75日線より上／前日より出来高増加,2026-09-24,2026-09-24T20:39:02.042158+09:00
9658,ビジネスブレイン太田昭和,プライム（内国株式）,情報・通信業,TOPIX Small 2,1117.0,94.87773,4,株価が25日線より上／25日線が75日線より上／MACDがプラス／前日より出来高増加,2026-09-24,2026-09-24T20:39:02.054619+09:00
9661,歌舞伎座,スタンダード（内国株式）,サービス業,-,4160.0,45.17385,0,,2026-09-24,2026-09-24T20:39:02.061424+09:00
9663,ナガワ,プライム（内国株式）,サービス業,TOPIX Small 2,4915.0,176.2654,1,25日線が75日線より上,2026-09-24,2026-09-24T20:39:02.067157+09:00
9672,東京都競馬,プライム（内国株式）,サービス業,TOPIX Small 1,4880.0,240.784725,1,25日線が75日線より上,2026-09-24,2026-09-24T20:39:02.071981+09:00
9678,カナモト,プライム（内国株式）,サービス業,TOPIX Small 1,5420.0,513.60065,3,25日線が75日線より上／MACDがプラス／前日より出来高増加,2026-09-24,2026-09-24T20:39:02.078025+09:00
9682,ＤＴＳ,プライム（内国株式）,情報・通信業,TOPIX Small 1,1141.0,560.137185,4,株価が25日線より上／25日線が75日線より上／MACDがプラス／前日より出来高増加,2026-09-24,2026-09-24T20:39:02.088188+09:00
9684,スクウェア・エニックス・ホールディングス,プライム（内国株式）,情報・通信業,TOPIX Mid400,2964.0,4104.1636825,3,株価が25日線より上／25日線が75日線より上／MACDがプラス,2026-09-24,2026-09-24T20:39:02.092847+09:00
9687,ＫＳＫ,スタンダード（内国株式）,情報・通信業,-,4635.0,15.02425,4,株価が25日線より上／25日線が75日線より上／MACDがプラス／前日より出来高増加,2026-09-24,2026-09-24T20:39:02.107586+09:00
9692,シーイーシー,プライム（内国株式）,情報・通信業,TOPIX Small 1,2244.0,302.914665,2,25日線が75日線より上／前日より出来高増加,2026-09-24,2026-09-24T20:39:02.118155+09:00
9697,カプコン,プライム（内国株式）,情報・通信業,TOPIX Mid400,4400.0,10980.39599,3,株価が25日線より上／25日線が75日線より上／MACDがプラス,2026-09-24,2026-09-24T20:39:02.123090+09:00
9699,ニシオホールディングス,プライム（内国株式）,サービス業,TOPIX Small 1,4665.0,308.443325,3,株価が25日線より上／25日線が75日線より上／MACDがプラス,2026-09-24,2026-09-24T20:39:02.133730+09:00
9702,アイ・エス・ビー,プライム（内国株式）,情報・通信業,TOPIX Small 2,2453.0,44.75744,4,株価が25日線より上／25日線が75日線より上／MACDがプラス／前日より出来高増加,2026-09-24,2026-09-24T20:39:02.145361+09:00
9704,アゴーラ　ホスピタリティー　グループ,スタンダード（内国株式）,サービス業,-,27.0,10.149145,1,前日より出来高増加,2026-09-24,2026-09-24T20:39:02.150603+09:00
9706,日本空港ビルデング,プライム（内国株式）,不動産業,TOPIX Mid400,5529.0,7028.084645,1,25日線が75日線より上,2026-09-24,2026-09-24T20:39:02.155789+09:00
9708,帝国ホテル,スタンダード（内国株式）,サービス業,-,957.0,163.77619,1,前日より出来高増加,2026-09-24,2026-09-24T20:39:02.164068+09:00
9709,ＮＣＳ＆Ａ,スタンダード（内国株式）,情報・通信業,-,1269.0,14.8626,2,25日線が75日線より上／前日より出来高増加,2026-09-24,2026-09-24T20:39:02.169534+09:00
9715,トランス・コスモス,プライム（内国株式）,サービス業,TOPIX Small 1,3600.0,410.595225,0,,2026-09-24,2026-09-24T20:39:02.181307+09:00
9716,乃村工藝社,プライム（内国株式）,サービス業,TOPIX Small 1,1250.0,394.1762253594971,3,株価が25日線より上／25日線が75日線より上／MACDがプラス,2026-09-24,2026-09-24T20:39:02.186313+09:00
9722,藤田観光,プライム（内国株式）,サービス業,TOPIX Small 1,2785.0,1017.176305,4,株価が25日線より上／25日線が75日線より上／MACDがプラス／前日より出来高増加,2026-09-24,2026-09-24T20:39:02.196997+09:00
9726,ＫＮＴ－ＣＴホールディングス,スタンダード（内国株式）,サービス業,TOPIX Small 2,2008.0,60.746465,4,株価が25日線より上／25日線が75日線より上／MACDがプラス／前日より出来高増加,2026-09-24,2026-09-24T20:39:02.207879+09:00
9729,トーカイ,プライム（内国株式）,サービス業,TOPIX Small 2,2530.0,85.7064,2,25日線が75日線より上／MACDがプラス,2026-09-24,2026-09-24T20:39:02.214008+09:00
9733,ナガセ,スタンダード（内国株式）,サービス業,-,2310.0,42.323615,2,25日線が75日線より上／前日より出来高増加,2026-09-24,2026-09-24T20:39:02.224380+09:00
9735,セコム,プライム（内国株式）,サービス業,TOPIX Large70,6352.0,7822.499495,0,,2026-09-24,2026-09-24T20:39:02.229986+09:00
9739,ＮＳＷ,プライム（内国株式）,情報・通信業,TOPIX Small 2,2665.0,77.335845,2,25日線が75日線より上／MACDがプラス,2026-09-24,2026-09-24T20:39:02.235123+09:00
9740,セントラル警備保障,プライム（内国株式）,サービス業,TOPIX Small 2,2663.0,63.09918239501953,2,25日線が75日線より上／前日より出来高増加,2026-09-24,2026-09-24T20:39:02.240652+09:00
9742,アイネス,プライム（内国株式）,情報・通信業,TOPIX Small 2,2259.0,66.7055,3,株価が25日線より上／25日線が75日線より上／前日より出来高増加,2026-09-24,2026-09-24T20:39:02.247714+09:00
9743,丹青社,プライム（内国株式）,サービス業,TOPIX Small 1,1455.0,507.728655,3,25日線が75日線より上／MACDがプラス／前日より出来高増加,2026-09-24,2026-09-24T20:39:02.253422+09:00
9744,メイテックグループホールディングス,プライム（内国株式）,サービス業,TOPIX Mid400,3482.0,1424.71651,3,株価が25日線より上／25日線が75日線より上／MACDがプラス,2026-09-24,2026-09-24T20:39:02.258806+09:00
9746,ＴＫＣ,プライム（内国株式）,情報・通信業,TOPIX Small 1,4160.0,280.75615,3,株価が25日線より上／25日線が75日線より上／MACDがプラス,2026-09-24,2026-09-24T20:39:02.264767+09:00
9755,応用地質,プライム（内国株式）,サービス業,TOPIX Small 2,2855.0,166.49309,4,株価が25日線より上／25日線が75日線より上／MACDがプラス／前日より出来高増加,2026-09-24,2026-09-24T20:39:02.277777+09:00
9757,船井総研ホールディングス,プライム（内国株式）,サービス業,TOPIX Small 1,1189.0,309.15809,4,株価が25日線より上／25日線が75日線より上／MACDがプラス／前日より出来高増加,2026-09-24,2026-09-24T20:39:06.046384+09:00
9759,ＮＳＤ,プライム（内国株式）,情報・通信業,TOPIX Mid400,2925.0,763.3393525,4,株価が25日線より上／25日線が75日線より上／MACDがプラス／前日より出来高増加,2026-09-24,2026-09-24T20:39:06.053677+09:00
9761,東海リース,スタンダード（内国株式）,サービス業,-,2490.0,10.207715,3,株価が25日線より上／25日線が75日線より上／MACDがプラス,2026-09-24,2026-09-24T20:39:06.064439+09:00
9763,丸建リース,スタンダード（内国株式）,卸売業,-,1279.0,12.94047,2,25日線が75日線より上／前日より出来高増加,2026-09-24,2026-09-24T20:39:06.074528+09:00
9765,オオバ,プライム（内国株式）,サービス業,-,1193.0,15.236705,4,株価が25日線より上／25日線が75日線より上／MACDがプラス／前日より出来高増加,2026-09-24,2026-09-24T20:39:06.081384+09:00
9766,コナミグループ,プライム（内国株式）,情報・通信業,TOPIX Mid400,21390.0,9373.071875,2,25日線が75日線より上／MACDがプラス,2026-09-24,2026-09-24T20:39:06.089405+09:00
9768,いであ,スタンダード（内国株式）,サービス業,-,3715.0,40.807375,2,25日線が75日線より上／MACDがプラス,2026-09-24,2026-09-24T20:39:06.104092+09:00
9769,学究社,プライム（内国株式）,サービス業,TOPIX Small 2,2591.0,34.57507,2,25日線が75日線より上／前日より出来高増加,2026-09-24,2026-09-24T20:39:06.112133+09:00
9782,ディーエムエス,スタンダード（内国株式）,サービス業,-,3480.0,114.126425,4,株価が25日線より上／25日線が75日線より上／MACDがプラス／前日より出来高増加,2026-09-24,2026-09-24T20:39:06.130010+09:00
9788,ナック,プライム（内国株式）,サービス業,TOPIX Small 2,516.0,25.05337,2,25日線が75日線より上／前日より出来高増加,2026-09-24,2026-09-24T20:39:06.136749+09:00
9790,福井コンピュータホールディングス,プライム（内国株式）,情報・通信業,TOPIX Small 2,3050.0,94.998395,1,前日より出来高増加,2026-09-24,2026-09-24T20:39:06.140584+09:00
9793,ダイセキ,プライム（内国株式）,サービス業,TOPIX Small 1,3700.0,452.1566742919922,0,,2026-09-24,2026-09-24T20:39:06.153898+09:00
9795,ステップ,プライム（内国株式）,サービス業,TOPIX Small 2,2276.0,40.45244,3,25日線が75日線より上／MACDがプラス／前日より出来高増加,2026-09-24,2026-09-24T20:39:06.157974+09:00
9823,マミーマートホールディングス,スタンダード（内国株式）,小売業,-,1012.0,73.016675,1,前日より出来高増加,2026-09-24,2026-09-24T20:39:06.197263+09:00
9824,泉州電業,プライム（内国株式）,卸売業,TOPIX Small 1,7850.0,557.13495,4,株価が25日線より上／25日線が75日線より上／MACDがプラス／前日より出来高増加,2026-09-24,2026-09-24T20:39:06.203323+09:00
9828,Ｇｅｎｋｉ　Ｇｌｏｂａｌ　Ｄｉｎｉｎｇ　Ｃｏｎｃｅｐｔｓ,スタンダード（内国株式）,小売業,TOPIX Small 1,3355.0,229.4394,3,25日線が75日線より上／MACDがプラス／前日より出来高増加,2026-09-24,2026-09-24T20:39:06.214193+09:00
9830,トラスコ中山,プライム（内国株式）,卸売業,TOPIX Small 1,2396.0,232.863725,3,株価が25日線より上／25日線が75日線より上／MACDがプラス,2026-09-24,2026-09-24T20:39:06.221075+09:00
9831,ヤマダホールディングス,プライム（内国株式）,小売業,TOPIX Mid400,719.4000244140625,2933.390929790039,3,株価が25日線より上／25日線が75日線より上／MACDがプラス,2026-09-24,2026-09-24T20:39:06.227594+09:00
9832,オートバックスセブン,プライム（内国株式）,卸売業,TOPIX Small 1,1601.0,509.45625,4,株価が25日線より上／25日線が75日線より上／MACDがプラス／前日より出来高増加,2026-09-24,2026-09-24T20:39:06.231848+09:00
9837,モリト,プライム（内国株式）,卸売業,TOPIX Small 2,1802.0,85.33505,1,25日線が75日線より上,2026-09-24,2026-09-24T20:39:06.246049+09:00
9842,アークランズ,プライム（内国株式）,小売業,TOPIX Small 1,1880.0,698.5654045336914,3,株価が25日線より上／25日線が75日線より上／MACDがプラス,2026-09-24,2026-09-24T20:39:06.251487+09:00
9843,ニトリホールディングス,プライム（内国株式）,小売業,TOPIX Mid400,3034.0,11978.494075,3,25日線が75日線より上／MACDがプラス／前日より出来高増加,2026-09-24,2026-09-24T20:39:06.258880+09:00
9845,パーカーコーポレーション,スタンダード（内国株式）,化学,-,1398.0,10.71516,1,株価が25日線より上,2026-09-24,2026-09-24T20:39:06.263908+09:00
9850,グルメ杵屋,プライム（内国株式）,小売業,TOPIX Small 2,989.0,39.81942,3,25日線が75日線より上／MACDがプラス／前日より出来高増加,2026-09-24,2026-09-24T20:39:06.281352+09:00
9854,愛眼,スタンダード（内国株式）,小売業,-,275.0,13.556675,2,25日線が75日線より上／前日より出来高増加,2026-09-24,2026-09-24T20:39:06.294606+09:00
9856,ケーユーホールディングス,スタンダード（内国株式）,小売業,TOPIX Small 2,1232.0,50.810295,2,25日線が75日線より上／MACDがプラス,2026-09-24,2026-09-24T20:39:06.301368+09:00
9861,吉野家ホールディングス,プライム（内国株式）,小売業,TOPIX Mid400,3617.0,2017.0367245373536,1,25日線が75日線より上,2026-09-24,2026-09-24T20:39:06.313828+09:00
9869,加藤産業,プライム（内国株式）,卸売業,TOPIX Small 1,6800.0,219.1525,3,株価が25日線より上／25日線が75日線より上／MACDがプラス,2026-09-24,2026-09-24T20:39:06.326886+09:00
9880,イノテック,プライム（内国株式）,電気機器,TOPIX Small 2,3490.0,489.1143,2,株価が25日線より上／前日より出来高増加,2026-09-24,2026-09-24T20:39:06.352633+09:00
9882,イエローハット,プライム（内国株式）,卸売業,TOPIX Small 1,1728.0,318.032415,1,前日より出来高増加,2026-09-24,2026-09-24T20:39:06.359919+09:00
9887,松屋フーズホールディングス,プライム（内国株式）,小売業,TOPIX Small 1,5170.0,328.25465,3,25日線が75日線より上／MACDがプラス／前日より出来高増加,2026-09-24,2026-09-24T20:39:06.374635+09:00
9888,ＵＥＸ,スタンダード（内国株式）,卸売業,-,1294.0,76.043555,4,株価が25日線より上／25日線が75日線より上／MACDがプラス／前日より出来高増加,2026-09-24,2026-09-24T20:39:06.385559+09:00
9889,ＪＢＣＣホールディングス,プライム（内国株式）,情報・通信業,TOPIX Small 1,1686.0,279.903455,2,25日線が75日線より上／MACDがプラス,2026-09-24,2026-09-24T20:39:06.389138+09:00
9890,マキヤ,スタンダード（内国株式）,小売業,-,1478.0,13.27214,3,株価が25日線より上／25日線が75日線より上／MACDがプラス,2026-09-24,2026-09-24T20:39:06.393334+09:00
9896,ＪＫホールディングス,スタンダード（内国株式）,卸売業,TOPIX Small 2,1421.0,45.17187,2,株価が25日線より上／前日より出来高増加,2026-09-24,2026-09-24T20:39:06.402267+09:00
9900,サガミホールディングス,プライム（内国株式）,小売業,TOPIX Small 1,1091.0,309.74766,3,25日線が75日線より上／MACDがプラス／前日より出来高増加,2026-09-24,2026-09-24T20:39:06.405289+09:00
9902,日伝,プライム（内国株式）,卸売業,TOPIX Small 2,3250.0,210.415125,4,株価が25日線より上／25日線が75日線より上／MACDがプラス／前日より出来高増加,2026-09-24,2026-09-24T20:39:06.409897+09:00
9906,藤井産業,スタンダード（内国株式）,卸売業,-,4285.0,11.245875,2,25日線が75日線より上／前日より出来高増加,2026-09-24,2026-09-24T20:39:08.551487+09:00
9908,日本電計,スタンダード（内国株式）,卸売業,-,2959.0,64.77935,4,株価が25日線より上／25日線が75日線より上／MACDがプラス／前日より出来高増加,2026-09-24,2026-09-24T20:39:08.557057+09:00
9913,日邦産業,スタンダード（内国株式）,卸売業,-,3665.0,13.0103,4,株価が25日線より上／25日線が75日線より上／MACDがプラス／前日より出来高増加,2026-09-24,2026-09-24T20:39:08.564877+09:00
9928,ミロク情報サービス,プライム（内国株式）,情報・通信業,TOPIX Small 2,2082.0,95.4351,4,株価が25日線より上／25日線が75日線より上／MACDがプラス／前日より出来高増加,2026-09-24,2026-09-24T20:39:08.572305+09:00
9932,杉本商事,プライム（内国株式）,卸売業,TOPIX Small 2,1319.0,36.46885,3,株価が25日線より上／25日線が75日線より上／MACDがプラス,2026-09-24,2026-09-24T20:39:08.589626+09:00
9934,因幡電機産業,プライム（内国株式）,卸売業,TOPIX Mid400,3118.0,678.8788575,3,株価が25日線より上／25日線が75日線より上／MACDがプラス,2026-09-24,2026-09-24T20:39:08.599209+09:00
9936,王将フードサービス,プライム（内国株式）,小売業,TOPIX Small 1,2930.0,802.132095,2,25日線が75日線より上／MACDがプラス,2026-09-24,2026-09-24T20:39:08.603125+09:00
9941,太洋物産,スタンダード（内国株式）,卸売業,-,1124.0,30.744525,1,前日より出来高増加,2026-09-24,2026-09-24T20:39:08.612919+09:00
9946,ミニストップ,プライム（内国株式）,小売業,TOPIX Small 2,1784.0,167.91765948242187,0,,2026-09-24,2026-09-24T20:39:08.617855+09:00
9948,アークス,プライム（内国株式）,小売業,TOPIX Small 1,3710.0,459.14717802856444,2,25日線が75日線より上／MACDがプラス,2026-09-24,2026-09-24T20:39:08.622038+09:00
9950,ハチバン,スタンダード（内国株式）,小売業,-,3355.0,14.568104195556641,1,25日線が75日線より上,2026-09-24,2026-09-24T20:39:08.631405+09:00
9956,バローホールディングス,プライム（内国株式）,小売業,TOPIX Small 1,3355.0,594.400175,2,株価が25日線より上／MACDがプラス,2026-09-24,2026-09-24T20:39:08.641953+09:00
9959,アシードホールディングス,スタンダード（内国株式）,小売業,-,943.0,35.869545,2,25日線が75日線より上／前日より出来高増加,2026-09-24,2026-09-24T20:39:08.648427+09:00
9960,東テク,プライム（内国株式）,卸売業,TOPIX Small 1,4395.0,364.5237,2,株価が25日線より上／MACDがプラス,2026-09-24,2026-09-24T20:39:08.651877+09:00
9962,ミスミグループ本社,プライム（内国株式）,卸売業,TOPIX Mid400,3831.0,4632.35312,2,株価が25日線より上／前日より出来高増加,2026-09-24,2026-09-24T20:39:08.661123+09:00
9973,ＫＯＺＯホールディングス,スタンダード（内国株式）,小売業,-,19.0,13.641675,1,前日より出来高増加,2026-09-24,2026-09-24T20:39:08.679241+09:00
9974,ベルク,プライム（内国株式）,小売業,TOPIX Small 1,6800.0,198.14105614257812,2,25日線が75日線より上／MACDがプラス,2026-09-24,2026-09-24T20:39:08.683051+09:00
9979,大庄,スタンダード（内国株式）,小売業,TOPIX Small 2,1028.0,111.11013256713868,0,,2026-09-24,2026-09-24T20:39:08.700272+09:00
9983,ファーストリテイリング,プライム（内国株式）,小売業,TOPIX Core30,67920.0,69485.86579117188,0,,2026-09-24,2026-09-24T20:39:08.715854+09:00
9984,ソフトバンクグループ,プライム（内国株式）,情報・通信業,TOPIX Core30,6352.0,375995.163275,2,株価が25日線より上／MACDがプラス,2026-09-24,2026-09-24T20:39:08.721784+09:00
9987,スズケン,プライム（内国株式）,卸売業,TOPIX Mid400,5400.0,906.80829,3,株価が25日線より上／25日線が75日線より上／MACDがプラス,2026-09-24,2026-09-24T20:39:08.731849+09:00
9989,サンドラッグ,プライム（内国株式）,小売業,TOPIX Mid400,3661.0,2013.30489,0,,2026-09-24,2026-09-24T20:39:08.737106+09:00
9990,サックスバー　ホールディングス,プライム（内国株式）,小売業,TOPIX Small 2,764.0,38.1593,4,株価が25日線より上／25日線が75日線より上／MACDがプラス／前日より出来高増加,2026-09-24,2026-09-24T20:39:08.742641+09:00
9991,ジェコス,プライム（内国株式）,卸売業,TOPIX Small 2,1810.0,60.962295,3,株価が25日線より上／25日線が75日線より上／MACDがプラス,2026-09-24,2026-09-24T20:39:08.748256+09:00
9994,やまや,スタンダード（内国株式）,小売業,-,2035.0,20.379155,1,前日より出来高増加,2026-09-24,2026-09-24T20:39:08.757323+09:00
9997,ベルーナ,プライム（内国株式）,小売業,TOPIX Small 1,1075.0,285.47622,4,株価が25日線より上／25日線が75日線より上／MACDがプラス／前日より出来高増加,2026-09-24,2026-09-24T20:39:08.767230+09:00
